Specified Values,Specified Attribute Names,productivity_class,Fitness,Accuracy,Numerosity,Avg Match Set Size,TimeStamp GA,Iteration Initialized,Specificity,Deletion Probability,Correct Count,Match Count
"2024.0, 2.0, [11.17,26.83], 2.0, [-5636.469999999999,5756.469999999999], [5.199999999999999,24.8], [-0.6000000000000001,4.6], 2.0, [12.187824999999998,29.392175], [53.4,76.6], 2.0, [45.935,78.065], [3.5719499999999993,31.02805], 0.0","survey_year, quarter, country, company_size, num_employees, company_age, years_using_ai, ai_use_case, ai_failure_rate, regulatory_compliance_score, data_privacy_level, ai_risk_management_score, task_automation_rate, survey_source",1.0,1.0,1.0,1,1.6,4057,57,0.4666666666666667,0.0006759543625979329,5,5
"2025.0, 0.0, 0.0, 1.0, 1.0, [-4701.535,4923.535], [1996.12,2017.88], [13.625,22.375], 1.0, [3.1999999999999997,8.8], [8.011299999999999,50.368700000000004], [5.8443999999999985,13.7356], [0.12581250000000005,0.5461875], 2.0, [3.3863999999999983,35.7936]","survey_year, quarter, region, industry, company_size, num_employees, company_founding_year, company_age, company_age_group, years_using_ai, ai_training_hours, ai_budget_percentage, ai_maturity_score, data_privacy_level, task_automation_rate",1.0,1.0,1.0,1,1.4,4107,107,0.5,0.0005914600672731913,5,5
"2023.0, 1.0, 4.0, [2.3499999999999996,15.65], [0.048449999999998994,47.531549999999996], 0.0, 2.0, 5.0, [-4.785200000000001,8.8052], [0.08075000000000004,0.45125], [33.99925,44.98075], [38.82,57.18]","survey_year, region, industry, company_age, ai_adoption_rate, ai_primary_tool, num_ai_tools_used, ai_use_case, ai_budget_percentage, ai_maturity_score, ai_failure_rate, ai_risk_management_score",1.0,1.0,1.0,1,1.6,4115,115,0.4,0.0006759543625979329,5,5
"2.0, 0.0, [-2692.620000000001,10664.62], [-9.85,11.85], 0.0, [8.24435,45.175650000000005], 3.0, 7.0, [1.25,14.75], [12.760899999999998,32.3591], [0.2186875,0.5393125], [28.54,71.46000000000001], 0.0, [37.33,54.67], [4.612949999999998,23.067050000000002], 0.0, 0.0","quarter, company_size, num_employees, company_age, company_age_group, ai_adoption_rate, ai_adoption_stage, ai_use_case, ai_projects_active, ai_training_hours, ai_maturity_score, regulatory_compliance_score, ai_ethics_committee, ai_risk_management_score, task_automation_rate, survey_source, data_collection_method",0.0,1.0,1.0,2,1.4,4123,123,0.5666666666666667,0.0011829201345463826,5,5
"2.0, [10.605,25.395], 4.0, 2.0, 3.0, 1.0, 5.0, [-14.2245,14.2245], [-170911.13240000003,186721.7924], [44.989999999999995,85.01], 0.0, [44.29,65.71], [-0.5774500000000025,21.47745], 2.0","quarter, country, industry, company_size, company_age_group, ai_adoption_stage, ai_use_case, ai_training_hours, ai_investment_per_employee, regulatory_compliance_score, ai_ethics_committee, ai_risk_management_score, task_automation_rate, survey_source",0.0,1.0,1.0,1,1.2,4131,131,0.4666666666666667,0.0005069657719484497,5,5
"2024.0, [10.184999999999999,23.815], 7.0, 1.0, [-3946.675,4892.675], [2001.6,2022.4], [-0.2500000000000018,24.25], 3.0, 3.0, [-0.25,4.25], 2.0, [-3.06,3.06], [-9.1669,9.1669], [32.679,47.321], [-91332.1176,134132.1176], [61.59,78.41], 2.0","survey_year, country, industry, company_size, num_employees, company_founding_year, company_age, company_age_group, ai_adoption_stage, years_using_ai, num_ai_tools_used, ai_projects_active, ai_training_hours, ai_failure_rate, ai_investment_per_employee, regulatory_compliance_score, data_collection_method",0.0,1.0,1.0,1,1.6,4148,148,0.5666666666666667,0.0006759543625979329,5,5
"[1.6049999999999995,16.395], 2.0, 2.0, [-3322.3100000000004,3356.3100000000004], [2006.12,2019.88], [13.761600000000001,61.998400000000004], 2.0, [-4.8500000000000005,6.8500000000000005], [-2.5748000000000033,40.41480000000001], [19.703375,43.496625], [43.79,72.21], [9.651849999999996,38.00815], 2.0","country, region, company_size, num_employees, company_founding_year, ai_adoption_rate, ai_adoption_stage, ai_projects_active, ai_training_hours, ai_failure_rate, regulatory_compliance_score, task_automation_rate, data_collection_method",1.0,1.0,1.0,1,1.4,4152,152,0.43333333333333335,0.0005914600672731913,5,5
"0.0, [1.5600000000000005,22.439999999999998], 8.0, 0.0, [11874.96,22875.04], [2080.35095,6974.80905], [2018.0,2026.0], 0.0, [19.1831,74.9569], 2.0, [-1.0500000000000003,3.0500000000000003], 0.0, 2.0, [5.14,14.86], [26.749899999999997,52.670100000000005], [5.014299999999999,29.905700000000003], 0.0","quarter, country, industry, company_size, num_employees, annual_revenue_usd_millions, company_founding_year, company_age_group, ai_adoption_rate, ai_adoption_stage, years_using_ai, ai_primary_tool, num_ai_tools_used, ai_projects_active, ai_training_hours, ai_failure_rate, data_privacy_level",2.0,1.0,1.0,1,1.4,4162,162,0.5666666666666667,0.0005914600672731913,5,5
"[-1.205,7.205], [-1953.4499999999998,3939.45], [4.1,27.9], 1.0, [20.516000000000002,50.664], 1.0, 3.0, [1.3363999999999994,15.803600000000001], [-210470.064,256007.664], [43.92,74.08], [-7.252900000000001,18.8529]","country, num_employees, company_age, company_age_group, ai_adoption_rate, ai_primary_tool, num_ai_tools_used, ai_budget_percentage, ai_investment_per_employee, regulatory_compliance_score, task_automation_rate",1.0,1.0,1.0,1,1.6,4169,169,0.36666666666666664,0.0006759543625979329,5,5
"2023.0, 0.0, 1.0, [5.850000000000001,26.15], 2.0, 3.0, 3.0, 0.0, [20.584699999999994,66.7353], [0.4666875,0.6733125], [9.214549999999997,30.44545], [-116173.93160000001,381402.3116], [52.95,79.05], 1.0, 1.0, [55.915,90.08500000000001], [26.593049999999998,44.14695], 0.0, 0.0","survey_year, industry, company_size, company_age, ai_adoption_stage, ai_primary_tool, num_ai_tools_used, ai_use_case, ai_training_hours, ai_maturity_score, ai_failure_rate, ai_investment_per_employee, regulatory_compliance_score, data_privacy_level, ai_ethics_committee, ai_risk_management_score, task_automation_rate, survey_source, data_collection_method",1.0,1.0,1.0,1,2.2,4199,199,0.6333333333333333,0.0009294372485721578,5,5
"1.0, [0.47499999999999964,13.525], 0.0, 2.0, [5518.25,15339.75], [1822.0633999999998,4618.8966], [-4.025,18.025], 3.0, [13.877499999999998,51.5625], 0.0, [6.5200000000000005,19.48], [5.375999999999998,30.664], [0.2966875,0.6173125], [49.25,92.75], 2.0, 1.0, [48.095,63.905], [0.8223499999999984,24.67765]","quarter, country, region, industry, num_employees, annual_revenue_usd_millions, company_age, company_age_group, ai_adoption_rate, ai_primary_tool, ai_projects_active, ai_training_hours, ai_maturity_score, regulatory_compliance_score, data_privacy_level, ai_ethics_committee, ai_risk_management_score, task_automation_rate",1.0,1.0,1.0,1,1.4,4206,206,0.6,0.0005914600672731913,5,5
"2023.0, 3.0, 1.0, [-3220.66495,3871.30495], [5.425000000000001,22.575], 3.0, 2.0, [1.0,7.0], 2.0, [0.23681250000000004,0.7711874999999999], [-151175.74959999998,307527.3496], [46.86,85.14], [43.894999999999996,80.105], [8.182249999999996,32.93775], 2.0, 0.0","survey_year, quarter, industry, annual_revenue_usd_millions, company_age, company_age_group, ai_adoption_stage, years_using_ai, ai_use_case, ai_maturity_score, ai_investment_per_employee, regulatory_compliance_score, ai_risk_management_score, task_automation_rate, survey_source, data_collection_method",2.0,1.0,1.0,1,1.6,4227,227,0.5333333333333333,0.0006759543625979329,5,5
"0.0, 5.0, 0.0, [2241.615,9902.385], 1.0, [23.3538,62.546200000000006], [0.29325,0.60675], [2.3931249999999995,29.846875000000004], [-92079.22760000001,327750.7276], [50.019999999999996,85.98], [48.82,67.18], [2.7316499999999966,32.88835], 0.0, 2.0","quarter, region, company_size, num_employees, company_age_group, ai_adoption_rate, ai_maturity_score, ai_failure_rate, ai_investment_per_employee, regulatory_compliance_score, ai_risk_management_score, task_automation_rate, survey_source, data_collection_method",1.0,1.0,1.0,1,1.2,4238,238,0.4666666666666667,0.0005069657719484497,5,5
"2023.0, [1.2850000000000001,20.715], 1.0, 0.0, [4293.164999999999,17846.835], [6574.2296,9770.6104], 1.0, [-1.582100000000004,48.1621], 3.0, [48.629999999999995,79.37], 0.0, 1.0, 1.0","survey_year, country, region, industry, num_employees, annual_revenue_usd_millions, company_age_group, ai_adoption_rate, ai_adoption_stage, regulatory_compliance_score, data_privacy_level, survey_source, data_collection_method",0.0,1.0,1.0,1,1.2,4264,264,0.43333333333333335,0.0005069657719484497,5,5
"0.0, [16.78,27.22], 6.0, [1987.8,2010.2], [18.0,32.0], 1.0, [1.75,8.25], 1.0, 7.0, [1.959999999999999,12.040000000000001], [0.11399999999999721,38.046], [0.8611999999999993,12.4788], [14.191775,32.128225], 2.0, 1.0, [8.266699999999998,37.9733], 0.0","quarter, country, industry, company_founding_year, company_age, company_age_group, years_using_ai, ai_primary_tool, ai_use_case, ai_projects_active, ai_training_hours, ai_budget_percentage, ai_failure_rate, data_privacy_level, ai_ethics_committee, task_automation_rate, data_collection_method",0.0,1.0,1.0,1,1.8,4269,269,0.5666666666666667,0.0007604486579226745,5,5
"5.0, [6257.2723000000005,12849.807700000001], 0.0, [1.8678999999999952,51.6121], [-0.8500000000000001,2.85], 1.0, 3.0, 0.0, [7.0531999999999995,14.2868], [0.15587500000000004,0.5121249999999999], [25.292949999999998,40.667049999999996], [-113188.50800000002,236669.788], 1.0, [54.35,69.65], 0.0","industry, annual_revenue_usd_millions, company_age_group, ai_adoption_rate, years_using_ai, ai_primary_tool, num_ai_tools_used, ai_use_case, ai_budget_percentage, ai_maturity_score, ai_failure_rate, ai_investment_per_employee, ai_ethics_committee, ai_risk_management_score, survey_source",0.0,1.0,1.0,2,1.2,4290,290,0.5,0.0010139315438968993,5,5
"0.0, 7.0, [-2388.6156,2405.9556000000002], [2007.6,2020.4], [2.0249999999999986,21.975], 3.0, [8.15,11.85], 2.0, [4.21,9.79], [-1.0809000000000033,42.54090000000001], [0.12806250000000002,0.4059375], [-171350.8232,240704.5032], 0.0, 3.0","quarter, industry, annual_revenue_usd_millions, company_founding_year, company_age, company_age_group, years_using_ai, ai_primary_tool, ai_projects_active, ai_training_hours, ai_maturity_score, ai_investment_per_employee, ai_ethics_committee, survey_source",1.0,1.0,1.0,2,1.2,4293,293,0.4666666666666667,0.0010139315438968993,5,5
"0.0, [13.23,20.77], 4.0, [-6345.620000000001,7011.620000000001], [2001.28,2022.72], [45.295049999999996,65.64495], 4.0, 3.0, 0.0, [1.5200000000000005,14.48], [6.1255999999999995,20.154400000000003], [0.376375,0.675625], [-37323.83360000001,304759.8336], [65.57,104.43], 1.0, [45.269999999999996,68.73], [5.901549999999997,36.95845], 1.0, 3.0","quarter, country, region, num_employees, company_founding_year, ai_adoption_rate, ai_primary_tool, num_ai_tools_used, ai_use_case, ai_projects_active, ai_budget_percentage, ai_maturity_score, ai_investment_per_employee, regulatory_compliance_score, ai_ethics_committee, ai_risk_management_score, task_automation_rate, survey_source, data_collection_method",2.0,1.0,1.0,2,1.6,4304,304,0.6333333333333333,0.0013519087251958658,5,5
"2024.0, 3.0, 1.0, [2004.36,2021.64], 3.0, 4.0, 0.0, [17.7748,38.0052], [0.3188125,0.5111875]","survey_year, industry, company_size, company_founding_year, company_age_group, ai_primary_tool, ai_use_case, ai_training_hours, ai_maturity_score",1.0,1.0,1.0,1,2.0,4331,331,0.3,0.0008449429532474161,5,5
"2024.0, 3.0, [13.925,24.075], [-6691.48,7451.48], [-3131.9646000000002,3660.3446000000004], [21.45,44.55], 2.0, [30.835449999999998,63.244550000000004], 2.0, [3.5,8.5], 0.0, 3.0, [8.14,17.86], [16.366200000000003,53.0338], [0.2686875,0.7033125], [10.982199999999999,37.3378], [-63213.78520000001,193348.9652], 2.0","survey_year, quarter, country, num_employees, annual_revenue_usd_millions, company_age, company_age_group, ai_adoption_rate, ai_adoption_stage, years_using_ai, ai_primary_tool, num_ai_tools_used, ai_projects_active, ai_training_hours, ai_maturity_score, ai_failure_rate, ai_investment_per_employee, data_privacy_level",1.0,1.0,1.0,1,1.4,4383,383,0.6,0.0005914600672731913,5,5
"2025.0, 1.0, 1.0, [-1024.6566000000003,1772.1766000000002], [25.35,38.65], 2.0, 2.0, 0.0, [0.23181250000000003,0.5381875], [63.08,90.92], [49.464999999999996,78.535], 1.0, 0.0","survey_year, quarter, company_size, annual_revenue_usd_millions, company_age, company_age_group, ai_adoption_stage, ai_use_case, ai_maturity_score, regulatory_compliance_score, ai_risk_management_score, survey_source, data_collection_method",2.0,1.0,1.0,2,1.6,4418,418,0.43333333333333335,0.0013519087251958658,5,5
"2026.0, 2.0, [-6.250000000000002,18.25], 3.0, 2.0, 2.0, 0.0, [9.120000000000001,14.879999999999999], [21.2682,45.2918], [0.25525,0.68275], [50.95,77.05], 0.0, [19.22305,36.77695], 1.0","survey_year, region, company_age, company_age_group, ai_adoption_stage, ai_primary_tool, ai_use_case, ai_projects_active, ai_training_hours, ai_maturity_score, regulatory_compliance_score, data_privacy_level, task_automation_rate, data_collection_method",1.0,1.0,1.0,1,3.2,4458,458,0.4666666666666667,0.0013519087251958658,5,5
"2023.0, 2.0, [-0.27999999999999936,18.28], 2.0, 7.0, 1.0, [-6154.975,6612.975], [-1665.6942000000001,1930.2342], 1.0, [-14.602650000000002,37.40265], 3.0, 1.0, 1.0, [-0.07981249999999998,0.4118125], [32.64,69.36], [4.94375,16.19625]","survey_year, quarter, country, region, industry, company_size, num_employees, annual_revenue_usd_millions, company_age_group, ai_adoption_rate, ai_adoption_stage, num_ai_tools_used, ai_use_case, ai_maturity_score, ai_risk_management_score, task_automation_rate",0.0,1.0,1.0,1,2.0,4469,469,0.5333333333333333,0.0008449429532474161,5,5
"[-8.41,8.41], 5.0, 2.0, [-6366.975,6400.975], [-2171.8818,2223.1418000000003], [2011.28,2024.72], 3.0, [0.20000000000000018,3.8], 2.0, 6.0, [-0.31040000000000134,40.150400000000005], [29.384549999999997,50.61545], [-119299.47040000002,393826.03040000005], 0.0, 3.0","country, region, industry, num_employees, annual_revenue_usd_millions, company_founding_year, company_age_group, years_using_ai, ai_primary_tool, ai_use_case, ai_training_hours, ai_failure_rate, ai_investment_per_employee, data_privacy_level, survey_source",1.0,1.0,1.0,2,2.0,4488,488,0.5,0.0016898859064948322,5,5
"2023.0, 1.0, [-5960.620000000001,7396.620000000001], [13.65,28.35], [2.9365499999999987,30.82345], 3.0, 1.0, 2.0, [-3.41,5.41], [16.9585,38.9215], [68.88,85.12], [44.935,77.065]","survey_year, company_size, num_employees, company_age, ai_adoption_rate, ai_adoption_stage, ai_primary_tool, num_ai_tools_used, ai_projects_active, ai_failure_rate, regulatory_compliance_score, ai_risk_management_score",1.0,1.0,1.0,1,1.8,4509,509,0.4,0.0007604486579226745,5,5
"2025.0, 2.0, 1.0, [12281.67,24460.33], [6621.73855,10717.10145], [2008.36,2025.64], [2.2249999999999996,13.775], [42.37325,83.82675], 2.0, 4.0, [8.5064,17.4936], [18.774549999999998,40.00545], 0.0, [13.961249999999996,47.71875]","survey_year, quarter, region, num_employees, annual_revenue_usd_millions, company_founding_year, company_age, ai_adoption_rate, ai_adoption_stage, num_ai_tools_used, ai_budget_percentage, ai_failure_rate, data_privacy_level, task_automation_rate",2.0,1.0,1.0,2,1.4,4535,535,0.4666666666666667,0.0011829201345463826,5,5
"2024.0, [10.139999999999999,29.86], 7.0, [8233.744999999999,19430.255], [3.0,7.0], [2.6667999999999985,17.3532], [0.1301875,0.5078125], [19.61245,42.307550000000006], [-154162.7444,242343.3244], [61.69,84.31], 1.0, 2.0, 2.0","survey_year, country, industry, num_employees, years_using_ai, ai_budget_percentage, ai_maturity_score, ai_failure_rate, ai_investment_per_employee, regulatory_compliance_score, data_privacy_level, survey_source, data_collection_method",1.0,1.0,1.0,1,1.4,4617,617,0.43333333333333335,0.0005914600672731913,5,5
"2.0, 6.0, [6182.035,16199.965], [2761.8999,8555.3401], [5.725,24.275], 3.0, 3.0, [-2.2399999999999998,4.24], [0.059125000000000066,0.500875], 0.0, [6.07345,20.02655], 3.0","quarter, industry, num_employees, annual_revenue_usd_millions, company_age, company_age_group, ai_adoption_stage, ai_projects_active, ai_maturity_score, ai_ethics_committee, task_automation_rate, survey_source",1.0,1.0,1.0,1,1.8,4621,621,0.4,0.0007604486579226745,5,5
"[1984.08,2003.92], [23.225,34.775], 1.0, 3.0, [-0.5999999999999996,6.6], 3.0, [-0.43000000000000016,4.43], [0.02862500000000001,0.299375], 0.0, 0.0, [3.6573999999999973,27.062600000000003], 2.0","company_founding_year, company_age, company_age_group, ai_adoption_stage, years_using_ai, ai_use_case, ai_projects_active, ai_maturity_score, data_privacy_level, ai_ethics_committee, task_automation_rate, survey_source",0.0,1.0,1.0,1,1.6,4627,627,0.4,0.0006759543625979329,5,5
"2023.0, [7.154999999999999,24.845], 2.0, 1.0, 2.0, [0.34999999999999964,5.65], 1.0, 7.0, [-0.714500000000001,27.7345], [3.5919999999999996,10.168], [0.06725000000000006,0.49475], [-160139.95880000002,244140.7388], [55.41,96.59], [43.995,70.005], 1.0","survey_year, country, region, company_size, company_age_group, years_using_ai, ai_primary_tool, ai_use_case, ai_training_hours, ai_budget_percentage, ai_maturity_score, ai_investment_per_employee, regulatory_compliance_score, ai_risk_management_score, data_collection_method",1.0,1.0,1.0,1,1.4,4630,630,0.5,0.0005914600672731913,5,5
"2026.0, [-1.6550000000000002,9.655000000000001], [2624.7529999999997,8617.967], [10.051200000000001,46.2288], 3.0, 4.0, 2.0, [3.7699999999999996,12.23], [2.8263999999999996,17.2936], [0.16774999999999998,0.65225], [-42627.604400000004,159512.7444], 0.0, [51.21,80.78999999999999], 3.0","survey_year, country, annual_revenue_usd_millions, ai_adoption_rate, ai_adoption_stage, ai_primary_tool, num_ai_tools_used, ai_projects_active, ai_budget_percentage, ai_maturity_score, ai_investment_per_employee, data_privacy_level, ai_risk_management_score, data_collection_method",1.0,1.0,1.0,1,1.6,4647,647,0.4666666666666667,0.0006759543625979329,5,5
"2025.0, 3.0, 0.0, [2000.28,2013.72], [7.5,28.5], 1.0, [16.41805,51.841950000000004], 5.0, 0.0, [18.197574999999997,39.062425000000005], 0.0, [4.676499999999997,36.1835]","survey_year, quarter, company_size, company_founding_year, company_age, company_age_group, ai_adoption_rate, ai_primary_tool, ai_use_case, ai_failure_rate, data_privacy_level, task_automation_rate",0.0,1.0,1.0,1,1.6,4653,653,0.4,0.0006759543625979329,5,5
"[1.2149999999999999,10.785], 5.0, 3.0, 2.0, [-4816.75,5004.75], [2015.84,2024.16], [8.579,53.801], 3.0, 0.0, 4.0, [4.2928,11.3072], [21.11715,33.56285], [-232889.6936,303559.6936], [51.53,76.47], 0.0","country, region, industry, company_size, num_employees, company_founding_year, ai_adoption_rate, ai_adoption_stage, ai_primary_tool, num_ai_tools_used, ai_budget_percentage, ai_failure_rate, ai_investment_per_employee, regulatory_compliance_score, data_privacy_level",1.0,1.0,1.0,1,2.4,4656,656,0.5,0.0010139315438968993,5,5
"0.0, 3.0, 1.0, [-3141.0950000000003,3341.0950000000003], [-1787.7876500000002,1908.02765], [11.274999999999999,34.725], 1.0, 2.0, 3.0, [6.2648,14.3752], [9.612449999999999,32.307550000000006], 0.0, [44.23,71.77], [11.2883,26.591700000000003], 2.0, 2.0","quarter, industry, company_size, num_employees, annual_revenue_usd_millions, company_age, company_age_group, ai_adoption_stage, ai_primary_tool, ai_budget_percentage, ai_failure_rate, data_privacy_level, ai_risk_management_score, task_automation_rate, survey_source, data_collection_method",1.0,1.0,1.0,1,2.4,4688,688,0.5333333333333333,0.0010139315438968993,5,5
"2023.0, 0.0, [-1422.2294000000002,3771.8894], [2000.68,2017.32], 3.0, 2.0, [3.4999999999999996,10.5], 4.0, 3.0, 0.0, [8.5076,18.1524], 0.0, [58.86,73.14], 0.0, 2.0","survey_year, company_size, annual_revenue_usd_millions, company_founding_year, company_age_group, ai_adoption_stage, years_using_ai, ai_primary_tool, num_ai_tools_used, ai_use_case, ai_budget_percentage, ai_ethics_committee, ai_risk_management_score, survey_source, data_collection_method",1.0,1.0,1.0,1,1.4,4745,745,0.5,0.0005914600672731913,5,5
"2023.0, [-5.525,7.525], 4.0, 6.0, 2.0, [-3740.385,3920.385], [1997.0,2021.0], 3.0, [-3.15,3.15], 0.0, [-15.367500000000003,32.0475], [-0.02839999999999998,6.3284], [24.3232,36.0368], [-171094.7412,202087.4412], [62.54,105.46000000000001], [-9.457450000000001,12.597450000000002], 1.0, 0.0","survey_year, country, region, industry, company_size, num_employees, company_founding_year, company_age_group, years_using_ai, ai_use_case, ai_training_hours, ai_budget_percentage, ai_failure_rate, ai_investment_per_employee, regulatory_compliance_score, task_automation_rate, survey_source, data_collection_method",0.0,1.0,1.0,1,1.4,4757,757,0.6,0.0005914600672731913,5,5
"2.0, 0.0, [-358.3199999999997,9070.32], [1981.92,2002.08], [8.6216,56.8584], [2.55,9.45], 1.0, 2.0, 6.0, [4.384,42.316], [39.79,68.21], [8.67175,37.928250000000006], 0.0","industry, company_size, num_employees, company_founding_year, ai_adoption_rate, years_using_ai, ai_primary_tool, num_ai_tools_used, ai_use_case, ai_training_hours, regulatory_compliance_score, task_automation_rate, data_collection_method",1.0,1.0,1.0,1,1.2,4760,760,0.43333333333333335,0.0005069657719484497,5,5
"2026.0, [-5.09,7.09], 0.0, [-5997.33,6181.33], [2001.84,2018.16], 1.0, [1.4,4.6], 3.0, [27.070400000000003,49.8296], [2.9155999999999986,16.9444], [21.924124999999997,34.735875], [43.95,70.05], 2.0, 1.0, [13.361249999999995,47.118750000000006]","survey_year, country, industry, num_employees, company_founding_year, company_age_group, years_using_ai, num_ai_tools_used, ai_training_hours, ai_budget_percentage, ai_failure_rate, regulatory_compliance_score, data_privacy_level, ai_ethics_committee, task_automation_rate",1.0,1.0,1.0,1,1.2,4772,772,0.5,0.0005069657719484497,5,5
"0.0, [-2259.0146000000004,4533.2946], 0.0, 3.0, [-1.25,5.25], 1.0, 2.0, [5.12,10.879999999999999], [19.1877,46.3723], [0.22543750000000004,0.5745625], [11.1206,31.619400000000002], [-134113.58839999998,145773.0484], [54.4,77.6], 1.0, 1.0, 0.0","company_size, annual_revenue_usd_millions, company_age_group, ai_adoption_stage, years_using_ai, ai_primary_tool, num_ai_tools_used, ai_projects_active, ai_training_hours, ai_maturity_score, ai_failure_rate, ai_investment_per_employee, regulatory_compliance_score, data_privacy_level, ai_ethics_committee, data_collection_method",2.0,1.0,1.0,2,1.8,4794,794,0.5333333333333333,0.001520897315845349,5,5
"0.0, 2.0, 1.0, [27.5182,48.6218], 2.0, [2.3499999999999996,5.65], 3.0, 2.0, [-0.3099999999999996,10.309999999999999], [0.2750625,0.5529375], [576.0372000000207,288237.3028], [50.055,69.945], 2.0","industry, company_size, company_age_group, ai_adoption_rate, ai_adoption_stage, years_using_ai, ai_primary_tool, num_ai_tools_used, ai_projects_active, ai_maturity_score, ai_investment_per_employee, ai_risk_management_score, data_collection_method",1.0,1.0,1.0,1,2.4,4798,798,0.43333333333333335,0.0010139315438968993,5,5
"3.0, [-0.10499999999999954,14.105], 0.0, 7.0, 2.0, [20.2,39.8], [-10.8277,20.8277], 1.0, 1.0, [-3.7700000000000005,5.7700000000000005], [6.127499999999999,21.9325], [-0.001062499999999994,0.17706249999999998], [24.62455,45.855450000000005], [63.59,80.41], 0.0, [39.585,56.415], [2.772649999999997,23.927350000000004], 1.0","quarter, country, region, industry, company_size, company_age, ai_adoption_rate, ai_adoption_stage, num_ai_tools_used, ai_projects_active, ai_training_hours, ai_maturity_score, ai_failure_rate, regulatory_compliance_score, ai_ethics_committee, ai_risk_management_score, task_automation_rate, data_collection_method",0.0,1.0,1.0,1,1.2,4808,808,0.6,0.0005069657719484497,5,5
"2023.0, 0.0, [-6669.125,8063.125], [-3228.1080500000007,3664.0880500000003], [2010.04,2019.96], [-3.9000000000000004,19.9], 3.0, [1.8536499999999982,55.36635], 3.0, 0.0, 2.0, 0.0, [0.18518750000000003,0.44881249999999995], [46.6,81.4], 1.0, [34.19,65.81], [23.098399999999998,37.5016], 1.0, 0.0","survey_year, region, num_employees, annual_revenue_usd_millions, company_founding_year, company_age, company_age_group, ai_adoption_rate, ai_adoption_stage, ai_primary_tool, num_ai_tools_used, ai_use_case, ai_maturity_score, regulatory_compliance_score, data_privacy_level, ai_risk_management_score, task_automation_rate, survey_source, data_collection_method",2.0,1.0,1.0,1,1.2,4823,823,0.6333333333333333,0.0005069657719484497,5,5
"[15.72,34.28], 2.0, 4.0, 2.0, [-6365.975,6401.975], [-2829.0066500000003,2864.54665], 3.0, [-3.9063499999999998,49.606350000000006], 3.0, 1.0, [3.2787999999999986,13.5812], [45.730000000000004,82.27], 0.0, [11.858099999999999,28.9619]","country, region, industry, company_size, num_employees, annual_revenue_usd_millions, company_age_group, ai_adoption_rate, ai_adoption_stage, num_ai_tools_used, ai_budget_percentage, regulatory_compliance_score, ai_ethics_committee, task_automation_rate",1.0,1.0,1.0,2,1.6,4842,842,0.4666666666666667,0.0013519087251958658,5,5
"0.0, [-980.6797,1616.3797], [2001.96,2024.04], [4.85,11.15], 1.0, 3.0, [-0.012374999999999997,0.258375], [28.2864,51.7136], [-123708.8236,218374.84360000002], 0.0","quarter, annual_revenue_usd_millions, company_founding_year, years_using_ai, num_ai_tools_used, ai_use_case, ai_maturity_score, ai_failure_rate, ai_investment_per_employee, data_collection_method",0.0,1.0,1.0,3,1.6,4859,859,0.3333333333333333,0.002027863087793799,5,5
"2023.0, 3.0, 5.0, 1.0, [-1716.8080000000002,2278.668], [21.575,32.425], [20.636,50.784000000000006], [2.75,9.25], 4.0, [9.602099999999998,34.2579], [0.15850000000000003,0.6715], [19.590175,31.669825], [8401.541199999992,218316.51880000002], [51.95,78.05], 0.0, 1.0, [15.257299999999997,39.56270000000001], 0.0","survey_year, quarter, region, company_size, annual_revenue_usd_millions, company_age, ai_adoption_rate, years_using_ai, ai_use_case, ai_training_hours, ai_maturity_score, ai_failure_rate, ai_investment_per_employee, regulatory_compliance_score, data_privacy_level, ai_ethics_committee, task_automation_rate, data_collection_method",1.0,1.0,1.0,2,2.4,4872,872,0.6,0.0020278630877937987,5,5
"0.0, 0.0, 7.0, 1.0, [-6286.1900000000005,6678.1900000000005], [0.375,19.625], [-0.75,4.75], 2.0, 2.0, [4.741099999999999,35.718900000000005], [-2.1272000000000006,4.8872], [-166414.84680000003,198992.7068], 2.0, 0.0, [43.464999999999996,72.535], [-8.63855,23.318550000000002], 1.0","quarter, region, industry, company_size, num_employees, company_age, years_using_ai, ai_primary_tool, num_ai_tools_used, ai_training_hours, ai_budget_percentage, ai_investment_per_employee, data_privacy_level, ai_ethics_committee, ai_risk_management_score, task_automation_rate, survey_source",0.0,1.0,1.0,1,1.8,4889,889,0.5666666666666667,0.0007604486579226745,5,5
"5.0, 3.0, 1.0, [-1464.9704000000002,1731.4104000000002], [14.05,25.95], [-2.302100000000003,47.4421], 3.0, 2.0, 1.0, [5.49,12.51], [-9.483,9.483], [6.919599999999999,17.6604], [24.836150000000004,51.92385], 2.0, 0.0, [53.37,66.63], 3.0, 0.0","region, industry, company_size, annual_revenue_usd_millions, company_age, ai_adoption_rate, ai_adoption_stage, num_ai_tools_used, ai_use_case, ai_projects_active, ai_training_hours, ai_budget_percentage, ai_failure_rate, data_privacy_level, ai_ethics_committee, ai_risk_management_score, survey_source, data_collection_method",1.0,1.0,1.0,1,1.4,4895,895,0.6,0.0005914600672731913,5,5
"2023.0, 0.0, 2.0, 7.0, 0.0, 0.0, 3.0, [8.32,17.68], [27.2992,45.0008], [8.988399999999999,24.5516], [0.469875,0.712125], [14.661774999999999,32.598225], [58.019999999999996,93.98], 0.0, [57.425,90.575], [27.042749999999998,47.297250000000005], 2.0","survey_year, quarter, region, industry, company_size, ai_primary_tool, num_ai_tools_used, ai_projects_active, ai_training_hours, ai_budget_percentage, ai_maturity_score, ai_failure_rate, regulatory_compliance_score, data_privacy_level, ai_risk_management_score, task_automation_rate, data_collection_method",2.0,1.0,1.0,1,2.6,4919,919,0.5666666666666667,0.001098425839221641,5,5
"2023.0, 3.0, [3.3449999999999998,14.655000000000001], 7.0, [8661.735,22608.265], [1998.08,2009.92], 1.0, [9.531350000000002,31.38865], 3.0, [2.3,7.7], 3.0, [0.040000000000000036,7.96], [3.320899999999998,22.9191], [3.1588000000000003,18.941200000000002], [24.402275,35.017725], [-252998.12920000002,275676.6292], 2.0, 0.0, [45.269999999999996,68.73], [12.956699999999996,42.6633], 0.0","survey_year, quarter, country, industry, num_employees, company_founding_year, company_age_group, ai_adoption_rate, ai_adoption_stage, years_using_ai, ai_use_case, ai_projects_active, ai_training_hours, ai_budget_percentage, ai_failure_rate, ai_investment_per_employee, data_privacy_level, ai_ethics_committee, ai_risk_management_score, task_automation_rate, data_collection_method",2.0,1.0,1.0,2,1.4,4948,948,0.7,0.0011829201345463826,5,5
"2025.0, [0.33000000000000007,13.67], 7.0, [11.05,36.95], 2.0, 0.0, [0.19106250000000002,0.4689375], [15.624549999999997,36.85545], [-197187.76880000002,207092.9288], [43.21,72.79], 1.0, 0.0, [6.4724499999999985,29.42755], 3.0","survey_year, country, industry, company_age, ai_adoption_stage, ai_primary_tool, ai_maturity_score, ai_failure_rate, ai_investment_per_employee, regulatory_compliance_score, data_privacy_level, ai_ethics_committee, task_automation_rate, data_collection_method",0.0,1.0,1.0,1,1.6,4981,981,0.4666666666666667,0.0006759543625979329,5,5
"2.0, 0.0, [743.9988999999998,4539.7011], 1.0, [-3.287700000000001,28.3677], [-3.1843000000000004,36.6443], [0.01618750000000002,0.5078125], [46.86,85.14], 0.0, 0.0, 2.0, 3.0","region, company_size, annual_revenue_usd_millions, company_age_group, ai_adoption_rate, ai_training_hours, ai_maturity_score, regulatory_compliance_score, data_privacy_level, ai_ethics_committee, survey_source, data_collection_method",0.0,1.0,1.0,2,1.4,4984,984,0.4,0.0011829201345463826,5,5
"3.0, [18.085,25.915], 0.0, 7.0, 0.0, [1683.045,8950.955], [2005.32,2028.68], 3.0, 2.0, [-1.0499999999999998,5.05], 1.0, [11.777600000000001,21.422400000000003], [94167.7536,335181.2464], 0.0, 1.0, [65.27,88.73], 1.0","quarter, country, region, industry, company_size, num_employees, company_founding_year, company_age_group, ai_adoption_stage, years_using_ai, num_ai_tools_used, ai_budget_percentage, ai_investment_per_employee, data_privacy_level, ai_ethics_committee, ai_risk_management_score, data_collection_method",1.0,1.0,1.0,1,1.4,4992,992,0.5666666666666667,0.0005914600672731913,5,5
"2025.0, 1.0, [21.085,28.915], 2.0, [1986.72,1997.28], [27.225,38.775], 0.0, 1.0, [4.731299999999997,47.0887], [-1.0760000000000005,12.076], [-0.01918749999999997,0.5151874999999999], [-171959.26640000002,263419.9464], [61.57,100.43], [-0.3514000000000008,12.2514], 3.0, 2.0","survey_year, quarter, country, region, company_founding_year, company_age, ai_primary_tool, num_ai_tools_used, ai_training_hours, ai_budget_percentage, ai_maturity_score, ai_investment_per_employee, regulatory_compliance_score, task_automation_rate, survey_source, data_collection_method",1.0,1.0,1.0,1,1.3333333333333333,4101,1101,0.5333333333333333,0.000563295302164944,3,3
"2023.0, [3.635,14.365], 2.0, 2.0, [-6816.050000000001,6934.050000000001], [-4.074999999999999,6.074999999999999], 0.0, [8.596549999999999,36.48345], 3.0, [-2.55,4.55], 5.0, 1.0, 6.0, [0.1299999999999999,7.87], [-6.724800000000005,36.26480000000001], [0.09893750000000001,0.2770625], [22.094299999999997,46.9857], [73.75,88.25], [41.68,74.32], 0.0","survey_year, country, region, company_size, num_employees, company_age, company_age_group, ai_adoption_rate, ai_adoption_stage, years_using_ai, ai_primary_tool, num_ai_tools_used, ai_use_case, ai_projects_active, ai_training_hours, ai_maturity_score, ai_failure_rate, regulatory_compliance_score, ai_risk_management_score, survey_source",0.0,1.0,1.0,1,1.3333333333333333,4150,1150,0.6666666666666666,0.000563295302164944,3,3
"2023.0, 3.0, [9.765,22.235], 2.0, 3.0, 2.0, 1.0, [31.03765,54.40235], 2.0, 0.0, 4.0, 0.0, [20.1732,31.8868], [59.28,98.72], 0.0, 1.0, [48.74,75.26], 2.0","survey_year, quarter, country, region, industry, company_size, company_age_group, ai_adoption_rate, ai_adoption_stage, ai_primary_tool, num_ai_tools_used, ai_use_case, ai_failure_rate, regulatory_compliance_score, data_privacy_level, ai_ethics_committee, ai_risk_management_score, data_collection_method",2.0,1.0,1.0,1,2.0,4151,1151,0.6,0.0008449429532474161,3,3
"2024.0, 4.0, 0.0, [-5444.1900000000005,7520.1900000000005], [26.148899999999912,4897.501430275066], [1994.12,2015.88], [6.25,9.75], 2.0, [-2.3999999999999995,8.399999999999999], [1.5187999999999997,17.3012], [0.11768750000000003,0.3243125], [42263.630399999995,306601.0096], [67.27,88.73], 0.0, [37.894999999999996,74.105]","survey_year, industry, company_size, num_employees, annual_revenue_usd_millions, company_founding_year, years_using_ai, ai_primary_tool, ai_projects_active, ai_budget_percentage, ai_maturity_score, ai_investment_per_employee, regulatory_compliance_score, data_privacy_level, ai_risk_management_score",1.0,1.0,1.0,1,2.3333333333333335,4170,1170,0.5,0.0009857667787886522,3,3
"2.0, 4.0, 1.0, [1520.2540408249174,2464.3018], [29.672700000000003,73.3873], 2.0, 2.0, [33.387499999999996,49.1925], [4.981274999999997,30.238725000000002], [-83731.6776,141732.5576], 2.0, 0.0, [29.547499999999996,52.052499999999995]","quarter, region, company_size, annual_revenue_usd_millions, ai_adoption_rate, ai_adoption_stage, num_ai_tools_used, ai_training_hours, ai_failure_rate, ai_investment_per_employee, data_privacy_level, ai_ethics_committee, task_automation_rate",1.0,0.1,1.0,1,1.0,1231,1231,0.43333333333333335,0.00042247147662370806,0,0
"2023.0, 1.0, 5.0, [-6058.33,6120.33], [-2533.9159500000005,2560.31595], [1989.2,1998.8], [24.1,33.9], 1.0, 2.0, [2.1499999999999995,7.8500000000000005], 1.0, 5.0, [-5.49,5.49], [24.7977,51.9823], [15.8911,29.0689], [-69024.56880000001,140890.4088], [29.875,68.125], 3.0","survey_year, region, industry, num_employees, annual_revenue_usd_millions, company_founding_year, company_age, company_age_group, ai_adoption_stage, years_using_ai, ai_primary_tool, ai_use_case, ai_projects_active, ai_training_hours, ai_failure_rate, ai_investment_per_employee, ai_risk_management_score, data_collection_method",2.0,1.0,1.0,1,3.0,4252,1252,0.6,0.0012674144298711243,3,3
"2.0, 1.0, 2.0, [1991.36,2008.64], [18.05,29.95], 1.0, [-3.15,3.15], 1.0, [0.5213999999999999,16.9586], [24.877824999999994,42.082175], 2.0, 0.0, 0.0","quarter, region, company_size, company_founding_year, company_age, company_age_group, years_using_ai, num_ai_tools_used, ai_training_hours, ai_failure_rate, data_privacy_level, ai_ethics_committee, survey_source",0.0,1.0,1.0,1,1.0,4275,1275,0.43333333333333335,0.00042247147662370806,3,3
"2.0, 2.0, [-2687.4763000000007,2706.4163000000003], [1987.0,2011.0], [16.425,33.575], 1.0, 3.0, [3.6,8.4], 3.0, [16.868199999999998,40.8918], [4.481199999999999,10.6188], [25.889924999999998,41.630075], 2.0, [17.6379,36.542100000000005], 1.0","quarter, company_size, annual_revenue_usd_millions, company_founding_year, company_age, company_age_group, ai_adoption_stage, years_using_ai, ai_use_case, ai_training_hours, ai_budget_percentage, ai_failure_rate, data_privacy_level, task_automation_rate, data_collection_method",1.0,1.0,1.0,1,1.6666666666666667,4291,1291,0.5,0.0007041191277061802,3,3
"2025.0, [4.43,23.57], 0.0, 7.0, 0.0, [11419.895,20652.105], [15.274999999999999,38.725], 1.0, 2.0, 3.0, [9.770800000000001,55.2892], [0.13712500000000002,0.5788749999999999], [13.329925,29.070075], [54.11,77.89], 0.0, 1.0, [44.975,73.025], [4.417899999999998,23.3221], 1.0","survey_year, country, region, industry, company_size, num_employees, company_age, company_age_group, num_ai_tools_used, ai_use_case, ai_training_hours, ai_maturity_score, ai_failure_rate, regulatory_compliance_score, data_privacy_level, ai_ethics_committee, ai_risk_management_score, task_automation_rate, data_collection_method",0.0,1.0,1.0,1,1.3333333333333333,4300,1300,0.6333333333333333,0.000563295302164944,3,3
"0.0, 1.0, [2003.24,2014.76], [9.475000000000001,24.525], 1.0, [-1.45,1.45], 1.0, 1.0, 3.0, [-12.960100000000002,12.960100000000002], [-5.373600000000001,9.0936], [-0.003249999999999975,0.25325], [25.148999999999997,39.791], [-266062.9024,285935.7424], [39.86,54.14], 2.0","quarter, company_size, company_founding_year, company_age, ai_adoption_stage, years_using_ai, ai_primary_tool, num_ai_tools_used, ai_use_case, ai_training_hours, ai_budget_percentage, ai_maturity_score, ai_failure_rate, ai_investment_per_employee, ai_risk_management_score, data_collection_method",0.0,1.0,1.0,1,1.3333333333333333,4306,1306,0.5333333333333333,0.000563295302164944,3,3
"0.0, 3.0, [19.831749999999996,53.74825], 1.0, 0.0, [4.869999999999999,15.13], [-233875.88,349221.28], 2.0, [6.862749999999997,27.11725]","quarter, company_age_group, ai_adoption_rate, ai_primary_tool, ai_use_case, ai_projects_active, ai_investment_per_employee, data_privacy_level, task_automation_rate",0.0,1.0,1.0,1,2.6666666666666665,4336,1336,0.3,0.001126590604329888,3,3
"2026.0, 0.0, [12.865,31.134999999999998], [-2828.3677000000002,3764.1677000000004], [2002.36,2011.64], [9.375,28.625], 3.0, [1.2999999999999998,1.8566588536335429], 1.0, [2.66,7.34], [-23.075300000000002,23.075300000000002], [23.601775,41.538225], [-207329.63800000004,336894.378], 0.0, [27.464999999999996,56.535000000000004], [4.5886999999999984,16.2913], 2.0, 0.0","survey_year, quarter, country, annual_revenue_usd_millions, company_founding_year, company_age, ai_adoption_stage, years_using_ai, num_ai_tools_used, ai_projects_active, ai_training_hours, ai_failure_rate, ai_investment_per_employee, ai_ethics_committee, ai_risk_management_score, task_automation_rate, survey_source, data_collection_method",0.0,0.1,1.0,1,1.0,1337,1337,0.6,0.00042247147662370806,0,0
"2026.0, 1.0, [2838.4334,5635.266600000001], [51.387100000000004,77.0129], 0.0, 3.0, 2.0, [15.764000000000001,23.436000000000003], [0.5664374999999999,0.9742663958130743], 0.0, [6.797699999999997,27.502299999999998], 1.0","survey_year, region, annual_revenue_usd_millions, ai_adoption_rate, ai_primary_tool, num_ai_tools_used, ai_use_case, ai_budget_percentage, ai_maturity_score, data_privacy_level, task_automation_rate, data_collection_method",2.0,1.0,1.0,1,1.3333333333333333,4355,1355,0.4,0.000563295302164944,3,3
"1.0, 1.0, 1.0, [8.825,23.175], [6.033249999999999,47.48675], 2.0, [3.8499999999999996,10.15], [0.20368750000000002,0.41031249999999997], [29.86,68.14], 2.0","quarter, region, company_size, company_age, ai_adoption_rate, num_ai_tools_used, ai_projects_active, ai_maturity_score, regulatory_compliance_score, data_privacy_level",0.0,1.0,1.0,2,1.6666666666666667,4357,1357,0.3333333333333333,0.0014082382554123603,3,3
"2026.0, 3.0, 2.0, [-2826.5808,3566.1808000000005], 2.0, [-2.3292,21.7892], [-2.0500000000000003,2.0500000000000003], 5.0, [-2.4799999999999995,10.48], [6.912599999999998,28.407400000000003], [-0.06560000000000032,7.8256], [19.575974999999996,34.584025], [63.269999999999996,84.73], 0.0, [50.425,83.575], 1.0","survey_year, quarter, region, annual_revenue_usd_millions, company_age_group, ai_adoption_rate, years_using_ai, ai_primary_tool, ai_projects_active, ai_training_hours, ai_budget_percentage, ai_failure_rate, regulatory_compliance_score, data_privacy_level, ai_risk_management_score, survey_source",0.0,1.0,1.0,1,1.6666666666666667,4361,1361,0.5333333333333333,0.0007041191277061802,3,3
"[22.055,33.945], 3.0, 2.0, 2.0, [-2660.0200000000004,2840.0200000000004], [1993.32,2008.68], [12.924999999999999,37.075], [2.65,9.35], 0.0, [-2.3000000000000007,10.3], [-0.8244000000000007,13.204400000000001], [0.06993750000000001,0.36206249999999995], [28.835475,51.164525], [-111939.07400000002,160172.934], [55.629999999999995,86.37], 2.0, [61.78,84.22], [-1.4769500000000013,16.07695]","country, region, industry, company_size, num_employees, company_founding_year, company_age, years_using_ai, ai_primary_tool, ai_projects_active, ai_budget_percentage, ai_maturity_score, ai_failure_rate, ai_investment_per_employee, regulatory_compliance_score, data_privacy_level, ai_risk_management_score, task_automation_rate",1.0,1.0,1.0,1,2.3333333333333335,4374,1374,0.6,0.0009857667787886522,3,3
"2023.0, [11.765,24.235], 0.0, 8.0, [-0.25,10.25], [39.2808,63.39920000000001], 2.0, [1.4000000000000004,8.6], 0.0, 4.0, [14.4536,21.9064], [0.4941875,0.7578125], [-137645.1436,204438.52360000001], [49.6,84.4], 1.0, [17.0983,32.401700000000005], 2.0, 1.0","survey_year, country, region, industry, company_age, ai_adoption_rate, ai_adoption_stage, years_using_ai, ai_primary_tool, num_ai_tools_used, ai_budget_percentage, ai_maturity_score, ai_investment_per_employee, regulatory_compliance_score, ai_ethics_committee, task_automation_rate, survey_source, data_collection_method",1.0,1.0,1.0,1,2.6666666666666665,4420,1420,0.6,0.001126590604329888,3,3
"2.0, 1.0, 1.0, [-3305.0299999999997,4945.03], [-3309.59495,3782.37495], [2013.0,2029.0], [-4.574999999999999,12.575], 0.0, 3.0, 0.0, [0.2200000000000002,7.779999999999999], [2.452999999999996,46.707], [6.951492866677928,8.987200000000001], [0.0995,0.38449999999999995], [18.83665,38.60335], [-225206.2728,256820.7128], [52.76,85.24000000000001], 2.0, 0.0","quarter, industry, company_size, num_employees, annual_revenue_usd_millions, company_founding_year, company_age, ai_primary_tool, num_ai_tools_used, ai_use_case, ai_projects_active, ai_training_hours, ai_budget_percentage, ai_maturity_score, ai_failure_rate, ai_investment_per_employee, regulatory_compliance_score, data_privacy_level, ai_ethics_committee",0.0,0.1,1.0,1,1.0,1445,1445,0.6333333333333333,0.00042247147662370806,0,0
"[9.705,30.295], 0.0, [-244.44999999999982,5648.45], [1973.689113430449,2010.36], [12.575000000000001,37.425], [32.2208,56.339200000000005], 2.0, 4.0, 3.0, [14.752499999999998,62.167500000000004], [-200434.5552,250493.9152], 2.0, 1.0, [47.425,80.575], [14.937299999999997,39.2427], 3.0, 0.0","country, company_size, num_employees, company_founding_year, company_age, ai_adoption_rate, ai_adoption_stage, ai_primary_tool, num_ai_tools_used, ai_training_hours, ai_investment_per_employee, data_privacy_level, ai_ethics_committee, ai_risk_management_score, task_automation_rate, survey_source, data_collection_method",2.0,1.0,1.0,2,1.6666666666666667,4455,1455,0.5666666666666667,0.0014082382554123603,3,3
"3.0, 0.0, [1992.68,2001.32], 1.0, [19.795049999999996,40.14495], [9.354499999999994,44.1255], [0.121,0.349], [65.21,94.79], 1.0, 0.0, 0.0","region, industry, company_founding_year, company_age_group, ai_adoption_rate, ai_training_hours, ai_maturity_score, regulatory_compliance_score, ai_ethics_committee, survey_source, data_collection_method",0.0,1.0,1.0,1,2.0,4456,1456,0.36666666666666664,0.0008449429532474161,3,3
"0.0, [13.635,24.365000000000002], 6.0, 2.0, [-6593.620000000001,6763.620000000001], [-1884.2211,1911.4811000000002], 0.0, [-16.648250000000004,17.268250000000002], 1.0, [-2.35,2.35], [-7.402800000000001,7.502800000000001], [-159307.28040000002,357593.1495252553], [40.44,77.56], 0.0, 1.0","quarter, country, industry, company_size, num_employees, annual_revenue_usd_millions, company_age_group, ai_adoption_rate, ai_adoption_stage, years_using_ai, ai_budget_percentage, ai_investment_per_employee, regulatory_compliance_score, ai_ethics_committee, data_collection_method",0.0,1.0,1.0,1,2.0,4457,1457,0.5,0.0008449429532474161,3,3
"2025.0, 1.0, [-6520.620000000001,6836.620000000001], [1985.4,1996.6], 2.0, [4.65,11.35], 5.0, 2.0, [2.3000000000000003,7.699999999999999], [0.22968750000000002,0.5503125], [72.05,103.95], 0.0, 1.0","survey_year, region, num_employees, company_founding_year, company_age_group, years_using_ai, ai_primary_tool, num_ai_tools_used, ai_projects_active, ai_maturity_score, regulatory_compliance_score, ai_ethics_committee, data_collection_method",1.0,1.0,1.0,1,1.3333333333333333,4471,1471,0.43333333333333335,0.000563295302164944,3,3
"2026.0, 3.0, [-4827.75,4993.75], [-1508.26695,1588.22695], [31.831200000000003,68.00880000000001], 2.0, [5.65,8.35], 6.0, [0.40725,0.60675], [-31435.304400000008,170705.0444], [49.83,92.17], 2.0, 1.0, 3.0, 2.0","survey_year, quarter, num_employees, annual_revenue_usd_millions, ai_adoption_rate, ai_adoption_stage, years_using_ai, ai_use_case, ai_maturity_score, ai_investment_per_employee, regulatory_compliance_score, data_privacy_level, ai_ethics_committee, survey_source, data_collection_method",2.0,1.0,1.0,1,2.3333333333333335,4473,1473,0.5,0.0009857667787886522,3,3
"2026.0, [3.4749999999999996,16.525], 1.0, 5.0, [-2881.45,3011.45], [-2229.46525,2265.4452499999998], [2006.0,2030.0], [-1.625,17.625], 3.0, [25.46765,48.83235], 2.0, [3.4000000000000004,10.6], 0.0, [-0.3000000000000007,12.3], [0.1509375,0.3290625], [38.92,69.08], [37.565,56.435], [15.627199999999998,40.832800000000006], 3.0","survey_year, country, region, industry, num_employees, annual_revenue_usd_millions, company_founding_year, company_age, company_age_group, ai_adoption_rate, ai_adoption_stage, years_using_ai, ai_primary_tool, ai_projects_active, ai_maturity_score, regulatory_compliance_score, ai_risk_management_score, task_automation_rate, survey_source",1.0,1.0,1.0,1,2.6666666666666665,4484,1484,0.6333333333333333,0.001126590604329888,3,3
"2025.0, 0.0, 1.0, [2170.4749999999995,9045.525000000001], [6422.0306,11616.1494], [20.970219665683107,23.475], 1.0, 2.0, 2.0, 4.0, [31.414299999999997,54.8057], [5.134375,14.285625000000001], [56940.2188,430122.40119999996], 0.0, 0.0, [55.7,86.3], 0.0","survey_year, quarter, region, num_employees, annual_revenue_usd_millions, company_age, company_age_group, ai_adoption_stage, num_ai_tools_used, ai_use_case, ai_training_hours, ai_failure_rate, ai_investment_per_employee, data_privacy_level, ai_ethics_committee, ai_risk_management_score, survey_source",2.0,0.1,1.0,1,1.0,1487,1487,0.5666666666666667,0.00042247147662370806,0,0
"[1.2699999999999996,22.73], 2.0, 4.0, 1.0, 1.0, 0.0, 3.0, 5.0, [28.342100000000002,52.9979], [13.472699999999998,32.5073], 0.0, [51.525,74.475], [16.952949999999998,35.40705], 1.0","country, region, industry, company_size, company_age_group, ai_primary_tool, num_ai_tools_used, ai_use_case, ai_training_hours, ai_failure_rate, ai_ethics_committee, ai_risk_management_score, task_automation_rate, survey_source",2.0,1.0,1.0,1,1.6666666666666667,4512,1512,0.4666666666666667,0.0007041191277061802,3,3
"2024.0, [-6497.405000000001,6663.405000000001], [2013.72,2024.28], 0.0, [5.778599999999997,38.9414], 5.0, [-0.7388000000000003,5.3988000000000005], [-216901.6496,241801.4496], [51.28,90.72], 2.0, 1.0","survey_year, num_employees, company_founding_year, company_age_group, ai_adoption_rate, ai_use_case, ai_budget_percentage, ai_investment_per_employee, regulatory_compliance_score, data_privacy_level, ai_ethics_committee",0.0,1.0,1.0,1,1.6666666666666667,4555,1555,0.36666666666666664,0.0007041191277061802,3,3
"2.0, 1.0, [-12736.643349589613,6632.1900000000005], [0.7750000000000004,17.225], [13.14215,59.117850000000004], 2.0, [4.199999999999999,9.8], 3.0, [1.4899999999999998,8.51], [6.675499999999998,35.1245], [9.403199999999998,16.6368], [0.1338125,0.5541874999999999], [17.509675,36.910325], [46.41,87.59], [29.15,64.85], [-0.6224000000000007,20.9824], 2.0, 0.0","quarter, industry, num_employees, company_age, ai_adoption_rate, ai_adoption_stage, years_using_ai, ai_primary_tool, ai_projects_active, ai_training_hours, ai_budget_percentage, ai_maturity_score, ai_failure_rate, regulatory_compliance_score, ai_risk_management_score, task_automation_rate, survey_source, data_collection_method",0.0,1.0,1.0,1,1.3333333333333333,4564,1564,0.6,0.000563295302164944,3,3
"2026.0, [7.3149999999999995,22.685000000000002], [7908.882699999999,11305.0373], [30.75,41.25], 3.0, 5.0, [-1.6780000000000002,4.898000000000001], [0.023375000000000062,0.7453084600856845], [13.7264,37.153600000000004], [-136854.87800000003,213003.418], 0.0, [3.5477999999999987,23.3522]","survey_year, country, annual_revenue_usd_millions, company_age, ai_adoption_stage, ai_use_case, ai_budget_percentage, ai_maturity_score, ai_failure_rate, ai_investment_per_employee, data_privacy_level, task_automation_rate",2.0,1.0,1.0,1,1.3333333333333333,4582,1582,0.4,0.000563295302164944,3,3
"[21.2,32.8], 2.0, 0.0, [2003.32,2018.68], [-0.0067500000000038085,41.44675], 3.0, 1.0, [-1.8600000000000003,7.86], [-17.120400000000004,23.340400000000002], [-0.10418749999999996,0.43018749999999994], [-208526.342,219078.24200000003], 0.0, 1.0, [47.23,74.77]","country, region, company_size, company_founding_year, ai_adoption_rate, ai_adoption_stage, ai_primary_tool, ai_projects_active, ai_training_hours, ai_maturity_score, ai_investment_per_employee, data_privacy_level, ai_ethics_committee, ai_risk_management_score",0.0,1.0,1.0,1,1.25,4618,1618,0.4666666666666667,0.0005280893457796351,4,4
"2026.0, 2.0, [-4093.3199999999997,5335.32], [-2832.86045,3260.2404500000002], [2012.72,2031.28], [-2.4749999999999996,10.475], 0.0, 3.0, 1.0, [4.913299999999998,34.6267], [-1.5748000000000006,12.2348], [11.258499999999998,33.2215], [61.86,76.14], [-7.651700000000002,7.651700000000002], 0.0","survey_year, region, num_employees, annual_revenue_usd_millions, company_founding_year, company_age, company_age_group, ai_adoption_stage, num_ai_tools_used, ai_training_hours, ai_budget_percentage, ai_failure_rate, ai_risk_management_score, task_automation_rate, data_collection_method",0.0,1.0,1.0,1,1.3333333333333333,4629,1629,0.5,0.000563295302164944,3,3
"2026.0, 2.0, 1.0, [-2768.4501,3024.9901], [17.4,28.6], [31.090099999999996,71.7899], 6.0, [13.68,22.32], [1.9603999999999995,7.659599999999999], [0.32281250000000006,0.7431875], [-250690.54480000003,270209.5848], 0.0, 2.0","survey_year, industry, company_size, annual_revenue_usd_millions, company_age, ai_adoption_rate, ai_use_case, ai_projects_active, ai_budget_percentage, ai_maturity_score, ai_investment_per_employee, ai_ethics_committee, data_collection_method",2.0,1.0,1.0,1,1.3333333333333333,4678,1678,0.43333333333333335,0.000563295302164944,3,3
"2.0, 3.0, [-4623.32,4805.32], [-1737.2507500000004,1758.7907500000003], [1986.36,1995.64], [20.799999999999997,43.2], 2.0, [8.62435,45.55565], [3.6999999999999997,8.3], 3.0, 2.0, 3.0, [3.41,12.59], [-2.3531000000000013,42.533100000000005], [2.3676000000000004,12.0124], [52.31,71.69], 2.0","region, industry, num_employees, annual_revenue_usd_millions, company_founding_year, company_age, company_age_group, ai_adoption_rate, years_using_ai, ai_primary_tool, num_ai_tools_used, ai_use_case, ai_projects_active, ai_training_hours, ai_budget_percentage, ai_risk_management_score, survey_source",0.0,1.0,1.0,1,1.6666666666666667,4680,1680,0.5666666666666667,0.0007041191277061802,3,3
"2.0, [-3.0600000000000005,5.0600000000000005], 4.0, 8.0, [505.90499999999975,6988.095], [2109.3178499999995,6804.00215], [1989.56,2000.44], 2.0, [27.251749999999998,61.16825], 2.0, [7.3,12.7], 5.0, 2.0, 6.0, [1.7699999999999996,10.23], [12.6391,56.26090000000001], [0.23412500000000006,0.675875], [-1434.6656000000075,379522.1456], 0.0, 0.0, [5.942249999999998,30.697750000000003], 2.0, 0.0","quarter, country, region, industry, num_employees, annual_revenue_usd_millions, company_founding_year, company_age_group, ai_adoption_rate, ai_adoption_stage, years_using_ai, ai_primary_tool, num_ai_tools_used, ai_use_case, ai_projects_active, ai_training_hours, ai_maturity_score, ai_investment_per_employee, data_privacy_level, ai_ethics_committee, task_automation_rate, survey_source, data_collection_method",2.0,1.0,1.0,1,2.0,4681,1681,0.7666666666666667,0.0008449429532474161,3,3
"3.0, [-8893.716034157565,7217.535], [2002.92,2023.08], [6.525,19.475], 2.0, [8.05,11.95], 0.0, 2.0, 5.0, [7.1499999999999995,18.85], [-1.600851816004174,18.3064], [0.45375,0.7102499999999999], [8.008249999999999,33.631750000000004], [-68799.16519999999,382129.3052], 2.0, 1.0, [19.9882,36.1918], 1.0","quarter, num_employees, company_founding_year, company_age, ai_adoption_stage, years_using_ai, ai_primary_tool, num_ai_tools_used, ai_use_case, ai_projects_active, ai_budget_percentage, ai_maturity_score, ai_failure_rate, ai_investment_per_employee, data_privacy_level, ai_ethics_committee, task_automation_rate, survey_source",2.0,1.0,1.0,1,1.3333333333333333,4695,1695,0.6,0.000563295302164944,3,3
"2024.0, 5.0, 1.0, [-2285.8050000000003,3017.8050000000003], [-3512.71875,3978.79875], [2006.48,2029.52], [-1.3499999999999996,13.35], [5.190499999999997,57.9495], 3.0, [0.49999999999999956,7.5], 2.0, 7.0, [1.5699999999999998,6.43], [4.1452,12.474800000000002], [0.14090835265745727,0.15875], [-75361.75520000001,181200.9952], [45.120000000000005,86.88], 0.0, [47.72,76.28]","survey_year, industry, company_size, num_employees, annual_revenue_usd_millions, company_founding_year, company_age, ai_adoption_rate, ai_adoption_stage, years_using_ai, num_ai_tools_used, ai_use_case, ai_projects_active, ai_budget_percentage, ai_maturity_score, ai_investment_per_employee, regulatory_compliance_score, data_privacy_level, ai_risk_management_score",0.0,0.1,1.0,1,1.0,1700,1700,0.6333333333333333,0.00042247147662370806,0,0
"2024.0, 2.0, [-5.945,5.945], 5.0, 0.0, 1.0, [1995.8,2018.2], 3.0, 0.0, [-2.79,2.79], [11.227199999999998,41.5728], [5.413199999999999,12.646799999999999], [-151441.80680000002,213965.74680000002], 2.0, [34.76,59.24], [9.702949999999998,28.15705]","survey_year, quarter, country, region, industry, company_size, company_founding_year, ai_adoption_stage, ai_primary_tool, ai_projects_active, ai_training_hours, ai_budget_percentage, ai_investment_per_employee, data_privacy_level, ai_risk_management_score, task_automation_rate",1.0,1.0,1.0,1,1.0,4705,1705,0.5333333333333333,0.00042247147662370806,4,4
"2026.0, 2.0, [-6293.975,6473.975], [2004.32,2027.68], [30.729699999999994,59.3703], 2.0, 0.0, 3.0, 3.0, [23.180899999999994,42.7791], 2.0, [8.738099999999998,25.841900000000003], 1.0, 2.0","survey_year, company_size, num_employees, company_founding_year, ai_adoption_rate, ai_adoption_stage, ai_primary_tool, num_ai_tools_used, ai_use_case, ai_training_hours, data_privacy_level, task_automation_rate, survey_source, data_collection_method",1.0,1.0,1.0,1,1.25,4728,1728,0.4666666666666667,0.0005280893457796351,4,4
"2025.0, 0.0, 1.0, [-1961.8050000000003,3341.8050000000003], [-2886.567,3106.647], [9.6,26.4], 1.0, [4.021049999999995,54.518950000000004], 3.0, [3.15,6.85], 6.0, [1.1552999999999987,18.2247], [-0.06706249999999997,0.4530625], 2.0, 0.0, [39.875,78.125]","survey_year, quarter, company_size, num_employees, annual_revenue_usd_millions, company_age, company_age_group, ai_adoption_rate, ai_adoption_stage, years_using_ai, ai_use_case, ai_training_hours, ai_maturity_score, data_privacy_level, ai_ethics_committee, ai_risk_management_score",1.0,1.0,1.0,1,1.3333333333333333,4731,1731,0.5333333333333333,0.000563295302164944,3,3
"2.0, 5.0, 6.0, [1559.54,10202.46], [5.449999999999999,28.55], [2.55,5.45], [42.5335,83.6265], [11.459999999999999,27.9], [0.5806874999999999,0.8443124999999999], [-4.177550000000002,18.51755], [-97900.05920000002,430774.69920000003], 0.0","quarter, region, industry, num_employees, company_age, years_using_ai, ai_training_hours, ai_budget_percentage, ai_maturity_score, ai_failure_rate, ai_investment_per_employee, survey_source",2.0,1.0,1.0,1,1.75,4737,1737,0.4,0.0007393250840914891,4,4
"2.0, [-164.11834999999996,4131.01835], [1984.0,2008.0], [22.625,31.375], [15.224749999999997,64.21525], 2.0, [3.05,6.95], 5.0, 2.0, 2.0, [0.94,7.0600000000000005], [3.4803999999999995,26.2396], [0.12468749999999998,0.4453125], [16.026399999999995,39.4536], [56.4,79.6], 2.0, 0.0, [55.37,68.63], 2.0, 3.0","industry, annual_revenue_usd_millions, company_founding_year, company_age, ai_adoption_rate, ai_adoption_stage, years_using_ai, ai_primary_tool, num_ai_tools_used, ai_use_case, ai_projects_active, ai_training_hours, ai_maturity_score, ai_failure_rate, regulatory_compliance_score, data_privacy_level, ai_ethics_committee, ai_risk_management_score, survey_source, data_collection_method",0.0,1.0,1.0,1,1.6666666666666667,4754,1754,0.6666666666666666,0.0007041191277061802,3,3
"[8.504999999999999,17.495], [-3250.3100000000004,3428.3100000000004], 1.0, [3.8343500000000006,40.76565], 3.0, [4.3,7.7], 4.0, [-0.1828125,0.3088125], [26.8222,53.177800000000005], [-246666.7048,274233.42480000004], [56.72,75.28], 1.0, 3.0","country, num_employees, company_age_group, ai_adoption_rate, ai_adoption_stage, years_using_ai, ai_primary_tool, ai_maturity_score, ai_failure_rate, ai_investment_per_employee, regulatory_compliance_score, data_privacy_level, data_collection_method",0.0,1.0,1.0,2,1.0,4784,1784,0.43333333333333335,0.0008449429532474161,3,3
"2024.0, 0.0, 0.0, [5863.40545,9758.99455], [2010.92,2031.08], [-6.275,12.275], 0.0, [-8.22635,45.28635], 3.0, 2.0, 0.0, [-5.0472,27.8272], [-3.5912000000000006,12.1912], [-0.077375,0.42137499999999994], [51.72,70.28], 0.0, 1.0, [31.15,66.85]","survey_year, industry, company_size, annual_revenue_usd_millions, company_founding_year, company_age, company_age_group, ai_adoption_rate, ai_primary_tool, num_ai_tools_used, ai_use_case, ai_training_hours, ai_budget_percentage, ai_maturity_score, regulatory_compliance_score, data_privacy_level, ai_ethics_committee, ai_risk_management_score",1.0,1.0,1.0,1,1.3333333333333333,4806,1806,0.6,0.000563295302164944,3,3
"1.0, [5.575,16.425], 3.0, 2.0, [6.6,9.4], 3.0, [14.596499999999999,36.7235], [16.443374999999996,40.236625000000004], [-225333.22280000002,256693.7628], [56.879999999999995,73.12], 2.0, 1.0, [48.35,63.65], [9.3079,28.212100000000003]","region, company_age, company_age_group, ai_adoption_stage, years_using_ai, ai_primary_tool, ai_training_hours, ai_failure_rate, ai_investment_per_employee, regulatory_compliance_score, data_privacy_level, ai_ethics_committee, ai_risk_management_score, task_automation_rate",1.0,1.0,1.0,2,1.3333333333333333,4815,1815,0.4666666666666667,0.001126590604329888,3,3
"2024.0, 3.0, 1.0, [-2338.665,3750.665], 1.0, [8.389,53.611000000000004], 3.0, [-1.4500000000000002,5.45], 2.0, 6.0, [6.2299999999999995,15.77], [-1.2808000000000002,14.7208], [0.21912500000000001,0.432875], [-239792.7672,250008.84720000002], [45.730000000000004,82.27], 0.0, [0.9031500000000001,17.55685], 0.0","survey_year, quarter, company_size, num_employees, company_age_group, ai_adoption_rate, ai_adoption_stage, years_using_ai, ai_primary_tool, ai_use_case, ai_projects_active, ai_budget_percentage, ai_maturity_score, ai_investment_per_employee, regulatory_compliance_score, ai_ethics_committee, task_automation_rate, survey_source",1.0,1.0,1.0,1,1.25,4824,1824,0.6,0.0005280893457796351,4,4
"[9.415000000000001,30.585], 3.0, 1.0, [-2410.3201,3383.1201], [2006.36,2023.64], [-0.5749999999999993,16.575], [20.566,50.714], 1.0, 3.0, [2.41,11.59], [-1.9847750000000008,24.004775000000002], [-106697.7292,227611.30920000002], 0.0, [58.115,71.885], [-3.0781500000000026,25.278150000000004], 1.0","country, industry, company_size, annual_revenue_usd_millions, company_founding_year, company_age, ai_adoption_rate, ai_primary_tool, ai_use_case, ai_projects_active, ai_failure_rate, ai_investment_per_employee, data_privacy_level, ai_risk_management_score, task_automation_rate, data_collection_method",1.0,1.0,1.0,3,2.75,4831,1831,0.5333333333333333,0.0034853896821455915,4,4
"2024.0, [15.375,22.625], 1.0, 3.0, 0.0, 6.0, [0.21493749999999998,0.6210625], [-199502.35160000002,298073.89160000003], [37.120000000000005,78.88], 2.0, 1.0, [58.585,75.415], [16.7379,35.6421], 2.0, 1.0","survey_year, country, region, ai_adoption_stage, ai_primary_tool, ai_use_case, ai_maturity_score, ai_investment_per_employee, regulatory_compliance_score, data_privacy_level, ai_ethics_committee, ai_risk_management_score, task_automation_rate, survey_source, data_collection_method",2.0,1.0,1.0,1,2.0,4832,1832,0.5,0.0008449429532474161,3,3
"2026.0, 0.0, [3.3149999999999995,18.685000000000002], 1.0, [-1545.42695,1551.06695], [30.75,41.25], [15.41025,41.789750000000005], 2.0, 5.0, [4.0936,11.5464], [-232222.6884,242029.6684], 1.0, [51.055,70.945], 2.0","survey_year, quarter, country, region, annual_revenue_usd_millions, company_age, ai_adoption_rate, num_ai_tools_used, ai_use_case, ai_budget_percentage, ai_investment_per_employee, data_privacy_level, ai_risk_management_score, data_collection_method",1.0,1.0,1.0,2,1.0,4858,1858,0.4666666666666667,0.0008449429532474161,4,4
"[4.33,17.67], [10019.73959754395,11837.14285], [2004.08,2015.92], [3.549999999999999,22.450000000000003], [17.380249999999997,43.759750000000004], 3.0, 0.0, [0.254,0.482], [-256805.79559999998,318516.7356], [41.82,66.18], [50.37,63.63], [4.672749999999999,24.92725], 0.0","country, annual_revenue_usd_millions, company_founding_year, company_age, ai_adoption_rate, ai_adoption_stage, ai_use_case, ai_maturity_score, ai_investment_per_employee, regulatory_compliance_score, ai_risk_management_score, task_automation_rate, survey_source",1.0,0.1,1.0,1,1.0,1869,1869,0.43333333333333335,0.00042247147662370806,0,0
"0.0, 2.0, 2.0, 2.0, 1.0, 3.0, 3.0, [6.834300000000001,30.225700000000003], [-0.013062500000000005,0.3930625], [31.618325000000002,41.501675000000006], 2.0, 1.0","quarter, region, industry, company_size, company_age_group, ai_adoption_stage, ai_use_case, ai_training_hours, ai_maturity_score, ai_failure_rate, data_privacy_level, ai_ethics_committee",0.0,1.0,1.0,1,1.5,4885,1885,0.4,0.0006337072149355621,4,4
"2024.0, 0.0, [8.65,17.35], 0.0, 0.0, [1171.9668499999998,3868.9131500000003], [1983.48,2006.52], [20.775,37.225], 1.0, 2.0, 3.0, 0.0, [6.24,17.759999999999998], [-161744.11440000002,234761.9544], [69.63,100.37], 1.0, [49.7,80.3], 1.0","survey_year, quarter, country, industry, company_size, annual_revenue_usd_millions, company_founding_year, company_age, company_age_group, ai_adoption_stage, num_ai_tools_used, ai_use_case, ai_projects_active, ai_investment_per_employee, regulatory_compliance_score, ai_ethics_committee, ai_risk_management_score, data_collection_method",1.0,1.0,1.0,1,1.25,4945,1945,0.6,0.0005280893457796351,4,4
"2025.0, [-5.73,15.73], 1.0, 2.0, 1.0, [-3012.6280500000003,3879.5680500000008], [13.9,32.1], [-11.142100000000003,38.60210000000001], [2.35,9.65], 4.0, 2.0, [-7.8548000000000044,35.134800000000006], [-21787.309600000008,242550.06960000002], 0.0, 0.0, [39.525,62.475], 1.0","survey_year, country, region, industry, company_size, annual_revenue_usd_millions, company_age, ai_adoption_rate, years_using_ai, ai_primary_tool, num_ai_tools_used, ai_training_hours, ai_investment_per_employee, data_privacy_level, ai_ethics_committee, ai_risk_management_score, survey_source",0.0,1.0,1.0,2,1.25,4983,1983,0.5666666666666667,0.0010561786915592702,4,4
"2.0, [9.765,22.235], 2.0, 2.0, [-4924.417031804834,-2583.8050000000003], [2005.52,2014.48], [2.575000000000001,27.424999999999997], 0.0, 2.0, [4.1495999999999995,20.3704], [0.46324999999999994,0.66275], [4.6685,26.631500000000003], [-24440.973200000008,193248.6332], [23.952949999999998,42.40705], 2.0","quarter, country, region, company_size, num_employees, company_founding_year, company_age, ai_primary_tool, num_ai_tools_used, ai_budget_percentage, ai_maturity_score, ai_failure_rate, ai_investment_per_employee, task_automation_rate, survey_source",2.0,0.1,1.0,1,1.0,1999,1999,0.5,0.00042247147662370806,0,0
"1.0, [0.9249999999999998,11.075], 0.0, [-1386.5166000000002,1410.3166000000003], [13.625,36.375], 2.0, 1.0, 2.0, [4.6000000000000005,15.399999999999999], [-1.167550000000002,21.52755], [17.716699999999996,47.423300000000005], 3.0","quarter, country, industry, annual_revenue_usd_millions, company_age, ai_adoption_stage, ai_primary_tool, num_ai_tools_used, ai_projects_active, ai_failure_rate, task_automation_rate, survey_source",2.0,1.0,1.0,1,1.5,4004,2004,0.4,0.0006337072149355621,2,2
"2025.0, 0.0, [-2.915,4.915], 4.0, 1.0, [-6336.835000000001,7216.835000000001], [-1539.9942,2055.9342], [20.75,45.25], 2.0, 4.0, [10.25,21.21], [0.36431250000000004,0.7276875], [16.951099999999997,30.1289], [16.8768,45.6832]","survey_year, quarter, country, region, company_size, num_employees, annual_revenue_usd_millions, company_age, company_age_group, ai_primary_tool, ai_budget_percentage, ai_maturity_score, ai_failure_rate, task_automation_rate",2.0,1.0,1.0,1,1.0,4011,2011,0.4666666666666667,0.00042247147662370806,2,2
"0.0, [15030.755000000001,23477.245], [4.874999999999999,17.125], 3.0, [27.60765,60.649869975623375], 2.0, [5.2,8.8], 1.0, [4.5200000000000005,17.48], [15.900400000000001,38.6596], [5.141999999999999,17.198], [0.19306250000000003,0.6989375], [15.889174999999998,42.610825000000006], [12.61205,39.167950000000005], 2.0","company_size, num_employees, company_age, company_age_group, ai_adoption_rate, ai_adoption_stage, years_using_ai, num_ai_tools_used, ai_projects_active, ai_training_hours, ai_budget_percentage, ai_maturity_score, ai_failure_rate, task_automation_rate, data_collection_method",1.0,1.0,1.0,2,1.6,4803,2014,0.5,0.0013519087251958658,5,5
"2023.0, 1.0, [23.375,30.625], 0.0, [14624.765,20321.235], [-2090.111500000001,4901.971500000001], [2008.04,2025.96], [5.145299999999999,51.874700000000004], 3.0, [1.6100000000000003,14.39], [17.386649999999996,37.15335], [69.18,102.82], 1.0, [47.15,82.85], 1.0","survey_year, quarter, country, company_size, num_employees, annual_revenue_usd_millions, company_founding_year, ai_adoption_rate, ai_adoption_stage, ai_projects_active, ai_failure_rate, regulatory_compliance_score, ai_ethics_committee, ai_risk_management_score, survey_source",0.0,1.0,1.0,1,2.5,4028,2028,0.5,0.0010561786915592702,2,2
"2023.0, 5.0, 1.0, [8.725,27.275], 1.0, 2.0, 2.0, 5.0, [3.462399999999999,15.7376], [13.37135,22.88865], [-180535.91760000002,239294.0376], 1.0, 1.0, 1.0","survey_year, region, company_size, company_age, company_age_group, ai_primary_tool, num_ai_tools_used, ai_use_case, ai_budget_percentage, ai_failure_rate, ai_investment_per_employee, ai_ethics_committee, survey_source, data_collection_method",2.0,1.0,1.0,1,2.5,4043,2043,0.4666666666666667,0.0010561786915592702,2,2
"2024.0, 3.0, [1.4299999999999997,20.57], 1.0, 8.0, [-8.025,14.025], 2.0, [-1.0,3.0], 0.0, [13.4416,41.2584], [0.2466875,0.45331249999999995], [12.316299999999998,45.6237], 2.0","survey_year, quarter, country, region, industry, company_age, ai_adoption_stage, years_using_ai, ai_primary_tool, ai_training_hours, ai_maturity_score, task_automation_rate, survey_source",1.0,1.0,1.0,1,1.3333333333333333,4051,2051,0.43333333333333335,0.000563295302164944,3,3
"3.0, [13.620000000000001,26.38], 2.0, 0.0, [10271.1,22056.9], [1483.8047500000002,5978.71525], [-0.8000000000000007,18.8], 3.0, [13.530649999999998,51.969350000000006], 3.0, [2.6,7.4], 1.0, 0.0, [4.85,11.15], [0.8573999999999948,42.5826], [21.437575,42.302425], 2.0, [61.545,82.455]","quarter, country, region, company_size, num_employees, annual_revenue_usd_millions, company_age, company_age_group, ai_adoption_rate, ai_adoption_stage, years_using_ai, num_ai_tools_used, ai_use_case, ai_projects_active, ai_training_hours, ai_failure_rate, data_privacy_level, ai_risk_management_score",0.0,1.0,1.0,1,1.0,4053,2053,0.6,0.00042247147662370806,3,3
"2.0, 5.0, [-2591.68355,3301.6435500000002], 2.0, [3.3200000000000003,12.68], [14.052291223833308,22.795625], [59.79,88.21], 0.0, [51.7,82.3], [12.623349999999999,27.476650000000003], 2.0","quarter, region, annual_revenue_usd_millions, num_ai_tools_used, ai_projects_active, ai_failure_rate, regulatory_compliance_score, data_privacy_level, ai_risk_management_score, task_automation_rate, survey_source",1.0,1.0,1.0,1,1.5,4060,2060,0.36666666666666664,0.0006337072149355621,2,2
"1.0, [-9471.185591148886,4721.03], 2.0, 2.0, 2.0, [-0.5200000000000005,4.5200000000000005], [16.9984,52.4016], [15.130849999999999,31.969150000000003], 0.0, 2.0","region, num_employees, company_age_group, ai_adoption_stage, num_ai_tools_used, ai_projects_active, ai_training_hours, ai_failure_rate, data_privacy_level, survey_source",2.0,1.0,1.0,1,1.0,4068,2068,0.3333333333333333,0.00042247147662370806,2,2
"[-1.5250000000000004,11.525], 1.0, 1.0, 2.0, [2011.48,2026.52], 0.0, [2.5043499999999987,39.435649999999995], 3.0, [0.4500000000000002,5.55], 1.0, 2.0, 3.0, [-4.86,4.86], [18.057825,35.262175], [-37044.20520000001,219518.5452], 2.0, [45.82,64.18], 0.0","country, region, industry, company_size, company_founding_year, company_age_group, ai_adoption_rate, ai_adoption_stage, years_using_ai, ai_primary_tool, num_ai_tools_used, ai_use_case, ai_projects_active, ai_failure_rate, ai_investment_per_employee, data_privacy_level, ai_risk_management_score, survey_source",1.0,1.0,1.0,1,1.5,4080,2080,0.6,0.0006337072149355621,2,2
"2025.0, 0.0, 0.0, 1.0, [-4701.535,4923.535], [1996.12,2017.88], [13.625,22.375], 1.0, [3.1999999999999997,8.8], [8.011299999999999,50.368700000000004], [5.8443999999999985,13.7356], [0.12581250000000005,0.5461875], 2.0, [3.3863999999999983,35.7936]","survey_year, quarter, region, company_size, num_employees, company_founding_year, company_age, company_age_group, years_using_ai, ai_training_hours, ai_budget_percentage, ai_maturity_score, data_privacy_level, task_automation_rate",1.0,1.0,1.0,1,2.0,4107,2107,0.4666666666666667,0.0008449429532474161,2,2
"2023.0, 0.0, 7.0, 2.0, [-0.42499999999999893,24.424999999999997], 1.0, [-5.3269,13.0069], [-120352.5016,182858.0216], 1.0, [-18.173344025324212,22.087450000000004]","survey_year, region, industry, company_size, company_age, ai_adoption_stage, ai_training_hours, ai_investment_per_employee, data_privacy_level, task_automation_rate",0.0,1.0,1.0,1,1.5,4132,2132,0.3333333333333333,0.0006337072149355621,2,2
"2026.0, [7.720000000000001,26.28], 4.0, 1.0, [-1277.27385,2018.9938500000003], [1993.52,2002.48], [22.001350000000002,43.85865], 6.0, [0.11325000000000005,0.54075], [20.5022,46.8578], [-64766.7776,160697.4576], [55.83,98.17], 0.0, 2.0, 1.0","survey_year, country, region, company_size, annual_revenue_usd_millions, company_founding_year, ai_adoption_rate, ai_use_case, ai_maturity_score, ai_failure_rate, ai_investment_per_employee, regulatory_compliance_score, ai_ethics_committee, survey_source, data_collection_method",1.0,1.0,1.0,1,2.0,4135,2135,0.5,0.0008449429532474161,2,2
"2026.0, 3.0, 8.0, 1.0, [-5428.469999999999,5964.469999999999], [7.575,18.425], [14.968599999999999,48.1314], [2.3,5.7], 4.0, 0.0, [5.874499999999998,40.645500000000006], [0.05137500000000006,0.578625], [23.940175,36.019825000000004], [-404.49400000000605,271707.514], 0.0, 0.0","survey_year, quarter, industry, company_size, num_employees, company_age, ai_adoption_rate, years_using_ai, ai_primary_tool, ai_use_case, ai_training_hours, ai_maturity_score, ai_failure_rate, ai_investment_per_employee, data_privacy_level, data_collection_method",0.0,1.0,1.0,1,2.0,4178,2178,0.5333333333333333,0.0008449429532474161,3,3
"2024.0, 1.0, 8.0, 1.0, [-6992.695,7346.695], [18.75,43.25], 2.0, 3.0, 5.0, [-2.5677000000000056,33.46770000000001], [4.125199999999999,12.454799999999999], [0.014937500000000048,0.5350625], [39498.09959999999,358257.8804], [58.11,81.89], 1.0, 0.0, [46.445,77.555], 1.0","survey_year, region, industry, company_size, num_employees, company_age, company_age_group, ai_adoption_stage, ai_primary_tool, ai_training_hours, ai_budget_percentage, ai_maturity_score, ai_investment_per_employee, regulatory_compliance_score, data_privacy_level, ai_ethics_committee, ai_risk_management_score, data_collection_method",0.0,1.0,1.0,1,1.3333333333333333,4192,2192,0.6,0.000563295302164944,3,3
"[-3.785,5.785], 4.0, 0.0, [1989.76,2010.24], [12.4,37.6], [14.97135,36.828649999999996], 3.0, [7.172000000000001,13.748000000000001], [0.018312500000000037,0.38168749999999996], [-276523.62,306573.54000000004], [75.73,112.27], 0.0, [35.35315,52.00685], 1.0","country, region, industry, company_founding_year, company_age, ai_adoption_rate, num_ai_tools_used, ai_budget_percentage, ai_maturity_score, ai_investment_per_employee, regulatory_compliance_score, data_privacy_level, task_automation_rate, data_collection_method",1.0,1.0,1.0,1,1.3333333333333333,4202,2202,0.4666666666666667,0.000563295302164944,3,3
"[18.59,35.41], 7.0, 2.0, [-6525.405000000001,6635.405000000001], [36.50386946007649,68.84125], [4.55,9.45], [44.5738,71.1262], [13.932399999999998,20.7276], [0.57225,0.77175], [-6.237800000000001,20.117800000000003], [-22013.38400000002,250098.624], [63.66,90.34], 3.0, 0.0","country, industry, company_size, num_employees, ai_adoption_rate, years_using_ai, ai_training_hours, ai_budget_percentage, ai_maturity_score, ai_failure_rate, ai_investment_per_employee, regulatory_compliance_score, survey_source, data_collection_method",2.0,1.0,1.0,1,1.5,4223,2223,0.4666666666666667,0.0006337072149355621,2,2
"[-2.915,4.915], [-576.5450000000001,11798.545], [3653.6436999999996,9047.5363], [12.525,25.475], 2.0, 3.0, 2.0, 7.0, [6.426149999999998,33.51385], [-46583.43520000001,404345.0352], 1.0, 1.0","country, num_employees, annual_revenue_usd_millions, company_age, ai_adoption_stage, ai_primary_tool, num_ai_tools_used, ai_use_case, ai_failure_rate, ai_investment_per_employee, data_privacy_level, ai_ethics_committee",1.0,1.0,1.0,1,2.0,4255,2255,0.4,0.0008449429532474161,2,2
"2023.0, 2.0, [13719.119999999999,20004.88], [24.825,39.175], [-3.7715500000000013,43.71155], 3.0, [-0.75,4.75], 3.0, 2.0, [15.863375,39.656625000000005], [41.28,80.72], [40.915,75.08500000000001], 3.0","survey_year, quarter, num_employees, company_age, ai_adoption_rate, ai_adoption_stage, years_using_ai, num_ai_tools_used, ai_use_case, ai_failure_rate, regulatory_compliance_score, ai_risk_management_score, data_collection_method",0.0,1.0,1.0,1,2.0,4258,2258,0.43333333333333335,0.0008449429532474161,2,2
"2025.0, [-2.4399999999999995,18.439999999999998], 2.0, 2.0, 1.0, [11.705299999999998,28.7747], [10.020599999999998,30.5194], 0.0, 1.0, 3.0","survey_year, country, industry, company_size, ai_primary_tool, ai_training_hours, ai_failure_rate, data_privacy_level, survey_source, data_collection_method",0.0,1.0,1.0,2,1.5,4261,2261,0.3333333333333333,0.0012674144298711243,2,2
"2023.0, [-6.9750000000000005,8.975000000000001], 4.0, 2.0, [1981.28,2002.72], [25.225,36.775], [8.7701,49.4699], 3.0, [18.0831,36.4169], [1.8931999999999993,9.1268], [0.020625000000000032,0.519375], 1.0, 1.0, [43.565,62.435]","survey_year, country, region, company_size, company_founding_year, company_age, ai_adoption_rate, num_ai_tools_used, ai_training_hours, ai_budget_percentage, ai_maturity_score, data_privacy_level, ai_ethics_committee, ai_risk_management_score",1.0,1.0,1.0,1,1.3333333333333333,4263,2263,0.4666666666666667,0.000563295302164944,3,3
"0.0, 8.0, 0.0, [6278.594999999999,19439.405], [3311.49615,6607.76385], [9.95,26.05], 3.0, [9.946200000000001,46.6138], [13.04,18.52], [0.21343750000000003,0.6765625], [7.555225,33.544775], [-90747.3016,212463.2216], [60.989999999999995,101.01], [-3.650565974913107,45.0131], 2.0","quarter, industry, company_size, num_employees, annual_revenue_usd_millions, company_age, ai_use_case, ai_training_hours, ai_budget_percentage, ai_maturity_score, ai_failure_rate, ai_investment_per_employee, regulatory_compliance_score, task_automation_rate, survey_source",1.0,1.0,1.0,2,1.0,4267,2267,0.5,0.0008449429532474161,2,2
"2024.0, [5.705,26.295], 3.0, 1.0, [2004.36,2021.64], 3.0, 4.0, 0.0, [17.7748,38.0052], [0.3188125,0.5111875], 1.0","survey_year, country, industry, company_size, company_founding_year, company_age_group, ai_primary_tool, ai_use_case, ai_training_hours, ai_maturity_score, data_privacy_level",1.0,1.0,1.0,1,3.0,4331,2331,0.36666666666666664,0.0012674144298711243,2,2
"2025.0, 0.0, 1.0, [1987.6,2000.4], [25.575,36.425], 2.0, 3.0, [1.5,6.5], 0.0, 5.0, [-0.33000000000000007,6.33], [23.41035,47.56965], [-119506.15839999999,160380.4784], [50.89,85.11], 1.0, [50.84,67.16], 3.0, 3.0","survey_year, industry, company_size, company_founding_year, company_age, company_age_group, ai_adoption_stage, years_using_ai, ai_primary_tool, ai_use_case, ai_projects_active, ai_failure_rate, ai_investment_per_employee, regulatory_compliance_score, data_privacy_level, ai_risk_management_score, survey_source, data_collection_method",1.0,1.0,1.0,1,1.3333333333333333,4333,2333,0.6,0.000563295302164944,3,3
"2025.0, [-3.6399999999999997,5.64], 4.0, [2303.5989,6099.3011], [-1.5249999999999995,13.524999999999999], [34.64545,67.05455], 1.0, 7.0, [5.85,12.15], [17.428735967291296,64.7108], [2.7361500000000003,29.82385], [-54505.59680000003,310901.95680000004], [68.43,87.57], 1.0, [22.647399999999998,46.052600000000005], 0.0, 0.0","survey_year, country, region, annual_revenue_usd_millions, company_age, ai_adoption_rate, ai_primary_tool, ai_use_case, ai_projects_active, ai_training_hours, ai_failure_rate, ai_investment_per_employee, regulatory_compliance_score, data_privacy_level, task_automation_rate, survey_source, data_collection_method",2.0,1.0,1.0,2,1.5,4339,2339,0.5666666666666667,0.0012674144298711243,2,2
"1.0, [5.574999999999999,24.425], 0.0, [8026.615,15687.385], 2.0, [1.5999999999999996,8.4], 3.0, [8.5,17.5], [11.2572,41.6028], [8.7652,17.0948], [-46003.379600000015,218333.9996], [61.3,78.7], 1.0, [20.561749999999996,49.81825], 2.0","quarter, country, company_size, num_employees, ai_adoption_stage, years_using_ai, ai_primary_tool, ai_projects_active, ai_training_hours, ai_budget_percentage, ai_investment_per_employee, regulatory_compliance_score, ai_ethics_committee, task_automation_rate, data_collection_method",2.0,1.0,1.0,1,2.5,4340,2340,0.5,0.0010561786915592702,2,2
"2.0, [13.2,24.8], 2.0, [-854.0500000000011,12896.050000000001], [-967.4759500000002,4126.755950000001], [17.825,32.175], [8.00695,47.953050000000005], 3.0, 0.0, 2.0, [-1.2020000000000017,14.142000000000001], [0.2510625,0.5289375000000001], [-138518.796,172466.356], [52.76,85.24000000000001], 2.0, [37.464999999999996,66.535]","quarter, country, industry, num_employees, annual_revenue_usd_millions, company_age, ai_adoption_rate, ai_adoption_stage, ai_primary_tool, num_ai_tools_used, ai_budget_percentage, ai_maturity_score, ai_investment_per_employee, regulatory_compliance_score, data_privacy_level, ai_risk_management_score",1.0,1.0,1.0,1,1.0,4350,2350,0.5333333333333333,0.00042247147662370806,3,3
"[-5.22,5.22], [1990.24,2009.76], [0.0367999999999995,54.303200000000004], [3.25,6.75], 3.0, 0.0, [2.4105999999999987,36.549400000000006], [0.02743750000000003,0.4905625], [4.208249999999998,29.83175], [-256789.77240000002,295208.8724], 0.0, 3.0, 3.0","country, company_founding_year, ai_adoption_rate, years_using_ai, ai_primary_tool, ai_use_case, ai_training_hours, ai_maturity_score, ai_failure_rate, ai_investment_per_employee, data_privacy_level, survey_source, data_collection_method",1.0,1.0,1.0,1,1.3333333333333333,4362,2362,0.43333333333333335,0.000563295302164944,3,3
"2025.0, 1.0, [-1652.5900000000001,3454.59], [2011.52,2028.48], [26.188049999999997,61.61195], 2.0, [2.45,7.55], 4.0, 2.0, [-0.7336000000000009,13.733600000000001], [0.16187500000000005,0.632125], [17.598325,27.481675], [-248419.52120000002,319128.3812], [54.31,89.69], 2.0, [44.68,77.32], [8.406799999999997,37.2132], 3.0","survey_year, company_size, num_employees, company_founding_year, ai_adoption_rate, ai_adoption_stage, years_using_ai, num_ai_tools_used, ai_use_case, ai_budget_percentage, ai_maturity_score, ai_failure_rate, ai_investment_per_employee, regulatory_compliance_score, data_privacy_level, ai_risk_management_score, task_automation_rate, survey_source",0.0,1.0,1.0,1,2.0,4389,2389,0.6,0.0008449429532474161,2,2
"1.0, [-5567.975,7199.975], [-1282.6873,2113.4673000000003], [2012.88,2031.12], [-6.674999999999999,14.674999999999999], [15.995199999999997,58.98480000000001], [10.705224999999999,36.694775], [-162025.212,265579.37200000003], 2.0, [63.015,86.985], [31.128199999999996,47.3318], 1.0, 0.0","region, num_employees, annual_revenue_usd_millions, company_founding_year, company_age, ai_training_hours, ai_failure_rate, ai_investment_per_employee, data_privacy_level, ai_risk_management_score, task_automation_rate, survey_source, data_collection_method",2.0,1.0,1.0,1,1.6666666666666667,4415,2415,0.43333333333333335,0.0007041191277061802,3,3
"2026.0, [18.17,33.83], 1.0, [2007.84,2024.16], 3.0, [0.050000000000000266,5.949999999999999], 0.0, 0.0, [-4.03,8.030000000000001], [-8.057500000000003,39.3575], [0.9032,13.6168], 1.0, [1.8028499999999994,21.15715], 2.0","survey_year, country, company_size, company_founding_year, ai_adoption_stage, years_using_ai, ai_primary_tool, ai_use_case, ai_projects_active, ai_training_hours, ai_budget_percentage, data_privacy_level, task_automation_rate, data_collection_method",1.0,1.0,1.0,1,2.0,4416,2416,0.4666666666666667,0.0008449429532474161,3,3
"[5.154999999999999,22.845], [-1687.9473,1708.2073000000003], [1996.2,2005.8], [9.875,36.125], 1.0, [10.791599999999995,59.0284], [5.45,8.55], 1.0, 5.0, [2.42,13.58], [-8.533100000000001,36.3531], 2.0, [48.605000000000004,63.394999999999996], 0.0","country, annual_revenue_usd_millions, company_founding_year, company_age, company_age_group, ai_adoption_rate, years_using_ai, ai_primary_tool, ai_use_case, ai_projects_active, ai_training_hours, data_privacy_level, ai_risk_management_score, survey_source",0.0,1.0,1.0,1,1.6666666666666667,4424,2424,0.4666666666666667,0.0007041191277061802,3,3
"[20.634999999999998,31.365000000000002], [-5744.33,6434.33], [-1061.1035,1935.5035], [2.3499999999999996,15.65], 0.0, 2.0, [-11.294800000000006,31.694800000000004], [5.222399999999999,12.0176], [0.1948125,0.38718749999999996], 2.0, 1.0, [51.405,86.595], 3.0","country, num_employees, annual_revenue_usd_millions, company_age, ai_primary_tool, num_ai_tools_used, ai_training_hours, ai_budget_percentage, ai_maturity_score, data_privacy_level, ai_ethics_committee, ai_risk_management_score, data_collection_method",1.0,1.0,1.0,1,1.3333333333333333,4426,2426,0.43333333333333335,0.000563295302164944,3,3
"2024.0, [4.91,17.09], 1.0, 4.0, [-2861.385,4799.385], 3.0, [5.9634,33.0966], 3.0, [0.2999999999999998,5.7], 0.0, 0.0, [14.4465,36.5735], [0.019000000000000017,0.475], [26.0111,39.188900000000004], [-272820.7768,286952.49679999996], 2.0, [-13.728050000000001,13.728050000000001], 1.0, 1.0","survey_year, country, region, industry, num_employees, company_age_group, ai_adoption_rate, ai_adoption_stage, years_using_ai, ai_primary_tool, ai_use_case, ai_training_hours, ai_maturity_score, ai_failure_rate, ai_investment_per_employee, data_privacy_level, task_automation_rate, survey_source, data_collection_method",0.0,1.0,1.0,1,1.6666666666666667,4433,2433,0.6333333333333333,0.0007041191277061802,3,3
"2024.0, [16.125,37.875], 2.0, [-2164.9518000000003,2230.0718], 1.0, [22.011749999999996,55.928250000000006], 1.0, [2.0599999999999996,13.940000000000001], [16.9365,39.063500000000005], [0.18406250000000002,0.5759375], [16.1469,32.2531], [-199854.304,266623.424], [49.95,76.05], [3.1137499999999996,14.36625], 1.0, 1.0","survey_year, country, company_size, annual_revenue_usd_millions, company_age_group, ai_adoption_rate, num_ai_tools_used, ai_projects_active, ai_training_hours, ai_maturity_score, ai_failure_rate, ai_investment_per_employee, regulatory_compliance_score, task_automation_rate, survey_source, data_collection_method",1.0,1.0,1.0,1,2.0,4435,2435,0.5333333333333333,0.0008449429532474161,3,3
"2023.0, 0.0, 0.0, [2004.24,2023.76], 2.0, [1.1,4.9], 3.0, 0.0","survey_year, quarter, company_size, company_founding_year, ai_adoption_stage, years_using_ai, num_ai_tools_used, data_collection_method",2.0,1.0,1.0,1,1.5,4470,2470,0.26666666666666666,0.0006337072149355621,2,2
"2025.0, 1.0, [8.65,17.35], 4.0, [-5494.6849999999995,6094.6849999999995], [1982.68,1999.32], [24.549999999999997,43.45], 2.0, 3.0, [2.51,13.49], [3.9443999999999995,11.8356], [64.24,89.76], 0.0, [44.29,65.71], [1.1615499999999983,32.218450000000004], 3.0, 1.0","survey_year, quarter, country, industry, num_employees, company_founding_year, company_age, company_age_group, num_ai_tools_used, ai_projects_active, ai_budget_percentage, regulatory_compliance_score, ai_ethics_committee, ai_risk_management_score, task_automation_rate, survey_source, data_collection_method",1.0,1.0,1.0,1,1.0,4478,2478,0.5666666666666667,0.00042247147662370806,3,3
"2024.0, 0.0, [-5.57,13.57], 4.0, [-1405.20385,1891.0638500000002], [6.5,27.5], [-4.136900000000001,51.6369], 2.0, 0.0, [-0.6799999999999997,8.68], [-180532.7392,348142.01920000004], [51.11,74.89], 2.0","survey_year, quarter, country, industry, annual_revenue_usd_millions, company_age, ai_adoption_rate, num_ai_tools_used, ai_use_case, ai_projects_active, ai_investment_per_employee, regulatory_compliance_score, data_privacy_level",1.0,1.0,1.0,1,1.5,4494,2494,0.43333333333333335,0.0006337072149355621,2,2
"2024.0, [-3.205,5.205], 1.0, [-3113.74,3957.74], [1989.16,2004.84], [20.7,33.3], [22.567100000000003,48.1929], 2.0, [1.3499999999999999,4.65], 2.0, 5.0, [0.2220625,0.4999375], 0.0, [11.828099999999997,28.9319], 3.0","survey_year, country, company_size, num_employees, company_founding_year, company_age, ai_adoption_rate, ai_adoption_stage, years_using_ai, ai_primary_tool, ai_use_case, ai_maturity_score, data_privacy_level, task_automation_rate, data_collection_method",1.0,1.0,1.0,1,2.0,4496,2496,0.5,0.0008449429532474161,2,2
"[-4.3950000000000005,10.395], 4.0, 2.0, 0.0, [1.6000000000000005,12.399999999999999], [13.453100000000001,31.786900000000003], [1.1779999999999982,16.522000000000002], [0.21500000000000002,0.443], [9.0485,31.0115], [52.4,75.6], 2.0, [9.403049999999999,26.95695], 2.0, 1.0","country, industry, ai_adoption_stage, ai_primary_tool, ai_projects_active, ai_training_hours, ai_budget_percentage, ai_maturity_score, ai_failure_rate, regulatory_compliance_score, data_privacy_level, task_automation_rate, survey_source, data_collection_method",0.0,1.0,1.0,1,1.3333333333333333,4519,2519,0.4666666666666667,0.000563295302164944,3,3
"[15.925,26.075], 1.0, 1.0, [-2943.0246,3849.2846000000004], [1.0,15.0], 2.0, 3.0, 2.0, [-4.49,6.49], [-0.046125,0.196125], [60.17,75.83], [30.64,67.36], [-10.988350000000002,19.168350000000004], 3.0","country, industry, company_size, annual_revenue_usd_millions, company_age, ai_primary_tool, num_ai_tools_used, ai_use_case, ai_projects_active, ai_maturity_score, regulatory_compliance_score, ai_risk_management_score, task_automation_rate, survey_source",0.0,1.0,1.0,1,1.0,4525,2525,0.4666666666666667,0.00042247147662370806,2,2
"2024.0, 1.0, [-6479.264999999999,7467.264999999999], [-1304.3438500000002,1991.9238500000001], [2001.08,2012.92], [5.449999999999999,28.55], 0.0, 2.0, 0.0, [-1.6900000000000004,5.69], [-2.0228,28.3228], [1.0495999999999999,23.760469740958108], [-196713.36480000004,324186.7648], 0.0, 0.0, [37.505,62.495]","survey_year, company_size, num_employees, annual_revenue_usd_millions, company_founding_year, company_age, ai_primary_tool, num_ai_tools_used, ai_use_case, ai_projects_active, ai_training_hours, ai_budget_percentage, ai_investment_per_employee, data_privacy_level, ai_ethics_committee, ai_risk_management_score",0.0,1.0,1.0,1,2.0,4529,2529,0.5333333333333333,0.0008449429532474161,2,2
"0.0, [14.445,31.555], 1.0, 1.0, 1.0, [-5419.469999999999,5973.469999999999], [-3241.3953,4150.2353], 2.0, [7.45,10.55], 3.0, 6.0, [8.4,15.6], [13.659674999999998,33.060325], [120342.1416,400228.77839999995], [76.95,103.05], 2.0, [58.37,71.63]","quarter, country, region, industry, company_size, num_employees, annual_revenue_usd_millions, ai_adoption_stage, years_using_ai, num_ai_tools_used, ai_use_case, ai_projects_active, ai_failure_rate, ai_investment_per_employee, regulatory_compliance_score, data_privacy_level, ai_risk_management_score",2.0,1.0,1.0,2,1.0,4531,2531,0.5666666666666667,0.0008449429532474161,3,3
"2026.0, 2.0, 0.0, [14636.474999999999,21511.525], [10.821049999999996,61.31895], 2.0, [6.85,9.761172218803168], [15.561599999999997,43.3784], [7.84,18.8], [0.21393749999999997,0.6200625], [20.75715,33.20285], [-235851.20679999999,323922.0668], 0.0, [17.6482,33.8518], 2.0","survey_year, industry, company_size, num_employees, ai_adoption_rate, ai_adoption_stage, years_using_ai, ai_training_hours, ai_budget_percentage, ai_maturity_score, ai_failure_rate, ai_investment_per_employee, data_privacy_level, task_automation_rate, data_collection_method",2.0,1.0,1.0,1,1.0,4537,2537,0.5,0.00042247147662370806,2,2
"[-3.54,11.54], 5.0, 2.0, [-1929.2349999999997,3767.2349999999997], [1995.24,2006.76], [49.5182,70.62180000000001], [12.0216,18.3784], [1.0210999999999997,14.198900000000002], 1.0, 0.0, [14.841849999999997,43.19815], 3.0","country, region, industry, num_employees, company_founding_year, ai_adoption_rate, ai_budget_percentage, ai_failure_rate, data_privacy_level, ai_ethics_committee, task_automation_rate, data_collection_method",2.0,1.0,1.0,1,1.6666666666666667,4538,2538,0.4,0.0007041191277061802,3,3
"2024.0, 2.0, 1.0, 4.0, [-5028.610000000001,5578.610000000001], [-3122.5980500000005,3769.5980500000005], [2004.0,2028.0], 2.0, [-9.183300000000003,24.323300000000003], [0.1458125,0.45218749999999996], [25.879925,41.620075], [-119621.986,385728.88600000006], [36.34,67.66], [20.143050000000002,37.69695]","survey_year, quarter, region, industry, num_employees, annual_revenue_usd_millions, company_founding_year, num_ai_tools_used, ai_training_hours, ai_maturity_score, ai_failure_rate, ai_investment_per_employee, regulatory_compliance_score, task_automation_rate",1.0,1.0,1.0,2,2.0,4544,2544,0.4666666666666667,0.0016898859064948322,2,2
"2026.0, [0.3600000000000003,9.64], 7.0, [21.575000000000003,46.425], 2.0, [15.281049999999997,65.77895000000001], 2.0, [3.35,10.65], 3.0, 3.0, [2.1399999999999997,11.86], [28.017500000000002,43.822500000000005], [8.9248,26.495200000000004], [69.98,92.02], [10.087299999999995,34.392700000000005], 3.0, 0.0","survey_year, country, industry, company_age, company_age_group, ai_adoption_rate, ai_adoption_stage, years_using_ai, num_ai_tools_used, ai_use_case, ai_projects_active, ai_training_hours, ai_failure_rate, regulatory_compliance_score, task_automation_rate, survey_source, data_collection_method",1.0,1.0,1.0,1,1.5,4562,2562,0.5666666666666667,0.0006337072149355621,2,2
"3.0, [7.49,18.509999999999998], 1.0, 0.0, [2589.8199999999997,12804.18], [2007.84,2024.16], [-0.8000000000000007,18.8], 3.0, 2.0, [7.31,14.690000000000001], [0.29525,0.60875], 2.0, 1.0, [45.605000000000004,60.394999999999996], [9.731849999999998,38.08815], 2.0","quarter, country, region, company_size, num_employees, company_founding_year, company_age, num_ai_tools_used, ai_use_case, ai_projects_active, ai_maturity_score, data_privacy_level, ai_ethics_committee, ai_risk_management_score, task_automation_rate, data_collection_method",2.0,1.0,1.0,2,1.0,4566,2566,0.5333333333333333,0.0008449429532474161,3,3
"[20.925,31.075], 1.0, 2.0, 1.0, [-5601.405000000001,7559.405000000001], [-10.125,16.125], 3.0, [1.15,4.85], [14.0977,41.282300000000006], [1.0632000000000001,13.7768], [-82257.522,150981.342], 0.0, 1.0, [44.095,59.905], 0.0","country, region, industry, company_size, num_employees, company_age, ai_adoption_stage, years_using_ai, ai_training_hours, ai_budget_percentage, ai_investment_per_employee, data_privacy_level, ai_ethics_committee, ai_risk_management_score, survey_source",2.0,1.0,1.0,1,1.3333333333333333,4585,2585,0.5,0.000563295302164944,3,3
"2023.0, [20.735,37.265], 6.0, 0.0, [258.3519499999993,7150.54805], [1988.56,2007.44], 1.0, 3.0, [1.1,4.9], 2.0, 2.0, [1.4,8.6], [13.903374999999999,37.696625000000004], [49.14,68.86], 0.0, [39.485,66.515], 3.0, 2.0","survey_year, country, industry, company_size, annual_revenue_usd_millions, company_founding_year, company_age_group, ai_adoption_stage, years_using_ai, num_ai_tools_used, ai_use_case, ai_projects_active, ai_failure_rate, regulatory_compliance_score, data_privacy_level, ai_risk_management_score, survey_source, data_collection_method",1.0,1.0,1.0,1,1.3333333333333333,4586,2586,0.6,0.000563295302164944,3,3
"2025.0, 0.0, 1.0, 7.0, [-1668.2411000000002,2127.4611], 1.0, 3.0, 3.0, 1.0, [1.3432999999999975,31.0567], [-154907.83160000003,342668.4116], 0.0, [49.37,62.63], [14.623349999999999,29.476650000000003], 1.0","survey_year, quarter, region, industry, annual_revenue_usd_millions, company_age_group, ai_adoption_stage, num_ai_tools_used, ai_use_case, ai_training_hours, ai_investment_per_employee, data_privacy_level, ai_risk_management_score, task_automation_rate, data_collection_method",0.0,1.0,1.0,2,1.0,4596,2596,0.5,0.0008449429532474161,3,3
"0.0, [6.33,19.67], 1.0, [7.35,20.65], [20.041049999999995,70.53895], 2.0, 2.0, [3.4,10.6], [6.129999999999999,17.09], [0.13918750000000002,0.6308125], [10.4227,29.457300000000004], [-240998.85600000003,264352.016], [62.54,105.46000000000001], 0.0, 0.0","quarter, country, company_size, company_age, ai_adoption_rate, ai_primary_tool, num_ai_tools_used, ai_projects_active, ai_budget_percentage, ai_maturity_score, ai_failure_rate, ai_investment_per_employee, regulatory_compliance_score, data_privacy_level, survey_source",2.0,1.0,1.0,1,1.6666666666666667,4597,2597,0.5,0.0007041191277061802,3,3
"2.0, [-1553.1438500000002,1743.1238500000002], 2.0, 4.0, 3.0, [0.735199999999999,14.5448], 0.0","region, annual_revenue_usd_millions, ai_adoption_stage, ai_primary_tool, num_ai_tools_used, ai_budget_percentage, data_privacy_level",1.0,0.004115226337448558,0.3333333333333333,1,4.32,4599,2599,0.23333333333333334,0.001825076779014419,2,6
"2.0, [11399.83,18864.17], [1758.4892499999999,9815.598525235233], 2.0, 3.0, [6.42,17.58], [18.355199999999996,61.344800000000006], [-87943.3676,137520.8676], [47.11,70.89], 2.0, [39.875,78.125], 2.0, 1.0","quarter, num_employees, annual_revenue_usd_millions, ai_adoption_stage, num_ai_tools_used, ai_projects_active, ai_training_hours, ai_investment_per_employee, regulatory_compliance_score, data_privacy_level, ai_risk_management_score, survey_source, data_collection_method",1.0,1.0,1.0,1,1.5,4600,2600,0.43333333333333335,0.0006337072149355621,2,2
"0.0, 2.0, [-6645.620000000001,6711.620000000001], [-2075.8949000000002,2119.3549000000003], [2008.08,2027.92], 3.0, [23.575999999999997,53.724000000000004], 2.0, [2.2,5.8], 4.0, 7.0, [4.67,11.33], [-0.5184000000000015,27.2984], [5.3915999999999995,17.2284], [0.19750000000000004,0.48250000000000004], [13.528500000000001,35.4915], [-189842.72920000003,338832.0292], 2.0, 0.0, 3.0, 2.0","industry, company_size, num_employees, annual_revenue_usd_millions, company_founding_year, company_age_group, ai_adoption_rate, ai_adoption_stage, years_using_ai, ai_primary_tool, ai_use_case, ai_projects_active, ai_training_hours, ai_budget_percentage, ai_maturity_score, ai_failure_rate, ai_investment_per_employee, data_privacy_level, ai_ethics_committee, survey_source, data_collection_method",2,0.0,0.0,1,3.0,2603,2603,0.7,0.0012674144298711243,0,2
"1.0, [-3496.245,4950.245], [1.5499999999999998,6.45], 2.0, 1.0, [-2.281100000000002,29.961100000000002], [0.010437500000000016,0.4735625], [-92927.68320000001,241079.44640000002], 2.0, [31.189999999999998,62.81]","company_size, num_employees, years_using_ai, ai_primary_tool, num_ai_tools_used, ai_training_hours, ai_maturity_score, ai_investment_per_employee, data_privacy_level, ai_risk_management_score",1.0,1.0,1.0,1,1.0,4604,2604,0.3333333333333333,0.00042247147662370806,2,2
"2024.0, 3.0, [8.23,15.77], 2.0, 5.0, [1988.84,2005.16], 5.0, 1.0, [3.6952999999999996,20.7647], [0.030687500000000034,0.46531249999999996], 2.0, [47.955,78.045], 2.0","survey_year, quarter, country, region, industry, company_founding_year, ai_primary_tool, ai_use_case, ai_training_hours, ai_maturity_score, data_privacy_level, ai_risk_management_score, data_collection_method",1.0,1.0,1.0,2,2.3333333333333335,4607,2607,0.43333333333333335,0.0019715335575773043,3,3
"[21.2,32.8], 2.0, 0.0, [2018.0825482006107,2018.68], [-0.0067500000000038085,41.44675], 3.0, 1.0, [-1.8600000000000003,7.86], [-17.120400000000004,23.340400000000002], [-0.10418749999999996,0.43018749999999994], 0.0, 1.0, [47.23,74.77]","country, region, company_size, company_founding_year, ai_adoption_rate, ai_adoption_stage, ai_primary_tool, ai_projects_active, ai_training_hours, ai_maturity_score, data_privacy_level, ai_ethics_committee, ai_risk_management_score",0.0,0.1,1.0,1,1.0,2618,2618,0.43333333333333335,0.00042247147662370806,0,0
"1.0, [4.85,25.15], [-2341.9563000000007,3051.9363000000003], [2008.12,2029.88], [1.0,7.0], 2.0, [7.352399999999999,14.1476], [-62484.722,170754.142], [42.41,83.59], 0.0, [32.17,65.83], [5.392050000000001,31.947950000000002], 0.0","quarter, country, annual_revenue_usd_millions, company_founding_year, years_using_ai, ai_primary_tool, ai_budget_percentage, ai_investment_per_employee, regulatory_compliance_score, data_privacy_level, ai_risk_management_score, task_automation_rate, survey_source",2.0,1.0,1.0,1,1.5,4634,2634,0.43333333333333335,0.0006337072149355621,2,2
"2024.0, [14.620000000000001,27.38], [93.32884999999942,6785.75115], [1988.12,2001.88], [52.662299999999995,84.3177], 2.0, [5.6,10.4], 2.0, 3.0, [27.0247,73.17530000000001], [5.9236,18.8564], [0.43425,0.7477499999999999], [66.75,81.25], 2.0, 1.0, [8.352949999999996,26.80705], 1.0","survey_year, country, annual_revenue_usd_millions, company_founding_year, ai_adoption_rate, ai_adoption_stage, years_using_ai, ai_primary_tool, num_ai_tools_used, ai_training_hours, ai_budget_percentage, ai_maturity_score, regulatory_compliance_score, data_privacy_level, ai_ethics_committee, task_automation_rate, data_collection_method",1.0,1.0,1.0,1,2.5,4638,2638,0.5666666666666667,0.0010561786915592702,2,2
"3.0, 1.0, [-1629.1800000000003,8585.18], [14.65,29.35], 2.0, [7.5,10.5], 2.0, 3.0, [3.8599999999999994,12.14], [21.716899999999995,66.6031], [0.357875,0.600125], [12.738249999999999,38.36175], [15.338,33.342], 0.0","quarter, region, num_employees, company_age, ai_adoption_stage, years_using_ai, ai_primary_tool, ai_use_case, ai_projects_active, ai_training_hours, ai_maturity_score, ai_failure_rate, task_automation_rate, survey_source",1.0,1.0,1.0,1,1.0,4641,2641,0.4666666666666667,0.00042247147662370806,3,3
"2023.0, 0.0, [-6.73,14.73], 1.0, [-6612.125,8120.125], [-3122.7415000000005,3869.341500000001], [-2.55,6.55], [-0.1499999999999999,4.15], [45.4292,63.1308], [0.42781250000000004,0.6201875], [50.47,83.53], 0.0, [20.467,47.473], 1.0","survey_year, quarter, country, industry, num_employees, annual_revenue_usd_millions, company_age, years_using_ai, ai_training_hours, ai_maturity_score, regulatory_compliance_score, ai_ethics_committee, task_automation_rate, survey_source",2.0,1.0,1.0,2,1.3333333333333333,4650,2650,0.4666666666666667,0.001126590604329888,3,3
"2024.0, [22.765,35.235], [-1635.0311000000002,2160.6711], [22.294349999999998,59.22565], [6.4,9.6], 3.0, [-3.2404000000000046,37.2204], [3.6663999999999994,18.1336], [2.765224999999999,28.754775000000002], [-245730.30120000002,321817.60120000003], [35.875,74.125], [6.4284,20.8316], 2.0, 0.0","survey_year, country, annual_revenue_usd_millions, ai_adoption_rate, years_using_ai, num_ai_tools_used, ai_training_hours, ai_budget_percentage, ai_failure_rate, ai_investment_per_employee, ai_risk_management_score, task_automation_rate, survey_source, data_collection_method",0.0,1.0,1.0,2,1.0,4659,2659,0.4666666666666667,0.0008449429532474161,3,3
"3.0, [-3.8000000000000007,7.800000000000001], 8.0, [18.59285,47.98715], 3.0, 3.0, 0.0, [-0.4900000000000002,10.49], [21.208199999999998,45.2318], [-239704.98559999999,335617.54559999995]","quarter, country, industry, ai_adoption_rate, ai_primary_tool, num_ai_tools_used, ai_use_case, ai_projects_active, ai_training_hours, ai_investment_per_employee",1.0,1.0,1.0,3,1.5,4660,2660,0.3333333333333333,0.0019011216448066863,2,2
"2026.0, 1.0, 2.0, 4.0, [-3497.1553000000004,3894.4753], [2014.48,2029.52], 5.0, [-3.8500000000000005,7.8500000000000005], [31.4275,47.2325], [5.1404,10.8396], [13.310849999999999,30.149150000000002], [-256264.39,326832.77], 3.0","survey_year, quarter, region, industry, annual_revenue_usd_millions, company_founding_year, ai_primary_tool, ai_projects_active, ai_training_hours, ai_budget_percentage, ai_failure_rate, ai_investment_per_employee, data_collection_method",0.0,1.0,1.0,1,2.5,4671,2671,0.43333333333333335,0.0010561786915592702,2,2
"0.0, 3.0, 0.0, [4389.327499999999,9383.6725], [2008.08,2027.92], [-5.725000000000001,17.725], 3.0, [-2.9429000000000016,22.6829], [-2.15,2.15], 1.0, 2.0, [-2.307700000000004,33.727700000000006], [0.048125,0.37587499999999996], 2.0, 0.0","quarter, region, company_size, annual_revenue_usd_millions, company_founding_year, company_age, company_age_group, ai_adoption_rate, years_using_ai, num_ai_tools_used, ai_use_case, ai_training_hours, ai_maturity_score, data_privacy_level, ai_ethics_committee",0.0,1.0,1.0,1,1.6666666666666667,4679,2679,0.5,0.0007041191277061802,3,3
"2024.0, [3.139999999999999,22.86], 2.0, [1965.591949999999,8857.78805], [2007.28,2028.72], 3.0, [26.921599999999998,51.86059392839486], 4.0, 2.0, 3.0, [12.025974999999999,27.034025000000003], [-121135.9148,205398.49480000001], [41.989999999999995,82.01], 2.0, 1.0, [52.464999999999996,81.535], [11.323450000000001,25.27655]","survey_year, country, industry, annual_revenue_usd_millions, company_founding_year, company_age_group, ai_adoption_rate, ai_primary_tool, num_ai_tools_used, ai_use_case, ai_failure_rate, ai_investment_per_employee, regulatory_compliance_score, data_privacy_level, ai_ethics_committee, ai_risk_management_score, task_automation_rate",2.0,1.0,1.0,2,2.0,4683,2683,0.5666666666666667,0.0016898859064948322,2,2
"0.0, 4.0, [16.524350000000002,53.455650000000006], [4.4,9.6], 0.0, 2.0, [1.0237639553208484,10.3736], [20.881775,38.818225], [74.08,101.92], 1.0, [54.935,87.065], [8.581449999999998,40.53855], 1.0, 1.0","quarter, region, ai_adoption_rate, years_using_ai, ai_primary_tool, num_ai_tools_used, ai_budget_percentage, ai_failure_rate, regulatory_compliance_score, ai_ethics_committee, ai_risk_management_score, task_automation_rate, survey_source, data_collection_method",2.0,1.0,1.0,1,1.5,4684,2684,0.4666666666666667,0.0006337072149355621,2,2
"0.0, 1.0, [-5.200000000000001,17.200000000000003], 3.0, [1.5,6.5], [-2.950000000000001,13.49], [0.15143750000000003,0.38656250000000003], [75.69,98.31], 2.0, [56.605000000000004,71.395], 3.0, 3.0","quarter, company_size, company_age, company_age_group, years_using_ai, ai_budget_percentage, ai_maturity_score, regulatory_compliance_score, data_privacy_level, ai_risk_management_score, survey_source, data_collection_method",0.0,1.0,1.0,2,1.0,4689,2689,0.4,0.0008449429532474161,3,3
"2025.0, 3.0, 2.0, [6058.798199999999,10453.8218], 2.0, 4.0, 3.0, [8.879999999999999,21.12], [35.7982,59.8218], [16.314400000000003,24.2056], [-172898.6156,402423.91559999995], [55.89,90.11], [82.075,99.925], [14.167399999999999,37.5726]","survey_year, quarter, region, annual_revenue_usd_millions, ai_adoption_stage, ai_primary_tool, num_ai_tools_used, ai_projects_active, ai_training_hours, ai_budget_percentage, ai_investment_per_employee, regulatory_compliance_score, ai_risk_management_score, task_automation_rate",2.0,1.0,1.0,1,1.3333333333333333,4699,2699,0.4666666666666667,0.000563295302164944,3,3
"2024.0, 1.0, [-4.860000000000001,14.860000000000001], [-3857.535,5767.535], [1986.52,1995.48], [21.975,44.025], 2.0, [12.286949999999997,52.23305], 3.0, [-0.5999999999999996,6.6], 0.0, 5.0, [1.959999999999999,12.040000000000001], [-16.527500000000003,30.887500000000003], [0.5843999999999996,13.9556], [24.279,38.92100000000001], [58.15,95.85], [39.425,72.575], [8.742449999999998,31.69755], 2.0","survey_year, quarter, country, num_employees, company_founding_year, company_age, company_age_group, ai_adoption_rate, ai_adoption_stage, years_using_ai, ai_primary_tool, ai_use_case, ai_projects_active, ai_training_hours, ai_budget_percentage, ai_failure_rate, regulatory_compliance_score, ai_risk_management_score, task_automation_rate, data_collection_method",2.0,1.0,1.0,2,1.6666666666666667,4704,2704,0.6666666666666666,0.0014082382554123603,3,3
"1.0, 5.0, 2.0, [-6340.975,6426.975], [1986.96,2001.04], 1.0, [11.474899999999998,46.1451], 3.0, 2.0, [2.22,9.78], [-21.1692,24.3492], [6.751999999999999,13.328], 0.0, [36.64,73.36], [-11.4237,21.8837], 1.0","quarter, region, company_size, num_employees, company_founding_year, company_age_group, ai_adoption_rate, ai_primary_tool, num_ai_tools_used, ai_projects_active, ai_training_hours, ai_budget_percentage, data_privacy_level, ai_risk_management_score, task_automation_rate, survey_source",0.0,1.0,1.0,1,1.3333333333333333,4715,2715,0.5333333333333333,0.000563295302164944,3,3
"0.0, [-3426.7480500000006,3465.4480500000004], [-3.7750000000000004,21.775], 3.0, [-0.4500000000000002,6.45], 6.0, [-1.523200000000001,13.163200000000002], [-0.08262499999999995,0.33062499999999995], [-214637.91160000002,282938.33160000003], 2.0, 0.0, [50.015,73.985], 1.0","quarter, annual_revenue_usd_millions, company_age, company_age_group, years_using_ai, ai_use_case, ai_budget_percentage, ai_maturity_score, ai_investment_per_employee, data_privacy_level, ai_ethics_committee, ai_risk_management_score, data_collection_method",0.0,1.0,1.0,1,1.0,4723,2723,0.43333333333333335,0.00042247147662370806,2,2
"2.0, [-5.525,7.525], 6.0, [-3475.7015000000006,3516.381500000001], 0.0, 5.0, 3.0, 0.0, [2.7699999999999996,11.23], [-155639.8432,256415.48320000002], 1.0, [61.84,78.16], [14.222449999999998,37.17755], 0.0","quarter, country, industry, annual_revenue_usd_millions, company_age_group, ai_primary_tool, num_ai_tools_used, ai_use_case, ai_projects_active, ai_investment_per_employee, ai_ethics_committee, ai_risk_management_score, task_automation_rate, survey_source",1.0,1.0,1.0,1,1.3333333333333333,4727,2727,0.4666666666666667,0.000563295302164944,3,3
"2.0, 5.0, 6.0, [1559.54,10202.46], [5.449999999999999,28.55], [2.55,5.45], 3.0, [9.03,14.97], [42.5335,83.6265], [11.459999999999999,27.9], [0.5806874999999999,0.8443124999999999], [-4.177550000000002,18.51755], [-97900.05920000002,430774.69920000003], 0.0","quarter, region, industry, num_employees, company_age, years_using_ai, num_ai_tools_used, ai_projects_active, ai_training_hours, ai_budget_percentage, ai_maturity_score, ai_failure_rate, ai_investment_per_employee, survey_source",2.0,1.0,1.0,1,2.5,4737,2737,0.4666666666666667,0.0010561786915592702,2,2
"1.0, 3.0, 2.0, [-6384.1900000000005,6580.1900000000005], [-0.9000000000000004,22.9], 3.0, 3.0, 1.0, 3.0, 0.0, [1.5699999999999998,6.43], [8.002999999999997,52.257000000000005], [0.13106250000000003,0.4089375], [24.86,63.14], 0.0, [44.975,73.025], [4.7422499999999985,29.497750000000003], 3.0, 2.0","region, industry, company_size, num_employees, company_age, company_age_group, ai_adoption_stage, ai_primary_tool, num_ai_tools_used, ai_use_case, ai_projects_active, ai_training_hours, ai_maturity_score, regulatory_compliance_score, data_privacy_level, ai_risk_management_score, task_automation_rate, survey_source, data_collection_method",0.0,1.0,1.0,1,2.0,4740,2740,0.6333333333333333,0.0008449429532474161,3,3
"2023.0, 7.0, 1.0, [-2679.5539,3513.4339], 1.0, 3.0, [1.7,4.3], 2.0, [3.13,10.870000000000001], [0.14643750000000003,0.3815625], [24.70035,48.85965], 0.0, [33.66,68.34], [20.2273,44.532700000000006], 3.0","survey_year, industry, company_size, annual_revenue_usd_millions, company_age_group, ai_adoption_stage, years_using_ai, num_ai_tools_used, ai_projects_active, ai_maturity_score, ai_failure_rate, ai_ethics_committee, ai_risk_management_score, task_automation_rate, data_collection_method",0.0,1.0,1.0,1,1.5,4747,2747,0.5,0.0006337072149355621,2,2
"1.0, [16.634999999999998,27.365000000000002], 0.0, [-3616.955,3650.955], [-2.9499999999999993,22.95], 3.0, 4.0, 3.0, [3.2299999999999995,12.77], [25.547824999999996,42.752175], [-234089.91600000003,271260.956], 0.0, [37.17,70.83], 1.0","quarter, country, region, num_employees, company_age, company_age_group, ai_primary_tool, ai_use_case, ai_projects_active, ai_failure_rate, ai_investment_per_employee, ai_ethics_committee, ai_risk_management_score, survey_source",1.0,1.0,1.0,1,1.3333333333333333,4748,2748,0.4666666666666667,0.000563295302164944,3,3
"3.0, [1988.08,1999.92], [24.0,38.0], 3.0, [1.55,4.45], 2.0, 2.0, [4.12,9.879999999999999], [0.09568750000000004,0.5303125], [20.101525,41.698475], [73.18,106.82], 1.0, [41.25,66.75], [18.21345,32.16655], 1.0, 0.0","region, company_founding_year, company_age, ai_adoption_stage, years_using_ai, ai_primary_tool, num_ai_tools_used, ai_projects_active, ai_maturity_score, ai_failure_rate, regulatory_compliance_score, data_privacy_level, ai_risk_management_score, task_automation_rate, survey_source, data_collection_method",1.0,1.0,1.0,2,1.0,4753,2753,0.5333333333333333,0.0008449429532474161,3,3
"2023.0, 3.0, [1996.16,2019.84], 3.0, 3.0, [-4.59,4.59], [-0.6240000000000023,24.664], [-0.06018749999999998,0.4741875], [178570.52237491804,182880.6628], [64.11,87.89], 1.0","survey_year, industry, company_founding_year, company_age_group, ai_adoption_stage, ai_projects_active, ai_training_hours, ai_maturity_score, ai_investment_per_employee, regulatory_compliance_score, ai_ethics_committee",1.0,0.1,1.0,1,1.0,2755,2755,0.36666666666666664,0.00042247147662370806,0,0
"2023.0, 0.0, [-3.6850000000000005,11.685], 2.0, 0.0, [2355.95815,5109.26872032517], [25.35,38.65], 2.0, [-1.2947000000000024,45.43470000000001], 3.0, 3.0, [2.3000000000000003,7.699999999999999], [-8.298700000000002,34.0587], [2.793599999999999,10.2464], [18.283625,38.416375], [43.54,86.46000000000001], 0.0, 0.0, [2.5973999999999986,26.0026], 3.0","survey_year, quarter, country, industry, company_size, annual_revenue_usd_millions, company_age, company_age_group, ai_adoption_rate, ai_adoption_stage, num_ai_tools_used, ai_projects_active, ai_training_hours, ai_budget_percentage, ai_failure_rate, regulatory_compliance_score, data_privacy_level, ai_ethics_committee, task_automation_rate, data_collection_method",0.0,0.1,1.0,1,1.0,2758,2758,0.6666666666666666,0.00042247147662370806,0,0
"0.0, [-4.99,12.99], 5.0, 2.0, [-3372.5250000000005,3502.5250000000005], [2007.56,2018.44], [6.45,15.55], 3.0, [28.196550000000002,46.70742565868274], 2.0, [3.0,9.0], [0.8051999999999992,14.6148], [0.03543750000000004,0.4985625], [13.188249999999998,38.81175], [-147361.7112,225820.4712], 0.0, [63.23,90.77], [22.468400000000003,36.8716], 2.0","quarter, country, region, company_size, num_employees, company_founding_year, company_age, company_age_group, ai_adoption_rate, ai_adoption_stage, years_using_ai, ai_budget_percentage, ai_maturity_score, ai_failure_rate, ai_investment_per_employee, data_privacy_level, ai_risk_management_score, task_automation_rate, data_collection_method",1.0,1.0,1.0,2,1.5,4764,2764,0.6333333333333333,0.0012674144298711243,2,2
"2024.0, 1.0, 3.0, [-6959.48,7183.48], 1.0, 0.0, 1.0, [-1.7927999999999997,28.5528], [-4.7804,11.4404], [-0.03262499999999997,0.266625], 1.0, [42.21,71.78999999999999], 1.0, 3.0","survey_year, quarter, region, num_employees, company_age_group, ai_primary_tool, num_ai_tools_used, ai_training_hours, ai_budget_percentage, ai_maturity_score, data_privacy_level, ai_risk_management_score, survey_source, data_collection_method",0.0,1.0,1.0,1,1.3333333333333333,4771,2771,0.4666666666666667,0.000563295302164944,3,3
"[17.185,30.815], 2.0, 2.0, 2.0, [-7112.695,7226.695], [-2450.7625000000003,2543.5825], [1992.96,2015.04], 2.0, 0.0, 2.0, [5.95,14.05], [8.9924,21.2676], [0.40987500000000004,0.6521250000000001], [-106127.6796,352575.4196], [46.69,69.31], 2.0, 1.0, [42.875,81.125], [13.651649999999998,43.808350000000004]","country, region, industry, company_size, num_employees, annual_revenue_usd_millions, company_founding_year, ai_adoption_stage, ai_primary_tool, num_ai_tools_used, ai_projects_active, ai_budget_percentage, ai_maturity_score, ai_investment_per_employee, regulatory_compliance_score, data_privacy_level, ai_ethics_committee, ai_risk_management_score, task_automation_rate",2.0,1.0,1.0,1,2.5,4775,2775,0.6333333333333333,0.0010561786915592702,2,2
"2024.0, 0.0, 1.0, 0.0, 1.0, [-5486.469999999999,5906.469999999999], [-935.6962500000001,1561.4762500000002], [0.9249999999999989,25.075000000000003], 3.0, 2.0, [1.2000000000000002,4.8], 5.0, [18.8062,55.4738], [3.590399999999999,14.7696], [0.2568125,0.5631875], [3.6717750000000002,21.608225], [-3175.918399999995,276710.7184], [50.86,89.14], 2.0, [49.405,84.595], [39.97235904948877,44.332800000000006], 3.0, 1.0","survey_year, quarter, region, industry, company_size, num_employees, annual_revenue_usd_millions, company_age, company_age_group, ai_adoption_stage, years_using_ai, ai_primary_tool, ai_training_hours, ai_budget_percentage, ai_maturity_score, ai_failure_rate, ai_investment_per_employee, regulatory_compliance_score, data_privacy_level, ai_risk_management_score, task_automation_rate, survey_source, data_collection_method",2.0,0.1,1.0,1,1.0,2776,2776,0.7666666666666667,0.00042247147662370806,0,0
"3.0, [3276.97235,6972.78765], [1987.28,2008.72], [19.425,36.575], 2.0, [4.55,11.45], [1.8599999999999994,10.14], [17.3172,47.662800000000004], [47.86,86.14], [46.894999999999996,83.105], 1.0","quarter, annual_revenue_usd_millions, company_founding_year, company_age, ai_adoption_stage, years_using_ai, ai_projects_active, ai_training_hours, regulatory_compliance_score, ai_risk_management_score, survey_source",2.0,1.0,1.0,1,1.0,4779,2779,0.36666666666666664,0.00042247147662370806,3,3
"2026.0, [18.994999999999997,39.005], 6.0, [-2859.1101,2934.3301], [2001.04,2018.96], 1.0, 4.0, [2.8232,15.5368], [-79656.36640000003,355722.84640000004], 2.0, [19.91305,37.466950000000004], 1.0, 1.0","survey_year, country, industry, annual_revenue_usd_millions, company_founding_year, company_age_group, num_ai_tools_used, ai_budget_percentage, ai_investment_per_employee, data_privacy_level, task_automation_rate, survey_source, data_collection_method",2.0,1.0,1.0,1,1.6666666666666667,4786,2786,0.43333333333333335,0.0007041191277061802,3,3
"2023.0, 3.0, 4.0, [-6135.545,6239.545], [-2098.59835,2196.53835], [2015.0,2023.0], [-6.85,14.85], 0.0, [-0.3500000000000001,6.35], 5.0, 2.0, 2.0, [2.7699999999999996,11.23], [24.667399999999997,66.3926], [6.6464,15.633600000000001], 0.0, 0.0","survey_year, quarter, industry, num_employees, annual_revenue_usd_millions, company_founding_year, company_age, company_age_group, years_using_ai, ai_primary_tool, num_ai_tools_used, ai_use_case, ai_projects_active, ai_training_hours, ai_budget_percentage, data_privacy_level, ai_ethics_committee",2.0,1.0,1.0,1,2.0,4792,2792,0.5666666666666667,0.0008449429532474161,2,2
"2024.0, 2.0, 2.0, [-3772.385,3888.385], [-3256.1277000000005,3336.4077], [2004.64,2027.36], [-1.2750000000000004,17.275], 3.0, [20.1445,42.7555], 3.0, [5.45,8.55], 1.0, 2.0, [-0.7476000000000012,11.5276], [21.77715,34.22285], 2.0, [10.522749999999997,30.777250000000002], 0.0","survey_year, region, company_size, num_employees, annual_revenue_usd_millions, company_founding_year, company_age, company_age_group, ai_adoption_rate, ai_adoption_stage, years_using_ai, num_ai_tools_used, ai_use_case, ai_budget_percentage, ai_failure_rate, data_privacy_level, task_automation_rate, data_collection_method",0.0,1.0,1.0,1,1.0,4795,2795,0.6,0.00042247147662370806,3,3
"3.0, [-7057.48,2949.8050000000003], [-1553.1438500000002,3977.67185], [9.700800000000001,33.8192], 0.0, [2.8207999999999998,8.7392], [0.1358125,0.5561875], [63.5,92.5], 0.0, [51.37,64.63], [6.971849999999996,34.71795], 2.0","industry, num_employees, annual_revenue_usd_millions, ai_adoption_rate, ai_use_case, ai_budget_percentage, ai_maturity_score, regulatory_compliance_score, ai_ethics_committee, ai_risk_management_score, task_automation_rate, data_collection_method",1.0,1.0,1.0,1,2.0,4804,2804,0.4,0.0008449429532474161,2,2
"3.0, 2.0, 4.0, [-2881.1901,2912.2501], [2004.12,2017.88], 3.0, [4.35,9.65], 3.0, 4.0, [-1.06,5.0600000000000005], [3.5764999999999993,25.703500000000002], [2.4719999999999986,14.528000000000002], [-104991.05080000001,143797.07080000002], [70.56,91.44], 2.0, [40.23,70.59706926783774], 0.0","quarter, region, industry, annual_revenue_usd_millions, company_founding_year, company_age_group, years_using_ai, num_ai_tools_used, ai_use_case, ai_projects_active, ai_training_hours, ai_budget_percentage, ai_investment_per_employee, regulatory_compliance_score, data_privacy_level, ai_risk_management_score, survey_source",0.0,1.0,1.0,1,1.5,4836,2836,0.5666666666666667,0.0006337072149355621,2,2
"2.0, 2.0, [279.2399999999998,12850.76], 1.0, 3.0, [6.6,9.4], 0.0, 4.0, [5.148,15.012], [0.08581250000000001,0.5061875], [16.063125,43.516875], 0.0, [41.015,64.985], 2.0","quarter, region, num_employees, company_age_group, ai_adoption_stage, years_using_ai, ai_primary_tool, ai_use_case, ai_budget_percentage, ai_maturity_score, ai_failure_rate, data_privacy_level, ai_risk_management_score, survey_source",1.0,1.0,1.0,2,1.3333333333333333,4854,2854,0.4666666666666667,0.001126590604329888,3,3
"2.0, [-5646.469999999999,5746.469999999999], [-1223.9962500000001,1273.17625], [0.7452999999999967,47.4747], [5.949999999999999,10.05], 2.0, 6.0, [-0.41000000000000014,8.41], [-0.6472000000000016,32.227199999999996], [51.66,78.34], 1.0, 1.0, 3.0","company_size, num_employees, annual_revenue_usd_millions, ai_adoption_rate, years_using_ai, num_ai_tools_used, ai_use_case, ai_projects_active, ai_training_hours, regulatory_compliance_score, data_privacy_level, ai_ethics_committee, survey_source",1.0,1.0,1.0,1,1.5,4862,2862,0.43333333333333335,0.0006337072149355621,2,2
"3.0, [-6487.405000000001,6673.405000000001], [1999.04,2008.96], [17.45,26.55], 1.0, 3.0, [6.199999999999999,11.8], 5.0, 2.0, [0.2200000000000002,7.779999999999999], [-12.960100000000002,12.960100000000002], [0.08759999999999923,15.212400000000002], [-0.06612499999999996,0.40412499999999996], [-156041.74240000002,201591.18240000002], [67.73,104.27], 0.0, 0.0, 1.0, 0.0","quarter, num_employees, company_founding_year, company_age, company_age_group, ai_adoption_stage, years_using_ai, ai_primary_tool, num_ai_tools_used, ai_projects_active, ai_training_hours, ai_budget_percentage, ai_maturity_score, ai_investment_per_employee, regulatory_compliance_score, data_privacy_level, ai_ethics_committee, survey_source, data_collection_method",0.0,1.0,1.0,2,1.3333333333333333,4868,2868,0.6333333333333333,0.001126590604329888,3,3
"3.0, 1.0, 7.0, 0.0, [16249.477829796884,24920.91], [6791.5050999999985,10986.7549], 0.0, [1.5499999999999998,6.45], 5.0, 1.0, 0.0, [49.41,90.59], 2.0, [13.148499999999999,26.6515]","quarter, region, industry, company_size, num_employees, annual_revenue_usd_millions, company_age_group, years_using_ai, ai_primary_tool, num_ai_tools_used, ai_use_case, regulatory_compliance_score, data_privacy_level, task_automation_rate",0.0,1.0,1.0,1,1.5,4870,2870,0.4666666666666667,0.0006337072149355621,2,2
"2024.0, 0.0, [-2954.3199999999997,6474.32], [0.34999999999999987,3.6500000000000004], 4.0, 6.0, [3.21,8.79], [35.699099999999994,79.3209], [641406.8759999999,913518.8840000001], 0.0","survey_year, company_size, num_employees, years_using_ai, ai_primary_tool, ai_use_case, ai_projects_active, ai_training_hours, ai_investment_per_employee, data_collection_method",2.0,1.0,1.0,2,1.0,4871,2871,0.3333333333333333,0.0008449429532474161,2,2
"0.0, 4.0, 1.0, [-1582.07455,2313.51455], [1996.56,2015.44], [10.825,25.175], 1.0, 2.0, 4.0, [2.2299999999999995,11.77], [39.3331,57.6669], [0.3285,0.6134999999999999], 0.0, 2.0","quarter, region, company_size, annual_revenue_usd_millions, company_founding_year, company_age, company_age_group, ai_adoption_stage, ai_primary_tool, ai_projects_active, ai_training_hours, ai_maturity_score, ai_ethics_committee, survey_source",2.0,1.0,1.0,1,1.3333333333333333,4873,2873,0.4666666666666667,0.000563295302164944,3,3
"2024.0, 1.0, [-2177.32905,2717.12905], [-5.550000000000001,17.55], 3.0, [16.91365,70.42635], 3.0, [14.6096,55.07040000000001], [6.985999999999999,15.754], [10.518999999999998,25.161], [-74178.48320000002,143511.1232], 1.0, [41.915,76.08500000000001], 0.0","survey_year, company_size, annual_revenue_usd_millions, company_age, company_age_group, ai_adoption_rate, num_ai_tools_used, ai_training_hours, ai_budget_percentage, ai_failure_rate, ai_investment_per_employee, ai_ethics_committee, ai_risk_management_score, survey_source",2.0,1.0,1.0,2,1.5,4886,2886,0.4666666666666667,0.0012674144298711243,2,2
"[4.765,17.235], [2008.48,2031.52], 2.0, 4.0, 3.0, [8.442799999999998,15.4572], [14.660174999999999,26.739825], 1.0, [45.935,78.065], [9.27375,20.52625], 0.0, 1.0","country, company_founding_year, ai_adoption_stage, ai_primary_tool, num_ai_tools_used, ai_budget_percentage, ai_failure_rate, ai_ethics_committee, ai_risk_management_score, task_automation_rate, survey_source, data_collection_method",2.0,1.0,1.0,2,1.5,4887,2887,0.4,0.0012674144298711243,2,2
"2025.0, [-2.875,18.875], 2.0, [-5327.825000000001,5475.825000000001], [-3346.7946,3445.5146000000004], [16.025,35.975], [3.002299999999998,34.6577], 3.0, 1.0, [-4.300000000000001,8.3], [0.004062499999999997,0.28193749999999995], [23.1985,45.161500000000004], [-232682.43679999997,327090.8368], [51.69,74.31], 2.0, [16.10275,36.35725], 3.0, 1.0","survey_year, country, region, num_employees, annual_revenue_usd_millions, company_age, ai_adoption_rate, ai_primary_tool, num_ai_tools_used, ai_projects_active, ai_maturity_score, ai_failure_rate, ai_investment_per_employee, regulatory_compliance_score, data_privacy_level, task_automation_rate, survey_source, data_collection_method",0.0,1.0,1.0,1,2.6666666666666665,4904,2904,0.6,0.001126590604329888,3,3
"2024.0, [12.72,25.996936432760403], 0.0, [14042.045,21309.955], [1982.44,2003.56], [20.5,41.5], 3.0, 2.0, [0.5699999999999998,5.43], [16.955724999999997,35.624275], [46.76,79.24000000000001], 1.0, 1.0","survey_year, country, region, num_employees, company_founding_year, company_age, ai_adoption_stage, num_ai_tools_used, ai_projects_active, ai_failure_rate, regulatory_compliance_score, ai_ethics_committee, data_collection_method",0.0,1.0,1.0,2,1.0,4905,2905,0.43333333333333335,0.0008449429532474161,2,2
"2025.0, [-2.09,10.09], 1.0, [1994.28,2007.72], [17.525,30.475], [24.982300000000002,56.6377], [5.85,12.15], 5.0, 3.0, 6.0, [0.203,0.659], [-138608.9316,164601.59159999999], [59.56,80.44], 0.0, 1.0, [5.876999999999997,32.883], 0.0, 1.0","survey_year, country, industry, company_founding_year, company_age, ai_adoption_rate, years_using_ai, ai_primary_tool, num_ai_tools_used, ai_use_case, ai_maturity_score, ai_investment_per_employee, regulatory_compliance_score, data_privacy_level, ai_ethics_committee, task_automation_rate, survey_source, data_collection_method",1.0,1.0,1.0,1,2.6666666666666665,4913,2913,0.6,0.001126590604329888,3,3
"2023.0, 0.0, 1.0, 7.0, [6.05,17.95], 3.0, 1.0, [-1.45,1.45], 3.0, [26.108249999999998,51.731750000000005], [-181923.06679999997,377850.2068], [23.875,62.125], [-15.303400000000003,15.303400000000003], 1.0","survey_year, quarter, region, industry, company_age, company_age_group, ai_adoption_stage, years_using_ai, ai_primary_tool, ai_failure_rate, ai_investment_per_employee, ai_risk_management_score, task_automation_rate, data_collection_method",0.0,1.0,1.0,1,2.5,4914,2914,0.4666666666666667,0.0010561786915592702,2,2
"2026.0, 0.0, [10692.175,21495.825], [-2070.9208000000003,4321.8408], [1982.32,2005.68], [20.799999999999997,43.2], 2.0, [6.25,11.75], 2.0, [5.85,12.15], [7.942299999999996,43.977700000000006], [-158468.1392,175840.8992], 1.0, 1.0","survey_year, region, num_employees, annual_revenue_usd_millions, company_founding_year, company_age, company_age_group, years_using_ai, ai_primary_tool, ai_projects_active, ai_training_hours, ai_investment_per_employee, data_privacy_level, ai_ethics_committee",2.0,1.0,1.0,2,1.5,4915,2915,0.4666666666666667,0.0012674144298711243,2,2
"2024.0, [-4.22,6.22], 0.0, [16306.195,21609.805], [6017.3123,12609.8477], [1988.8,2011.2], [19.275,28.725], 3.0, [4.1,7.9], 2.0, 1.0, 7.0, [0.04999999999999982,9.95], [-1.6542999999999992,38.1743], [-248254.09679999997,311519.17679999996], 0.0, 2.0, 1.0","survey_year, country, company_size, num_employees, annual_revenue_usd_millions, company_founding_year, company_age, ai_adoption_stage, years_using_ai, ai_primary_tool, num_ai_tools_used, ai_use_case, ai_projects_active, ai_training_hours, ai_investment_per_employee, data_privacy_level, survey_source, data_collection_method",0.0,1.0,1.0,2,1.3333333333333333,4929,2929,0.6,0.001126590604329888,3,3
"0.0, 1.0, 5.0, 1.0, [-3622.0299999999997,4628.03], [-3006.7346000000002,3785.5746000000004], [3.239549999999994,46.200450000000004], 1.0, 0.0, [0.6699999999999999,7.33], 2.0, 1.0, [42.31,61.69], 0.0","quarter, region, industry, company_size, num_employees, annual_revenue_usd_millions, ai_adoption_rate, num_ai_tools_used, ai_use_case, ai_projects_active, data_privacy_level, ai_ethics_committee, ai_risk_management_score, survey_source",0.0,1.0,1.0,1,2.0,4936,2936,0.4666666666666667,0.0008449429532474161,2,2
"2024.0, [-9.125,17.125], [-2.1,4.1], 2.0, 3.0, [-0.41999999999999993,6.42], [5.257199999999999,35.6028], [7.8088,18.111200000000004], [0.1690625,0.4469375], [24.269925,40.010075], [40.66,67.34], [1.5574999999999992,24.0625], 2.0, 1.0","survey_year, company_age, years_using_ai, ai_primary_tool, ai_use_case, ai_projects_active, ai_training_hours, ai_budget_percentage, ai_maturity_score, ai_failure_rate, regulatory_compliance_score, task_automation_rate, survey_source, data_collection_method",1.0,1.0,1.0,1,2.0,4953,2953,0.4666666666666667,0.0008449429532474161,2,2
"2026.0, 3.0, 5.0, [-6388.695,7950.695], [-3508.83185,3782.91185], [1991.12,2012.88], [40.40135,62.258649999999996], 2.0, [15.150599999999997,49.2894], [8.6496,19.3904], [65.59,82.41], 2.0, [17.732249999999997,42.487750000000005], 2.0","survey_year, quarter, region, num_employees, annual_revenue_usd_millions, company_founding_year, ai_adoption_rate, ai_adoption_stage, ai_training_hours, ai_budget_percentage, regulatory_compliance_score, data_privacy_level, task_automation_rate, data_collection_method",2.0,1.0,1.0,1,2.2,4955,2955,0.4666666666666667,0.0009294372485721578,5,5
"2026.0, 0.0, 1.0, 1.0, [-1919.4087000000002,2675.3887000000004], [1999.52,2016.48], 2.0, [-0.04999999999999982,6.05], 3.0, 0.0, [2.575599999999999,11.124400000000001], [0.24312499999999998,0.570875], [62.56,83.44], 0.0, 1.0, 2.0","survey_year, quarter, industry, company_size, annual_revenue_usd_millions, company_founding_year, ai_adoption_stage, years_using_ai, ai_primary_tool, ai_use_case, ai_budget_percentage, ai_maturity_score, regulatory_compliance_score, data_privacy_level, ai_ethics_committee, data_collection_method",2.0,1.0,1.0,1,1.6666666666666667,4957,2957,0.5333333333333333,0.0007041191277061802,3,3
"2023.0, [3.75,18.25], 1.0, [23.0,37.0], 1.0, 3.0, 3.0, 2.0, [18.8331,37.1669], [1.251599999999999,13.0884], [0.12568750000000004,0.3323125], [24.102275,34.717725], [41.68,74.32], [2.912349999999998,26.767650000000003], 3.0","survey_year, country, region, company_age, company_age_group, ai_adoption_stage, ai_primary_tool, ai_use_case, ai_training_hours, ai_budget_percentage, ai_maturity_score, ai_failure_rate, ai_risk_management_score, task_automation_rate, survey_source",1.0,1.0,1.0,2,1.3333333333333333,4958,2958,0.5,0.001126590604329888,3,3
"2.0, [24.375,31.625], 8.0, 2.0, [-3180.0950000000003,3302.0950000000003], [-2421.57905,2472.87905], [2004.0,2012.0], [11.129950000000001,66.15005], [7.7,10.3], 5.0, 2.0, [4.789999999999999,17.21], [1.2420999999999989,25.8979], [19.005225,44.994775000000004], [56.05,87.95], 2.0, [59.37,72.63], [9.342649999999999,30.497350000000004], 1.0","quarter, country, industry, company_size, num_employees, annual_revenue_usd_millions, company_founding_year, ai_adoption_rate, years_using_ai, ai_primary_tool, ai_use_case, ai_projects_active, ai_training_hours, ai_failure_rate, regulatory_compliance_score, data_privacy_level, ai_risk_management_score, task_automation_rate, data_collection_method",2.0,1.0,1.0,1,1.3333333333333333,4959,2959,0.6333333333333333,0.000563295302164944,3,3
"2026.0, [12.285,31.715], 0.0, 6.0, [-1236.8769499999999,1859.61695], [1995.24,2014.76], 1.0, [18.926399999999997,61.1336], 0.0, [2.6776,12.3224], [19.292025,33.567975000000004], [-172078.57640000002,263300.6364], [59.75,74.25], [47.995,74.005]","survey_year, country, region, industry, annual_revenue_usd_millions, company_founding_year, company_age_group, ai_adoption_rate, ai_primary_tool, ai_budget_percentage, ai_failure_rate, ai_investment_per_employee, regulatory_compliance_score, ai_risk_management_score",1.0,1.0,1.0,1,1.3333333333333333,4961,2961,0.4666666666666667,0.000563295302164944,3,3
"2023.0, 7.0, 2.0, [-6813.050000000001,6937.050000000001], [-1207.7462500000001,1289.42625], 3.0, 3.0, 2.0, 1.0, [-3.615000000000002,27.995], [2.3196000000000003,13.060400000000001], [-155399.3332,256655.99320000003], [59.43,78.57], 3.0, 2.0","survey_year, industry, company_size, num_employees, annual_revenue_usd_millions, company_age_group, ai_primary_tool, num_ai_tools_used, ai_use_case, ai_training_hours, ai_budget_percentage, ai_investment_per_employee, regulatory_compliance_score, survey_source, data_collection_method",0.0,1.0,1.0,1,2.0,4970,2970,0.5,0.0008449429532474161,3,3
"5.0, [25.75,36.25], [-0.5,4.5], 1.0, [49.69,72.31], 0.0, 0.0, [43.625,56.375], 2.0","industry, company_age, years_using_ai, ai_use_case, regulatory_compliance_score, data_privacy_level, ai_ethics_committee, ai_risk_management_score, data_collection_method",2.0,1.0,1.0,1,1.3333333333333333,4978,2978,0.3,0.000563295302164944,3,3
"2025.0, [-5.73,15.73], 1.0, 2.0, 1.0, [-3012.6280500000003,3879.5680500000008], [13.9,32.1], [-11.142100000000003,38.60210000000001], [6.810722859406029,9.65], 4.0, 2.0, [-7.8548000000000044,35.134800000000006], [-21787.309600000008,242550.06960000002], 0.0, 0.0, [39.525,62.475], 1.0","survey_year, country, region, industry, company_size, annual_revenue_usd_millions, company_age, ai_adoption_rate, years_using_ai, ai_primary_tool, num_ai_tools_used, ai_training_hours, ai_investment_per_employee, data_privacy_level, ai_ethics_committee, ai_risk_management_score, survey_source",0.0,0.1,1.0,1,1.0,2983,2983,0.5666666666666667,0.00042247147662370806,0,0
"3.0, [6.91,19.09], 1.0, 3.0, [-3148.3100000000004,3530.3100000000004], [1989.24,2000.76], [-20.812100000000004,28.932100000000002], 1.0, [-2.8500000000000005,2.8500000000000005], 2.0, 1.0, 2.0, 2.0, [47.565,66.435], [-6.982500000000002,15.5225], 0.0","quarter, country, region, industry, num_employees, company_founding_year, ai_adoption_rate, ai_adoption_stage, years_using_ai, ai_primary_tool, num_ai_tools_used, ai_use_case, data_privacy_level, ai_risk_management_score, task_automation_rate, data_collection_method",1.0,1.0,1.0,2,1.6666666666666667,4987,2987,0.5333333333333333,0.0014082382554123603,3,3
"[21.314999999999998,36.685], 1.0, [-5285.115,6697.115], [1987.48,2002.52], [24.575,35.425], 3.0, [0.6999999999999997,7.300000000000001], 2.0, 3.0, [2.8486999999999973,23.7113], [0.10375000000000004,0.36024999999999996], 1.0, 0.0","country, region, num_employees, company_founding_year, company_age, ai_adoption_stage, years_using_ai, num_ai_tools_used, ai_use_case, ai_training_hours, ai_maturity_score, data_privacy_level, survey_source",0.0,1.0,1.0,3,1.5,4989,2989,0.43333333333333335,0.0019011216448066863,2,2
"2024.0, 1.0, [-2623.0639,3569.9239], [5.1,28.9], 0.0, 5.0, [5.76,12.24], [-0.4460000000000006,12.706], [-68380.1664,172633.32640000002], 2.0, 0.0, [43.74,70.26], 2.0, 2.0","survey_year, company_size, annual_revenue_usd_millions, company_age, ai_primary_tool, ai_use_case, ai_projects_active, ai_budget_percentage, ai_investment_per_employee, data_privacy_level, ai_ethics_committee, ai_risk_management_score, survey_source, data_collection_method",2.0,1.0,1.0,1,1.0,4997,2997,0.4666666666666667,0.00042247147662370806,2,2
"2025.0, 2.0, 2.0, 3.0, 2.0, [-6610.620000000001,6746.620000000001], [-1751.1442000000002,1844.7842], [1998.64,2021.36], [-0.40000000000000036,6.4], 0.0, 3.0, [-39990.230800000005,208797.8908], [57.11,80.89], [59.115,72.885], 2.0, 3.0","survey_year, quarter, region, industry, company_size, num_employees, annual_revenue_usd_millions, company_founding_year, years_using_ai, ai_primary_tool, ai_use_case, ai_investment_per_employee, regulatory_compliance_score, ai_risk_management_score, survey_source, data_collection_method",2.0,1.0,1.0,1,1.0,4999,2999,0.5333333333333333,0.00042247147662370806,3,3
"2025.0, 3.0, [-4.41,12.41], 5.0, 2.0, 2.0, [-5917.115,6065.115], [2001.04,2010.96], [10.425,27.575], 1.0, [2.75,7.25], 3.0, [1.21,6.79], [11.245199999999997,54.23480000000001], [0.7096,16.9304], 0.0, 3.0","survey_year, quarter, country, region, industry, company_size, num_employees, company_founding_year, company_age, company_age_group, years_using_ai, ai_primary_tool, ai_projects_active, ai_training_hours, ai_budget_percentage, ai_ethics_committee, survey_source",0,0.0,0.0,1,2.0,3010,3010,0.5666666666666667,0.0008449429532474161,0,1
"2025.0, 1.0, 1.0, [-2990.665,3098.665], [2003.76,2024.24], [-0.7250000000000014,22.725], [4.6,7.4], 1.0, 3.0, [-4.1577000000000055,31.877700000000004], [4.642799999999999,17.1372], [0.174875,0.531125], [-141732.61920000002,192576.4192], 0.0, [33.68,66.32], 2.0","survey_year, region, industry, num_employees, company_founding_year, company_age, years_using_ai, ai_primary_tool, ai_use_case, ai_training_hours, ai_budget_percentage, ai_maturity_score, ai_investment_per_employee, ai_ethics_committee, ai_risk_management_score, data_collection_method",1.0,1.0,1.0,1,1.0,4020,3020,0.5333333333333333,0.00042247147662370806,2,2
"1.0, [-3905.8150000000005,4147.8150000000005], [22.0,36.0], 1.0, [5.050000000000001,10.95], 3.0, 7.0, [1.5,10.5], [-4112.976400000014,431266.23640000005], 2.0, [43.33,60.67], [6.1612499999999955,39.91875], 2.0","company_size, num_employees, company_age, company_age_group, years_using_ai, ai_primary_tool, ai_use_case, ai_projects_active, ai_investment_per_employee, data_privacy_level, ai_risk_management_score, task_automation_rate, data_collection_method",1.0,1.0,1.0,1,1.0,4022,3022,0.43333333333333335,0.00042247147662370806,2,2
"0.0, [-9.295,11.295], 4.0, 0.0, 2.0, [2001.84,2018.16], [32.689699999999995,61.3303], [-0.20000000000000018,4.2], 2.0, [21.5599,47.48010000000001], [0.23550000000000001,0.5205], [-242761.35,340335.81], [45.57,84.43], [46.84,63.16], [7.6282,23.8318]","quarter, country, region, industry, company_size, company_founding_year, ai_adoption_rate, years_using_ai, ai_use_case, ai_training_hours, ai_maturity_score, ai_investment_per_employee, regulatory_compliance_score, ai_risk_management_score, task_automation_rate",1.0,1.0,1.0,1,1.0,4023,3023,0.5,0.00042247147662370806,2,2
"2025.0, [-2.1049999999999995,12.105], 1.0, 0.0, [-5080.395,5330.395], [-1899.4787000000001,2695.3187000000003], [1997.92,2010.08], [25.8575,63.542500000000004], [0.41000000000000014,9.59], [13.64665,33.41335], [154364.66119999997,364279.6388], [42.63692842061671,88.15], 0.0, 0.0","survey_year, country, region, industry, num_employees, annual_revenue_usd_millions, company_founding_year, ai_adoption_rate, ai_projects_active, ai_failure_rate, ai_investment_per_employee, regulatory_compliance_score, ai_ethics_committee, survey_source",1.0,1.0,1.0,1,2.0,4030,3030,0.4666666666666667,0.0008449429532474161,1,1
"2.0, 1.0, [-4637.32,7298.91], [5.1,11.425], [-0.4460000000000006,12.706], 2.0","region, company_size, num_employees, company_age, ai_budget_percentage, data_privacy_level",2.0,0.04526613752481193,0.5384615384615384,1,2.544700928,4763,3035,0.2,0.0010750635586178803,7,13
"[-1558.4204000000002,1637.9604000000002], [2008.2,2025.8], [-4.424999999999999,20.424999999999997], 3.0, 3.0, 2.0, 2.0, 3.0, [-0.5899999999999999,8.59], [51.54,94.46000000000001], 1.0, 0.0, [42.129999999999995,79.87], [0.6114499999999996,32.56855], 3.0, 1.0","annual_revenue_usd_millions, company_founding_year, company_age, company_age_group, ai_adoption_stage, ai_primary_tool, num_ai_tools_used, ai_use_case, ai_projects_active, regulatory_compliance_score, data_privacy_level, ai_ethics_committee, ai_risk_management_score, task_automation_rate, survey_source, data_collection_method",1.0,1.0,1.0,2,1.0,4036,3036,0.5333333333333333,0.0008449429532474161,1,1
"2023.0, 7.0, 1.0, [1989.52,1998.48], [16.225,41.775], 1.0, [-3.5999999999999996,3.5999999999999996], [-6.300000000000001,6.300000000000001], [-7.014400000000001,7.014400000000001], [-143830.6328,143830.6328], 0.0, 2.0, 0.0","survey_year, industry, company_size, company_founding_year, company_age, ai_adoption_stage, years_using_ai, ai_projects_active, ai_budget_percentage, ai_investment_per_employee, ai_ethics_committee, survey_source, data_collection_method",0.0,1.0,1.0,1,1.0,4039,3039,0.43333333333333335,0.00042247147662370806,1,1
"[-4.6850000000000005,10.685], 1.0, [-6370.48,7772.48], [-3309.8846000000003,3482.4246000000003], [24.1,47.9], [-4.155800000000003,47.0958], 3.0, [5.95,12.05], 0.0, 2.0, 7.0, [2.8291999999999993,13.3508], [0.140375,0.43962499999999993], [65.98,88.02], 0.0, [23.169999999999998,56.83], [4.362949999999998,22.817050000000002], 2.0, 3.0","country, company_size, num_employees, annual_revenue_usd_millions, company_age, ai_adoption_rate, ai_adoption_stage, years_using_ai, ai_primary_tool, num_ai_tools_used, ai_use_case, ai_budget_percentage, ai_maturity_score, regulatory_compliance_score, ai_ethics_committee, ai_risk_management_score, task_automation_rate, survey_source, data_collection_method",1.0,1.0,1.0,1,1.0,4044,3044,0.6333333333333333,0.00042247147662370806,2,2
"[2.17,17.83], 2.0, 2.0, [28.992849999999997,58.38715], [2.3,9.7], [0.16756250000000003,0.5024375], [60.879999999999995,77.12], 0.0, [39.72,47.212440811391005]","country, company_size, company_age_group, ai_adoption_rate, years_using_ai, ai_maturity_score, regulatory_compliance_score, ai_ethics_committee, ai_risk_management_score",0.0,0.0014458261438686259,0.42857142857142855,1,2.472,3054,3054,0.3,0.0010443494902138064,0,0
"2025.0, 2.0, [7.765,20.235], [-4253.395,6157.395], [-1164.9131500000003,1532.0331500000002], [-2.7230500000000006,37.22305], 3.0, [-0.3500000000000001,6.35], 2.0, [-1.4100000000000001,7.41], [1.1422999999999952,37.1777], [4.9008,10.8192], [0.049750000000000016,0.42024999999999996], [22.07615,49.16385], [-179216.08000000002,209515.36], 0.0, [45.525,68.475], 0.0","survey_year, quarter, country, num_employees, annual_revenue_usd_millions, ai_adoption_rate, ai_adoption_stage, years_using_ai, ai_primary_tool, ai_projects_active, ai_training_hours, ai_budget_percentage, ai_maturity_score, ai_failure_rate, ai_investment_per_employee, ai_ethics_committee, ai_risk_management_score, survey_source",0.0,1.0,1.0,1,2.0,4058,3058,0.6,0.0008449429532474161,1,1
"[-2.2799999999999994,16.28], [-5875.835000000001,7677.835000000001], [-1989.66835,2305.46835], [2004.56,2023.44], [2.0249999999999986,21.975], [24.24915,55.150850000000005], 2.0, [7.0,13.0], 1.0, 7.0, [6.57,11.43], [8.553299999999998,38.2667], [9.2928,16.3072], [0.3289375,0.5070625], [22.515974999999997,37.524025], 2.0, 3.0","country, num_employees, annual_revenue_usd_millions, company_founding_year, company_age, ai_adoption_rate, ai_adoption_stage, years_using_ai, num_ai_tools_used, ai_use_case, ai_projects_active, ai_training_hours, ai_budget_percentage, ai_maturity_score, ai_failure_rate, survey_source, data_collection_method",2.0,1.0,1.0,1,1.5,4069,3069,0.5666666666666667,0.0006337072149355621,2,2
"[-1.7850000000000001,7.785], 3.0, 0.0, [2005.76,2026.24], [2.0,16.0], 3.0, [-48407.88040000001,270351.9004], [63.43,82.57], [18.7177,39.4223], 2.0, 0.0","country, region, industry, company_founding_year, company_age, num_ai_tools_used, ai_investment_per_employee, regulatory_compliance_score, task_automation_rate, survey_source, data_collection_method",0.0,1.0,1.0,1,1.0,4072,3072,0.36666666666666664,0.00042247147662370806,2,2
"0.0, [20.33,33.67], 2.0, 0.0, [-4868.75,4952.75], [-1383.0466000000004,1413.7866000000001], [1998.68,2015.32], [5.575000000000001,30.424999999999997], 1.0, [15.208599999999997,48.3714], [5.05,8.95], 4.0, 5.0, [-0.005624999999999936,0.521625], [13.482950000000002,28.85705], [-81135.26320000002,136554.3432], [64.08,91.92], 2.0, 0.0, 0.0, 0.0","quarter, country, region, industry, num_employees, annual_revenue_usd_millions, company_founding_year, company_age, company_age_group, ai_adoption_rate, years_using_ai, num_ai_tools_used, ai_use_case, ai_maturity_score, ai_failure_rate, ai_investment_per_employee, regulatory_compliance_score, data_privacy_level, ai_ethics_committee, survey_source, data_collection_method",1.0,1.0,1.0,1,2.0,4077,3077,0.7,0.0008449429532474161,1,1
"[12.024999999999999,27.975], 2.0, 2.0, [-7004.48,7138.48], 0.0, [-2.019750000000002,24.359750000000002], [1.0,5.0], 3.0, [-7.3492,38.169200000000004], [-5.984000000000001,8.264000000000001], [20.41875,38.72125]","country, region, company_size, num_employees, company_age_group, ai_adoption_rate, years_using_ai, num_ai_tools_used, ai_training_hours, ai_budget_percentage, ai_failure_rate",0.0,1.0,1.0,1,1.0,4081,3081,0.36666666666666664,0.00042247147662370806,2,2
"[14.139999999999999,33.86], 0.0, [2405.4913,7000.288700000001], 2.0, 1.0, [5.95,14.05], [7.936399999999999,22.4036], [22.304375,31.455624999999998], [-112182.1716,191028.3516], [41.76,66.24], [-0.8887500000000035,32.868750000000006]","country, company_size, annual_revenue_usd_millions, ai_adoption_stage, ai_use_case, ai_projects_active, ai_budget_percentage, ai_failure_rate, ai_investment_per_employee, ai_risk_management_score, task_automation_rate",1.0,1.0,1.0,1,1.0,4086,3086,0.36666666666666664,0.00042247147662370806,2,2
"2.0, [21.185,34.815], 2.0, [-1438.57005,1458.15005], [2009.08,2020.92], [1.0249999999999986,20.975], 3.0, [-1.3,1.3], 6.0, [-2.8500000000000005,8.850000000000001], [1.0531000000000006,19.3869], [22.92295,38.29705], 2.0, 0.0, 3.0","quarter, country, company_size, annual_revenue_usd_millions, company_founding_year, company_age, company_age_group, years_using_ai, ai_use_case, ai_projects_active, ai_training_hours, ai_failure_rate, data_privacy_level, ai_ethics_committee, survey_source",0.0,1.0,1.0,1,1.0,4087,3087,0.5,0.00042247147662370806,1,1
"1.0, 0.0, [4667.67,16846.33], [9.008599999999998,42.171400000000006], [-1.2000000000000002,5.2], 1.0, [-0.6600000000000001,12.66], [0.22300000000000003,0.451], [25.96295,41.33705], [-226215.01800000004,318008.998], 2.0, [46.66,81.34]","region, company_size, num_employees, ai_adoption_rate, years_using_ai, ai_primary_tool, ai_projects_active, ai_maturity_score, ai_failure_rate, ai_investment_per_employee, data_privacy_level, ai_risk_management_score",2.0,1.0,1.0,1,2.0,4093,3093,0.4,0.0008449429532474161,1,1
"1.0, 8.0, [-3099.88,3185.88], [-2112.36835,2182.76835], [1983.08,2002.92], [18.225,43.775], 2.0, [-0.20000000000000018,4.2], 0.0, [7.0752,15.404800000000002], [0.22731249999999997,0.4766875], [-114045.0632,298010.26320000004], 2.0, 0.0, [46.21,75.78999999999999], 3.0, 1.0","region, industry, num_employees, annual_revenue_usd_millions, company_founding_year, company_age, ai_adoption_stage, years_using_ai, ai_use_case, ai_budget_percentage, ai_maturity_score, ai_investment_per_employee, data_privacy_level, ai_ethics_committee, ai_risk_management_score, survey_source, data_collection_method",2.0,1.0,1.0,1,1.0,4099,3099,0.5666666666666667,0.00042247147662370806,2,2
"0.0, 3.0, [-3093.88,3191.88], [-2341.4221500000003,2353.2621500000005], [1981.8,2004.2], 1.0, [2.9,9.1], 0.0, 0.0, [7.323600000000001,14.7764], [22.926225000000002,34.273775], [49.4,72.6], 2.0, [46.8,67.2], [7.1362999999999985,40.4437], 0.0","region, industry, num_employees, annual_revenue_usd_millions, company_founding_year, company_age_group, years_using_ai, ai_primary_tool, ai_use_case, ai_budget_percentage, ai_failure_rate, regulatory_compliance_score, data_privacy_level, ai_risk_management_score, task_automation_rate, data_collection_method",1.0,1.0,1.0,1,1.0,4106,3106,0.5333333333333333,0.00042247147662370806,2,2
"[12.33,25.67], [-4637.32,7298.91], [0.5750000000000002,11.425], 2.0, 2.0, [0.1864375,0.6495624999999999], 2.0, [54.19,85.81], 1.0","country, num_employees, company_age, ai_adoption_stage, num_ai_tools_used, ai_maturity_score, data_privacy_level, ai_risk_management_score, data_collection_method",2.0,1.0,1.0,1,1.0,4118,3118,0.3,0.00042247147662370806,1,1
"2023.0, 1.0, [-1.2350000000000003,11.235], 0.0, [12648.765,18345.235], [1982.12,2003.88], [-1.5000000000000004,5.5], 1.0, [1.0025999999999975,22.497400000000003], [6.924399999999999,14.8156], [-184306.50400000002,282171.224], 0.0, 0.0, [46.445,77.555], 1.0","survey_year, quarter, country, company_size, num_employees, company_founding_year, years_using_ai, ai_primary_tool, ai_training_hours, ai_budget_percentage, ai_investment_per_employee, data_privacy_level, ai_ethics_committee, ai_risk_management_score, data_collection_method",0.0,1.0,1.0,2,1.0,4125,3125,0.5,0.0008449429532474161,2,2
"[14.75,29.25], 2.0, [1998.2,2007.8], 2.0, 1.0, [6.12,11.879999999999999], [1.3019999999999987,13.358], [20.18925,31.170749999999998], [-233528.2824,318470.3624], 2.0, 2.0","country, company_size, company_founding_year, num_ai_tools_used, ai_use_case, ai_projects_active, ai_budget_percentage, ai_failure_rate, ai_investment_per_employee, data_privacy_level, survey_source",2.0,1.0,1.0,1,1.0,4126,3126,0.36666666666666664,0.00042247147662370806,2,2
"2.0, [10.605,25.395], 4.0, 2.0, 3.0, 1.0, [-2.8000000000000003,2.8000000000000003], 5.0, [-14.2245,14.2245], [-170911.13240000003,186721.7924], [44.989999999999995,58.12300068688785], 0.0, [44.29,65.71], [-0.5774500000000025,21.47745], 2.0","quarter, country, industry, company_size, company_age_group, ai_adoption_stage, years_using_ai, ai_use_case, ai_training_hours, ai_investment_per_employee, regulatory_compliance_score, ai_ethics_committee, ai_risk_management_score, task_automation_rate, survey_source",0.0,0.1,1.0,1,1.25,3131,3131,0.5,0.0005280893457796351,0,0
"2025.0, 3.0, 2.0, 0.0, [2450.2161,8643.2039], [15.75,26.25], 2.0, [4.3,11.7], 3.0, [6.41,15.59], [12.647999999999998,22.512], [0.40193750000000006,0.9220625], [49.41,90.59], 2.0, 1.0, [62.095,77.905], 0.0, 1.0","survey_year, quarter, region, company_size, annual_revenue_usd_millions, company_age, ai_adoption_stage, years_using_ai, ai_primary_tool, ai_projects_active, ai_budget_percentage, ai_maturity_score, regulatory_compliance_score, data_privacy_level, ai_ethics_committee, ai_risk_management_score, survey_source, data_collection_method",2.0,1.0,1.0,1,1.0,4133,3133,0.6,0.00042247147662370806,1,1
"[9.85,30.15], 2.0, [-1444.94005,1451.78005], [2006.92,2027.08], [9.4453,56.1747], [6.05,9.95], 0.0, [3.9973999999999954,45.7226], [0.08693750000000003,0.37906249999999997], [54.629999999999995,85.37], [37.385000000000005,74.615], 2.0","country, region, annual_revenue_usd_millions, company_founding_year, ai_adoption_rate, years_using_ai, ai_primary_tool, ai_training_hours, ai_maturity_score, regulatory_compliance_score, ai_risk_management_score, survey_source",1.0,1.0,1.0,1,1.0,4134,3134,0.4,0.00042247147662370806,2,2
"2023.0, 3.0, [8.49,32.18882015976747], 2.0, [-1918.80455,1976.78455], [1995.08,2014.92], [11.875,24.125], 3.0, 2.0, 4.0, [-3.4799999999999995,9.48], [5.006799999999998,19.6932], [20.560175,32.639825], [50.7,91.3], [44.23,71.77], 0.0","survey_year, quarter, country, company_size, annual_revenue_usd_millions, company_founding_year, company_age, ai_primary_tool, num_ai_tools_used, ai_use_case, ai_projects_active, ai_budget_percentage, ai_failure_rate, regulatory_compliance_score, ai_risk_management_score, data_collection_method",1.0,1.0,1.0,1,1.0,4144,3144,0.5333333333333333,0.00042247147662370806,1,1
"2026.0, 1.0, [1.0500000000000007,26.95], 0.0, 4.0, 5.0, 3.0, [7.06,18.94], [0.5625,0.8474999999999999], [-48029.15640000001,387350.0564], [58.56,79.44], [55.505,80.495], [18.131549999999994,49.18845], 0.0, 3.0","survey_year, region, company_age, ai_adoption_stage, ai_primary_tool, num_ai_tools_used, ai_use_case, ai_projects_active, ai_maturity_score, ai_investment_per_employee, regulatory_compliance_score, ai_risk_management_score, task_automation_rate, survey_source, data_collection_method",2.0,1.0,1.0,1,3.0,4147,3147,0.5,0.0012674144298711243,1,1
"2024.0, [11.23,18.77], [6447.623699999999,11841.5163], [1982.84,1999.16], 2.0, [2.0500000000000003,7.949999999999999], 3.0, 3.0, [0.26331250000000006,0.6266875], [17.19875,35.50125], [-102805.54240000002,254827.3824], [70.75999999999999,103.24000000000001], 0.0, [15.168599999999998,27.7714]","survey_year, country, annual_revenue_usd_millions, company_founding_year, ai_adoption_stage, years_using_ai, ai_primary_tool, num_ai_tools_used, ai_maturity_score, ai_failure_rate, ai_investment_per_employee, regulatory_compliance_score, ai_ethics_committee, task_automation_rate",2.0,1.0,1.0,1,1.0,4154,3154,0.4666666666666667,0.00042247147662370806,2,2
"2024.0, 1.0, [24.375,31.625], 3.0, [3726.5340499999993,8820.76595], 1.0, 2.0, [2.0500000000000003,7.949999999999999], [3.4899999999999998,10.51], [0.17875,0.66325], 0.0, 2.0","survey_year, quarter, country, region, annual_revenue_usd_millions, company_age_group, ai_adoption_stage, years_using_ai, ai_projects_active, ai_maturity_score, ai_ethics_committee, data_collection_method",1.0,1.0,1.0,1,2.0,4158,3158,0.4,0.0008449429532474161,1,1
"2024.0, 1.0, [24.375,31.625], 3.0, [3726.5340499999993,8820.76595], 1.0, 2.0, [2.0500000000000003,7.949999999999999], [3.4899999999999998,10.51], [6.021999999999999,18.078000000000003], [0.17875,0.66325], 0.0, 3.0","survey_year, quarter, country, region, annual_revenue_usd_millions, company_age_group, ai_adoption_stage, years_using_ai, ai_projects_active, ai_budget_percentage, ai_maturity_score, ai_ethics_committee, survey_source",1.0,1.0,1.0,1,2.0,4158,3158,0.43333333333333335,0.0008449429532474161,1,1
"1.0, [-1953.4499999999998,3939.45], [4.1,27.9], 1.0, 1.0, 3.0, [-14.540600000000001,14.540600000000001], [1.3363999999999994,15.803600000000001], [25.973875,42.446125], [-210470.064,256007.664], [39.05169000334181,74.08], 0.0, [-7.252900000000001,18.8529], 3.0","company_size, num_employees, company_age, company_age_group, ai_primary_tool, num_ai_tools_used, ai_training_hours, ai_budget_percentage, ai_failure_rate, ai_investment_per_employee, regulatory_compliance_score, data_privacy_level, task_automation_rate, data_collection_method",1.0,1.0,1.0,1,2.0,4169,3169,0.4666666666666667,0.0008449429532474161,1,1
"1.0, [0.5049999999999999,9.495000000000001], 1.0, [-5909.115,6073.115], [-3147.2608000000005,3245.5008000000003], [2005.96,2028.04], [3.3999999999999995,14.600000000000001], 3.0, [1.25,6.75], 0.0, 2.0, [-2.3512000000000013,7.951200000000001], [-0.05237499999999999,0.21837499999999999], [11.723124999999998,39.176875], [-107638.1508,141149.9708], [68.43,87.57], 0.0, [38.405,73.595], [6.452649999999998,27.607350000000004], 2.0","quarter, country, region, num_employees, annual_revenue_usd_millions, company_founding_year, company_age, company_age_group, years_using_ai, ai_primary_tool, num_ai_tools_used, ai_budget_percentage, ai_maturity_score, ai_failure_rate, ai_investment_per_employee, regulatory_compliance_score, ai_ethics_committee, ai_risk_management_score, task_automation_rate, survey_source",0.0,1.0,1.0,1,1.0,4173,3173,0.6666666666666666,0.00042247147662370806,2,2
"5.0, 3.0, 1.0, [2008.44,2029.56], 0.0, [-14.66403432706002,51.2595], 3.0, 0.0, 3.0, [5.04,12.96], [1.6279999999999992,11.492], [0.22312500000000002,0.436875], [17.335224999999998,43.324775], [-161383.3268,204024.22680000003], 0.0, 1.0, 2.0, 3.0","region, industry, company_size, company_founding_year, company_age_group, ai_adoption_rate, ai_adoption_stage, ai_primary_tool, ai_use_case, ai_projects_active, ai_budget_percentage, ai_maturity_score, ai_failure_rate, ai_investment_per_employee, data_privacy_level, ai_ethics_committee, survey_source, data_collection_method",0.0,1.0,1.0,1,3.0,4183,3183,0.6,0.0012674144298711243,1,1
"8.0, 0.0, [7508.530000000001,18901.47], [-1148.7915000000007,5843.291500000001], 1.0, [2.4,5.6], 4.0, 2.0, [4.1479,42.7121], [0.2629375,0.44106249999999997], [10.116399999999997,33.5436], [-257681.9724,294316.6724], 0.0, 0.0","industry, company_size, num_employees, annual_revenue_usd_millions, company_age_group, years_using_ai, ai_primary_tool, ai_use_case, ai_training_hours, ai_maturity_score, ai_failure_rate, ai_investment_per_employee, ai_ethics_committee, survey_source",1.0,1.0,1.0,2,1.0,4193,3193,0.4666666666666667,0.0008449429532474161,1,1
"2025.0, 2.0, [-2.2799999999999994,16.28], 0.0, 7.0, [-2098.19835,2196.93835], [-3.450000000000001,15.450000000000001], 3.0, [-9.951550000000001,37.531549999999996], [0.10000000000000009,3.9], [-1.193500000000002,20.933500000000002], [-0.0061249999999999916,0.236125], [16.77245,39.46755], [-73675.1964,167338.2964], 0.0, 0.0","survey_year, quarter, country, region, industry, annual_revenue_usd_millions, company_age, company_age_group, ai_adoption_rate, years_using_ai, ai_training_hours, ai_maturity_score, ai_failure_rate, ai_investment_per_employee, ai_ethics_committee, data_collection_method",0.0,1.0,1.0,1,1.0,4196,3196,0.5333333333333333,0.00042247147662370806,2,2
"[8.605,23.395], 3.0, [1990.64,2013.36], 2.0, [0.7800000000000002,11.219999999999999], [33.4687,54.3313], [0.21175000000000002,0.5318794897404058], [12.175974999999998,27.184025000000002], [65.75999999999999,98.24000000000001], [38.464999999999996,67.535], 3.0","country, industry, company_founding_year, num_ai_tools_used, ai_projects_active, ai_training_hours, ai_maturity_score, ai_failure_rate, regulatory_compliance_score, ai_risk_management_score, survey_source",2.0,1.0,1.0,1,1.0,4197,3197,0.36666666666666664,0.00042247147662370806,1,1
"2023.0, 0.0, 1.0, [5.850000000000001,26.15], [47.6708,71.7892], 2.0, 3.0, 3.0, 0.0, [20.584699999999994,66.7353], [0.4666875,0.5511128140645056], [9.214549999999997,30.44545], [-116173.93160000001,381402.3116], [52.95,79.05], 1.0, 1.0, [55.915,90.08500000000001], [26.593049999999998,44.14695], 0.0, 0.0","survey_year, industry, company_size, company_age, ai_adoption_rate, ai_adoption_stage, ai_primary_tool, num_ai_tools_used, ai_use_case, ai_training_hours, ai_maturity_score, ai_failure_rate, ai_investment_per_employee, regulatory_compliance_score, data_privacy_level, ai_ethics_committee, ai_risk_management_score, task_automation_rate, survey_source, data_collection_method",1.0,0.1,1.0,1,1.5,3199,3199,0.6666666666666666,0.0006337072149355621,0,0
"2025.0, 0.0, 5.0, 4.0, 2.0, [-2686.5063000000005,2707.3863000000006], [25.05065,63.48935], 2.0, [3.95,12.05], [2.0584,17.6216], [3.9715249999999997,25.568475], [-145732.5976,274097.3576], 1.0, 3.0","survey_year, quarter, region, industry, company_size, annual_revenue_usd_millions, ai_adoption_rate, ai_adoption_stage, ai_projects_active, ai_budget_percentage, ai_failure_rate, ai_investment_per_employee, ai_ethics_committee, survey_source",2.0,1.0,1.0,1,1.5,4200,3200,0.4666666666666667,0.0006337072149355621,2,2
"5.0, 0.0, [1018.94995,3915.6700499999997], [3.8500000000000014,24.15], 3.0, [19.22285,48.61715], [-2.7506125305831755,5.4], 0.0, [-177650.37,211081.07], [55.585,72.415]","industry, company_size, annual_revenue_usd_millions, company_age, company_age_group, ai_adoption_rate, years_using_ai, ai_primary_tool, ai_investment_per_employee, ai_risk_management_score",0.0,1.0,1.0,1,1.0,4203,3203,0.3333333333333333,0.00042247147662370806,1,1
"2023.0, 1.0, [0.47499999999999964,13.525], 0.0, 2.0, [5518.25,15339.75], [1822.0633999999998,4618.8966], [-4.025,18.025], 3.0, [13.877499999999998,51.5625], 0.0, [6.5200000000000005,19.48], [5.375999999999998,30.664], [0.2966875,0.6173125], [49.25,92.75], 1.0, [48.095,63.905], [0.8223499999999984,24.67765]","survey_year, quarter, country, region, industry, num_employees, annual_revenue_usd_millions, company_age, company_age_group, ai_adoption_rate, ai_primary_tool, ai_projects_active, ai_training_hours, ai_maturity_score, regulatory_compliance_score, ai_ethics_committee, ai_risk_management_score, task_automation_rate",1.0,1.0,1.0,1,2.0,4206,3206,0.6,0.0008449429532474161,1,1
"2023.0, 3.0, [12.285,31.715], 0.0, 3.0, [4206.85475,8701.76525], [23.475,38.525], 2.0, 4.0, 0.0, [9.8477,37.032300000000006], [40.955,71.045]","survey_year, quarter, country, region, industry, annual_revenue_usd_millions, company_age, company_age_group, ai_primary_tool, ai_use_case, ai_training_hours, ai_risk_management_score",1.0,1.0,1.0,1,2.0,4215,3215,0.4,0.0008449429532474161,1,1
"2026.0, [7.445,24.555], 5.0, [1993.36,2005.04], [22.75,30.475], 1.0, 0.0, 1.0, 5.0, [-0.07574999999999996,0.427125], [29.565974999999998,44.574025], 0.0, [35.935,68.065], [-18.073491359261116,29.963], 3.0, 1.0","survey_year, country, industry, company_founding_year, company_age, company_age_group, ai_primary_tool, num_ai_tools_used, ai_use_case, ai_maturity_score, ai_failure_rate, data_privacy_level, ai_risk_management_score, task_automation_rate, survey_source, data_collection_method",0.0,1.0,1.0,1,2.0,4216,3216,0.5333333333333333,0.0008449429532474161,1,1
"2024.0, [10.59,27.41], 1.0, [6310.1823,12902.717700000001], [27.593249999999998,69.04675], 2.0, [2.5,7.5], 0.0, 3.0, [8.04,15.96], [9.165599999999998,23.1944], [6.179174999999997,20.050130942725822], [-139601.62720000002,350199.9872], [45.37,58.63]","survey_year, country, region, annual_revenue_usd_millions, ai_adoption_rate, ai_adoption_stage, years_using_ai, ai_primary_tool, num_ai_tools_used, ai_projects_active, ai_budget_percentage, ai_failure_rate, ai_investment_per_employee, ai_risk_management_score",2.0,1.0,1.0,1,2.0,4221,3221,0.4666666666666667,0.0008449429532474161,1,1
"2.0, [9.07,18.93], 5.0, [-2631.74,4439.74], 1.0, 3.0, 3.0, 1.0, [-17.385500000000004,17.385500000000004], [0.06325000000000001,0.26275], [24.372449999999997,47.06755], [4.5814499999999985,36.53855], 3.0","quarter, country, industry, num_employees, company_age_group, ai_adoption_stage, ai_primary_tool, num_ai_tools_used, ai_training_hours, ai_maturity_score, ai_failure_rate, task_automation_rate, survey_source",1.0,1.0,1.0,1,1.0,4230,3230,0.43333333333333335,0.00042247147662370806,2,2
"2.0, 4.0, [-4953.6849999999995,6635.6849999999995], [2015.08,2026.92], 0.0, [6.387349999999998,58.39265], [3.45,6.55], 2.0, [0.2473125,0.4966875], [-284659.28,298437.88], [45.505,70.495], 3.0, 2.0","quarter, region, num_employees, company_founding_year, company_age_group, ai_adoption_rate, years_using_ai, ai_use_case, ai_maturity_score, ai_investment_per_employee, ai_risk_management_score, survey_source, data_collection_method",2,0.0,0.0,1,2.0,3233,3233,0.43333333333333335,0.0008449429532474161,0,1
"[7.085,14.915], 1.0, [4507.77265,10800.64735], [2003.96,2026.04], [1.4250000000000007,18.575], 2.0, 0.0, 1.0, [11.830349999999997,35.989650000000005], [113120.3488,486302.53119999997], [55.11,78.89], [49.23,76.77], 3.0","country, region, annual_revenue_usd_millions, company_founding_year, company_age, ai_adoption_stage, ai_primary_tool, ai_use_case, ai_failure_rate, ai_investment_per_employee, regulatory_compliance_score, ai_risk_management_score, survey_source",0.0,1.0,1.0,2,1.0,4235,3235,0.43333333333333335,0.0008449429532474161,2,2
"5.0, 0.0, [2241.615,9902.385], 1.0, [23.3538,62.546200000000006], [0.29325,0.60675], [2.3931249999999995,29.846875000000004], [-92079.22760000001,327750.7276], [50.019999999999996,85.98], [48.82,67.18], [2.7316499999999966,32.88835], 0.0, 2.0","region, company_size, num_employees, company_age_group, ai_adoption_rate, ai_maturity_score, ai_failure_rate, ai_investment_per_employee, regulatory_compliance_score, ai_risk_management_score, task_automation_rate, survey_source, data_collection_method",1.0,1.0,1.0,1,2.0,4238,3238,0.43333333333333335,0.0008449429532474161,1,1
"[18.78,29.22], [2010.2,2027.8], [32.3979,70.96209999999999], [2.1479999999999997,13.631547858250627], [63.496175033831214,92.5], 0.0, 1.0","country, company_founding_year, ai_training_hours, ai_budget_percentage, regulatory_compliance_score, data_privacy_level, ai_ethics_committee",2,0.07775999999999998,0.6,1,3.7758719999999997,4891,3243,0.23333333333333334,0.0015951982193821137,6,10
"2023.0, 2.0, [18.445,35.555], 8.0, [5983.949999999999,19734.050000000003], [2412.5140499999998,7506.74595], 2.0, [-0.30000000000000027,6.300000000000001], [2.0599999999999996,13.940000000000001], [7.2164,16.2036], [0.24537500000000004,0.544625], [-110317.456,200667.696], [52.18,85.82], 2.0, 1.0, 3.0, 0.0","survey_year, quarter, country, industry, num_employees, annual_revenue_usd_millions, ai_adoption_stage, years_using_ai, ai_projects_active, ai_budget_percentage, ai_maturity_score, ai_investment_per_employee, regulatory_compliance_score, data_privacy_level, ai_ethics_committee, survey_source, data_collection_method",1.0,1.0,1.0,2,1.5,4249,3249,0.5666666666666667,0.0012674144298711243,2,2
"2026.0, 1.0, 0.0, 1.0, [-3883.8150000000005,4169.8150000000005], [-2768.2773500000003,3524.59735], [-7.550000000000001,15.55], 0.0, 2.0, [-1.67,9.67], [15.8904,38.6496], [2.5079999999999982,17.852], [42.989999999999995,83.01], 1.0, [5.786499999999997,37.2935], 1.0, 3.0","survey_year, quarter, region, company_size, num_employees, annual_revenue_usd_millions, company_age, ai_primary_tool, num_ai_tools_used, ai_projects_active, ai_training_hours, ai_budget_percentage, regulatory_compliance_score, ai_ethics_committee, task_automation_rate, survey_source, data_collection_method",1.0,1.0,1.0,1,1.0,4251,3251,0.5666666666666667,0.00042247147662370806,2,2
"[7.65,16.35], 1.0, [-1318.4035,1678.2035], [20.7534,47.8866], 3.0, [4.5,7.5], 1.0, [0.14956250000000001,0.48443749999999997], [-256892.30679999996,302880.9668], [8.621549999999996,39.67845]","country, industry, annual_revenue_usd_millions, ai_adoption_rate, ai_adoption_stage, years_using_ai, num_ai_tools_used, ai_maturity_score, ai_investment_per_employee, task_automation_rate",0.0,1.0,1.0,1,3.0,4256,3256,0.3333333333333333,0.0012674144298711243,1,1
"1.0, [20.7534,47.8866], 3.0, [4.5,7.5], 1.0, [-256892.30679999996,302880.9668], [8.621549999999996,39.67845]","industry, ai_adoption_rate, ai_adoption_stage, years_using_ai, num_ai_tools_used, ai_investment_per_employee, task_automation_rate",0.0,0.004115226337448558,0.3333333333333333,1,2.3333333333333335,4256,3256,0.23333333333333334,0.0009857667787886522,1,3
"2023.0, 2.0, 8.0, [24.825,39.175], [-3.7715500000000013,43.71155], 3.0, [-0.75,4.75], 3.0, 2.0, [15.863375,45.8077496299639], [41.28,80.72], 0.0, [40.915,75.08500000000001], 1.0, 3.0","survey_year, quarter, industry, company_age, ai_adoption_rate, ai_adoption_stage, years_using_ai, num_ai_tools_used, ai_use_case, ai_failure_rate, regulatory_compliance_score, data_privacy_level, ai_risk_management_score, survey_source, data_collection_method",0.0,1.0,1.0,1,2.0,4258,3258,0.5,0.0008449429532474161,1,1
"2026.0, [9.024999999999999,24.975], 0.0, [2011.0,2019.0], [59.438199999999995,80.5418], 2.0, 0.0, 3.0, 0.0, [8.5,17.5], [31.5253,48.5947], [7.214549999999997,28.44545], [73.27,94.73], 2.0, [53.21,82.78999999999999], [26.6372,51.842800000000004]","survey_year, country, company_size, company_founding_year, ai_adoption_rate, ai_adoption_stage, ai_primary_tool, num_ai_tools_used, ai_use_case, ai_projects_active, ai_training_hours, ai_failure_rate, regulatory_compliance_score, data_privacy_level, ai_risk_management_score, task_automation_rate",2.0,1.0,1.0,1,1.5,4260,3260,0.5333333333333333,0.0006337072149355621,2,2
"[14.475,27.525], 1.0, 2.0, 3.0, [29.807650000000002,53.17235], 2.0, 4.0, 3.0, 6.0, [4.7116,16.5484], [15.515725,34.184275], [-53726.9876,171737.2476], [9.483649999999999,21.63635]","country, region, company_size, company_age_group, ai_adoption_rate, ai_adoption_stage, ai_primary_tool, num_ai_tools_used, ai_use_case, ai_budget_percentage, ai_failure_rate, ai_investment_per_employee, task_automation_rate",1.0,1.0,1.0,1,4.0,4276,3276,0.43333333333333335,0.0016898859064948322,2,2
"2023.0, [3.04,16.96], 1.0, 2.0, 1.0, [-5826.405000000001,7334.405000000001], [-0.10000000000000009,4.1], 0.0, 3.0, [6.77,15.23], [45.70750706964657,51.896625], [43.01,60.99], 2.0, [34.66,69.34]","survey_year, country, region, industry, company_size, num_employees, years_using_ai, ai_primary_tool, ai_use_case, ai_projects_active, ai_failure_rate, regulatory_compliance_score, data_privacy_level, ai_risk_management_score",2.0,0.1,1.0,1,1.0,3287,3287,0.4666666666666667,0.00042247147662370806,0,0
"2026.0, 0.0, 1.0, [2003.24,2014.76], [9.475000000000001,24.525], 1.0, [-1.45,1.45], 1.0, 1.0, 3.0, [-12.960100000000002,12.960100000000002], [-5.373600000000001,9.0936], [-0.003249999999999975,0.25325], [25.148999999999997,39.791], [-266062.9024,285935.7424], [39.86,54.14], 2.0","survey_year, quarter, company_size, company_founding_year, company_age, ai_adoption_stage, years_using_ai, ai_primary_tool, num_ai_tools_used, ai_use_case, ai_training_hours, ai_budget_percentage, ai_maturity_score, ai_failure_rate, ai_investment_per_employee, ai_risk_management_score, data_collection_method",0.0,1.0,1.0,1,2.0,4306,3306,0.5666666666666667,0.0008449429532474161,1,1
"2.0, [14.17,29.83], 2.0, [-1764.7342,1831.1942000000001], [21.5,42.5], 2.0, [11.973799999999997,51.1662], [3.15,6.85], 0.0, [-0.1401000000000021,25.780100000000004], [6.661999999999999,13.238], [0.24337500000000004,0.42862500000000003], [17.282025,31.557975000000003], 0.0, 0.0, [2.66315,19.316850000000002], 1.0","quarter, country, company_size, annual_revenue_usd_millions, company_age, company_age_group, ai_adoption_rate, years_using_ai, ai_primary_tool, ai_training_hours, ai_budget_percentage, ai_maturity_score, ai_failure_rate, data_privacy_level, ai_ethics_committee, task_automation_rate, survey_source",1.0,1.0,1.0,1,1.5,4316,3316,0.5666666666666667,0.0006337072149355621,2,2
"2025.0, 4.0, 5.0, 2.0, [-4303.46,4339.46], [-2499.9659500000002,2594.2659500000004], [2006.88,2025.12], 3.0, [4.5,7.5], [4.220000000000001,11.78], [19.939099999999996,63.560900000000004], 0.0, [60.525,83.475], [25.08365,37.23635], 2.0","survey_year, region, industry, company_size, num_employees, annual_revenue_usd_millions, company_founding_year, company_age_group, years_using_ai, ai_projects_active, ai_training_hours, ai_ethics_committee, ai_risk_management_score, task_automation_rate, data_collection_method",2.0,1.0,1.0,1,1.5,4317,3317,0.5,0.0006337072149355621,2,2
"2.0, [0.024999999999999467,15.975000000000001], 3.0, 1.0, [2004.0,2028.0], [2.3999999999999995,13.600000000000001], 3.0, 4.0, 1.0, [2.66,7.34], [-6.455300000000001,39.6953], 0.0, [-2.1965500000000002,11.75655]","quarter, country, industry, company_size, company_founding_year, company_age, company_age_group, ai_primary_tool, num_ai_tools_used, ai_projects_active, ai_training_hours, ai_ethics_committee, task_automation_rate",0.0,1.0,1.0,1,1.0,4318,3318,0.43333333333333335,0.00042247147662370806,2,2
"1.0, 0.0, [-6029.33,6149.33], [1989.68,2006.32], [20.4,31.6], 1.0, [5.449950000000001,60.47005], [1.9500000000000002,8.05], 2.0, 0.0, [-4.040000000000001,6.040000000000001], [2.4732000000000003,21.921836005885375], [-114157.05480000001,212377.3548], 0.0, [10.237499999999997,32.7425]","quarter, region, num_employees, company_founding_year, company_age, company_age_group, ai_adoption_rate, years_using_ai, num_ai_tools_used, ai_use_case, ai_projects_active, ai_budget_percentage, ai_investment_per_employee, ai_ethics_committee, task_automation_rate",1.0,1.0,1.0,1,3.0,4320,3320,0.5,0.0012674144298711243,1,1
"2024.0, 2.0, [19.43,38.57], 1.0, 6.0, 1.0, [-3114.26425,3378.38425], [2013.28,2026.72], [-4.225,12.225], 0.0, [40.46065,78.89935], 2.0, [1.75,4.25], 0.0, 2.0, [6.67,13.33], [9.235599999999998,23.264400000000002], [0.3145,0.8274999999999999], [-120507.8632,291547.4632], [31.830000000000002,74.17], 2.0, [28.867800000000003,48.672200000000004], 1.0","survey_year, quarter, country, region, industry, company_size, annual_revenue_usd_millions, company_founding_year, company_age, company_age_group, ai_adoption_rate, ai_adoption_stage, years_using_ai, ai_primary_tool, ai_use_case, ai_projects_active, ai_budget_percentage, ai_maturity_score, ai_investment_per_employee, regulatory_compliance_score, data_privacy_level, task_automation_rate, data_collection_method",2.0,1.0,1.0,1,1.0,4322,3322,0.7666666666666667,0.00042247147662370806,2,2
"[14.72,33.28], 2.0, 3.0, [3855.6675,8850.0125], [2011.88,2030.12], 0.0, [-0.06840000000000046,48.168400000000005], [-0.7000000000000002,4.7], [5.1672,14.5928], [0.136125,0.463875], [28.341350000000002,37.858650000000004], [58.86,97.14], 0.0, 0.0, 2.0","country, region, industry, annual_revenue_usd_millions, company_founding_year, company_age_group, ai_adoption_rate, years_using_ai, ai_budget_percentage, ai_maturity_score, ai_failure_rate, regulatory_compliance_score, ai_ethics_committee, survey_source, data_collection_method",0.0,1.0,1.0,1,1.0,4327,3327,0.5,0.00042247147662370806,1,1
"2026.0, 2.0, [13.504999999999999,22.495], 5.0, 3.0, [2.5,5.5], 1.0, 1.0, [3.04,10.96], [56.53,81.47], 2.0, 1.0, [0.9565999999999981,31.563400000000005], 1.0","survey_year, quarter, country, industry, ai_adoption_stage, years_using_ai, ai_primary_tool, num_ai_tools_used, ai_projects_active, regulatory_compliance_score, data_privacy_level, ai_ethics_committee, task_automation_rate, data_collection_method",0.0,1.0,1.0,2,1.0,4328,3328,0.4666666666666667,0.0008449429532474161,2,2
"1.0, 1.0, 0.0, [-1615.2649999999994,12331.265], [6017.2251,10212.474900000001], [1983.48,2006.52], [2.75,5.25], 4.0, 4.0, [9.101199999999999,20.7188], [74224.4484,377434.9716], 1.0, 0.0, 0.0","quarter, region, company_size, num_employees, annual_revenue_usd_millions, company_founding_year, years_using_ai, num_ai_tools_used, ai_use_case, ai_budget_percentage, ai_investment_per_employee, ai_ethics_committee, survey_source, data_collection_method",2.0,1.0,1.0,1,1.0,4341,3341,0.4666666666666667,0.00042247147662370806,2,2
"2024.0, [23.215,32.785], 3.0, 0.0, [8965.895,18198.105], [1989.0,2013.0], 1.0, [18.9864,61.1936], 2.0, [5.6,8.4], 5.0, 2.0, 5.0, [11.9056,20.4544], [-180409.85640000002,254969.35640000002], [58.6,93.4], 1.0, [60.915,95.08500000000001], [11.796299999999999,45.1037], 2.0","survey_year, country, region, company_size, num_employees, company_founding_year, company_age_group, ai_adoption_rate, ai_adoption_stage, years_using_ai, ai_primary_tool, num_ai_tools_used, ai_use_case, ai_budget_percentage, ai_investment_per_employee, regulatory_compliance_score, ai_ethics_committee, ai_risk_management_score, task_automation_rate, survey_source",2.0,1.0,1.0,1,1.0,4354,3354,0.6666666666666666,0.00042247147662370806,2,2
"2024.0, [10.56,31.439999999999998], 1.0, 7.0, 0.0, [5834.75995,8731.48005], [1980.64,2003.36], [20.1,43.9], [26.050099999999997,66.7499], 2.0, [2.9,7.1], [2.6999999999999993,15.3], [4.134,17.286], [6.463374999999997,30.256625], [-152357.85880000002,251922.8388], [42.14,61.86], 0.0, 1.0","survey_year, country, region, industry, company_size, annual_revenue_usd_millions, company_founding_year, company_age, ai_adoption_rate, ai_adoption_stage, years_using_ai, ai_projects_active, ai_budget_percentage, ai_failure_rate, ai_investment_per_employee, regulatory_compliance_score, data_privacy_level, ai_ethics_committee",1.0,1.0,1.0,1,1.0,4359,3359,0.6,0.00042247147662370806,1,1
"[-5509.6849999999995,6079.6849999999995], [-3225.9211500000006,3466.5011500000005], [1998.68,2015.32], 2.0, [1.65,8.35], 3.0, [1.13,8.870000000000001], [5.6936,13.1464], [0.09487500000000004,0.565125], [-1.4966250000000016,22.296625000000002], [71.56,92.44], 0.0, 1.0, [49.269999999999996,72.73], [0.8718499999999985,29.228150000000003]","num_employees, annual_revenue_usd_millions, company_founding_year, ai_adoption_stage, years_using_ai, ai_primary_tool, ai_projects_active, ai_budget_percentage, ai_maturity_score, ai_failure_rate, regulatory_compliance_score, data_privacy_level, ai_ethics_committee, ai_risk_management_score, task_automation_rate",2.0,1.0,1.0,1,1.0,4360,3360,0.5,0.00042247147662370806,2,2
"0.0, [15.155,32.845], 2.0, [-2938.1004500000004,3155.00045], 0.0, [-0.4836000000000027,41.723600000000005], 3.0, 2.0, [-7.789100000000001,11.8091], [-3.8504000000000005,12.3704], [21.477574999999998,42.342425000000006], [-145288.336,165696.816], [52.7,93.3], 0.0, [34.055,53.945], 3.0","quarter, country, region, annual_revenue_usd_millions, company_age_group, ai_adoption_rate, ai_adoption_stage, num_ai_tools_used, ai_training_hours, ai_budget_percentage, ai_failure_rate, ai_investment_per_employee, regulatory_compliance_score, ai_ethics_committee, ai_risk_management_score, data_collection_method",0.0,1.0,1.0,2,1.0,4368,3368,0.5333333333333333,0.0008449429532474161,2,2
"2024.0, [17.215,26.785], 4.0, [10612.119999999999,16897.88], [4158.47235,7854.28765], [24.35,37.65], 3.0, 1.0, 5.0, [-0.006874999999999992,0.320875], [65.59,82.41], 1.0, 1.0","survey_year, country, industry, num_employees, annual_revenue_usd_millions, company_age, ai_adoption_stage, num_ai_tools_used, ai_use_case, ai_maturity_score, regulatory_compliance_score, ai_ethics_committee, survey_source",0.0,1.0,1.0,2,1.0,4369,3369,0.43333333333333335,0.0008449429532474161,2,2
"0.0, [2013.84,2030.16], 0.0, [25.303399999999996,52.4366], 2.0, [-1.4500000000000002,3.45], 2.0, [18.2738,44.8262], [1.3796,12.1204], [0.10012500000000005,0.541875], [7.9285,29.8915], [-114405.0816,188805.4416]","region, company_founding_year, company_age_group, ai_adoption_rate, ai_adoption_stage, years_using_ai, num_ai_tools_used, ai_training_hours, ai_budget_percentage, ai_maturity_score, ai_failure_rate, ai_investment_per_employee",2.0,1.0,1.0,1,1.0,4376,3376,0.4,0.00042247147662370806,2,2
"2024.0, 1.0, [5.43,24.57], 4.0, 0.0, [355.13539999999966,7147.444600000001], 1.0, [23.4923,55.1477], 2.0, [1.4500000000000002,6.55], 2.0, 5.0, [9.174549999999998,30.405450000000002], [2024.9635999999882,437404.1764], 2.0, 0.0, [54.21,83.78999999999999], [0.4870999999999981,26.5929]","survey_year, quarter, country, industry, company_size, annual_revenue_usd_millions, company_age_group, ai_adoption_rate, ai_adoption_stage, years_using_ai, num_ai_tools_used, ai_use_case, ai_failure_rate, ai_investment_per_employee, data_privacy_level, ai_ethics_committee, ai_risk_management_score, task_automation_rate",1.0,1.0,1.0,1,1.0,4378,3378,0.6,0.00042247147662370806,2,2
"2023.0, 3.0, 0.0, [1982.4,2001.6], [25.75,36.25], 2.0, [45.2216,93.45840000000001], 2.0, 4.0, [11.900799999999998,17.8192], [0.36250000000000004,0.8755], [-0.17477500000000035,25.814775], [-171602.01880000002,232678.6788], [52.21,81.79], 1.0, [22.682649999999995,43.83735]","survey_year, quarter, company_size, company_founding_year, company_age, company_age_group, ai_adoption_rate, ai_adoption_stage, num_ai_tools_used, ai_budget_percentage, ai_maturity_score, ai_failure_rate, ai_investment_per_employee, regulatory_compliance_score, ai_ethics_committee, task_automation_rate",2.0,1.0,1.0,1,1.0,4380,3380,0.5333333333333333,0.00042247147662370806,1,1
"2025.0, 1.0, 0.0, 4.0, [-4862.75,4958.75], [-2610.5028500000003,2683.5028500000003], [10.650499999999997,63.40950000000001], 0.0, 2.0, [-3.5700000000000003,9.57], [3.209999999999999,14.17], [0.06268750000000003,0.26931249999999995], [13.815475,36.144525], [63.47,96.53], 3.0, 2.0","survey_year, quarter, region, industry, num_employees, annual_revenue_usd_millions, ai_adoption_rate, ai_primary_tool, ai_use_case, ai_projects_active, ai_budget_percentage, ai_maturity_score, ai_failure_rate, regulatory_compliance_score, survey_source, data_collection_method",0.0,1.0,1.0,1,2.0,4385,3385,0.5333333333333333,0.0008449429532474161,1,1
"2024.0, [7.9399999999999995,16.060000000000002], 2.0, [-5059.040000000001,5941.040000000001], [21.775,38.225], 1.0, [4.793799999999997,43.986200000000004], [0.7645408740226838,10.65], 0.0, [13.633499999999998,54.7265], [10.831525,32.428475], [-114497.89480000001,212036.5148], 2.0, 0.0, [3.9322499999999962,28.68775]","survey_year, country, region, num_employees, company_age, company_age_group, ai_adoption_rate, years_using_ai, ai_primary_tool, ai_training_hours, ai_failure_rate, ai_investment_per_employee, data_privacy_level, ai_ethics_committee, task_automation_rate",1.0,1.0,1.0,1,1.0,4388,3388,0.5,0.00042247147662370806,1,1
"0.0, [1995.76,2008.24], [11.2,30.8], 1.0, [29.483399999999996,56.6166], 2.0, [4.45,9.55], 4.0, 2.0, [1.4,8.6], [-229201.374,237276.354], [65.01,82.99], 2.0, [43.975,72.025], [2.8021499999999975,28.457850000000004], 3.0","region, company_founding_year, company_age, company_age_group, ai_adoption_rate, ai_adoption_stage, years_using_ai, ai_primary_tool, num_ai_tools_used, ai_projects_active, ai_investment_per_employee, regulatory_compliance_score, data_privacy_level, ai_risk_management_score, task_automation_rate, survey_source",0,0.0,0.0,1,2.0,3390,3390,0.5333333333333333,0.0008449429532474161,0,1
"3.0, [7.720000000000001,26.28], 4.0, 8.0, 2.0, [-12212.228904062338,7021.264999999999], [-3077.1739,3115.8139], 1.0, [14.600100000000001,55.29990000000001], [4.05,7.95], 4.0, [0.13150000000000006,0.6445], [-238874.25800000003,305349.75800000003], 1.0, [54.129999999999995,91.87]","quarter, country, region, industry, company_size, num_employees, annual_revenue_usd_millions, company_age_group, ai_adoption_rate, years_using_ai, ai_primary_tool, ai_maturity_score, ai_investment_per_employee, ai_ethics_committee, ai_risk_management_score",1.0,1.0,1.0,2,1.0,4392,3392,0.5,0.0008449429532474161,1,1
"3.0, 2.0, 4.0, 1.0, [-3260.8150000000005,4792.8150000000005], [-1370.0673000000002,2026.0873000000001], [5.125,20.875], [11.86845,59.35155], 4.0, 2.0, [-0.4900000000000002,10.49], [4.5779,43.1421], [7.416649999999999,27.183350000000004], [47.82,72.18], 1.0, [57.565,76.435], [16.0178,35.8222]","quarter, region, industry, company_size, num_employees, annual_revenue_usd_millions, company_age, ai_adoption_rate, ai_primary_tool, ai_use_case, ai_projects_active, ai_training_hours, ai_failure_rate, regulatory_compliance_score, ai_ethics_committee, ai_risk_management_score, task_automation_rate",1.0,1.0,1.0,1,1.0,4393,3393,0.5666666666666667,0.00042247147662370806,1,1
"2025.0, 2.0, [-2.3950000000000005,12.395], 1.0, 8.0, 1.0, [-4704.965,5312.965], [1985.16,2008.84], 1.0, 3.0, [2.55,9.45], 4.0, 3.0, [1.3651999999999989,15.174800000000001], [31.345299999999998,41.5947], 0.0, [35.405,70.595], [1.2821499999999961,26.937850000000005], 2.0","survey_year, quarter, country, region, industry, company_size, num_employees, company_founding_year, company_age_group, ai_adoption_stage, years_using_ai, ai_primary_tool, ai_use_case, ai_budget_percentage, ai_failure_rate, ai_ethics_committee, ai_risk_management_score, task_automation_rate, data_collection_method",1.0,1.0,1.0,1,1.0,4400,3400,0.6333333333333333,0.00042247147662370806,2,2
"2023.0, 0.0, 1.0, 2.0, [2013.92,2026.08], [-9.775,15.775], 2.0, 3.0, 1.0, 6.0, [22.4886,69.2714], [6.4652,14.794800000000002], [0.32281250000000006,0.7431875], [9.861274999999996,35.118725], [-58285.5276,167178.7076], 0.0, [61.86,76.14], 0.0","survey_year, quarter, region, industry, company_founding_year, company_age, ai_adoption_stage, ai_primary_tool, num_ai_tools_used, ai_use_case, ai_training_hours, ai_budget_percentage, ai_maturity_score, ai_failure_rate, ai_investment_per_employee, ai_ethics_committee, ai_risk_management_score, survey_source",2.0,1.0,1.0,1,1.0,4403,3403,0.6,0.00042247147662370806,2,2
"[14.635,25.365000000000002], 2.0, [2002.36,2019.64], 3.0, [2.6785999999999994,35.84140000000001], 3.0, 0.0, 1.0, 2.0, [5.852399999999999,12.6476], [23.2732,34.9868], [-211235.0836,325214.3036], 2.0, 1.0","country, industry, company_founding_year, company_age_group, ai_adoption_rate, ai_adoption_stage, ai_primary_tool, num_ai_tools_used, ai_use_case, ai_budget_percentage, ai_failure_rate, ai_investment_per_employee, data_privacy_level, data_collection_method",2.0,1.0,1.0,1,1.0,4406,3406,0.4666666666666667,0.00042247147662370806,1,1
"2023.0, 3.0, 0.0, [-2308.58975,3185.1897500000005], [5.6,8.4], [0.2760625,0.5539375], [43.894999999999996,80.105], 0.0","survey_year, quarter, region, annual_revenue_usd_millions, years_using_ai, ai_maturity_score, ai_risk_management_score, survey_source",2.0,1.0,1.0,1,1.5,4409,3409,0.26666666666666666,0.0006337072149355621,2,2
"2023.0, 0.0, 3.0, 3.0, 0.0, [1431.12,7716.88], [6886.7727,10282.927300000001], [59.88875,78.73125], 2.0, [3.45,10.55], 1.0, 3.0, [0.17990006455056573,19.57], [8.8884,24.451600000000003], [0.500875,0.743125], [102926.99239999996,522756.94759999996], [12.611849999999997,40.96815], 0.0","survey_year, quarter, region, industry, company_size, num_employees, annual_revenue_usd_millions, ai_adoption_rate, ai_adoption_stage, years_using_ai, ai_primary_tool, num_ai_tools_used, ai_projects_active, ai_budget_percentage, ai_maturity_score, ai_investment_per_employee, task_automation_rate, data_collection_method",2.0,1.0,1.0,1,1.0,4410,3410,0.6,0.00042247147662370806,1,1
"2023.0, [12.49,23.509999999999998], 6.0, [-3000.6608000000006,3392.1008], [2007.08,2018.92], [-2.424999999999999,22.424999999999997], 3.0, [6.011599999999998,54.248400000000004], 3.0, [4.55,7.45], 1.0, [-3.5700000000000003,9.57], [1.4407999999999994,12.8392], [0.01568750000000005,0.4503125], [16.643625,36.776375], 1.0, [56.015,79.985], 1.0, 2.0","survey_year, country, industry, annual_revenue_usd_millions, company_founding_year, company_age, company_age_group, ai_adoption_rate, ai_adoption_stage, years_using_ai, num_ai_tools_used, ai_projects_active, ai_budget_percentage, ai_maturity_score, ai_failure_rate, ai_ethics_committee, ai_risk_management_score, survey_source, data_collection_method",0.0,1.0,1.0,1,1.0,4412,3412,0.6333333333333333,0.00042247147662370806,2,2
"0.0, [637.5468262914758,2342.3887], 5.0, [63.496175033831214,92.5], 0.0, [47.545,68.455], 1.0","quarter, annual_revenue_usd_millions, num_ai_tools_used, regulatory_compliance_score, data_privacy_level, ai_risk_management_score, data_collection_method",2,0.018593443208187066,0.7142857142857143,1,3.48,3414,3414,0.23333333333333334,0.0014702007386505041,0,0
"2025.0, 0.0, 2.0, [-3277.3100000000004,3401.3100000000004], [2006.52,2023.48], [-2.7750000000000004,22.775], [1.25,8.75], 7.0, [22.844499999999993,57.6155], [7.727199999999999,17.1528], [-151271.934,315205.794], 1.0, 1.0, [16.871549999999996,47.92845], 3.0","survey_year, quarter, company_size, num_employees, company_founding_year, company_age, years_using_ai, ai_use_case, ai_training_hours, ai_budget_percentage, ai_investment_per_employee, data_privacy_level, ai_ethics_committee, task_automation_rate, data_collection_method",2.0,1.0,1.0,1,4.0,4425,3425,0.5,0.0016898859064948322,1,1
"[20.634999999999998,31.365000000000002], [-5744.33,6434.33], [-1061.1035,1935.5035], [2.3499999999999996,15.65], 0.0, 2.0, [-11.294800000000006,31.694800000000004], [-0.5277194940175169,12.0176], [0.1948125,0.38718749999999996], 2.0, 1.0, [51.405,86.595], 3.0","country, num_employees, annual_revenue_usd_millions, company_age, ai_primary_tool, num_ai_tools_used, ai_training_hours, ai_budget_percentage, ai_maturity_score, data_privacy_level, ai_ethics_committee, ai_risk_management_score, data_collection_method",1.0,1.0,1.0,1,2.0,4426,3426,0.43333333333333335,0.0008449429532474161,1,1
"[18.78,29.22], 2.0, [2010.2,2027.8], 2.0, 2.0, [63.496175033831214,92.5], 0.0, 0.0, 3.0","country, industry, company_founding_year, ai_adoption_stage, ai_use_case, regulatory_compliance_score, data_privacy_level, ai_ethics_committee, survey_source",2,1.0,1.0,1,2.0,4427,3427,0.3,0.0008449429532474161,1,1
"1.0, [13.23,20.77], 6.0, 0.0, [1992.0,2016.0], 2.0, [1.7999999999999998,8.2], 3.0, 4.0, [24.9506,59.089400000000005], [13.6572,23.082800000000002], [56.6,91.4], 1.0, [48.64,85.36], 0.0, 2.0","quarter, country, industry, company_size, company_founding_year, ai_adoption_stage, years_using_ai, ai_primary_tool, num_ai_tools_used, ai_training_hours, ai_budget_percentage, regulatory_compliance_score, ai_ethics_committee, ai_risk_management_score, survey_source, data_collection_method",2.0,1.0,1.0,1,1.0,4431,3431,0.5333333333333333,0.00042247147662370806,2,2
"2024.0, 0.0, [4.91,17.09], 1.0, 4.0, [-2861.385,4799.385], 3.0, [5.9634,33.0966], 3.0, 0.0, 0.0, [14.4465,36.5735], [0.019000000000000017,0.475], [26.0111,39.188900000000004], [-272820.7768,286952.49679999996], 2.0, [22.64,59.36], [-13.728050000000001,13.728050000000001], 1.0, 1.0","survey_year, quarter, country, region, industry, num_employees, company_age_group, ai_adoption_rate, ai_adoption_stage, ai_primary_tool, ai_use_case, ai_training_hours, ai_maturity_score, ai_failure_rate, ai_investment_per_employee, data_privacy_level, ai_risk_management_score, task_automation_rate, survey_source, data_collection_method",2,0.0,0.0,1,2.0,3433,3433,0.6666666666666666,0.0008449429532474161,0,1
"2024.0, [16.125,37.875], 2.0, [-2164.9518000000003,2230.0718], 1.0, [22.011749999999996,55.928250000000006], 1.0, [2.0599999999999996,13.940000000000001], [16.9365,39.063500000000005], [0.18406250000000002,0.5759375], [-199854.304,266623.424], [49.95,76.05], [3.1137499999999996,14.36625], 1.0","survey_year, country, company_size, annual_revenue_usd_millions, company_age_group, ai_adoption_rate, num_ai_tools_used, ai_projects_active, ai_training_hours, ai_maturity_score, ai_investment_per_employee, regulatory_compliance_score, task_automation_rate, survey_source",1.0,1.0,1.0,1,4.0,4435,3435,0.4666666666666667,0.0016898859064948322,1,1
"2025.0, 3.0, [8.780000000000001,19.22], 0.0, [6246.885,18229.114999999998], [2009.56,2028.44], [32.14765,55.51235], 2.0, [1.9,8.1], 2.0, [7.12,12.879999999999999], [-2.4375000000000036,44.977500000000006], [0.304875,0.547125], [15.02455,36.25545], [-22184.092000000004,211054.772], 1.0, [63.015,86.985], [8.037299999999998,32.34270000000001], 0.0, 1.0","survey_year, quarter, country, company_size, num_employees, company_founding_year, ai_adoption_rate, ai_adoption_stage, years_using_ai, ai_primary_tool, ai_projects_active, ai_training_hours, ai_maturity_score, ai_failure_rate, ai_investment_per_employee, ai_ethics_committee, ai_risk_management_score, task_automation_rate, survey_source, data_collection_method",1.0,1.0,1.0,1,1.0,4436,3436,0.6666666666666666,0.00042247147662370806,2,2
"1.0, [-3719.675,5119.675], [-1050.81625,1446.35625], [1985.04,1994.96], 2.0, 0.0, 2.0, 1.0, [7.31,14.690000000000001], [12.267699999999998,39.4523], [7.001999999999999,13.578], [-87536.042,145702.822], 0.0, [13.5963,46.9037]","quarter, num_employees, annual_revenue_usd_millions, company_founding_year, ai_adoption_stage, ai_primary_tool, num_ai_tools_used, ai_use_case, ai_projects_active, ai_training_hours, ai_budget_percentage, ai_investment_per_employee, ai_ethics_committee, task_automation_rate",1.0,1.0,1.0,2,1.0,4438,3438,0.4666666666666667,0.0008449429532474161,1,1
"2.0, [-6.525,6.525], 0.0, 1.0, [-3647.1050000000005,5585.1050000000005], [-3341.62495,3750.34495], [1995.32,2010.68], 1.0, [-7.951400000000001,38.8314], [-0.003624999999999934,0.523625], [21.554125,34.365875], 0.0, 2.0","quarter, country, industry, company_size, num_employees, annual_revenue_usd_millions, company_founding_year, ai_adoption_stage, ai_training_hours, ai_maturity_score, ai_failure_rate, ai_ethics_committee, data_collection_method",0.0,1.0,1.0,2,1.0,4439,3439,0.43333333333333335,0.0008449429532474161,2,2
"1.0, [-2265.5228500000003,2712.4863000000005], 2.0, 3.0, 3.0, 0.0, [0.5899999999999999,9.41], [2.3472,17.2528], [0.2599375,0.43806249999999997], [7.9796749999999985,27.380325], [68.79,106.2159541867355], 2.0, [63.33,80.67], 3.0","quarter, annual_revenue_usd_millions, ai_adoption_stage, ai_primary_tool, num_ai_tools_used, ai_use_case, ai_projects_active, ai_budget_percentage, ai_maturity_score, ai_failure_rate, regulatory_compliance_score, data_privacy_level, ai_risk_management_score, survey_source",2.0,1.0,1.0,1,2.0,4440,3440,0.4666666666666667,0.0008449429532474161,1,1
"2.0, [15.01,32.99], 6.0, 2.0, [3.6750000000000007,24.325], 3.0, [16.28545,48.69455000000001], 5.0, [3.04,10.96], [-0.6420999999999992,37.9221], [-226559.1024,325439.54240000003], 1.0, [42.64,79.36], [12.137699999999997,32.8423], 1.0, 3.0","quarter, country, industry, company_size, company_age, company_age_group, ai_adoption_rate, ai_use_case, ai_projects_active, ai_training_hours, ai_investment_per_employee, data_privacy_level, ai_risk_management_score, task_automation_rate, survey_source, data_collection_method",1.0,1.0,1.0,1,3.0,4441,3441,0.5333333333333333,0.0012674144298711243,1,1
"2026.0, 3.0, [0.5049999999999999,9.495000000000001], 2.0, [-3191.9708000000005,3200.7908], [2014.16,2029.84], [-2.4749999999999996,10.475], [-20.389500000000005,32.3695], 1.0, [-1.9,1.9], 6.0, [-4.49,6.49], [-1.334400000000001,7.214400000000001], [24.42245,47.11755000000001], [76.66,103.34], 0.0, 0.0, 2.0","survey_year, quarter, country, company_size, annual_revenue_usd_millions, company_founding_year, company_age, ai_adoption_rate, ai_adoption_stage, years_using_ai, ai_use_case, ai_projects_active, ai_budget_percentage, ai_failure_rate, regulatory_compliance_score, data_privacy_level, ai_ethics_committee, data_collection_method",0.0,1.0,1.0,1,1.0,4448,3448,0.6,0.00042247147662370806,2,2
"0.0, [2.75,13.25], 3.0, [1.18365,54.69635], [1.65,8.35], 0.0, 3.0, [4.43,17.57], [16.147824999999997,33.352175], 0.0, [10.606999999999998,37.613]","quarter, company_age, company_age_group, ai_adoption_rate, years_using_ai, ai_primary_tool, num_ai_tools_used, ai_projects_active, ai_failure_rate, data_privacy_level, task_automation_rate",1.0,0.004115226337448558,0.3333333333333333,1,2.6666666666666665,4449,3449,0.36666666666666664,0.001126590604329888,1,3
"0.0, [2.75,13.25], 3.0, [1.18365,54.69635], [1.65,8.35], 0.0, 3.0, [4.43,17.57], [0.24750000000000003,0.5325], [16.147824999999997,33.352175], 0.0, [62.075,79.925], [10.606999999999998,37.613]","quarter, company_age, company_age_group, ai_adoption_rate, years_using_ai, ai_primary_tool, num_ai_tools_used, ai_projects_active, ai_maturity_score, ai_failure_rate, data_privacy_level, ai_risk_management_score, task_automation_rate",1.0,1.0,1.0,1,3.0,4449,3449,0.43333333333333335,0.0012674144298711243,1,1
"1.0, 6.0, [-2525.85285,2768.1528500000004], [3.125,18.875], 3.0, 2.0, 0.0, 3.0, 2.0, [6.67,13.33], [39.4,62.6], 0.0, [56.33,73.67]","region, industry, annual_revenue_usd_millions, company_age, company_age_group, ai_adoption_stage, ai_primary_tool, num_ai_tools_used, ai_use_case, ai_projects_active, regulatory_compliance_score, ai_ethics_committee, ai_risk_management_score",0.0,1.0,1.0,2,1.0,4450,3450,0.43333333333333335,0.0008449429532474161,2,2
"2.0, [15.33,28.67], 2.0, [-3998.2133208190244,2293.54525], 2.0, [4.85,11.15], 3.0, 0.0, [2.8367999999999984,25.068473741192413], [15.34085,32.17915000000001], [48533.304000000004,359518.456], 0.0, [40.585,57.415], 0.0","quarter, country, company_size, annual_revenue_usd_millions, company_age_group, years_using_ai, num_ai_tools_used, ai_use_case, ai_budget_percentage, ai_failure_rate, ai_investment_per_employee, ai_ethics_committee, ai_risk_management_score, data_collection_method",1.0,1.0,1.0,1,2.0,4454,3454,0.4666666666666667,0.0008449429532474161,1,1
"2.0, [15.33,28.67], 2.0, [28.4,39.6], 2.0, [4.85,11.15], 3.0, 0.0, [48533.304000000004,359518.456], 0.0, [40.585,57.415], [16.2984,30.7016]","quarter, country, company_size, company_age, company_age_group, years_using_ai, num_ai_tools_used, ai_use_case, ai_investment_per_employee, ai_ethics_committee, ai_risk_management_score, task_automation_rate",1.0,1.0,1.0,1,2.0,4454,3454,0.4,0.0008449429532474161,1,1
"1.0, [-6.135,12.135], 3.0, 0.0, [-4076.0299999999997,4174.03], [1992.68,2001.32], 1.0, [65.21,94.79], 1.0, 0.0, 0.0","quarter, country, region, industry, num_employees, company_founding_year, company_age_group, regulatory_compliance_score, ai_ethics_committee, survey_source, data_collection_method",0.0,1.0,1.0,1,3.0,4456,3456,0.36666666666666664,0.0012674144298711243,1,1
"0.0, [13.635,24.365000000000002], 6.0, 2.0, [-6593.620000000001,6763.620000000001], [-1884.2211,1911.4811000000002], 0.0, [-16.648250000000004,17.268250000000002], 1.0, [-4.193290029402321,2.35], [-7.402800000000001,7.502800000000001], [-159307.28040000002,357593.1495252553], [40.44,77.56], 0.0, [-3.1723000000000017,17.5323], 1.0","quarter, country, industry, company_size, num_employees, annual_revenue_usd_millions, company_age_group, ai_adoption_rate, ai_adoption_stage, years_using_ai, ai_budget_percentage, ai_investment_per_employee, regulatory_compliance_score, ai_ethics_committee, task_automation_rate, data_collection_method",0.0,1.0,1.0,1,2.0,4457,3457,0.5333333333333333,0.0008449429532474161,1,1
"1.0, 1.0, [-2073.7856,2720.7856], [-0.09999999999999964,18.1], 3.0, [32.79599999999999,62.944], 2.0, 4.0, [-1.5733000000000033,31.933300000000003], [0.13106250000000003,0.5229375], [32471.009999999995,226836.72999999998], [61.59,78.41], 0.0, [15.24285,34.59715]","region, company_size, annual_revenue_usd_millions, company_age, company_age_group, ai_adoption_rate, ai_adoption_stage, num_ai_tools_used, ai_training_hours, ai_maturity_score, ai_investment_per_employee, regulatory_compliance_score, ai_ethics_committee, task_automation_rate",1.0,1.0,1.0,1,1.3333333333333333,4460,3460,0.4666666666666667,0.000563295302164944,3,3
"2025.0, 1.0, [14.65,23.35], 1.0, 7.0, [5.75,12.25], 0.0, 0.0, [5.617599999999999,20.7424], [134516.38359999997,569895.5964], 0.0","survey_year, quarter, country, region, industry, years_using_ai, ai_primary_tool, ai_use_case, ai_budget_percentage, ai_investment_per_employee, data_collection_method",2.0,1.0,1.0,2,1.0,4461,3461,0.36666666666666664,0.0008449429532474161,2,2
"2026.0, [16.895,31.105], [-1830.0921500000004,2864.5921500000004], [1982.12,2003.88], [23.025,42.975], 2.0, 2.0, [34.1494,63.230599999999995], [0.4766875,0.9113125], [-129955.48400000001,142156.524], [49.89,84.11], 2.0, [41.875,80.125], [20.37285,39.72715], 3.0","survey_year, country, annual_revenue_usd_millions, company_founding_year, company_age, ai_adoption_stage, num_ai_tools_used, ai_training_hours, ai_maturity_score, ai_investment_per_employee, regulatory_compliance_score, data_privacy_level, ai_risk_management_score, task_automation_rate, survey_source",2.0,1.0,1.0,2,1.0,4463,3463,0.5,0.0008449429532474161,2,2
"2.0, 8.0, [-2075.59,3031.59], 3.0, [3.3499999999999996,6.65], 4.0, 2.0, [0.3063999999999991,14.773600000000002], [73.27,94.73], 2.0, 0.0, 1.0","quarter, industry, num_employees, ai_adoption_stage, years_using_ai, ai_primary_tool, num_ai_tools_used, ai_budget_percentage, regulatory_compliance_score, data_privacy_level, ai_ethics_committee, data_collection_method",0.0,1.0,1.0,1,1.0,4464,3464,0.4,0.00042247147662370806,1,1
"0.0, [13.620000000000001,26.38], [-2657.4073500000004,3635.46735], [16.85955,59.82045000000001], [4.55,7.45], 2.0, 3.0, 6.0, [2.8835999999999995,15.8164], [0.03962500000000002,0.424375], [16.141525,37.738475], [-169095.78920000003,231314.92742296908], [62.21,91.79], 0.0, 0.0, [37.76,62.24], [20.652549999999998,42.70745]","quarter, country, annual_revenue_usd_millions, ai_adoption_rate, years_using_ai, ai_primary_tool, num_ai_tools_used, ai_use_case, ai_budget_percentage, ai_maturity_score, ai_failure_rate, ai_investment_per_employee, regulatory_compliance_score, data_privacy_level, ai_ethics_committee, ai_risk_management_score, task_automation_rate",2.0,1.0,1.0,1,1.0,4465,3465,0.5666666666666667,0.00042247147662370806,1,1
"2023.0, 2.0, [-0.27999999999999936,18.28], 2.0, 7.0, 1.0, [-6154.975,6612.975], [-1665.6942000000001,1930.2342], 1.0, [-14.602650000000002,37.40265], 3.0, 1.0, 1.0, [32.64,69.36], [4.94375,16.19625]","survey_year, quarter, country, region, industry, company_size, num_employees, annual_revenue_usd_millions, company_age_group, ai_adoption_rate, ai_adoption_stage, num_ai_tools_used, ai_use_case, ai_risk_management_score, task_automation_rate",0.0,1.0,1.0,1,3.0,4469,3469,0.5,0.0012674144298711243,1,1
"2023.0, 0.0, [2004.24,2023.76], 2.0, [1.1,4.9], 0.0","survey_year, company_size, company_founding_year, ai_adoption_stage, years_using_ai, data_collection_method",2.0,0.18593443208187066,0.7142857142857143,2,2.2960000000000003,4749,3470,0.2,0.0019399890206560676,5,7
"2025.0, 1.0, [-6520.620000000001,6836.620000000001], [1985.4,1996.6], 2.0, [4.65,11.35], 2.0, [24.193799999999996,50.7462], [0.22968750000000002,0.5503125], [72.05,103.95], 0.0, 1.0","survey_year, region, num_employees, company_founding_year, company_age_group, years_using_ai, num_ai_tools_used, ai_training_hours, ai_maturity_score, regulatory_compliance_score, ai_ethics_committee, data_collection_method",1.0,1.0,1.0,1,2.0,4471,3471,0.4,0.0008449429532474161,1,1
"2024.0, 2.0, 2.0, 1.0, [2002.72,2021.28], 3.0, [6.233249999999998,47.68675], 0.0, [2.6900000000000004,13.309999999999999], [12.293299999999997,42.0067], [0.8939999999999997,8.566], [0.06062500000000001,0.559375], [-55920.214400000004,146220.1344], [59.72,78.28], 2.0, [-12.04855,19.90855], 1.0","survey_year, quarter, region, company_size, company_founding_year, company_age_group, ai_adoption_rate, ai_use_case, ai_projects_active, ai_training_hours, ai_budget_percentage, ai_maturity_score, ai_investment_per_employee, regulatory_compliance_score, data_privacy_level, task_automation_rate, data_collection_method",1.0,1.0,1.0,2,1.0,4475,3475,0.5666666666666667,0.0008449429532474161,1,1
"2.0, [-8.425,10.425], 4.0, 2.0, [-3608.93185,3682.81185], [1995.2,2004.8], [13.549999999999999,32.45], 1.0, [1.15,4.85], 1.0, 0.0, [-0.3099999999999996,10.309999999999999], [18.807199999999995,49.1528], [0.1465,0.4315], [20.20135,29.71865], 1.0, [44.405,79.595]","quarter, country, region, industry, annual_revenue_usd_millions, company_founding_year, company_age, company_age_group, years_using_ai, num_ai_tools_used, ai_use_case, ai_projects_active, ai_training_hours, ai_maturity_score, ai_failure_rate, data_privacy_level, ai_risk_management_score",1.0,1.0,1.0,2,1.0,4477,3477,0.5666666666666667,0.0008449429532474161,2,2
"2025.0, 1.0, 8.0, 0.0, [5175.63995,8072.36005], [2005.04,2022.96], [1.0249999999999986,20.975], 3.0, [6.2862499999999955,62.81375], [0.7999999999999998,7.2], 4.0, 3.0, 2.0, [26.2674,67.99260000000001], [9.5276,19.1724], [0.42862500000000003,0.813375], [47.3,64.7], 1.0, 1.0, [60.875,99.125], 2.0, 1.0","survey_year, region, industry, company_size, annual_revenue_usd_millions, company_founding_year, company_age, company_age_group, ai_adoption_rate, years_using_ai, ai_primary_tool, num_ai_tools_used, ai_use_case, ai_training_hours, ai_budget_percentage, ai_maturity_score, regulatory_compliance_score, data_privacy_level, ai_ethics_committee, ai_risk_management_score, survey_source, data_collection_method",2.0,1.0,1.0,2,1.0,4480,3480,0.7333333333333333,0.0008449429532474161,1,1
"[-2.715,16.715], 0.0, 8.0, 0.0, [318.66439999999966,5113.2356], [-5.324999999999999,15.325], 0.0, [2.3,7.7], 0.0, 6.0, [3.0215999999999985,14.8584], [0.1478125,0.45418749999999997], [11.036399999999999,34.4636], [53.95,80.05], 2.0, [44.464999999999996,73.535], 0.0","country, region, industry, company_size, annual_revenue_usd_millions, company_age, company_age_group, years_using_ai, ai_primary_tool, ai_use_case, ai_budget_percentage, ai_maturity_score, ai_failure_rate, regulatory_compliance_score, data_privacy_level, ai_risk_management_score, data_collection_method",1.0,1.0,1.0,1,1.0,4485,3485,0.5666666666666667,0.00042247147662370806,1,1
"2.0, 8.0, [-2935.1035500000003,2958.22355], [2006.72,2017.28], 3.0, [3.75,8.25], [9.3955,37.844500000000004], [0.09062500000000004,0.589375], [10.634549999999999,31.865450000000003], [72.59,89.41], 1.0, [2.137299999999996,26.442700000000002], 0.0","region, industry, annual_revenue_usd_millions, company_founding_year, company_age_group, years_using_ai, ai_training_hours, ai_maturity_score, ai_failure_rate, regulatory_compliance_score, data_privacy_level, task_automation_rate, survey_source",0.0,1.0,1.0,1,1.0,4493,3493,0.43333333333333335,0.00042247147662370806,2,2
"0.0, [-5.57,13.57], 4.0, [-3527.9759801791906,1891.0638500000002], [6.5,27.5], [-4.136900000000001,51.6369], 2.0, 0.0, [-0.6799999999999997,8.68], [-180532.7392,348142.01920000004], [51.11,74.89], 2.0","quarter, country, industry, annual_revenue_usd_millions, company_age, ai_adoption_rate, num_ai_tools_used, ai_use_case, ai_projects_active, ai_investment_per_employee, regulatory_compliance_score, data_privacy_level",1.0,1.0,1.0,1,2.0,4494,3494,0.4,0.0008449429532474161,1,1
"2024.0, [18.560000000000002,39.44], 1.0, 8.0, [-6739.883857332386,3404.3877], [12.024999999999999,31.975], 1.0, 3.0, [5.0,9.0], 0.0, [7.57,12.43], [3.548399999999999,13.6316], [0.21443750000000003,0.5635625], [23.790349999999997,47.94965], [-134901.2516,168309.2716], [32.76,65.24000000000001], 2.0, 3.0","survey_year, country, region, industry, annual_revenue_usd_millions, company_age, company_age_group, ai_adoption_stage, years_using_ai, ai_use_case, ai_projects_active, ai_budget_percentage, ai_maturity_score, ai_failure_rate, ai_investment_per_employee, regulatory_compliance_score, survey_source, data_collection_method",2.0,1.0,1.0,1,2.0,4497,3497,0.6,0.0008449429532474161,1,1
"[-8.005,12.005], 5.0, 3.0, [-4681.965,5335.965], [-1798.40525,2696.50525], [1984.36,2001.64], 1.0, 3.0, [-1.2000000000000002,5.2], 3.0, 1.0, [0.08431250000000001,0.5616875], [32.30295,47.67705], 1.0, 3.0, 0.0","country, region, industry, num_employees, annual_revenue_usd_millions, company_founding_year, company_age_group, ai_adoption_stage, years_using_ai, num_ai_tools_used, ai_use_case, ai_maturity_score, ai_failure_rate, ai_ethics_committee, survey_source, data_collection_method",1.0,1.0,1.0,1,1.0,4504,3504,0.5333333333333333,0.00042247147662370806,2,2
"2023.0, 1.0, [-5960.620000000001,7396.620000000001], [13.65,28.35], [2.9365499999999987,30.82345], 3.0, 1.0, 2.0, [-3.41,5.41], [16.9585,38.9215], [68.88,85.12], [44.935,77.065], 3.0","survey_year, company_size, num_employees, company_age, ai_adoption_rate, ai_adoption_stage, ai_primary_tool, num_ai_tools_used, ai_projects_active, ai_failure_rate, regulatory_compliance_score, ai_risk_management_score, survey_source",1.0,1.0,1.0,1,2.0,4509,3509,0.43333333333333335,0.0008449429532474161,1,1
"[17.91,30.09], 2.0, 2.0, [1997.12,2010.88], [3.6062834123722274,7.95], [0.30000000000000027,5.699999999999999], [0.37519999999999953,8.7048], [0.11225,0.31174999999999997], 0.0, [50.10919363923944,77.3], 3.0","country, industry, company_size, company_founding_year, years_using_ai, ai_projects_active, ai_budget_percentage, ai_maturity_score, ai_ethics_committee, ai_risk_management_score, data_collection_method",0.0,1.0,1.0,2,1.0,4511,3511,0.36666666666666664,0.0008449429532474161,1,1
"2025.0, [6.85,27.15], 4.0, 2.0, [-2881.4101,2912.0301], [1980.88,1999.12], 2.0, [21.711350000000003,43.56865], 2.0, 2.0, 0.0, [0.1429375,0.43506249999999996], [19.269925,35.010075], 2.0, [9.082449999999998,32.037549999999996], 0.0","survey_year, country, region, company_size, annual_revenue_usd_millions, company_founding_year, company_age_group, ai_adoption_rate, ai_primary_tool, num_ai_tools_used, ai_use_case, ai_maturity_score, ai_failure_rate, data_privacy_level, task_automation_rate, data_collection_method",1.0,1.0,1.0,1,2.0,4514,3514,0.5333333333333333,0.0008449429532474161,2,2
"1.0, [-7147.695,7191.695], 1.0, [11.218199999999998,32.3218], [-0.4500000000000002,6.45], [-3.05,5.05], [1.5120999999999984,26.167900000000003], [-0.0738125,0.4178125], [19.6843,44.575700000000005], [60.85,81.15], [10.753649999999997,22.90635], 1.0","quarter, num_employees, company_age_group, ai_adoption_rate, years_using_ai, ai_projects_active, ai_training_hours, ai_maturity_score, ai_failure_rate, regulatory_compliance_score, task_automation_rate, data_collection_method",1.0,0.13168724279835387,0.6666666666666666,1,1.6666666666666667,4526,3526,0.4,0.0007041191277061802,2,3
"2024.0, 1.0, 2.0, [-5448.040000000001,5552.040000000001], [-1486.7835,1509.8235], [0.71875,19.56125], [2.6999999999999997,9.3], 0.0, 1.0, [-4.140000000000001,4.140000000000001], [-0.14231249999999995,0.2923125], [28.652449999999998,51.34755], 2.0, [39.84,56.16], 1.0","survey_year, region, industry, num_employees, annual_revenue_usd_millions, ai_adoption_rate, years_using_ai, ai_primary_tool, num_ai_tools_used, ai_projects_active, ai_maturity_score, ai_failure_rate, data_privacy_level, ai_risk_management_score, survey_source",0.0,1.0,1.0,1,2.0,4528,3528,0.5,0.0008449429532474161,1,1
"2025.0, 5.0, 8.0, 1.0, [-6001.620000000001,7355.620000000001], [-2764.91665,2928.6366500000004], [19.0623,50.7177], [5.65,10.35], [2.4799999999999995,7.5200000000000005], [0.12787500000000002,0.48412499999999997], [48.31,83.69], 0.0, [51.625,64.375], [19.92355,32.97645], 0.0","survey_year, region, industry, company_size, num_employees, annual_revenue_usd_millions, ai_adoption_rate, years_using_ai, ai_projects_active, ai_maturity_score, regulatory_compliance_score, ai_ethics_committee, ai_risk_management_score, task_automation_rate, data_collection_method",1.0,1.0,1.0,1,1.0,4530,3530,0.5,0.00042247147662370806,2,2
"[-3.54,11.54], 5.0, 2.0, [-1929.2349999999997,3767.2349999999997], [1995.24,2006.76], [49.5182,70.62180000000001], [1.0210999999999997,14.198900000000002], 1.0, 0.0, [14.841849999999997,43.19815], 3.0","country, region, industry, num_employees, company_founding_year, ai_adoption_rate, ai_failure_rate, data_privacy_level, ai_ethics_committee, task_automation_rate, data_collection_method",2.0,1.0,1.0,2,3.0,4538,3538,0.36666666666666664,0.0025348288597422486,1,1
"0.0, 0.0, [-3360.5250000000005,3514.5250000000005], [1991.08,2002.92], 2.0, 2.0, [6.85,13.15], [6.913600000000001,19.846400000000003], [0.236625,0.621375], [38.18,71.82], 1.0, [25.6077,46.3123]","quarter, region, num_employees, company_founding_year, ai_adoption_stage, ai_primary_tool, ai_projects_active, ai_budget_percentage, ai_maturity_score, regulatory_compliance_score, ai_ethics_committee, task_automation_rate",2.0,1.0,1.0,1,1.0,4540,3540,0.4,0.00042247147662370806,2,2
"2024.0, 2.0, 1.0, 4.0, 1.0, [-5028.610000000001,5578.610000000001], [-3122.5980500000005,3769.5980500000005], [2004.0,2028.0], 3.0, 2.0, [-9.183300000000003,24.323300000000003], [0.1458125,0.45218749999999996], [25.879925,41.620075], [-119621.986,385728.88600000006], [20.143050000000002,37.69695]","survey_year, quarter, region, industry, company_size, num_employees, annual_revenue_usd_millions, company_founding_year, ai_adoption_stage, num_ai_tools_used, ai_training_hours, ai_maturity_score, ai_failure_rate, ai_investment_per_employee, task_automation_rate",1.0,1.0,1.0,1,3.0,4544,3544,0.5,0.0012674144298711243,1,1
"5.0, [2008.56,2019.44], [-0.3249999999999993,20.325], 2.0, [4.05,7.95], 2.0, 3.0, 5.0, [20.435000000000002,52.045], [5.890799999999999,11.8092], [35.730000000000004,72.27], 1.0, 1.0","region, company_founding_year, company_age, ai_adoption_stage, years_using_ai, ai_primary_tool, num_ai_tools_used, ai_use_case, ai_training_hours, ai_budget_percentage, regulatory_compliance_score, data_privacy_level, ai_ethics_committee",2.0,1.0,1.0,1,1.0,4546,3546,0.43333333333333335,0.00042247147662370806,2,2
"2025.0, 0.0, [-1910.2680000000003,2085.208], 3.0, [40.97695,80.92305], 2.0, 0.0, 2.0, [26.536199999999997,63.2038], [8.1356,16.6844], [0.26606250000000004,0.7719374999999999], [9.547824999999998,26.752175], [-99181.0676,126283.1676], 0.0, [9.097299999999997,33.4027]","survey_year, quarter, annual_revenue_usd_millions, company_age_group, ai_adoption_rate, ai_adoption_stage, ai_primary_tool, ai_use_case, ai_training_hours, ai_budget_percentage, ai_maturity_score, ai_failure_rate, ai_investment_per_employee, ai_ethics_committee, task_automation_rate",2.0,1.0,1.0,1,1.0,4549,3549,0.5,0.00042247147662370806,1,1
"2.0, [-2163.2418000000002,2231.7818], [1984.72,1995.28], 2.0, 3.0, 5.0, 2.0, 1.0, [8.287699999999997,35.472300000000004], [-4.5704,11.650400000000001], [-0.10068749999999999,0.3766875], [11.839174999999997,38.560825], [-154950.2744,241555.7944], [80.90123808336348,93.82], 1.0","company_size, annual_revenue_usd_millions, company_founding_year, company_age_group, ai_adoption_stage, ai_primary_tool, num_ai_tools_used, ai_use_case, ai_training_hours, ai_budget_percentage, ai_maturity_score, ai_failure_rate, ai_investment_per_employee, regulatory_compliance_score, ai_ethics_committee",1.0,0.1,1.0,1,1.0,3551,3551,0.5,0.00042247147662370806,0,0
"2025.0, 1.0, [17.36,26.64], 1.0, [-4630.535,4994.535], [-2227.3359500000006,2866.89595], [21.075,38.925], [-0.4500000000000002,6.45], 1.0, 0.0, [3.13,10.870000000000001], [0.22131249999999997,0.4706875], [53.75,68.25], 0.0, [50.33,67.67], 3.0, 3.0","survey_year, quarter, country, company_size, num_employees, annual_revenue_usd_millions, company_age, years_using_ai, num_ai_tools_used, ai_use_case, ai_projects_active, ai_maturity_score, regulatory_compliance_score, ai_ethics_committee, ai_risk_management_score, survey_source, data_collection_method",0.0,1.0,1.0,1,1.0,4553,3553,0.5666666666666667,0.00042247147662370806,2,2
"2023.0, 1.0, 1.0, [-3059.0108000000005,3333.7508000000003], [2005.04,2014.96], [55.73174999999999,89.64825], 0.0, [0.10000000000000009,3.9], 4.0, 6.0, [36.30449999999999,71.0755], [9.932025,24.207975], [-70744.71679999997,489028.5568], 0.0, 1.0, 3.0","survey_year, region, company_size, annual_revenue_usd_millions, company_founding_year, ai_adoption_rate, ai_adoption_stage, years_using_ai, num_ai_tools_used, ai_use_case, ai_training_hours, ai_failure_rate, ai_investment_per_employee, data_privacy_level, survey_source, data_collection_method",2.0,1.0,1.0,1,1.0,4557,3557,0.5333333333333333,0.00042247147662370806,2,2
"2025.0, [13.995,34.005], 2.0, 0.0, [-2237.028050000001,4655.16805], [1986.76,1999.24], [26.575,37.425], 2.0, [5.1,10.9], 1.0, 1.0, [28.277399999999997,70.0026], [9.5896,20.3304], [9.1053,19.3547], [-70592.8088,333687.8888], 0.0, 1.0, 2.0, 1.0","survey_year, country, region, company_size, annual_revenue_usd_millions, company_founding_year, company_age, ai_adoption_stage, years_using_ai, ai_primary_tool, num_ai_tools_used, ai_training_hours, ai_budget_percentage, ai_failure_rate, ai_investment_per_employee, data_privacy_level, ai_ethics_committee, survey_source, data_collection_method",2.0,1.0,1.0,1,1.0,4558,3558,0.6333333333333333,0.00042247147662370806,2,2
"2025.0, [-3.3499999999999996,5.35], 4.0, 0.0, 1.0, [1982.28,2003.72], 2.0, 1.0, [12.295299999999997,29.3647], [4.4116,10.7684], [33.4111,46.5889], [18.07275,38.32725], 0.0","survey_year, country, region, industry, company_size, company_founding_year, company_age_group, num_ai_tools_used, ai_training_hours, ai_budget_percentage, ai_failure_rate, task_automation_rate, data_collection_method",0.0,1.0,1.0,1,1.0,4560,3560,0.43333333333333335,0.00042247147662370806,2,2
"2.0, 2.0, 3.0, [-4519.395,5891.395], [1984.44,1997.56], [28.45,37.55], 2.0, 2.0, 3.0, 2.0, [1.1499999999999995,12.850000000000001], [18.1269,63.0131], [0.29756250000000006,0.6324375], [13.789250000000001,24.77075], [48.82,67.18], [15.7883,31.091700000000003], 0.0","quarter, region, industry, num_employees, company_founding_year, company_age, company_age_group, ai_adoption_stage, num_ai_tools_used, ai_use_case, ai_projects_active, ai_training_hours, ai_maturity_score, ai_failure_rate, ai_risk_management_score, task_automation_rate, data_collection_method",2.0,1.0,1.0,1,1.0,4563,3563,0.5666666666666667,0.00042247147662370806,2,2
"[4.574999999999999,23.425], 3.0, 1.0, [-6070.975,6696.975], [-2759.74735,3533.12735], [1990.48,2013.52], [12.15,33.85], [-12.5569,43.2169], 5.0, 2.0, 0.0, [5.4799999999999995,10.52], [-1.9292000000000002,9.4692], [-210044.4004,303081.1004], [41.485,68.515], 1.0","country, industry, company_size, num_employees, annual_revenue_usd_millions, company_founding_year, company_age, ai_adoption_rate, ai_primary_tool, num_ai_tools_used, ai_use_case, ai_projects_active, ai_budget_percentage, ai_investment_per_employee, ai_risk_management_score, data_collection_method",0.0,1.0,1.0,1,1.0,4568,3568,0.5333333333333333,0.00042247147662370806,2,2
"2026.0, 2.0, [12.445,29.555], 7.0, 2.0, [-4389.675,4449.675], [-1725.5807500000003,1770.4607500000004], 3.0, [-3.376899999999999,52.3969], 3.0, 2.0, [-3.880900000000004,39.7409], [25.6332,37.3468], 2.0, 1.0, 3.0","survey_year, quarter, country, industry, company_size, num_employees, annual_revenue_usd_millions, company_age_group, ai_adoption_rate, ai_primary_tool, num_ai_tools_used, ai_training_hours, ai_failure_rate, data_privacy_level, survey_source, data_collection_method",1.0,1.0,1.0,1,1.5,4569,3569,0.5333333333333333,0.0006337072149355621,2,2
"2026.0, 2.0, [2.0549999999999997,13.945], 2.0, [1998.72,2017.28], 1.0, [26.222299999999997,57.8777], 2.0, [4.05,7.95], 2.0, [22.714799999999997,42.9452], [7.857599999999999,22.982400000000002], [0.33868750000000003,0.5453125], [24146.766399999993,366230.4336], [48.3,65.7], 1.0, [42.21,71.78999999999999], 1.0","survey_year, quarter, country, region, company_founding_year, company_age_group, ai_adoption_rate, ai_adoption_stage, years_using_ai, ai_use_case, ai_training_hours, ai_budget_percentage, ai_maturity_score, ai_investment_per_employee, regulatory_compliance_score, data_privacy_level, ai_risk_management_score, survey_source",1.0,1.0,1.0,1,1.0,4571,3571,0.6,0.00042247147662370806,1,1
"2023.0, 1.0, 2.0, 1.0, [2011.76,2024.24], 0.0, 2.0, 0.0, [4.75,9.25], [-84209.67760000001,335620.27760000003], [63.120000000000005,104.88], 2.0, 0.0, [36.8,57.2], 2.0","survey_year, region, industry, company_size, company_founding_year, company_age_group, ai_adoption_stage, ai_use_case, ai_projects_active, ai_investment_per_employee, regulatory_compliance_score, data_privacy_level, ai_ethics_committee, ai_risk_management_score, survey_source",2.0,1.0,1.0,1,1.0,4573,3573,0.5,0.00042247147662370806,1,1
"[24.215,33.785], 1.0, [-4157.75,5663.75], [17.4,42.6], [-5.554700000000004,41.1747], 3.0, 1.0, [-1.75,11.75], [3.9335999999999998,11.3864], [16.67505,30.58495], [42.25,85.75], 2.0, 0.0, [22.15,57.85], 1.0","country, region, num_employees, company_age, ai_adoption_rate, ai_primary_tool, num_ai_tools_used, ai_projects_active, ai_budget_percentage, ai_failure_rate, regulatory_compliance_score, data_privacy_level, ai_ethics_committee, ai_risk_management_score, data_collection_method",1.0,1.0,1.0,1,1.0,4577,3577,0.5,0.00042247147662370806,2,2
"3.0, 2.0, 0.0, [11816.875,26549.125], [-1574.9504500000003,4518.15045], [2000.68,2009.32], [10.95,27.05], [44.314499999999995,66.9255], 2.0, [0.6999999999999997,7.300000000000001], 2.0, [10.21,15.79], [34.2733,63.986700000000006], [4.869199999999999,20.8708], [-273899.7112,293648.1912], [75.15,112.85], 2.0, 0.0, [58.72,87.28], 3.0","quarter, region, industry, num_employees, annual_revenue_usd_millions, company_founding_year, company_age, ai_adoption_rate, ai_adoption_stage, years_using_ai, ai_primary_tool, ai_projects_active, ai_training_hours, ai_budget_percentage, ai_investment_per_employee, regulatory_compliance_score, data_privacy_level, ai_ethics_committee, ai_risk_management_score, survey_source",2.0,1.0,1.0,1,2.0,4578,3578,0.6666666666666666,0.0008449429532474161,1,1
"2023.0, [22.2,33.8], 8.0, 1.0, [-6989.91,7545.91], 2.0, [0.1499999999999999,3.85], 3.0, 6.0, [7.0684,22.6316], [65.59,82.41], 0.0, 1.0, [52.875,91.125], [-2.3180500000000013,25.13805], 0.0","survey_year, country, industry, company_size, num_employees, ai_adoption_stage, years_using_ai, num_ai_tools_used, ai_use_case, ai_budget_percentage, regulatory_compliance_score, data_privacy_level, ai_ethics_committee, ai_risk_management_score, task_automation_rate, survey_source",1.0,1.0,1.0,1,1.0,4579,3579,0.5333333333333333,0.00042247147662370806,2,2
"2.0, [-3.2650000000000006,13.265], 1.0, [-2062.6449000000002,2132.6049000000003], [2002.56,2013.44], [10.75,21.25], 2.0, [5.691599999999999,33.5084], [6.371199999999999,12.5088], [21.672275,32.287725], [-220197.34480000002,300702.7848], [66.25,109.75], 2.0, 0.0, [41.64,78.36], 3.0","quarter, country, region, annual_revenue_usd_millions, company_founding_year, company_age, ai_adoption_stage, ai_training_hours, ai_budget_percentage, ai_failure_rate, ai_investment_per_employee, regulatory_compliance_score, data_privacy_level, ai_ethics_committee, ai_risk_management_score, data_collection_method",1.0,1.0,1.0,1,1.0,4580,3580,0.5333333333333333,0.00042247147662370806,2,2
"2.0, [21.025,36.975], [-6738.835000000001,6814.835000000001], [-5.1,13.1], 0.0, 2.0, [3.03,8.97], [-1.764800000000001,12.0448], [0.11781250000000004,0.4241875], [-211287.41160000002,286288.83160000003], 1.0, [55.29,76.71]","quarter, country, num_employees, company_age, company_age_group, ai_adoption_stage, ai_projects_active, ai_budget_percentage, ai_maturity_score, ai_investment_per_employee, ai_ethics_committee, ai_risk_management_score",1.0,1.0,1.0,1,1.0,4583,3583,0.4,0.00042247147662370806,2,2
"2023.0, [20.735,37.265], 6.0, 0.0, [258.3519499999993,7150.54805], [1988.56,2007.44], 1.0, 3.0, [1.1,4.9], 2.0, 2.0, [1.4,8.6], [13.903374999999999,37.696625000000004], [49.14,68.86], 0.0, [39.485,66.515], [4.263249999999999,20.016750000000002], 3.0, 2.0","survey_year, country, industry, company_size, annual_revenue_usd_millions, company_founding_year, company_age_group, ai_adoption_stage, years_using_ai, num_ai_tools_used, ai_use_case, ai_projects_active, ai_failure_rate, regulatory_compliance_score, data_privacy_level, ai_risk_management_score, task_automation_rate, survey_source, data_collection_method",1.0,1.0,1.0,1,2.0,4586,3586,0.6333333333333333,0.0008449429532474161,1,1
"[-1.8600000000000012,17.86], 2.0, 7.0, 0.0, [-2731.411150000001,3961.0111500000003], [2010.44,2023.56], [-3.9750000000000014,15.975000000000001], 3.0, 0.0, 2.0, 3.0, [5.4799999999999995,10.52], [5.764499999999995,40.5355], [66.53,91.47], [50.055,69.945], [9.577999999999998,27.582], 2.0, 3.0","country, region, industry, company_size, annual_revenue_usd_millions, company_founding_year, company_age, ai_adoption_stage, ai_primary_tool, num_ai_tools_used, ai_use_case, ai_projects_active, ai_training_hours, regulatory_compliance_score, ai_risk_management_score, task_automation_rate, survey_source, data_collection_method",2.0,1.0,1.0,1,2.0,4587,3587,0.6,0.0008449429532474161,1,1
"2023.0, 1.0, 2.0, [-2942.3135500000003,2951.01355], 0.0, [3.274199999999997,54.525800000000004], 3.0, [-1.4500000000000002,3.45], 7.0, [2.3000000000000003,7.699999999999999], [-1.357400000000002,20.137400000000003], [-0.13720000000000043,6.8772], [-278007.92679999996,281765.3468], 0.0, 1.0, [-2.6383500000000026,27.51835], 2.0, 1.0","survey_year, region, company_size, annual_revenue_usd_millions, company_age_group, ai_adoption_rate, ai_adoption_stage, years_using_ai, ai_use_case, ai_projects_active, ai_training_hours, ai_budget_percentage, ai_investment_per_employee, data_privacy_level, ai_ethics_committee, task_automation_rate, survey_source, data_collection_method",1.0,1.0,1.0,1,1.0,4588,3588,0.6,0.00042247147662370806,1,1
"2024.0, 2.0, 1.0, [-2901.40425,3591.24425], 1.0, [0.543099999999999,56.316900000000004], 3.0, [0.5999999999999996,7.4], 1.0, 1.0, [-4.977400000000003,16.517400000000002], [3.394799999999999,16.9852], [0.18887500000000002,0.431125], [18.06035,42.21965], [-243601.8956,331720.6356], [47.25,90.75], 0.0, 1.0, 1.0, 1.0","survey_year, quarter, region, annual_revenue_usd_millions, company_age_group, ai_adoption_rate, ai_adoption_stage, years_using_ai, ai_primary_tool, num_ai_tools_used, ai_training_hours, ai_budget_percentage, ai_maturity_score, ai_failure_rate, ai_investment_per_employee, regulatory_compliance_score, data_privacy_level, ai_ethics_committee, survey_source, data_collection_method",1.0,1.0,1.0,1,1.0,4594,3594,0.6666666666666666,0.00042247147662370806,2,2
"3.0, 0.0, [-2632.5250000000005,4242.525000000001], [-3058.5977000000003,3533.9377000000004], [17.475,32.525], 1.0, [7.860800000000001,31.979200000000002], 3.0, 0.0, 2.0, [-5.03,7.03], [-9.782600000000004,31.942600000000006], [-0.027624999999999955,0.38562499999999994], [24.423125,51.876875], 0.0, [61.095,76.905], 2.0","quarter, region, num_employees, annual_revenue_usd_millions, company_age, company_age_group, ai_adoption_rate, ai_adoption_stage, ai_primary_tool, num_ai_tools_used, ai_projects_active, ai_training_hours, ai_maturity_score, ai_failure_rate, data_privacy_level, ai_risk_management_score, data_collection_method",1.0,1.0,1.0,1,1.0,4595,3595,0.5666666666666667,0.00042247147662370806,2,2
"0.0, 1.0, [7.35,20.65], [20.041049999999995,70.53895], 2.0, [3.4,10.6], [0.13918750000000002,0.6308125], [10.4227,29.457300000000004], [-240998.85600000003,264352.016], [62.54,105.46000000000001], 0.0, 0.0","quarter, company_size, company_age, ai_adoption_rate, ai_primary_tool, ai_projects_active, ai_maturity_score, ai_failure_rate, ai_investment_per_employee, regulatory_compliance_score, data_privacy_level, survey_source",2.0,1.0,1.0,1,3.0,4597,3597,0.4,0.0012674144298711243,1,1
"2023.0, 0.0, 2.0, [-3240.71425,3251.9342500000002], [14.399999999999999,25.6], 4.0, 2.0, [-1.6600000000000001,11.66], [-3.3428000000000004,11.562800000000001], [-272443.5268,287329.74679999996], 1.0, 0.0, [33.425,66.575]","survey_year, quarter, company_size, annual_revenue_usd_millions, company_age, ai_primary_tool, ai_use_case, ai_projects_active, ai_budget_percentage, ai_investment_per_employee, data_privacy_level, ai_ethics_committee, ai_risk_management_score",0.0,1.0,1.0,1,1.0,4601,3601,0.43333333333333335,0.00042247147662370806,2,2
"0.0, [1933.2933999999998,4730.1266000000005], [1984.08,2003.92], [4.3,9.7], 5.0, 1.0, [4.5,13.5], [-0.10350000000000037,22.023500000000002], [-77957.3744,124182.9744], [47.730000000000004,84.27]","industry, annual_revenue_usd_millions, company_founding_year, years_using_ai, ai_primary_tool, num_ai_tools_used, ai_projects_active, ai_training_hours, ai_investment_per_employee, regulatory_compliance_score",0.0,1.0,1.0,1,2.0,4615,3615,0.3333333333333333,0.0008449429532474161,1,1
"2025.0, 0.0, [5904.035,15921.965], [1933.2933999999998,4730.1266000000005], [1984.08,2003.92], 5.0, 1.0, 0.0, [4.5,13.5], [-0.10350000000000037,22.023500000000002], [-77957.3744,124182.9744], [47.730000000000004,84.27], [52.129999999999995,89.87], 0.0","survey_year, industry, num_employees, annual_revenue_usd_millions, company_founding_year, ai_primary_tool, num_ai_tools_used, ai_use_case, ai_projects_active, ai_training_hours, ai_investment_per_employee, regulatory_compliance_score, ai_risk_management_score, data_collection_method",0.0,1.0,1.0,1,2.0,4615,3615,0.4666666666666667,0.0008449429532474161,1,1
"2.0, 6.0, 0.0, [6182.035,16199.965], [2761.8999,8555.3401], [5.725,24.275], 3.0, 3.0, [-2.2399999999999998,4.24], [0.059125000000000066,0.500875], 0.0, [6.07345,20.02655], 3.0","quarter, industry, company_size, num_employees, annual_revenue_usd_millions, company_age, company_age_group, ai_adoption_stage, ai_projects_active, ai_maturity_score, ai_ethics_committee, task_automation_rate, survey_source",1.0,1.0,1.0,1,3.0,4621,3621,0.43333333333333335,0.0012674144298711243,1,1
"2026.0, [10.94,19.060000000000002], 1.0, 0.0, 2.0, [0.8999999999999999,5.1], 0.0, 0.0, [3.7699999999999996,12.23], [3.3659999999999997,12.134], [0.1905625,0.5254375], [7.113124999999998,34.566875], [-169570.8152,281357.6552], [42.989999999999995,83.01], [41.64,78.36], 0.0, 1.0","survey_year, country, region, industry, ai_adoption_stage, years_using_ai, ai_primary_tool, ai_use_case, ai_projects_active, ai_budget_percentage, ai_maturity_score, ai_failure_rate, ai_investment_per_employee, regulatory_compliance_score, ai_risk_management_score, survey_source, data_collection_method",1.0,1.0,1.0,2,1.5,4622,3622,0.5666666666666667,0.0012674144298711243,2,2
"2025.0, [23.505,32.495], 1.0, [-5650.76,6920.76], [-942.7531500000002,1754.1931500000003], [2001.56,2012.44], [8.572149999999997,54.54785], [-0.41999999999999993,6.42], [2.632799999999999,9.6472], [-0.018124999999999974,0.452125], [-252314.08000000002,330783.08], [54.08,81.92], [13.5886,26.1914], 1.0","survey_year, country, company_size, num_employees, annual_revenue_usd_millions, company_founding_year, ai_adoption_rate, ai_projects_active, ai_budget_percentage, ai_maturity_score, ai_investment_per_employee, regulatory_compliance_score, task_automation_rate, survey_source",0.0,1.0,1.0,1,1.0,4623,3623,0.4666666666666667,0.00042247147662370806,2,2
"2023.0, [1984.08,2003.92], [23.225,34.775], 1.0, 3.0, [-0.5999999999999996,6.6], 3.0, [-0.43000000000000016,4.43], [0.02862500000000001,0.299375], 0.0, [3.6573999999999973,27.062600000000003], 2.0","survey_year, company_founding_year, company_age, company_age_group, ai_adoption_stage, years_using_ai, ai_use_case, ai_projects_active, ai_maturity_score, data_privacy_level, task_automation_rate, survey_source",0.0,1.0,1.0,1,3.0,4627,3627,0.4,0.0012674144298711243,1,1
"2025.0, 2.0, [3.879999999999999,20.12], 5.0, [2003.0,2019.0], [3.325000000000001,34.44617630348791], 3.0, [1.3889999999999993,46.611000000000004], 3.0, 7.0, [2.39,7.609999999999999], [20.339199999999998,38.040800000000004], [5.7704810296985105,13.7056], 2.0, 1.0, [48.975,77.025], [5.326599999999996,35.933400000000006], 1.0","survey_year, quarter, country, industry, company_founding_year, company_age, company_age_group, ai_adoption_rate, ai_adoption_stage, ai_use_case, ai_projects_active, ai_training_hours, ai_budget_percentage, data_privacy_level, ai_ethics_committee, ai_risk_management_score, task_automation_rate, data_collection_method",1.0,1.0,1.0,1,1.0,4628,3628,0.6,0.00042247147662370806,1,1
"1.0, 1.0, [2014.96,2029.04], 2.0, 3.0, [4.69,15.309999999999999], [15.033374999999998,38.826625], [79473.54440000001,460430.3556], 0.0, [51.585,68.415], 0.0, 3.0","region, company_size, company_founding_year, ai_adoption_stage, num_ai_tools_used, ai_projects_active, ai_failure_rate, ai_investment_per_employee, ai_ethics_committee, ai_risk_management_score, survey_source, data_collection_method",2.0,1.0,1.0,2,2.0,4635,3635,0.4,0.0016898859064948322,1,1
"1.0, [-5.3950000000000005,9.395], 5.0, 5.0, 1.0, [-3005.385,4655.385], [-1719.90765,1975.90765], 0.0, [-1.4500000000000002,5.45], 1.0, 1.0, [-4.475500000000004,30.295500000000004], [4.112,10.688], [0.14706249999999998,0.42493749999999997], [27.035050000000002,40.944950000000006], [40.57,79.43], 0.0, 1.0, 3.0, 0.0","quarter, country, region, industry, company_size, num_employees, annual_revenue_usd_millions, company_age_group, years_using_ai, ai_primary_tool, num_ai_tools_used, ai_training_hours, ai_budget_percentage, ai_maturity_score, ai_failure_rate, regulatory_compliance_score, data_privacy_level, ai_ethics_committee, survey_source, data_collection_method",2.0,1.0,1.0,1,1.0,4636,3636,0.6666666666666666,0.00042247147662370806,1,1
"0.0, 2.0, 5.0, 1.0, [1981.0,2005.0], [22.6,39.4], [35.77105,86.26895], 3.0, 3.0, 1.0, [8.48,13.52], [0.40256249999999993,0.7374375], [13.752274999999997,24.367725], [-188530.5036,347918.8836], 1.0","quarter, region, industry, company_size, company_founding_year, company_age, ai_adoption_rate, ai_primary_tool, num_ai_tools_used, ai_use_case, ai_projects_active, ai_maturity_score, ai_failure_rate, ai_investment_per_employee, ai_ethics_committee",2.0,1.0,1.0,1,2.0,4637,3637,0.5,0.0008449429532474161,1,1
"[14.620000000000001,27.38], 0.0, [93.32884999999942,6785.75115], [1988.12,2001.88], [52.662299999999995,84.3177], 2.0, [5.6,10.4], 2.0, 3.0, [27.0247,73.17530000000001], [5.9236,18.8564], [0.43425,0.7477499999999999], [3.383124999999998,30.836875], [66.75,81.25], 2.0, 1.0, 1.0","country, company_size, annual_revenue_usd_millions, company_founding_year, ai_adoption_rate, ai_adoption_stage, years_using_ai, ai_primary_tool, num_ai_tools_used, ai_training_hours, ai_budget_percentage, ai_maturity_score, ai_failure_rate, regulatory_compliance_score, data_privacy_level, ai_ethics_committee, data_collection_method",1.0,1.0,1.0,1,3.0,4638,3638,0.5666666666666667,0.0012674144298711243,1,1
"2023.0, 2.0, [3.8499999999999996,24.15], 1.0, [1982.56,2001.44], [24.875,37.125], 2.0, [3.4999999999999996,10.5], 1.0, [2.5948,16.185200000000002], [0.08506250000000004,0.4769375], [13.002699999999999,32.0373], [-22469.652799999996,265191.6128], 0.0, 2.0, 2.0","survey_year, quarter, country, company_size, company_founding_year, company_age, company_age_group, years_using_ai, ai_use_case, ai_budget_percentage, ai_maturity_score, ai_failure_rate, ai_investment_per_employee, ai_ethics_committee, survey_source, data_collection_method",1.0,1.0,1.0,1,1.5,4643,3643,0.5333333333333333,0.0006337072149355621,2,2
"2024.0, 2.0, [-5556.255000000001,5640.255000000001], [2004.36,2021.64], [4.874999999999999,17.125], 3.0, 3.0, 3.0, [-0.17581249999999998,0.3158125], [28.7211,41.898900000000005], [-242519.8912,325028.0112], [68.59,85.41], 0.0, [25.445,56.555], 3.0, 1.0","survey_year, company_size, num_employees, company_founding_year, company_age, company_age_group, ai_adoption_stage, num_ai_tools_used, ai_maturity_score, ai_failure_rate, ai_investment_per_employee, regulatory_compliance_score, ai_ethics_committee, ai_risk_management_score, survey_source, data_collection_method",1.0,1.0,1.0,2,1.0,4644,3644,0.5333333333333333,0.0008449429532474161,2,2
"2.0, [-2.6550000000000002,8.655000000000001], 2.0, 0.0, 3.0, [46.64545,79.05455], 2.0, [2.75,9.25], 6.0, [36.2752,79.26480000000001], [4.887599999999998,20.0124], [1.607574999999997,22.472425], [-90133.35320000001,127556.2532], 2.0, 1.0","quarter, country, industry, company_size, company_age_group, ai_adoption_rate, ai_adoption_stage, years_using_ai, ai_use_case, ai_training_hours, ai_budget_percentage, ai_failure_rate, ai_investment_per_employee, data_privacy_level, survey_source",2.0,1.0,1.0,1,2.0,4648,3648,0.5,0.0008449429532474161,1,1
"2.0, [-6357.975,6409.975], [-4.110932962860343,13.275], 0.0, [24.6871,50.3129], 2.0, 5.0, [19.060899999999997,38.6591], [9.0732,16.3068], 0.0, 0.0, 0.0, 1.0","region, num_employees, company_age, company_age_group, ai_adoption_rate, num_ai_tools_used, ai_use_case, ai_training_hours, ai_budget_percentage, data_privacy_level, ai_ethics_committee, survey_source, data_collection_method",1.0,1.0,1.0,1,1.0,4654,3654,0.43333333333333335,0.00042247147662370806,1,1
"0.0, [-7150.695,7188.695], [12.925,23.075], 1.0, 3.0, 0.0, [11.706699999999998,45.213300000000004], [0.15043750000000003,0.4995625], [33.39925,44.38075], 0.0, 3.0","region, num_employees, company_age, company_age_group, num_ai_tools_used, ai_use_case, ai_training_hours, ai_maturity_score, ai_failure_rate, data_privacy_level, data_collection_method",1.0,1.0,1.0,1,1.0,4655,3655,0.36666666666666664,0.00042247147662370806,2,2
"[1.2149999999999999,10.785], 5.0, 3.0, 2.0, [-4816.75,5004.75], [2015.84,2024.16], 3.0, 0.0, 4.0, [4.2928,11.3072], [21.11715,33.56285], [-232889.6936,303559.6936], [51.53,76.47], 0.0","country, region, industry, company_size, num_employees, company_founding_year, ai_adoption_stage, ai_primary_tool, num_ai_tools_used, ai_budget_percentage, ai_failure_rate, ai_investment_per_employee, regulatory_compliance_score, data_privacy_level",1.0,1.0,1.0,1,3.0,4656,3656,0.4666666666666667,0.0012674144298711243,1,1
"1.0, [11.735,28.265], 1.0, [-7.025,15.025], 0.0, 1.0, 2.0, 5.0, [5.6000000000000005,16.4], [-1.9408000000000012,15.760800000000001], [0.036312500000000025,0.5136875000000001], [21.41455,42.645450000000004], [-154340.91840000002,319911.4384], [64.02,99.98], 0.0, 1.0, 2.0","quarter, country, company_size, company_age, company_age_group, ai_primary_tool, num_ai_tools_used, ai_use_case, ai_projects_active, ai_training_hours, ai_maturity_score, ai_failure_rate, ai_investment_per_employee, regulatory_compliance_score, data_privacy_level, ai_ethics_committee, data_collection_method",2.0,1.0,1.0,1,1.0,4661,3661,0.5666666666666667,0.00042247147662370806,2,2
"2024.0, [15.925,26.075], [-3469.481500000001,3522.6015000000007], [1984.4,1995.6], [-1.2292000000000005,22.889200000000002], [6.25,9.75], 1.0, [-3.3999999999999995,7.3999999999999995], [20.455475,42.784525], [-221522.59480000002,299377.5348], 1.0, 0.0, [-9.962800000000001,15.242800000000003]","survey_year, country, annual_revenue_usd_millions, company_founding_year, ai_adoption_rate, years_using_ai, num_ai_tools_used, ai_projects_active, ai_failure_rate, ai_investment_per_employee, data_privacy_level, ai_ethics_committee, task_automation_rate",0.0,1.0,1.0,1,2.0,4662,3662,0.43333333333333335,0.0008449429532474161,1,1
"3.0, [-0.9300000000000006,8.93], 1.0, [-3047.83425,3444.8142500000004], [2005.0,2013.0], [2.575000000000001,27.424999999999997], 3.0, [-1.1400000000000006,7.140000000000001], [4.2355,32.6845], [0.0016875000000000084,0.3223125], [19.052449999999997,41.747550000000004], [-148141.7104,170618.0704], 2.0, 0.0, [41.21,70.78999999999999], 1.0","quarter, country, company_size, annual_revenue_usd_millions, company_founding_year, company_age, company_age_group, ai_projects_active, ai_training_hours, ai_maturity_score, ai_failure_rate, ai_investment_per_employee, data_privacy_level, ai_ethics_committee, ai_risk_management_score, survey_source",1.0,1.0,1.0,1,1.0,4663,3663,0.5333333333333333,0.00042247147662370806,2,2
"2026.0, 0.0, 2.0, [-2819.2349999999997,8418.367138782356], [13.625,36.375], 1.0, [22.257349999999995,74.26265000000001], 2.0, [7.75,12.25], 4.0, 1.0, [-10.037000000000003,34.217], [4.612799999999998,17.1072], [0.2059375,0.3840625], [19.775299999999998,30.0247], [70.59,87.41], 2.0, [39.17,72.83]","survey_year, quarter, company_size, num_employees, company_age, company_age_group, ai_adoption_rate, ai_adoption_stage, years_using_ai, ai_primary_tool, num_ai_tools_used, ai_training_hours, ai_budget_percentage, ai_maturity_score, ai_failure_rate, regulatory_compliance_score, data_privacy_level, ai_risk_management_score",0.0,1.0,1.0,1,3.0,4664,3664,0.6,0.0012674144298711243,1,1
"2026.0, 0.0, [15.285,34.715], [-2819.2349999999997,2877.2349999999997], [13.625,36.375], 1.0, [7.75,12.25], 4.0, 1.0, [-10.037000000000003,34.217], [4.612799999999998,17.1072], [0.2059375,0.3840625], [19.775299999999998,30.0247], [70.59,87.41], 2.0, [39.17,72.83]","survey_year, quarter, country, num_employees, company_age, company_age_group, years_using_ai, ai_primary_tool, num_ai_tools_used, ai_training_hours, ai_budget_percentage, ai_maturity_score, ai_failure_rate, regulatory_compliance_score, data_privacy_level, ai_risk_management_score",0.0,1.0,1.0,1,3.0,4664,3664,0.5333333333333333,0.0012674144298711243,1,1
"2025.0, 1.0, 1.0, [-7239.91,7295.91], [-3238.42425,3254.22425], [2004.28,2025.72], [-0.6749999999999989,20.674999999999997], [28.447899999999997,78.19210000000001], 2.0, [3.5,6.5], [5.69,16.31], [0.5259375,0.7040625], [10.076649999999999,29.84335], [-243963.8124,308034.8324], 0.0, 1.0, [59.31,78.69]","survey_year, quarter, region, num_employees, annual_revenue_usd_millions, company_founding_year, company_age, ai_adoption_rate, ai_adoption_stage, years_using_ai, ai_projects_active, ai_maturity_score, ai_failure_rate, ai_investment_per_employee, data_privacy_level, ai_ethics_committee, ai_risk_management_score",2.0,1.0,1.0,1,1.5,4665,3665,0.5666666666666667,0.0006337072149355621,2,2
"2025.0, 0.0, [22.185,35.815], 1.0, 1.0, [-4401.18,5813.18], [1988.44,2001.56], [7.25,10.75], 1.0, 2.0, 2.0, [7.949599999999997,48.4104], [1.1791999999999998,11.700800000000001], [-0.01062499999999994,0.5166249999999999], [15.0827,34.1173], 1.0, [35.385000000000005,72.615]","survey_year, quarter, country, region, company_size, num_employees, company_founding_year, years_using_ai, ai_primary_tool, num_ai_tools_used, ai_use_case, ai_training_hours, ai_budget_percentage, ai_maturity_score, ai_failure_rate, ai_ethics_committee, ai_risk_management_score",0.0,1.0,1.0,1,1.0,4666,3666,0.5666666666666667,0.00042247147662370806,2,2
"[-6.135,12.135], 0.0, [1984.2,2001.8], 2.0, [25.361049999999995,75.85895000000001], 2.0, [4.4,7.6], 1.0, 2.0, [4.59,13.41], [0.35250000000000004,0.8654999999999999], [-0.5361250000000011,15.936125], [53.075,70.925], 1.0","country, company_size, company_founding_year, company_age_group, ai_adoption_rate, ai_adoption_stage, years_using_ai, ai_primary_tool, num_ai_tools_used, ai_projects_active, ai_maturity_score, ai_failure_rate, ai_risk_management_score, data_collection_method",2.0,1.0,1.0,1,1.0,4677,3677,0.4666666666666667,0.00042247147662370806,2,2
"0.0, 0.0, [4389.327499999999,9383.6725], [2008.08,2027.92], [-5.725000000000001,17.725], 3.0, [-2.9429000000000016,22.6829], [-2.15,2.15], 1.0, 2.0, [-0.7799999999999998,6.779999999999999], [-2.307700000000004,33.727700000000006], [0.048125,0.37587499999999996], 2.0, 0.0","quarter, company_size, annual_revenue_usd_millions, company_founding_year, company_age, company_age_group, ai_adoption_rate, years_using_ai, num_ai_tools_used, ai_use_case, ai_projects_active, ai_training_hours, ai_maturity_score, data_privacy_level, ai_ethics_committee",0.0,1.0,1.0,1,3.0,4679,3679,0.5,0.0012674144298711243,1,1
"0.0, 3.0, 0.0, [4389.327499999999,9383.6725], [2008.08,2027.92], [-5.725000000000001,17.725], 3.0, [-2.9429000000000016,22.6829], [-2.15,2.15], 1.0, 2.0, [-2.307700000000004,33.727700000000006], [0.048125,0.37587499999999996], 2.0, 0.0, [-8.497650000000002,15.357650000000001]","quarter, region, company_size, annual_revenue_usd_millions, company_founding_year, company_age, company_age_group, ai_adoption_rate, years_using_ai, num_ai_tools_used, ai_use_case, ai_training_hours, ai_maturity_score, data_privacy_level, ai_ethics_committee, task_automation_rate",0.0,1.0,1.0,1,3.0,4679,3679,0.5333333333333333,0.0012674144298711243,1,1
"[3.139999999999999,22.86], 2.0, 0.0, [1965.591949999999,8857.78805], [2007.28,2028.72], 3.0, [26.921599999999998,51.86059392839486], 4.0, 2.0, 3.0, [12.025974999999999,27.034025000000003], [-121135.9148,205398.49480000001], [41.989999999999995,82.01], 2.0, 1.0, [52.464999999999996,81.535], [11.323450000000001,25.27655]","country, industry, company_size, annual_revenue_usd_millions, company_founding_year, company_age_group, ai_adoption_rate, ai_primary_tool, num_ai_tools_used, ai_use_case, ai_failure_rate, ai_investment_per_employee, regulatory_compliance_score, data_privacy_level, ai_ethics_committee, ai_risk_management_score, task_automation_rate",2.0,1.0,1.0,1,3.0,4683,3683,0.5666666666666667,0.0012674144298711243,1,1
"1.0, 3.0, [0.9500000000000002,7.05], 5.0, 2.0, 3.0, [19.833125000000003,47.286875], [60.76,93.24000000000001], 2.0, 1.0","company_size, company_age_group, years_using_ai, ai_primary_tool, num_ai_tools_used, ai_use_case, ai_failure_rate, regulatory_compliance_score, data_privacy_level, survey_source",1.0,1.0,1.0,1,1.0,4692,3692,0.3333333333333333,0.00042247147662370806,2,2
"2026.0, [11.865,30.134999999999998], 1.0, 1.0, [-2329.0950000000003,4153.095], [-3198.77495,3893.19495], [33.06325,74.51675], 2.0, 3.0, [6.49,13.51], [7.086,21.334000000000003], [0.3480625,0.6259375], [16.650175,28.729825], [-78057.2096,149562.9016209765], 1.0","survey_year, country, region, company_size, num_employees, annual_revenue_usd_millions, ai_adoption_rate, ai_adoption_stage, ai_use_case, ai_projects_active, ai_budget_percentage, ai_maturity_score, ai_failure_rate, ai_investment_per_employee, ai_ethics_committee",1.0,1.0,1.0,1,1.0,4696,3696,0.5,0.00042247147662370806,1,1
"2025.0, 3.0, 2.0, [6058.798199999999,10453.8218], [10.225,35.775], 2.0, 4.0, 3.0, [8.879999999999999,21.12], [35.7982,59.8218], [16.314400000000003,24.2056], [-172898.6156,402423.91559999995], [55.89,90.11], [82.075,99.925], [14.167399999999999,37.5726]","survey_year, quarter, region, annual_revenue_usd_millions, company_age, ai_adoption_stage, ai_primary_tool, num_ai_tools_used, ai_projects_active, ai_training_hours, ai_budget_percentage, ai_investment_per_employee, regulatory_compliance_score, ai_risk_management_score, task_automation_rate",2.0,1.0,1.0,1,2.0,4699,3699,0.5,0.0008449429532474161,1,1
"2024.0, 2.0, 5.0, 1.0, [-2285.8050000000003,3017.8050000000003], [-3512.71875,3978.79875], [2006.48,2029.52], [-1.3499999999999996,13.35], [5.190499999999997,57.9495], 3.0, [0.49999999999999956,7.5], 2.0, 7.0, [1.5699999999999998,6.43], [4.1452,12.474800000000002], [0.15875,0.41524999999999995], [-75361.75520000001,181200.9952], [45.120000000000005,86.88], 0.0, [47.72,76.28]","survey_year, region, industry, company_size, num_employees, annual_revenue_usd_millions, company_founding_year, company_age, ai_adoption_rate, ai_adoption_stage, years_using_ai, num_ai_tools_used, ai_use_case, ai_projects_active, ai_budget_percentage, ai_maturity_score, ai_investment_per_employee, regulatory_compliance_score, data_privacy_level, ai_risk_management_score",0.0,1.0,1.0,1,1.0,4700,3700,0.6666666666666666,0.00042247147662370806,1,1
"[18.27,39.730000000000004], [7.325000000000001,28.674999999999997], [35.71915,66.62085], [5.15,8.85], 3.0, 4.0, [22.577,41.543000000000006], [0.14162500000000003,0.640375], [53.25,96.75], 1.0, [12.66195,40.118050000000004], 3.0, 3.0","country, company_age, ai_adoption_rate, years_using_ai, ai_primary_tool, ai_use_case, ai_training_hours, ai_maturity_score, regulatory_compliance_score, ai_ethics_committee, task_automation_rate, survey_source, data_collection_method",2.0,1.0,1.0,1,1.0,4701,3701,0.43333333333333335,0.00042247147662370806,2,2
"2026.0, [7.49,18.509999999999998], [-5727.6849999999995,5861.6849999999995], [-2519.0759500000004,2575.1559500000003], [2006.56,2025.44], [22.401749999999996,56.318250000000006], 2.0, 0.0, [0.4344000000000001,13.8056], [0.211375,0.510625], [15.496225,26.843775], [9.403349999999996,24.25665], 2.0","survey_year, country, num_employees, annual_revenue_usd_millions, company_founding_year, ai_adoption_rate, num_ai_tools_used, ai_use_case, ai_budget_percentage, ai_maturity_score, ai_failure_rate, task_automation_rate, data_collection_method",1.0,1.0,1.0,2,1.0,4703,3703,0.43333333333333335,0.0008449429532474161,2,2
"1.0, 5.0, 2.0, [-6340.975,6426.975], [1986.96,2001.04], 1.0, [11.474899999999998,46.1451], 3.0, 2.0, [2.22,9.78], [-21.1692,24.3492], [6.751999999999999,13.328], [-154801.518,195056.77800000002], 0.0, [36.64,73.36], [-11.4237,21.8837], 1.0","quarter, region, company_size, num_employees, company_founding_year, company_age_group, ai_adoption_rate, ai_primary_tool, num_ai_tools_used, ai_projects_active, ai_training_hours, ai_budget_percentage, ai_investment_per_employee, data_privacy_level, ai_risk_management_score, task_automation_rate, survey_source",0.0,1.0,1.0,1,2.0,4715,3715,0.5666666666666667,0.0008449429532474161,1,1
"3.0, 5.0, [2007.4,2018.6], [4.35,17.65], 3.0, [-0.1499999999999999,6.15], [-157290.46080000003,285863.38080000004], [44.989999999999995,85.01], 2.0, 0.0","quarter, industry, company_founding_year, company_age, ai_adoption_stage, years_using_ai, ai_investment_per_employee, regulatory_compliance_score, data_privacy_level, survey_source",0.0,1.0,1.0,1,2.0,4716,3716,0.3333333333333333,0.0008449429532474161,2,2
"3.0, [17.33,30.67], 2.0, [21.95,38.05], 1.0, 3.0, 2.0, 0.0, [-2.2300000000000004,6.23], [-3.8199000000000023,33.4799], [0.04081250000000003,0.3471875], [-223731.4572,266070.1572], [-1.302200000000001,18.502200000000002], 0.0","quarter, country, region, company_age, company_age_group, ai_primary_tool, num_ai_tools_used, ai_use_case, ai_projects_active, ai_training_hours, ai_maturity_score, ai_investment_per_employee, task_automation_rate, data_collection_method",0.0,1.0,1.0,1,1.0,4719,3719,0.4666666666666667,0.00042247147662370806,1,1
"0.0, 0.0, [2013.04,2022.96], [-0.7750000000000004,10.775], 0.0, [1.69435,38.62565], [0.2999999999999998,3.7], 0.0, 3.0, [2.3000000000000003,7.699999999999999], [18.3664,41.7936], [-173140.9856,207815.82559999998], [55.79,84.21], 0.0, [42.975,71.025]","region, industry, company_founding_year, company_age, company_age_group, ai_adoption_rate, years_using_ai, ai_primary_tool, num_ai_tools_used, ai_projects_active, ai_failure_rate, ai_investment_per_employee, regulatory_compliance_score, ai_ethics_committee, ai_risk_management_score",1.0,1.0,1.0,2,1.5,4722,3722,0.5,0.0012674144298711243,2,2
"2026.0, 1.0, 1.0, [5320.09,19855.91], [3817.36305,6913.856949999999], [2004.16,2019.84], 0.0, 4.0, 7.0, [43.579899999999995,69.5001], [-193073.38040000002,320052.1204], [42.730000000000004,79.27], [56.075,73.925], [11.616699999999996,41.3233], 2.0, 3.0","survey_year, quarter, region, num_employees, annual_revenue_usd_millions, company_founding_year, ai_primary_tool, num_ai_tools_used, ai_use_case, ai_training_hours, ai_investment_per_employee, regulatory_compliance_score, ai_risk_management_score, task_automation_rate, survey_source, data_collection_method",2.0,1.0,1.0,1,1.0,4724,3724,0.5333333333333333,0.00042247147662370806,2,2
"[-3.96,9.96], 3.0, [-6346.264999999999,7600.264999999999], [-3013.2908,3379.4708000000005], [5.25,8.75], 3.0, 2.0, 6.0, [-10.8572,22.017200000000003], [-0.10556249999999998,0.3575625], 0.0, [40.445,71.555], [-2.5183500000000016,27.638350000000003], 2.0","country, region, num_employees, annual_revenue_usd_millions, years_using_ai, ai_primary_tool, num_ai_tools_used, ai_use_case, ai_training_hours, ai_maturity_score, data_privacy_level, ai_risk_management_score, task_automation_rate, survey_source",0.0,1.0,1.0,1,2.0,4726,3726,0.4666666666666667,0.0008449429532474161,1,1
"2.0, [-5.525,7.525], 6.0, [-3475.7015000000006,3516.381500000001], 0.0, 5.0, 3.0, [2.7699999999999996,11.23], [-155639.8432,256415.48320000002], 1.0, [61.84,78.16], [14.222449999999998,37.17755], 0.0","quarter, country, industry, annual_revenue_usd_millions, company_age_group, ai_primary_tool, num_ai_tools_used, ai_projects_active, ai_investment_per_employee, ai_ethics_committee, ai_risk_management_score, task_automation_rate, survey_source",1.0,1.0,1.0,1,2.0,4727,3727,0.43333333333333335,0.0008449429532474161,1,1
"2025.0, 0.0, 1.0, [-1961.8050000000003,3341.8050000000003], [-2886.567,3106.647], [9.6,26.4], 1.0, [4.021049999999995,54.518950000000004], 3.0, [3.15,6.85], 6.0, [1.1552999999999987,18.2247], [-0.06706249999999997,0.4530625], [58.95,85.05], 2.0, 0.0, [39.875,78.125]","survey_year, quarter, company_size, num_employees, annual_revenue_usd_millions, company_age, company_age_group, ai_adoption_rate, ai_adoption_stage, years_using_ai, ai_use_case, ai_training_hours, ai_maturity_score, regulatory_compliance_score, data_privacy_level, ai_ethics_committee, ai_risk_management_score",1.0,1.0,1.0,1,2.0,4731,3731,0.5666666666666667,0.0008449429532474161,1,1
"2025.0, 0.0, [14.59,31.41], 1.0, 2.0, [-2731.1597500000003,2762.6197500000003], [2012.44,2025.56], 3.0, 3.0, [2.4999999999999996,9.5], 0.0, 3.0, [2.5,11.5], [4.668249999999999,30.29175], 1.0, 0.0","survey_year, quarter, country, region, company_size, annual_revenue_usd_millions, company_founding_year, company_age_group, ai_adoption_stage, years_using_ai, ai_primary_tool, num_ai_tools_used, ai_projects_active, ai_failure_rate, data_privacy_level, ai_ethics_committee",0,0.0,0.0,1,2.0,3732,3732,0.5333333333333333,0.0008449429532474161,0,1
"8.0, 1.0, [2001.04,2018.96], [9.7,22.3], 0.0, [8.23,17.77], [19.871299999999994,62.2287], [-107973.93160000001,389602.3116], [71.3,88.7], 1.0, [13.071249999999996,46.82875], 0.0","industry, company_size, company_founding_year, company_age, ai_primary_tool, ai_projects_active, ai_training_hours, ai_investment_per_employee, regulatory_compliance_score, ai_ethics_committee, task_automation_rate, survey_source",2.0,1.0,1.0,2,1.0,4735,3735,0.4,0.0008449429532474161,2,2
"2026.0, 1.0, [-2682.0200000000004,2818.0200000000004], [-2125.26835,2169.86835], [29.225,40.775], 2.0, [20.360249999999994,46.73975], 3.0, 2.0, [6.31,13.690000000000001], [19.009399999999996,48.090599999999995], [14.9922,41.34780000000001], [-240679.7048,280220.42480000004], [62.47,95.53], [43.68,76.32], [4.0368999999999975,31.9431], 1.0","survey_year, region, num_employees, annual_revenue_usd_millions, company_age, company_age_group, ai_adoption_rate, ai_adoption_stage, ai_primary_tool, ai_projects_active, ai_training_hours, ai_failure_rate, ai_investment_per_employee, regulatory_compliance_score, ai_risk_management_score, task_automation_rate, data_collection_method",1.0,1.0,1.0,1,1.0,4739,3739,0.5666666666666667,0.00042247147662370806,2,2
"1.0, 3.0, 2.0, [-6384.1900000000005,6580.1900000000005], [-0.9000000000000004,22.9], 3.0, 1.0, 3.0, 0.0, [1.5699999999999998,6.43], [0.13106250000000003,0.4089375], [24.86,63.14], 0.0, [44.975,73.025], [4.7422499999999985,29.497750000000003], 3.0, 2.0","region, industry, company_size, num_employees, company_age, company_age_group, ai_primary_tool, num_ai_tools_used, ai_use_case, ai_projects_active, ai_maturity_score, regulatory_compliance_score, data_privacy_level, ai_risk_management_score, task_automation_rate, survey_source, data_collection_method",0.0,1.0,1.0,1,3.0,4740,3740,0.5666666666666667,0.0012674144298711243,1,1
"1.0, 3.0, 2.0, [-6384.1900000000005,6580.1900000000005], [-0.9000000000000004,22.9], 3.0, 3.0, 1.0, 3.0, 0.0, [1.5699999999999998,6.43], [8.002999999999997,52.257000000000005], [0.13106250000000003,0.4089375], [15.87875,34.181250000000006], [24.86,63.14], 0.0, [44.975,73.025], [4.7422499999999985,29.497750000000003], 3.0, 2.0","region, industry, company_size, num_employees, company_age, company_age_group, ai_adoption_stage, ai_primary_tool, num_ai_tools_used, ai_use_case, ai_projects_active, ai_training_hours, ai_maturity_score, ai_failure_rate, regulatory_compliance_score, data_privacy_level, ai_risk_management_score, task_automation_rate, survey_source, data_collection_method",0.0,1.0,1.0,1,3.0,4740,3740,0.6666666666666666,0.0012674144298711243,1,1
"2025.0, [21.490000000000002,32.51], 2.0, 1.0, [-5434.6849999999995,6154.6849999999995], [36.9523,68.6077], 0.0, [2.58,9.42], [-0.3836000000000013,14.0836], [0.09262499999999999,0.477375], [16.546225,27.893774999999998], [-111936.1948,214598.21480000002], [51.25,94.75], 0.0, [41.31,60.69], [23.90365,36.05635], 2.0","survey_year, country, region, company_size, num_employees, ai_adoption_rate, ai_primary_tool, ai_projects_active, ai_budget_percentage, ai_maturity_score, ai_failure_rate, ai_investment_per_employee, regulatory_compliance_score, ai_ethics_committee, ai_risk_management_score, task_automation_rate, survey_source",1.0,1.0,1.0,1,1.5,4741,3741,0.5666666666666667,0.0006337072149355621,2,2
"1.0, 1.0, 1.0, [-3749.1050000000005,7345.025464820446], [-2775.1001,3018.3401], [18.0,32.0], 1.0, [-6.135486353339779,68.26155], 2.0, [3.35,10.65], [3.5049999999999972,35.115], [5.109999999999999,16.07], [0.20275000000000004,0.57325], [-230049.09720000002,259752.5172], 0.0, 3.0","quarter, industry, company_size, num_employees, annual_revenue_usd_millions, company_age, company_age_group, ai_adoption_rate, ai_adoption_stage, years_using_ai, ai_training_hours, ai_budget_percentage, ai_maturity_score, ai_investment_per_employee, data_privacy_level, data_collection_method",0,0.0,0.0,1,2.0,3742,3742,0.5333333333333333,0.0008449429532474161,0,1
"2024.0, 0.0, [0.7200000000000006,19.28], 1.0, [-2945.665,3143.665], [1987.2,1996.8], [2.77365,56.28635], [0.5,5.5], 2.0, 0.0, [0.061812500000000006,0.2541875], [53.879999999999995,70.12], 0.0, 1.0","survey_year, quarter, country, region, num_employees, company_founding_year, ai_adoption_rate, years_using_ai, ai_primary_tool, ai_use_case, ai_maturity_score, regulatory_compliance_score, survey_source, data_collection_method",0.0,1.0,1.0,2,1.0,4743,3743,0.4666666666666667,0.0008449429532474161,1,1
"1.0, 7.0, [-2551.8050000000003,2751.8050000000003], [2010.72,2029.28], 0.0, [6.124749999999999,55.11525], [1.35,8.65], 1.0, 1.0, 3.0, [-1.79,3.79], [1.7896,18.0104], [59.01,76.99], 2.0, 3.0","region, industry, num_employees, company_founding_year, company_age_group, ai_adoption_rate, years_using_ai, ai_primary_tool, num_ai_tools_used, ai_use_case, ai_projects_active, ai_budget_percentage, regulatory_compliance_score, data_privacy_level, data_collection_method",2.0,1.0,1.0,1,1.0,4744,3744,0.5,0.00042247147662370806,2,2
"2023.0, 0.0, [-1422.2294000000002,3771.8894], [2000.68,2017.32], 3.0, 2.0, [3.4999999999999996,10.5], 4.0, 3.0, 0.0, [8.5076,18.1524], [17.481525,39.078475], 0.0, [58.86,73.14], 0.0","survey_year, company_size, annual_revenue_usd_millions, company_founding_year, company_age_group, ai_adoption_stage, years_using_ai, ai_primary_tool, num_ai_tools_used, ai_use_case, ai_budget_percentage, ai_failure_rate, ai_ethics_committee, ai_risk_management_score, survey_source",1.0,1.0,1.0,1,2.0,4745,3745,0.5,0.0008449429532474161,1,1
"2023.0, 7.0, 1.0, [-2679.5539,3513.4339], [7.850000000000001,28.15], 1.0, 3.0, [1.7,4.3], 2.0, 0.0, [3.13,10.870000000000001], [0.14643750000000003,0.3815625], [24.70035,48.85965], [56.34,87.66], 2.0, 0.0, [33.66,68.34], [20.2273,44.532700000000006], 3.0","survey_year, industry, company_size, annual_revenue_usd_millions, company_age, company_age_group, ai_adoption_stage, years_using_ai, num_ai_tools_used, ai_use_case, ai_projects_active, ai_maturity_score, ai_failure_rate, regulatory_compliance_score, data_privacy_level, ai_ethics_committee, ai_risk_management_score, task_automation_rate, data_collection_method",0.0,1.0,1.0,1,2.0,4747,3747,0.6333333333333333,0.0008449429532474161,1,1
"2023.0, 7.0, 1.0, [-2679.5539,3513.4339], 1.0, 3.0, [1.7,4.3], 2.0, [7.550913564012801,10.870000000000001], [0.14643750000000003,0.3815625], [24.70035,48.85965], 0.0, [20.2273,44.532700000000006], 3.0","survey_year, industry, company_size, annual_revenue_usd_millions, company_age_group, ai_adoption_stage, years_using_ai, num_ai_tools_used, ai_projects_active, ai_maturity_score, ai_failure_rate, ai_ethics_committee, task_automation_rate, data_collection_method",0.0,0.1,1.0,1,1.0,3747,3747,0.4666666666666667,0.00042247147662370806,0,0
"2023.0, 1.0, [16.634999999999998,27.365000000000002], 0.0, [-3616.955,3650.955], [2004.68,2021.32], [-2.9499999999999993,22.95], 3.0, 4.0, 3.0, [3.2299999999999995,12.77], [25.547824999999996,42.752175], [-234089.91600000003,271260.956], 0.0, [37.17,70.83], 1.0","survey_year, quarter, country, region, num_employees, company_founding_year, company_age, company_age_group, ai_primary_tool, ai_use_case, ai_projects_active, ai_failure_rate, ai_investment_per_employee, ai_ethics_committee, ai_risk_management_score, survey_source",1.0,1.0,1.0,1,2.0,4748,3748,0.5333333333333333,0.0008449429532474161,1,1
"2026.0, 8.0, 0.0, [6705.656150000001,10001.923850000001], [1999.68,2016.32], [5.4,30.6], [41.872699999999995,85.5873], [2.1999999999999997,7.800000000000001], 0.0, 6.0, [0.474,0.702], [0.9203499999999973,25.07965], [-48434.04880000002,355846.64879999997], 0.0, [53.075,70.925], 1.0, 2.0","survey_year, industry, company_size, annual_revenue_usd_millions, company_founding_year, company_age, ai_adoption_rate, years_using_ai, ai_primary_tool, ai_use_case, ai_maturity_score, ai_failure_rate, ai_investment_per_employee, ai_ethics_committee, ai_risk_management_score, survey_source, data_collection_method",2.0,1.0,1.0,1,1.0,4752,3752,0.5666666666666667,0.00042247147662370806,2,2
"2023.0, 2.0, 0.0, [-164.11834999999996,4131.01835], [1984.0,2008.0], [22.625,31.375], 2.0, [3.05,6.95], 5.0, 2.0, 2.0, [0.94,7.0600000000000005], [0.12468749999999998,0.4453125], [16.026399999999995,39.4536], 2.0, 0.0, 2.0, 3.0","survey_year, industry, company_size, annual_revenue_usd_millions, company_founding_year, company_age, ai_adoption_stage, years_using_ai, ai_primary_tool, num_ai_tools_used, ai_use_case, ai_projects_active, ai_maturity_score, ai_failure_rate, data_privacy_level, ai_ethics_committee, survey_source, data_collection_method",0.0,1.0,1.0,1,2.0,4754,3754,0.6,0.0008449429532474161,1,1
"2023.0, 2.0, [-2834.2349999999997,2862.2349999999997], 3.0, 1.0, [6.420400000000001,29.1796], [35.7,76.3], [-0.22220000000000084,19.5822], 1.0","survey_year, company_size, num_employees, ai_primary_tool, num_ai_tools_used, ai_training_hours, regulatory_compliance_score, task_automation_rate, survey_source",0.0,1.0,1.0,1,2.0,4762,3762,0.3,0.0008449429532474161,1,1
"2023.0, [16.634999999999998,27.365000000000002], [-2529.00595,2565.2259500000005], 3.0, [-1.2000000000000002,5.2], 3.0, 1.0, [-1.2199999999999998,9.219999999999999], [35.7,76.3], 0.0, 1.0, 1.0","survey_year, country, annual_revenue_usd_millions, ai_adoption_stage, years_using_ai, ai_primary_tool, num_ai_tools_used, ai_projects_active, regulatory_compliance_score, data_privacy_level, ai_ethics_committee, survey_source",0.0,1.0,1.0,1,2.0,4762,3762,0.4,0.0008449429532474161,1,1
"2023.0, 5.0, 0.0, [-4029.0299999999997,4221.03], [2012.52,2021.48], [-3.0999999999999996,15.1], 3.0, [28.997500000000002,66.6825], 2.0, 4.0, 0.0, [21.969399999999997,51.0506], [-140627.1616,162583.3616], 1.0","survey_year, region, industry, num_employees, company_founding_year, company_age, company_age_group, ai_adoption_rate, ai_adoption_stage, num_ai_tools_used, ai_use_case, ai_training_hours, ai_investment_per_employee, data_privacy_level",2.0,1.0,1.0,1,3.0,4766,3766,0.4666666666666667,0.0012674144298711243,1,1
"2025.0, 1.0, 0.0, [24.875,37.125], 2.0, [0.4747499999999967,49.46525], [1.25,8.75], 2.0, [-2.75,10.75], [5.9528,12.967200000000002], [0.21781250000000002,0.4101875], [-179048.1236,357401.2636], 2.0, [3.911749999999998,33.16825]","survey_year, quarter, company_size, company_age, company_age_group, ai_adoption_rate, years_using_ai, num_ai_tools_used, ai_projects_active, ai_budget_percentage, ai_maturity_score, ai_investment_per_employee, data_privacy_level, task_automation_rate",1.0,1.0,1.0,1,1.0,4769,3769,0.4666666666666667,0.00042247147662370806,2,2
"2023.0, 0.0, [5.85,26.15], [2001.48,2016.52], [4.199999999999999,23.8], [-4.289900000000003,36.4099], [4.85,9.15], 1.0, 1.0, [-1.2300000000000004,7.23], [1.1867999999999999,10.3932], [23.049,37.691], [-553821.9198075535,219054.60760000002], [80.53,105.47], 0.0, [38.15,73.85], [-13.463500000000003,18.0435], 3.0","survey_year, quarter, country, company_founding_year, company_age, ai_adoption_rate, years_using_ai, ai_primary_tool, ai_use_case, ai_projects_active, ai_budget_percentage, ai_failure_rate, ai_investment_per_employee, regulatory_compliance_score, ai_ethics_committee, ai_risk_management_score, task_automation_rate, survey_source",1.0,1.0,1.0,1,1.0,4770,3770,0.6,0.00042247147662370806,1,1
"[17.185,30.815], 2.0, 2.0, 2.0, [-7112.695,7226.695], [-2450.7625000000003,2543.5825], [1992.96,2015.04], 2.0, 0.0, [5.95,14.05], [8.9924,21.2676], [0.12331779862034808,0.6521250000000001], [-106127.6796,352575.4196], [46.69,69.31], 2.0, 1.0, [42.875,81.125], [13.651649999999998,43.808350000000004]","country, region, industry, company_size, num_employees, annual_revenue_usd_millions, company_founding_year, ai_adoption_stage, ai_primary_tool, ai_projects_active, ai_budget_percentage, ai_maturity_score, ai_investment_per_employee, regulatory_compliance_score, data_privacy_level, ai_ethics_committee, ai_risk_management_score, task_automation_rate",2.0,1.0,1.0,1,4.0,4775,3775,0.6,0.0016898859064948322,1,1
"[-3009.1800000000003,7205.18], [1995.96,2010.04], [16.45,25.55], 1.0, [1.3499999999999999,4.65], 2.0, 3.0, [1.7800000000000002,12.219999999999999], [21.627699999999997,48.8123], [12.142,18.718], [0.233875,0.7041249999999999], [24.648325,34.531675], [-146693.11480000004,374207.0148], 2.0, 0.0, [52.78,75.22], [-2.6336000000000013,29.773600000000002]","num_employees, company_founding_year, company_age, company_age_group, years_using_ai, num_ai_tools_used, ai_use_case, ai_projects_active, ai_training_hours, ai_budget_percentage, ai_maturity_score, ai_failure_rate, ai_investment_per_employee, data_privacy_level, ai_ethics_committee, ai_risk_management_score, task_automation_rate",2.0,1.0,1.0,1,1.0,4782,3782,0.5666666666666667,0.00042247147662370806,1,1
"2023.0, [10.33,23.67], 3.0, 2.0, [-6150.545,6224.545], 1.0, [17.816249999999997,74.34375], 2.0, [2.75,9.25], 3.0, [-1.3200000000000003,7.32], [50.25,75.75], [19.19305,36.74695], 2.0","survey_year, country, industry, company_size, num_employees, company_age_group, ai_adoption_rate, ai_adoption_stage, years_using_ai, ai_use_case, ai_projects_active, ai_risk_management_score, task_automation_rate, survey_source",2.0,1.0,1.0,2,1.5,4783,3783,0.4666666666666667,0.0012674144298711243,2,2
"2025.0, [3.3000000000000007,20.7], 2.0, 7.0, 1.0, [-6450.050000000001,7300.050000000001], [11.45,34.55], 1.0, [-14.512500000000001,23.1725], 1.0, 1.0, [-2.59,6.59], [-2.719400000000002,31.419400000000003], [-0.7848000000000006,7.5448], [-0.12562499999999993,0.40162499999999995], [27.080849999999998,43.91915], [-249025.72559999998,326296.80559999996], [46.989999999999995,87.01], 0.0, 0.0, 0.0","survey_year, country, region, industry, company_size, num_employees, company_age, company_age_group, ai_adoption_rate, ai_adoption_stage, num_ai_tools_used, ai_projects_active, ai_training_hours, ai_budget_percentage, ai_maturity_score, ai_failure_rate, ai_investment_per_employee, regulatory_compliance_score, ai_ethics_committee, survey_source, data_collection_method",0.0,1.0,1.0,1,2.0,4788,3788,0.7,0.0008449429532474161,2,2
"2023.0, 3.0, 4.0, [-6135.545,6239.545], [-2098.59835,2196.53835], [2015.0,2023.0], [-6.85,14.85], 0.0, [28.336550000000003,56.22345], [-0.3500000000000001,6.35], 5.0, 2.0, 2.0, [2.7699999999999996,11.23], [24.667399999999997,66.3926], [6.6464,15.633600000000001], 0.0, 0.0","survey_year, quarter, industry, num_employees, annual_revenue_usd_millions, company_founding_year, company_age, company_age_group, ai_adoption_rate, years_using_ai, ai_primary_tool, num_ai_tools_used, ai_use_case, ai_projects_active, ai_training_hours, ai_budget_percentage, data_privacy_level, ai_ethics_committee",2.0,1.0,1.0,1,3.0,4792,3792,0.6,0.0012674144298711243,1,1
"[-9.715,9.715], [-1229.2362500000002,1267.93625], [2006.76,2027.24], [-2.2750000000000004,16.275], 4.0, 3.0, [-0.040562499999999974,0.42256249999999995], [22.987825,40.192175], [-223876.52240000002,328122.1224], 2.0, [34.78,57.22], 2.0","country, annual_revenue_usd_millions, company_founding_year, company_age, ai_primary_tool, ai_use_case, ai_maturity_score, ai_failure_rate, ai_investment_per_employee, data_privacy_level, ai_risk_management_score, data_collection_method",0.0,1.0,1.0,2,1.0,4793,3793,0.4,0.0008449429532474161,2,2
"2024.0, 2.0, [13.995,34.005], 0.0, 0.0, [13.594350000000002,50.52565], 1.0, [2.7800000000000002,13.219999999999999], [0.180875,0.651125], [11.855725,30.524275000000003], 0.0","survey_year, quarter, country, industry, company_size, ai_adoption_rate, num_ai_tools_used, ai_projects_active, ai_maturity_score, ai_failure_rate, survey_source",2.0,1.0,1.0,1,3.0,4801,3801,0.36666666666666664,0.0012674144298711243,1,1
"3.0, [-7057.48,2949.8050000000003], [-1553.1438500000002,3977.67185], [9.700800000000001,33.8192], 0.0, [2.8207999999999998,8.7392], [0.1358125,0.5561875], [63.5,92.5], 0.0, [51.37,64.63], [6.971849999999996,34.71795], 1.0","industry, num_employees, annual_revenue_usd_millions, ai_adoption_rate, ai_use_case, ai_budget_percentage, ai_maturity_score, regulatory_compliance_score, ai_ethics_committee, ai_risk_management_score, task_automation_rate, survey_source",1.0,1.0,1.0,1,3.0,4804,3804,0.4,0.0012674144298711243,1,1
"3.0, [-7057.48,2949.8050000000003], [-1553.1438500000002,3977.67185], [7.625,16.375], [9.700800000000001,33.8192], 0.0, [2.8207999999999998,8.7392], [0.1358125,0.5561875], [63.5,92.5], 0.0, [51.37,64.63], [6.971849999999996,34.71795], 2.0","industry, num_employees, annual_revenue_usd_millions, company_age, ai_adoption_rate, ai_use_case, ai_budget_percentage, ai_maturity_score, regulatory_compliance_score, ai_ethics_committee, ai_risk_management_score, task_automation_rate, data_collection_method",1.0,1.0,1.0,1,3.0,4804,3804,0.43333333333333335,0.0012674144298711243,1,1
"2024.0, 0.0, 0.0, [5863.40545,9758.99455], [2010.92,2031.08], [-16.85167553207439,12.275], 0.0, [-8.22635,45.28635], 3.0, 2.0, 0.0, [-5.0472,27.8272], [-3.5912000000000006,12.1912], [-0.077375,0.42137499999999994], [51.72,70.28], 0.0, 1.0, [31.15,66.85]","survey_year, industry, company_size, annual_revenue_usd_millions, company_founding_year, company_age, company_age_group, ai_adoption_rate, ai_primary_tool, num_ai_tools_used, ai_use_case, ai_training_hours, ai_budget_percentage, ai_maturity_score, regulatory_compliance_score, data_privacy_level, ai_ethics_committee, ai_risk_management_score",1.0,1.0,1.0,1,2.0,4806,3806,0.6,0.0008449429532474161,1,1
"2.0, [-0.9900000000000002,16.990000000000002], 2.0, 2.0, [-5754.975,7012.975], [1985.52,2002.48], 2.0, [-0.8726500000000037,51.13265], 3.0, [7.6,12.4], 0.0, 6.0, [-0.14006249999999998,0.38006249999999997], [26.629424999999998,49.690574999999995], [-188353.37080000003,254800.4708], [48.66,75.34], 0.0, 0.0, [31.64,68.36], [9.806699999999998,39.5133], 3.0","quarter, country, region, industry, num_employees, company_founding_year, company_age_group, ai_adoption_rate, ai_adoption_stage, years_using_ai, ai_primary_tool, ai_use_case, ai_maturity_score, ai_failure_rate, ai_investment_per_employee, regulatory_compliance_score, data_privacy_level, ai_ethics_committee, ai_risk_management_score, task_automation_rate, survey_source",0.0,1.0,1.0,2,1.0,4807,3807,0.7,0.0008449429532474161,1,1
"3.0, [-0.10499999999999954,14.105], 0.0, 7.0, 2.0, [20.2,39.8], [-10.8277,20.8277], 1.0, 1.0, [6.127499999999999,21.9325], [-0.001062499999999994,0.17706249999999998], [24.62455,45.855450000000005], [63.59,80.41], 0.0, [39.585,56.415], [2.772649999999997,23.927350000000004], 1.0","quarter, country, region, industry, company_size, company_age, ai_adoption_rate, ai_adoption_stage, num_ai_tools_used, ai_training_hours, ai_maturity_score, ai_failure_rate, regulatory_compliance_score, ai_ethics_committee, ai_risk_management_score, task_automation_rate, data_collection_method",0.0,1.0,1.0,1,2.0,4808,3808,0.5666666666666667,0.0008449429532474161,1,1
"2023.0, 4.0, [-1127.5250000000005,5747.525000000001], [4658.9175,9653.2625], [1999.92,2020.08], [3.549999999999999,22.450000000000003], 2.0, [0.8999999999999999,5.1], [6.029999999999999,11.97], [10.176799999999998,24.8632], [0.23074999999999998,0.8131875], [274604.36640000006,811053.7536], 0.0, [16.301249999999996,50.05875]","survey_year, industry, num_employees, annual_revenue_usd_millions, company_founding_year, company_age, ai_adoption_stage, years_using_ai, ai_projects_active, ai_budget_percentage, ai_maturity_score, ai_investment_per_employee, data_privacy_level, task_automation_rate",2.0,1.0,1.0,1,1.0,4810,3810,0.4666666666666667,0.00042247147662370806,1,1
"2026.0, 3.0, 3.0, 4.0, [-6162.835000000001,7390.835000000001], [1990.48,2005.52], [17.15,38.85], 1.0, [7.2,10.8], [6.66,11.34], [11.65,17.130000000000003], [0.37206249999999996,0.7639374999999999], [-32432.1072,263003.7872], 0.0, [51.485,78.515], 3.0","survey_year, quarter, region, industry, num_employees, company_founding_year, company_age, company_age_group, years_using_ai, ai_projects_active, ai_budget_percentage, ai_maturity_score, ai_investment_per_employee, data_privacy_level, ai_risk_management_score, data_collection_method",2.0,1.0,1.0,1,1.0,4811,3811,0.5333333333333333,0.00042247147662370806,2,2
"2025.0, [-6.279999999999999,12.28], [-3366.385,4294.385], [-1552.8211000000001,2242.8811], 0.0, 2.0, [3.03,8.97], [3.507199999999999,33.8528], [-97569.87520000001,158992.8752], [46.82,65.18], [10.243749999999999,21.49625]","survey_year, country, num_employees, annual_revenue_usd_millions, ai_primary_tool, num_ai_tools_used, ai_projects_active, ai_training_hours, ai_investment_per_employee, ai_risk_management_score, task_automation_rate",0.0,1.0,1.0,1,3.0,4813,3813,0.36666666666666664,0.0012674144298711243,2,2
"[-4.22,6.22], 4.0, 0.0, 2.0, [-4837.200349327773,2285.95525], [37.446,67.59400000000001], [2.6999999999999997,7.300000000000001], 2.0, 5.0, [4.58,11.42], [7.604399999999999,20.9756], [-41031.9008,207756.2208], [66.89,101.11], 0.0, [49.37,62.63], [10.451249999999995,44.20875], 1.0","country, region, industry, company_size, annual_revenue_usd_millions, ai_adoption_rate, years_using_ai, num_ai_tools_used, ai_use_case, ai_projects_active, ai_budget_percentage, ai_investment_per_employee, regulatory_compliance_score, ai_ethics_committee, ai_risk_management_score, task_automation_rate, survey_source",1.0,1.0,1.0,1,2.0,4814,3814,0.5666666666666667,0.0008449429532474161,1,1
"2.0, [18.345,29.655], 2.0, [-5056.18,5158.18], [-2335.0721500000004,2359.6121500000004], [1981.92,2002.08], 3.0, [0.75,5.25], 3.0, [-12.011800000000001,12.011800000000001], [0.8255999999999988,9.374400000000001], [-0.045875,0.281875], [20.518262184463563,48.4194], [59.46,74.54], 1.0, [39.625,52.375], [-9.227050000000002,9.227050000000002], 1.0, 2.0","quarter, country, region, num_employees, annual_revenue_usd_millions, company_founding_year, ai_adoption_stage, years_using_ai, num_ai_tools_used, ai_training_hours, ai_budget_percentage, ai_maturity_score, ai_failure_rate, regulatory_compliance_score, data_privacy_level, ai_risk_management_score, task_automation_rate, survey_source, data_collection_method",0.0,1.0,1.0,1,2.0,4817,3817,0.6333333333333333,0.0008449429532474161,1,1
"2.0, 2.0, [-5376.825000000001,5426.825000000001], [-3053.3139,3139.6739], [1986.32,2001.68], [25.225,36.775], 2.0, [14.206399999999999,56.4136], 2.0, [2.3,7.7], 4.0, [0.7899999999999991,13.21], [11.39615,38.483850000000004], 1.0, [6.328099999999999,23.431900000000002]","region, company_size, num_employees, annual_revenue_usd_millions, company_founding_year, company_age, company_age_group, ai_adoption_rate, ai_adoption_stage, years_using_ai, ai_use_case, ai_projects_active, ai_failure_rate, ai_ethics_committee, task_automation_rate",1.0,1.0,1.0,2,1.0,4820,3820,0.5,0.0008449429532474161,1,1
"2024.0, 2.0, 4.0, 1.0, [-6226.835000000001,7326.835000000001], [1994.28,2015.72], 1.0, 2.0, [2.0,6.0], 1.0, [2.9699999999999998,15.030000000000001], [0.311875,0.554125], [62.47,95.53], 1.0, [43.995,70.005], [14.938099999999997,32.0419], 1.0","survey_year, quarter, industry, company_size, num_employees, company_founding_year, company_age_group, ai_adoption_stage, years_using_ai, ai_primary_tool, ai_projects_active, ai_maturity_score, regulatory_compliance_score, ai_ethics_committee, ai_risk_management_score, task_automation_rate, survey_source",1.0,1.0,1.0,2,1.0,4822,3822,0.5666666666666667,0.0008449429532474161,1,1
"2023.0, 0.0, [-6669.125,8063.125], [-3228.1080500000007,3664.0880500000003], [2010.04,2019.96], [-3.9000000000000004,19.9], 3.0, [1.8536499999999982,55.36635], 0.0, 2.0, 0.0, [0.18518750000000003,0.44881249999999995], [46.6,81.4], 1.0, [34.19,65.81], [23.098399999999998,37.5016], 1.0, 0.0","survey_year, region, num_employees, annual_revenue_usd_millions, company_founding_year, company_age, company_age_group, ai_adoption_rate, ai_primary_tool, num_ai_tools_used, ai_use_case, ai_maturity_score, regulatory_compliance_score, data_privacy_level, ai_risk_management_score, task_automation_rate, survey_source, data_collection_method",2.0,1.0,1.0,1,2.0,4823,3823,0.6,0.0008449429532474161,1,1
"0.0, [16.705,37.295], 2.0, [-1844.21765,1851.5976500000002], [5.225,30.775], 1.0, 2.0, [12.548699999999998,33.411300000000004], [25.86925,36.85075], [-122226.35960000001,142111.0196], [67.4,90.6]","quarter, country, region, annual_revenue_usd_millions, company_age, company_age_group, ai_adoption_stage, ai_training_hours, ai_failure_rate, ai_investment_per_employee, regulatory_compliance_score",0.0,1.0,1.0,1,1.0,4826,3826,0.36666666666666664,0.00042247147662370806,3,3
"2024.0, [15.375,22.625], 1.0, 3.0, 0.0, 6.0, [0.21493749999999998,0.6210625], [-199502.35160000002,298073.89160000003], [37.120000000000005,78.88], 2.0, 1.0, [58.585,75.415], [16.7379,35.6421], 2.0, 1.0","survey_year, country, region, ai_adoption_stage, ai_primary_tool, ai_use_case, ai_maturity_score, ai_investment_per_employee, regulatory_compliance_score, data_privacy_level, ai_ethics_committee, ai_risk_management_score, task_automation_rate, survey_source, data_collection_method",0,0.0,0.0,1,3.0,3832,3832,0.5,0.0012674144298711243,0,1
"2026.0, 0.0, [10.3,27.7], 2.0, [-2504.58595,2589.6459500000005], 3.0, 0.0, 3.0, [0.41000000000000014,9.59], [0.05237500000000006,0.579625], [9.874799999999999,27.4452], [-89211.22080000001,353942.62080000003], [26.12,67.88], 1.0, [44.29,65.71], [3.157899999999998,22.0621], 1.0, 1.0","survey_year, quarter, country, company_size, annual_revenue_usd_millions, ai_adoption_stage, ai_primary_tool, ai_use_case, ai_projects_active, ai_maturity_score, ai_failure_rate, ai_investment_per_employee, regulatory_compliance_score, data_privacy_level, ai_risk_management_score, task_automation_rate, survey_source, data_collection_method",0.0,1.0,1.0,1,1.0,4837,3837,0.6,0.00042247147662370806,2,2
"2026.0, 1.0, 5.0, 4.0, [-3692.385,3968.385], 1.0, [3.9499999999999997,8.05], [6.32,15.68], [47.57,86.43], 0.0","survey_year, quarter, region, industry, num_employees, company_age_group, years_using_ai, ai_projects_active, regulatory_compliance_score, data_collection_method",1.0,1.0,1.0,1,1.0,4843,3843,0.3333333333333333,0.00042247147662370806,1,1
"0.0, [13.995,34.005], 2.0, [-4885.75,4935.75], [2008.28,2029.72], [22.014749999999996,71.00525], 2.0, 4.0, 2.0, [0.306125,0.633875], [-10240.825600000011,370715.9856], [64.88,81.12], 0.0, [45.68,78.32], [9.717999999999998,27.722], 2.0, 3.0","quarter, country, company_size, num_employees, company_founding_year, ai_adoption_rate, ai_adoption_stage, ai_primary_tool, num_ai_tools_used, ai_maturity_score, ai_investment_per_employee, regulatory_compliance_score, ai_ethics_committee, ai_risk_management_score, task_automation_rate, survey_source, data_collection_method",2.0,1.0,1.0,2,1.0,4844,3844,0.5666666666666667,0.0008449429532474161,2,2
"[17.43,36.57], 2.0, [-2320.06215,2374.6221500000006], [1994.68,2003.32], 0.0, 3.0, [2.57,7.43], [2.8004,13.979600000000001], [16.944125,29.755875000000003], [60.76,93.24000000000001], 0.0, 1.0","country, company_size, annual_revenue_usd_millions, company_founding_year, ai_primary_tool, ai_use_case, ai_projects_active, ai_budget_percentage, ai_failure_rate, regulatory_compliance_score, ai_ethics_committee, data_collection_method",1.0,1.0,1.0,1,1.0,4845,3845,0.4,0.00042247147662370806,2,2
"0.0, 4.0, 1.0, [-6747.91,7787.91], [1994.32,2017.68], 1.0, 2.0, 3.0, 5.0, [24.3908,69.9092], [23.53505,37.44495], [49.019999999999996,84.98], 0.0, [21.5387,33.2413], 3.0","quarter, industry, company_size, num_employees, company_founding_year, company_age_group, ai_adoption_stage, ai_primary_tool, ai_use_case, ai_training_hours, ai_failure_rate, regulatory_compliance_score, ai_ethics_committee, task_automation_rate, data_collection_method",2.0,1.0,1.0,2,1.0,4846,3846,0.5,0.0008449429532474161,2,2
"2.0, [10.415000000000001,31.585], 3.0, 2.0, [-5915.115,6067.115], [2003.24,2014.76], 1.0, 2.0, [8.4,11.6], [-0.96,6.96], [18.6594,47.7406], [4.6588,20.441200000000002], [9.490349999999998,33.64965], [-148738.2048,177796.2048], 0.0, [40.625,53.375], 0.0","quarter, country, industry, company_size, num_employees, company_founding_year, company_age_group, ai_adoption_stage, years_using_ai, ai_projects_active, ai_training_hours, ai_budget_percentage, ai_failure_rate, ai_investment_per_employee, ai_ethics_committee, ai_risk_management_score, survey_source",1.0,1.0,1.0,2,1.0,4851,3851,0.5666666666666667,0.0008449429532474161,2,2
"2023.0, [-4.525,8.525], 5.0, [-3528.00495,3563.96495], [-5.9,17.9], 3.0, [-7.476750000000003,33.97675], 3.0, [1.4,4.6], 3.0, 1.0, 1.0, [-2.97,2.97], [-2.9892000000000003,42.5292], [-0.010437499999999988,0.3244375], [-156126.70040000003,356998.8004], 0.0, 0.0","survey_year, country, region, annual_revenue_usd_millions, company_age, company_age_group, ai_adoption_rate, ai_adoption_stage, years_using_ai, ai_primary_tool, num_ai_tools_used, ai_use_case, ai_projects_active, ai_training_hours, ai_maturity_score, ai_investment_per_employee, data_privacy_level, ai_ethics_committee",0.0,1.0,1.0,1,1.5,4852,3852,0.6,0.0006337072149355621,2,2
"2024.0, [16.2,27.8], 2.0, 1.0, [-2751.9601000000002,3041.4800999999998], [0.875,27.125], 3.0, [1.6999999999999997,8.3], 0.0, 6.0, [9.876699999999996,43.383300000000006], [6.7028,13.717200000000002], [0.17956249999999999,0.5144375], [-151783.93680000002,213623.61680000002], [51.24,76.76], [39.485,66.515], [5.8417499999999976,35.09825], 0.0","survey_year, country, industry, company_size, annual_revenue_usd_millions, company_age, company_age_group, years_using_ai, ai_primary_tool, ai_use_case, ai_training_hours, ai_budget_percentage, ai_maturity_score, ai_investment_per_employee, regulatory_compliance_score, ai_risk_management_score, task_automation_rate, survey_source",1.0,1.0,1.0,1,1.0,4853,3853,0.6,0.00042247147662370806,2,2
"3.0, [3.3149999999999995,18.685000000000002], 6.0, 0.0, [3244.465,12869.535], [-628.9073000000001,2767.2473], 2.0, 2.0, 5.0, [7.21,12.79], [28.9401,66.2399], [3.603200000000001,16.3168], [0.30562500000000004,0.690375], [-130618.72279999999,157042.5428], [48.95,75.05], 0.0, 1.0, [12.261249999999997,46.018750000000004], 3.0","quarter, country, industry, company_size, num_employees, annual_revenue_usd_millions, ai_adoption_stage, num_ai_tools_used, ai_use_case, ai_projects_active, ai_training_hours, ai_budget_percentage, ai_maturity_score, ai_investment_per_employee, regulatory_compliance_score, data_privacy_level, ai_ethics_committee, task_automation_rate, survey_source",2.0,1.0,1.0,2,1.0,4856,3856,0.6333333333333333,0.0008449429532474161,2,2
"2024.0, 6.0, 2.0, 1.0, [26.59765,49.96235], [-0.8000000000000003,4.800000000000001], [0.15875,0.52925], [20.51925,31.500750000000004], [56.18,89.82], 2.0, 0.0, [37.505,62.495], [9.962149999999996,35.617850000000004], 2.0","survey_year, industry, company_size, company_age_group, ai_adoption_rate, years_using_ai, ai_maturity_score, ai_failure_rate, regulatory_compliance_score, data_privacy_level, ai_ethics_committee, ai_risk_management_score, task_automation_rate, survey_source",2.0,1.0,1.0,1,1.0,4857,3857,0.4666666666666667,0.00042247147662370806,2,2
"[18.475,31.525], 2.0, 8.0, 2.0, [-4565.1050000000005,4667.1050000000005], [-1.5384000000000029,46.6984], [5.1,10.9], 2.0, 2.0, [1.21,6.79], [-6.180900000000003,37.440900000000006], [0.013625000000000026,0.512375], [33.81529999999999,44.0647], [-197224.37559999997,378098.1556], [72.82,97.18], 2.0, [6.493649999999999,18.64635], 1.0","country, region, industry, company_size, num_employees, ai_adoption_rate, years_using_ai, num_ai_tools_used, ai_use_case, ai_projects_active, ai_training_hours, ai_maturity_score, ai_failure_rate, ai_investment_per_employee, regulatory_compliance_score, data_privacy_level, task_automation_rate, survey_source",1.0,1.0,1.0,2,1.0,4863,3863,0.6,0.0008449429532474161,1,1
"2025.0, 2.0, 2.0, 3.0, [3.3,6.7], 2.0, [-2.58,8.58], [29.724499999999995,64.4955], [5.614400000000001,18.9856], [46.28,85.72], 0.0, [41.68,74.32]","survey_year, quarter, region, company_age_group, years_using_ai, ai_use_case, ai_projects_active, ai_training_hours, ai_budget_percentage, regulatory_compliance_score, ai_ethics_committee, ai_risk_management_score",0.0,1.0,1.0,2,1.0,4864,3864,0.4,0.0008449429532474161,2,2
"2023.0, 1.0, [23.939999999999998,32.06], 3.0, 2.0, [-3212.82425,3279.82425], [1988.76,2001.24], [21.875,34.125], [3.35,10.65], 5.0, 2.0, [3.6999999999999993,16.3], [29.73375,40.98625], 1.0","survey_year, quarter, country, region, company_size, annual_revenue_usd_millions, company_founding_year, company_age, years_using_ai, ai_primary_tool, ai_use_case, ai_projects_active, task_automation_rate, data_collection_method",2.0,1.0,1.0,1,1.5,4865,3865,0.4666666666666667,0.0006337072149355621,2,2
"1.0, 2.0, 1.0, [-4922.255000000001,6274.255000000001], [2.5,5.5], 4.0, 1.0, [14.027149999999999,26.47285], [57.24,82.76], 2.0, [36.82,55.18], 3.0","quarter, region, company_size, num_employees, years_using_ai, ai_primary_tool, num_ai_tools_used, ai_failure_rate, regulatory_compliance_score, data_privacy_level, ai_risk_management_score, data_collection_method",0.0,1.0,1.0,1,1.0,4866,3866,0.4,0.00042247147662370806,1,1
"2023.0, 3.0, 5.0, 1.0, [-1716.8080000000002,2278.668], [1988.48,2003.52], [21.575,32.425], [20.636,50.784000000000006], [2.75,9.25], 4.0, [9.602099999999998,34.2579], [0.15850000000000003,0.6715], [19.590175,31.669825], [8401.541199999992,218316.51880000002], [51.95,78.05], 0.0, 1.0, [15.257299999999997,39.56270000000001], 0.0","survey_year, quarter, region, company_size, annual_revenue_usd_millions, company_founding_year, company_age, ai_adoption_rate, years_using_ai, ai_use_case, ai_training_hours, ai_maturity_score, ai_failure_rate, ai_investment_per_employee, regulatory_compliance_score, data_privacy_level, ai_ethics_committee, task_automation_rate, data_collection_method",1.0,1.0,1.0,1,6.0,4872,3872,0.6333333333333333,0.0025348288597422486,1,1
"0.0, 4.0, 1.0, [-1582.07455,2313.51455], [1996.56,2015.44], [10.825,25.175], 1.0, 2.0, 4.0, [2.2299999999999995,11.77], [39.3331,57.6669], [0.3285,0.6134999999999999], [8.49925,19.48075], 0.0, 2.0","quarter, region, company_size, annual_revenue_usd_millions, company_founding_year, company_age, company_age_group, ai_adoption_stage, ai_primary_tool, ai_projects_active, ai_training_hours, ai_maturity_score, ai_failure_rate, ai_ethics_committee, survey_source",2.0,1.0,1.0,1,2.0,4873,3873,0.5,0.0008449429532474161,1,1
"2026.0, 1.0, 0.0, [3374.3899499999998,6271.11005], [6.3,21.7], 5.0, 1.0, 0.0, [2.3455999999999992,10.894400000000001], [0.19293749999999998,0.37106249999999996], [-217743.0928,264283.89280000003], 2.0, 0.0, [40.129999999999995,77.87], 2.0","survey_year, region, company_size, annual_revenue_usd_millions, company_age, ai_primary_tool, num_ai_tools_used, ai_use_case, ai_budget_percentage, ai_maturity_score, ai_investment_per_employee, data_privacy_level, ai_ethics_committee, ai_risk_management_score, data_collection_method",1.0,1.0,1.0,1,1.0,4879,3879,0.5,0.00042247147662370806,1,1
"2025.0, [-3326.3653000000004,4065.2653], [2012.16,2027.84], [-5.324999999999999,15.325], [-7.584149999999999,36.88415], 2.0, 2.0, [-3.6850000000000023,27.925], [-2.6660000000000004,10.486], [25.176650000000002,44.94335], 0.0, 1.0, [-10.007250000000003,10.247250000000001], 3.0, 0.0","survey_year, annual_revenue_usd_millions, company_founding_year, company_age, ai_adoption_rate, num_ai_tools_used, ai_use_case, ai_training_hours, ai_budget_percentage, ai_failure_rate, data_privacy_level, ai_ethics_committee, task_automation_rate, survey_source, data_collection_method",0.0,1.0,1.0,1,1.0,4881,3881,0.5,0.00042247147662370806,2,2
"0.0, 4.0, [9026.455,21401.545], [7071.9361499999995,10368.20385], [1993.84,2010.16], [12.625,35.375], 1.0, [3.727499999999999,41.4125], [0.8999999999999999,7.1], 1.0, 2.0, [1.8296000000000001,12.5704], [-133680.30800000002,216177.988], 0.0, [46.19,77.81], 0.0","quarter, industry, num_employees, annual_revenue_usd_millions, company_founding_year, company_age, company_age_group, ai_adoption_rate, years_using_ai, num_ai_tools_used, ai_use_case, ai_budget_percentage, ai_investment_per_employee, data_privacy_level, ai_risk_management_score, data_collection_method",0.0,1.0,1.0,1,3.0,4882,3882,0.5333333333333333,0.0012674144298711243,2,2
"1.0, 1.0, 2.0, [-2823.9608000000003,1540.7335], [6.225,31.775], 1.0, [26.0182,62.5914], 4.0, [3.34,16.66], [0.24406250000000002,0.5219374999999999], [7.625724999999999,29.045450000000002], [49.43,68.57], 0.0, [7.428199999999999,23.321600000000004], 1.0, 2.0","quarter, region, company_size, annual_revenue_usd_millions, company_age, company_age_group, ai_adoption_rate, num_ai_tools_used, ai_projects_active, ai_maturity_score, ai_failure_rate, regulatory_compliance_score, ai_ethics_committee, task_automation_rate, survey_source, data_collection_method",0,0.0,0.0,1,2.0,3883,3883,0.5333333333333333,0.0008449429532474161,0,1
"2026.0, [10.125,31.875], 4.0, 0.0, [6362.530000000001,17755.47], [1171.21195,8063.408050000001], [-1.6000000000000005,9.600000000000001], 0.0, [18.342700000000004,62.0573], 2.0, 5.0, [16.0092,33.7108], [11.884549999999999,33.11545], [50.24,75.76], 0.0, 0.0","survey_year, country, industry, company_size, num_employees, annual_revenue_usd_millions, company_age, company_age_group, ai_adoption_rate, num_ai_tools_used, ai_use_case, ai_training_hours, ai_failure_rate, regulatory_compliance_score, data_privacy_level, data_collection_method",1.0,1.0,1.0,2,1.0,4884,3884,0.5333333333333333,0.0008449429532474161,1,1
"2.0, [15.635,26.365000000000002], 1.0, 1.0, [-3260.74,3810.74], [2.4750000000000005,17.525], 3.0, 2.0, [5.8,10.2], 4.0, [6.300000000000001,11.7], [12.5532,19.786800000000003], [0.36724999999999997,0.79475], [61606.81799999997,489211.402], [45.129999999999995,82.87], [27.477399999999996,50.882600000000004], 3.0","quarter, country, region, company_size, num_employees, company_age, company_age_group, ai_adoption_stage, years_using_ai, num_ai_tools_used, ai_projects_active, ai_budget_percentage, ai_maturity_score, ai_investment_per_employee, ai_risk_management_score, task_automation_rate, data_collection_method",2.0,1.0,1.0,1,1.0,4888,3888,0.5666666666666667,0.00042247147662370806,2,2
"0.0, 0.0, 7.0, 1.0, [-6286.1900000000005,6678.1900000000005], [0.375,19.625], 2.0, 2.0, [4.741099999999999,35.718900000000005], [-2.1272000000000006,4.8872], [-166414.84680000003,198992.7068], 2.0, 0.0, [43.464999999999996,72.535], [-8.63855,23.318550000000002], 1.0","quarter, region, industry, company_size, num_employees, company_age, ai_primary_tool, num_ai_tools_used, ai_training_hours, ai_budget_percentage, ai_investment_per_employee, data_privacy_level, ai_ethics_committee, ai_risk_management_score, task_automation_rate, survey_source",0.0,1.0,1.0,1,3.0,4889,3889,0.5333333333333333,0.0012674144298711243,1,1
"[18.78,29.22], 0.0, [2010.2,2027.8], [32.3979,70.96209999999999], [2.1479999999999997,13.631547858250627], [63.496175033831214,92.5], 1.0","country, company_size, company_founding_year, ai_training_hours, ai_budget_percentage, regulatory_compliance_score, ai_ethics_committee",2,0.2373046875,0.75,1,2.5,4891,3891,0.23333333333333334,0.0010561786915592702,3,4
"[1991.16,2016.56], [18.875,31.125], [-14.010450000000006,28.950450000000004], [-1.25,3.25], [7.1030999999999995,25.4369], [-0.08418749999999997,0.45018749999999996], [59.47,72.86], [5.047499999999999,27.552500000000002], 0.0","company_founding_year, company_age, ai_adoption_rate, ai_projects_active, ai_training_hours, ai_maturity_score, regulatory_compliance_score, task_automation_rate, data_collection_method",0.0,0.401877572016461,0.8333333333333334,2,4.0,4892,3892,0.3,0.0033797718129896645,5,6
"2026.0, 0.0, [7.085,14.915], 2.0, 2.0, [2013.84,2022.16], [-0.5749999999999993,16.575], 3.0, [18.363649999999996,71.87635], 2.0, 2.0, [2.3546999999999976,48.505300000000005], [0.6027999999999984,13.0972], [-94193.25200000001,139045.612], [60.019999999999996,95.98], 3.0, 0.0","survey_year, quarter, country, industry, company_size, company_founding_year, company_age, company_age_group, ai_adoption_rate, ai_adoption_stage, ai_primary_tool, ai_training_hours, ai_budget_percentage, ai_investment_per_employee, regulatory_compliance_score, survey_source, data_collection_method",2.0,1.0,1.0,1,1.0,4893,3893,0.5666666666666667,0.00042247147662370806,1,1
"5.0, 3.0, 1.0, [-1464.9704000000002,1731.4104000000002], [14.05,25.95], [-2.302100000000003,47.4421], 2.0, 1.0, [5.49,12.51], [-9.483,9.483], [6.919599999999999,17.6604], [24.836150000000004,51.92385], [44.24,69.76], 2.0, 0.0, [53.37,66.63], 3.0, 0.0","region, industry, company_size, annual_revenue_usd_millions, company_age, ai_adoption_rate, num_ai_tools_used, ai_use_case, ai_projects_active, ai_training_hours, ai_budget_percentage, ai_failure_rate, regulatory_compliance_score, data_privacy_level, ai_ethics_committee, ai_risk_management_score, survey_source, data_collection_method",2,0.0,0.0,1,2.0,3895,3895,0.6,0.0008449429532474161,0,1
"1.0, [-3.7300000000000004,17.73], 0.0, [-6244.76,6326.76], [-2244.87525,2250.03525], [1984.04,2001.96], 2.0, 3.0, 3.0, [9.024,16.696], [0.20331250000000003,0.5666875], [5.359674999999999,24.760325], [47.46,62.54], 0.0, 0.0, 3.0, 0.0","quarter, country, region, num_employees, annual_revenue_usd_millions, company_founding_year, company_age_group, num_ai_tools_used, ai_use_case, ai_budget_percentage, ai_maturity_score, ai_failure_rate, regulatory_compliance_score, data_privacy_level, ai_ethics_committee, survey_source, data_collection_method",2.0,1.0,1.0,1,1.0,4896,3896,0.5666666666666667,0.00042247147662370806,1,1
"0.0, [-1129.50695,2218.5168224022705], [1990.96,2013.04], [16.95,42.65310684656181], 2.0, [3.25,16.75], [16.856699999999996,50.3633], [-61497.018800000005,148417.95880000002], 2.0, 2.0","quarter, annual_revenue_usd_millions, company_founding_year, company_age, ai_adoption_stage, ai_projects_active, ai_training_hours, ai_investment_per_employee, data_privacy_level, data_collection_method",1,0.07775999999999998,0.6,2,3.4,4950,3898,0.3333333333333333,0.0028728060410412146,3,5
"[15.865,34.135], [-4679.610000000001,5927.610000000001], [2005.36,2014.64], [5.15,26.85], [26.36215,72.33785], 2.0, [1.722999999999999,45.977000000000004], [13.121274999999997,38.378725], [61.08,88.92], 1.0, [56.8,77.2], [18.60345,32.55655], 1.0","country, num_employees, company_founding_year, company_age, ai_adoption_rate, ai_adoption_stage, ai_training_hours, ai_failure_rate, regulatory_compliance_score, ai_ethics_committee, ai_risk_management_score, task_automation_rate, survey_source",2.0,0.007415771484375,0.375,2,3.0288,4907,3907,0.43333333333333335,0.0025591632167957738,3,8
"1.0, [-4306.89,4728.89], [1.7000000000000002,14.3], [24.814899999999998,59.4851], 0.0, 1.0, 2.0, [3.12,8.879999999999999], [8.9312,15.0688], [6.169924999999998,21.910075], [-14635.502400000027,342997.42240000004], 1.0, 2.0","industry, num_employees, company_age, ai_adoption_rate, ai_primary_tool, num_ai_tools_used, ai_use_case, ai_projects_active, ai_budget_percentage, ai_failure_rate, ai_investment_per_employee, ai_ethics_committee, survey_source",2.0,1.0,1.0,2,2.0,4912,3912,0.43333333333333335,0.0016898859064948322,1,1
"2025.0, [-2.09,10.09], 1.0, [1994.28,2007.72], [17.525,30.475], [24.982300000000002,56.6377], 2.0, [5.85,12.15], 5.0, 3.0, 6.0, [0.203,0.659], [-138608.9316,164601.59159999999], [59.56,80.44], 0.0, 1.0, [-13.237553040866478,32.883], 0.0, 1.0","survey_year, country, industry, company_founding_year, company_age, ai_adoption_rate, ai_adoption_stage, years_using_ai, ai_primary_tool, num_ai_tools_used, ai_use_case, ai_maturity_score, ai_investment_per_employee, regulatory_compliance_score, data_privacy_level, ai_ethics_committee, task_automation_rate, survey_source, data_collection_method",1.0,1.0,1.0,1,6.0,4913,3913,0.6333333333333333,0.0025348288597422486,1,1
"2025.0, 1.0, 0.0, [1325.0249999999996,14092.975], 1.0, [33.694900000000004,68.3651], [2.7,5.3], 0.0, [-112580.326,198404.826], [36.019999999999996,71.98], 1.0, [56.545,77.455], 1.0","survey_year, quarter, region, num_employees, company_age_group, ai_adoption_rate, years_using_ai, ai_primary_tool, ai_investment_per_employee, regulatory_compliance_score, ai_ethics_committee, ai_risk_management_score, data_collection_method",1.0,1.0,1.0,1,1.5,4918,3918,0.43333333333333335,0.0006337072149355621,2,2
"2023.0, 0.0, 2.0, 7.0, 0.0, 0.0, [8.32,17.68], [27.2992,45.0008], [8.988399999999999,24.5516], [0.469875,0.712125], [14.661774999999999,32.598225], [58.019999999999996,93.98], 0.0, [57.425,90.575], [27.042749999999998,47.297250000000005], 2.0","survey_year, quarter, region, industry, company_size, ai_primary_tool, ai_projects_active, ai_training_hours, ai_budget_percentage, ai_maturity_score, ai_failure_rate, regulatory_compliance_score, data_privacy_level, ai_risk_management_score, task_automation_rate, data_collection_method",2.0,1.0,1.0,1,3.0,4919,3919,0.5333333333333333,0.0012674144298711243,1,1
"[9.415000000000001,30.585], 2.0, 0.0, 1.0, [2007.76,2028.24], [9.82545,42.23455], 3.0, [0.3500000000000001,7.65], 5.0, [-5.12,7.12], [1.8863999999999992,10.8736], [-0.0566875,0.4206875], [-22952.91320000001,194736.6932], 0.0, [41.075,58.925], 2.0, 3.0","country, region, industry, company_size, company_founding_year, ai_adoption_rate, ai_adoption_stage, years_using_ai, ai_use_case, ai_projects_active, ai_budget_percentage, ai_maturity_score, ai_investment_per_employee, ai_ethics_committee, ai_risk_management_score, survey_source, data_collection_method",1.0,1.0,1.0,1,2.0,4922,3922,0.5666666666666667,0.0008449429532474161,1,1
"1.0, 1.0, 2.0, [2001.8,2024.2], 3.0, 2.0, [-5.4799999999999995,7.4799999999999995], [42.6243,90.71518099498638], [3.1896749999999994,22.590325]","quarter, region, company_size, company_founding_year, company_age_group, ai_adoption_stage, ai_projects_active, ai_training_hours, ai_failure_rate",2.0,1.0,1.0,1,2.0,4926,3926,0.3,0.0008449429532474161,1,1
"1.0, [3.4299999999999997,22.57], 1.0, 2.0, [-3741.385,3919.385], 3.0, [43.4582,64.5618], [3.1896749999999994,22.590325], [43.54,86.46000000000001], [13.701249999999995,47.45875]","quarter, country, region, company_size, num_employees, company_age_group, ai_adoption_rate, ai_failure_rate, regulatory_compliance_score, task_automation_rate",2.0,1.0,1.0,1,2.0,4926,3926,0.3333333333333333,0.0008449429532474161,2,2
"0.0, [-1208.7562500000001,3368.8883965931545], [1998.96,2013.04], 1.0, [23.473799999999997,62.6662], [1.4500000000000002,6.55], 2.0, [9.6112,15.7488], [-78618.26400000002,193493.744], [63.37,90.63], 1.0, [62.505,87.495], [0.9318499999999972,29.28815], 3.0","quarter, annual_revenue_usd_millions, company_founding_year, company_age_group, ai_adoption_rate, years_using_ai, num_ai_tools_used, ai_budget_percentage, ai_investment_per_employee, regulatory_compliance_score, ai_ethics_committee, ai_risk_management_score, task_automation_rate, data_collection_method",1.0,1.0,1.0,1,1.5,4927,3927,0.4666666666666667,0.0006337072149355621,2,2
"2023.0, [12.575,31.425], 0.0, [-3683.5153,3708.1153000000004], [-9.200000000000001,13.200000000000001], 0.0, 2.0, [-6.945000000000002,24.665], [12.555974999999997,27.564025], [-178669.3476,241160.60760000002], 0.0, 2.0","survey_year, country, region, annual_revenue_usd_millions, company_age, company_age_group, ai_use_case, ai_training_hours, ai_failure_rate, ai_investment_per_employee, ai_ethics_committee, data_collection_method",1.0,1.0,1.0,1,1.0,4928,3928,0.4,0.00042247147662370806,2,2
"2024.0, [-4.22,20.686781456281114], 0.0, [16306.195,21609.805], [6017.3123,12609.8477], [1988.8,2011.2], [19.275,28.725], 3.0, [4.1,7.9], 2.0, 1.0, 7.0, [0.04999999999999982,9.95], [-1.6542999999999992,38.1743], [-248254.09679999997,311519.17679999996], 0.0, 2.0, 1.0","survey_year, country, company_size, num_employees, annual_revenue_usd_millions, company_founding_year, company_age, ai_adoption_stage, years_using_ai, ai_primary_tool, num_ai_tools_used, ai_use_case, ai_projects_active, ai_training_hours, ai_investment_per_employee, data_privacy_level, survey_source, data_collection_method",0.0,1.0,1.0,1,2.0,4929,3929,0.6,0.0008449429532474161,1,1
"3.0, [-5.6850000000000005,9.685], 1.0, [1983.24,2002.76], [25.7,38.3], 2.0, 2.0, 1.0, [13.403199999999998,20.6368], 0.0, [57.82,76.18], [19.7472,44.9528], 1.0, 0.0","quarter, country, company_size, company_founding_year, company_age, company_age_group, ai_adoption_stage, ai_primary_tool, ai_budget_percentage, data_privacy_level, ai_risk_management_score, task_automation_rate, survey_source, data_collection_method",2.0,1.0,1.0,1,1.5,4932,3932,0.4666666666666667,0.0006337072149355621,2,2
"2026.0, 1.0, [19.634999999999998,30.365000000000002], 3.0, [-1203.57625,1293.59625], [2007.12,2028.88], 3.0, [-0.7341499999999996,43.73415], 1.0, 4.0, 2.0, [-6.75,6.75], [11.913299999999998,41.6267], [-0.06174999999999997,0.36574999999999996], [9.582649999999997,30.737350000000003], 1.0, 1.0","survey_year, quarter, country, industry, annual_revenue_usd_millions, company_founding_year, company_age_group, ai_adoption_rate, ai_primary_tool, num_ai_tools_used, ai_use_case, ai_projects_active, ai_training_hours, ai_maturity_score, task_automation_rate, survey_source, data_collection_method",0.0,1.0,1.0,2,1.0,4934,3934,0.5666666666666667,0.0008449429532474161,2,2
"0.0, 1.0, 5.0, 1.0, [-3622.0299999999997,4628.03], [-3006.7346000000002,3785.5746000000004], [1.5250000000000004,14.475], [3.239549999999994,46.200450000000004], 1.0, 0.0, [0.6699999999999999,7.33], [62.6,97.4], 2.0, 1.0, [42.31,61.69], 0.0","quarter, region, industry, company_size, num_employees, annual_revenue_usd_millions, company_age, ai_adoption_rate, num_ai_tools_used, ai_use_case, ai_projects_active, regulatory_compliance_score, data_privacy_level, ai_ethics_committee, ai_risk_management_score, survey_source",0.0,1.0,1.0,1,3.0,4936,3936,0.5333333333333333,0.0012674144298711243,1,1
"0.0, 1.0, 5.0, 1.0, [-3622.0299999999997,4628.03], [3.239549999999994,46.200450000000004], 1.0, 0.0, [0.6699999999999999,7.33], 2.0, 1.0, [42.31,61.69], 0.0","quarter, region, industry, company_size, num_employees, ai_adoption_rate, num_ai_tools_used, ai_use_case, ai_projects_active, data_privacy_level, ai_ethics_committee, ai_risk_management_score, survey_source",0.0,1.0,1.0,1,3.0,4936,3936,0.43333333333333335,0.0012674144298711243,1,1
"2025.0, 1.0, 7.0, 2.0, [-2824.2349999999997,2872.2349999999997], 2.0, [6.2,9.8], 2.0, 3.0, [12.1162,48.7838], [0.1640625,0.6699375], [19.5353,29.7847], [-33077.94440000001,169062.4044], 0.0, [54.015,77.985], 0.0","survey_year, region, industry, company_size, num_employees, ai_adoption_stage, years_using_ai, num_ai_tools_used, ai_use_case, ai_training_hours, ai_maturity_score, ai_failure_rate, ai_investment_per_employee, data_privacy_level, ai_risk_management_score, survey_source",2.0,1.0,1.0,1,1.5,4937,3937,0.5333333333333333,0.0006337072149355621,2,2
"2026.0, 1.0, [3.994999999999999,24.005000000000003], 2.0, [-6620.620000000001,6736.620000000001], [-1465.6634999999999,1530.9435], [2008.4,2027.6], 3.0, [3.4937999999999967,42.6862], 3.0, 5.0, [0.9983999999999993,11.081600000000002], [-0.004249999999999976,0.36624999999999996], [-74851.5032,142838.1032], [51.11,74.89], 0.0, [2.7029499999999977,21.15705]","survey_year, quarter, country, company_size, num_employees, annual_revenue_usd_millions, company_founding_year, company_age_group, ai_adoption_rate, ai_adoption_stage, ai_use_case, ai_budget_percentage, ai_maturity_score, ai_investment_per_employee, regulatory_compliance_score, data_privacy_level, task_automation_rate",0.0,1.0,1.0,2,1.0,4942,3942,0.5666666666666667,0.0008449429532474161,2,2
"2026.0, 2.0, [15.33,28.67], 4.0, [1984.44,1997.56], [23.975,46.025], 3.0, 1.0, 4.0, [-4.41,4.41], [3.7868000000000004,12.993200000000002], [23.76665,43.53335], 0.0, [35.64,72.36], 2.0, 2.0","survey_year, quarter, country, industry, company_founding_year, company_age, ai_adoption_stage, ai_primary_tool, ai_use_case, ai_projects_active, ai_budget_percentage, ai_failure_rate, ai_ethics_committee, ai_risk_management_score, survey_source, data_collection_method",0.0,1.0,1.0,1,1.0,4943,3943,0.5333333333333333,0.00042247147662370806,2,2
"2.0, [-11372.532763190211,6629.975], [-4.949999999999999,20.95], 2.0, 0.0, [1.67,8.33], [-6.615500000000004,28.155500000000004], [2.582799999999999,15.077200000000001], [-3159.988400000002,276726.64839999995], [57.92,88.08], 0.0, 1.0, [5.931849999999997,34.28815]","region, num_employees, company_age, num_ai_tools_used, ai_use_case, ai_projects_active, ai_training_hours, ai_budget_percentage, ai_investment_per_employee, regulatory_compliance_score, data_privacy_level, ai_ethics_committee, task_automation_rate",2.0,1.0,1.0,1,1.0,4946,3946,0.43333333333333335,0.00042247147662370806,1,1
"2026.0, [7.445,24.555], 0.0, [1990.96,2005.04], [22.75,33.25], 1.0, [0.3999999999999999,7.6], [-5.027000000000001,39.227000000000004], [-0.07574999999999996,0.35175], 0.0, [-7.792700000000003,16.512700000000002], 3.0","survey_year, country, industry, company_founding_year, company_age, company_age_group, ai_projects_active, ai_training_hours, ai_maturity_score, ai_ethics_committee, task_automation_rate, survey_source",0.0,1.0,1.0,1,1.0,4951,3951,0.4,0.00042247147662370806,1,1
"[7.154999999999999,24.845], 2.0, 1.0, 1.0, [1.6939499999999992,26.566050000000004], 3.0, 2.0, 1.0, 3.0, [3.5223999999999998,10.3176], [-0.05849999999999994,0.45449999999999996], [-186688.33,202043.11000000002], [65.41,106.59], [-5.816650000000001,9.036650000000002], 2.0","country, region, company_size, company_age_group, ai_adoption_rate, ai_adoption_stage, ai_primary_tool, num_ai_tools_used, ai_use_case, ai_budget_percentage, ai_maturity_score, ai_investment_per_employee, regulatory_compliance_score, task_automation_rate, data_collection_method",0.0,1.0,1.0,1,1.0,4952,3952,0.5,0.00042247147662370806,1,1
"2024.0, [-9.125,17.125], [-2.1,4.1], 2.0, 3.0, [-0.41999999999999993,6.42], [7.8088,18.111200000000004], [0.1690625,0.4469375], [40.66,67.34], 2.0, 1.0","survey_year, company_age, years_using_ai, ai_primary_tool, ai_use_case, ai_projects_active, ai_budget_percentage, ai_maturity_score, regulatory_compliance_score, survey_source, data_collection_method",1.0,1.0,1.0,1,2.0,4953,3953,0.36666666666666664,0.0008449429532474161,1,1
"0.0, 1.0, 1.0, [-1919.4087000000002,2675.3887000000004], [1999.52,2016.48], 2.0, [-0.04999999999999982,6.05], 3.0, 0.0, [2.575599999999999,11.124400000000001], [0.24312499999999998,0.570875], [62.56,83.44], 0.0, 1.0, 2.0","quarter, industry, company_size, annual_revenue_usd_millions, company_founding_year, ai_adoption_stage, years_using_ai, ai_primary_tool, ai_use_case, ai_budget_percentage, ai_maturity_score, regulatory_compliance_score, data_privacy_level, ai_ethics_committee, data_collection_method",2.0,1.0,1.0,1,3.0,4957,3957,0.5,0.0012674144298711243,1,1
"2026.0, 0.0, 1.0, 1.0, [-1919.4087000000002,2675.3887000000004], [1999.52,2016.48], 2.0, 3.0, 0.0, [2.575599999999999,11.124400000000001], [0.24312499999999998,0.570875], [62.56,83.44], 0.0, 1.0, 2.0","survey_year, quarter, industry, company_size, annual_revenue_usd_millions, company_founding_year, ai_adoption_stage, ai_primary_tool, ai_use_case, ai_budget_percentage, ai_maturity_score, regulatory_compliance_score, data_privacy_level, ai_ethics_committee, data_collection_method",2.0,1.0,1.0,1,3.0,4957,3957,0.5,0.0012674144298711243,1,1
"2.0, [24.375,31.625], 8.0, 2.0, [-3180.0950000000003,3302.0950000000003], [-2421.57905,2472.87905], [2004.0,2012.0], [11.129950000000001,66.15005], [7.7,10.3], 2.0, [4.789999999999999,17.21], [1.2420999999999989,18.07225530247168], [19.005225,44.994775000000004], [56.05,87.95], 2.0, [59.37,72.63], [9.342649999999999,30.497350000000004], 1.0","quarter, country, industry, company_size, num_employees, annual_revenue_usd_millions, company_founding_year, ai_adoption_rate, years_using_ai, ai_use_case, ai_projects_active, ai_training_hours, ai_failure_rate, regulatory_compliance_score, data_privacy_level, ai_risk_management_score, task_automation_rate, data_collection_method",2.0,1.0,1.0,1,2.0,4959,3959,0.6,0.0008449429532474161,1,1
"2026.0, [12.285,31.715], 0.0, 6.0, [-1236.8769499999999,1859.61695], [1995.24,2014.76], [18.926399999999997,61.1336], 0.0, [2.6776,11.564646877197857], [-172078.57640000002,263300.6364], [59.75,74.25], [47.995,74.005]","survey_year, country, region, industry, annual_revenue_usd_millions, company_founding_year, ai_adoption_rate, ai_primary_tool, ai_budget_percentage, ai_investment_per_employee, regulatory_compliance_score, ai_risk_management_score",1.0,1.0,1.0,1,2.0,4961,3961,0.4,0.0008449429532474161,1,1
"3.0, [6.3149999999999995,21.685000000000002], 0.0, 1.0, 2.0, [36.15135,58.008649999999996], 2.0, [4.65,7.35], 2.0, 6.0, [10.932799999999999,17.9472], [13.6364,37.0636], [42.57,81.43], 1.0, 3.0","quarter, country, region, industry, company_age_group, ai_adoption_rate, ai_adoption_stage, years_using_ai, num_ai_tools_used, ai_use_case, ai_budget_percentage, ai_failure_rate, regulatory_compliance_score, ai_ethics_committee, data_collection_method",0.0,1.0,1.0,1,1.0,4963,3963,0.5,0.00042247147662370806,2,2
"3.0, [18.490000000000002,29.509999999999998], 2.0, 1.0, 1.0, [-4250.535,5374.535], 2.0, 0.0, [7.016399999999999,16.0036], [10.194374999999999,19.345625], [55.879999999999995,72.12], 2.0","quarter, country, region, industry, company_size, num_employees, ai_primary_tool, ai_use_case, ai_budget_percentage, ai_failure_rate, regulatory_compliance_score, data_privacy_level",2.0,1.0,1.0,1,1.0,4965,3965,0.4,0.00042247147662370806,2,2
"2024.0, [3.6500000000000004,12.35], 2.0, 6.0, [-6289.835000000001,7263.835000000001], [-1534.8804000000002,1661.5004000000001], 2.0, [-0.5499999999999998,6.55], 2.0, [7.704000000000001,45.636], [-2.8920000000000012,12.452000000000002], [24.664375,33.815625], [-164828.5736,177255.09360000002], 2.0, [35.66,70.34], 1.0","survey_year, country, region, industry, num_employees, annual_revenue_usd_millions, company_age_group, years_using_ai, num_ai_tools_used, ai_training_hours, ai_budget_percentage, ai_failure_rate, ai_investment_per_employee, data_privacy_level, ai_risk_management_score, survey_source",2.0,1.0,1.0,1,1.0,4968,3968,0.5333333333333333,0.00042247147662370806,2,2
"2025.0, 2.0, [-3.96,9.96], 3.0, 1.0, [-2252.7356,2541.8356000000003], [2003.28,2024.72], 3.0, [28.57875,47.42125], [2.05,5.95], [17.822950000000002,33.197050000000004], [-188147.51200000002,239457.07200000001], [44.629999999999995,75.37], 0.0, 0.0, [56.035,77.965], 0.0","survey_year, quarter, country, region, company_size, annual_revenue_usd_millions, company_founding_year, company_age_group, ai_adoption_rate, years_using_ai, ai_failure_rate, ai_investment_per_employee, regulatory_compliance_score, data_privacy_level, ai_ethics_committee, ai_risk_management_score, data_collection_method",2.0,1.0,1.0,1,4.0,4969,3969,0.5666666666666667,0.0016898859064948322,2,2
"2023.0, 7.0, 2.0, [-6813.050000000001,6937.050000000001], [1289.42625,2733.7196264378154], 3.0, 3.0, 2.0, 1.0, [-3.615000000000002,27.995], [2.3196000000000003,13.060400000000001], [0.12050000000000002,0.5195], [-155399.3332,256655.99320000003], [59.43,78.57], 3.0, 2.0","survey_year, industry, company_size, num_employees, annual_revenue_usd_millions, company_age_group, ai_primary_tool, num_ai_tools_used, ai_use_case, ai_training_hours, ai_budget_percentage, ai_maturity_score, ai_investment_per_employee, regulatory_compliance_score, survey_source, data_collection_method",0.0,0.1,1.0,1,1.0,3970,3970,0.5333333333333333,0.00042247147662370806,0,0
"2023.0, 7.0, 2.0, [-6813.050000000001,6937.050000000001], [-1207.7462500000001,1289.42625], 3.0, 3.0, 2.0, 1.0, [-3.615000000000002,27.995], [2.3196000000000003,13.060400000000001], [-155399.3332,256655.99320000003], [59.43,78.57], 2.0","survey_year, industry, company_size, num_employees, annual_revenue_usd_millions, company_age_group, ai_primary_tool, num_ai_tools_used, ai_use_case, ai_training_hours, ai_budget_percentage, ai_investment_per_employee, regulatory_compliance_score, data_collection_method",0.0,1.0,1.0,1,4.0,4970,3970,0.4666666666666667,0.0016898859064948322,1,1
"[-0.23500000000000032,12.235], 1.0, 2.0, [1.7999999999999998,8.2], 2.0, [-1.2300000000000004,7.23], [21.653200000000002,33.366800000000005], [196466.73119999998,406381.70879999996], [44.57,83.43], 0.0, 1.0","country, company_size, ai_adoption_stage, years_using_ai, ai_use_case, ai_projects_active, ai_failure_rate, ai_investment_per_employee, regulatory_compliance_score, data_privacy_level, data_collection_method",2.0,1.0,1.0,1,3.5,4975,3975,0.36666666666666664,0.0014786501681829782,2,2
"2023.0, 0.0, [-6799.050000000001,6951.050000000001], [-3027.4704500000003,3065.63045], [1993.52,2010.48], [8.4,33.6], 1.0, [0.44999999999999996,3.55], 2.0, [8.544799999999999,16.6552], [0.095875,0.338125], [36.68,69.32], [18.8582,35.061800000000005]","survey_year, quarter, num_employees, annual_revenue_usd_millions, company_founding_year, company_age, company_age_group, years_using_ai, num_ai_tools_used, ai_budget_percentage, ai_maturity_score, ai_risk_management_score, task_automation_rate",0.0,1.0,1.0,1,4.0,4977,3977,0.43333333333333335,0.0016898859064948322,1,1
"2023.0, 0.0, 1.0, [-3027.4704500000003,3065.63045], [1993.52,2010.48], [8.4,33.6], 1.0, [0.44999999999999996,3.55], 2.0, [8.544799999999999,16.6552], [36.68,69.32], [18.8582,35.061800000000005]","survey_year, quarter, region, annual_revenue_usd_millions, company_founding_year, company_age, company_age_group, years_using_ai, num_ai_tools_used, ai_budget_percentage, ai_risk_management_score, task_automation_rate",0.0,1.0,1.0,1,4.0,4977,3977,0.4,0.0016898859064948322,1,1
"5.0, [25.75,36.25], [-0.5,4.5], 1.0, 0.0, 0.0, [43.625,56.375], 2.0","industry, company_age, years_using_ai, ai_use_case, data_privacy_level, ai_ethics_committee, ai_risk_management_score, data_collection_method",2.0,1.0,1.0,1,2.0,4978,3978,0.26666666666666666,0.0008449429532474161,1,1
"[-5.99,11.99], [-3489.74,3581.74], [1985.64,2000.36], [27.608599999999996,60.7714], 2.0, [0.8999999999999999,7.1], 1.0, 6.0, [0.25825,0.57175], [17.5527,36.5873], [-202762.21640000003,232616.9964], [58.66,85.34], 1.0, 0.0, [12.938199999999998,29.1418], 0.0, 0.0","country, num_employees, company_founding_year, ai_adoption_rate, ai_adoption_stage, years_using_ai, ai_primary_tool, ai_use_case, ai_maturity_score, ai_failure_rate, ai_investment_per_employee, regulatory_compliance_score, data_privacy_level, ai_ethics_committee, task_automation_rate, survey_source, data_collection_method",2.0,1.0,1.0,1,2.0,4979,3979,0.5666666666666667,0.0008449429532474161,1,1
"2.0, [-5.99,11.99], [-3489.74,3581.74], [27.608599999999996,60.7714], 2.0, [0.8999999999999999,7.1], 1.0, 6.0, [0.25825,0.57175], [17.5527,36.5873], [-202762.21640000003,232616.9964], [58.66,85.34], 1.0, 0.0, [12.938199999999998,29.1418], 0.0","quarter, country, num_employees, ai_adoption_rate, ai_adoption_stage, years_using_ai, ai_primary_tool, ai_use_case, ai_maturity_score, ai_failure_rate, ai_investment_per_employee, regulatory_compliance_score, data_privacy_level, ai_ethics_committee, task_automation_rate, survey_source",2.0,1.0,1.0,1,2.0,4979,3979,0.5333333333333333,0.0008449429532474161,1,1
"[16.314999999999998,31.685000000000002], 2.0, [5638.2644,10432.8356], [1994.92,2007.08], 1.0, [41.92585,86.39415], 2.0, [1.6999999999999997,6.300000000000001], 3.0, [3.42,14.58], [22.9562,59.6238], [330491.5864,672575.2535999999], [48.6,83.4], 1.0, [55.935,88.065], [19.37305,36.92695], 3.0, 2.0","country, region, annual_revenue_usd_millions, company_founding_year, company_age_group, ai_adoption_rate, ai_adoption_stage, years_using_ai, num_ai_tools_used, ai_projects_active, ai_training_hours, ai_investment_per_employee, regulatory_compliance_score, ai_ethics_committee, ai_risk_management_score, task_automation_rate, survey_source, data_collection_method",2.0,1.0,1.0,2,1.0,4980,3980,0.6,0.0008449429532474161,2,2
"2025.0, [0.33000000000000007,13.67], 7.0, [1991.4,2010.6], 2.0, 0.0, [0.17681250000000004,0.4831875], 1.0, 0.0, 3.0","survey_year, country, industry, company_founding_year, ai_adoption_stage, ai_primary_tool, ai_maturity_score, data_privacy_level, ai_ethics_committee, data_collection_method",0.0,1.0,1.0,1,2.0,4981,3981,0.3333333333333333,0.0008449429532474161,1,1
"0.0, [-5.4399999999999995,15.44], 1.0, 1.0, [-3254.8915000000006,3737.191500000001], [2014.96,2029.04], 1.0, [-4.210000000000001,8.21], [-16.121100000000002,16.121100000000002], [-4.501200000000001,11.2812], [25.369425,48.430575], 2.0, 1.0, [44.625,57.375], 1.0, 3.0","quarter, country, region, company_size, annual_revenue_usd_millions, company_founding_year, num_ai_tools_used, ai_projects_active, ai_training_hours, ai_budget_percentage, ai_failure_rate, data_privacy_level, ai_ethics_committee, ai_risk_management_score, survey_source, data_collection_method",0.0,1.0,1.0,1,1.0,4985,3985,0.5333333333333333,0.00042247147662370806,1,1
"3.0, [-1446.9307500000004,2049.1107500000003], [1980.44,2001.56], [26.175,39.825], [27.383249999999997,68.83675], 2.0, [3.75,6.25], 1.0, [143155.58319999996,508563.1368], [62.17,77.83], [49.31,68.69], [9.951749999999997,39.20825], 1.0","industry, annual_revenue_usd_millions, company_founding_year, company_age, ai_adoption_rate, ai_adoption_stage, years_using_ai, ai_primary_tool, ai_investment_per_employee, regulatory_compliance_score, ai_risk_management_score, task_automation_rate, data_collection_method",1.0,1.0,1.0,1,1.0,4986,3986,0.43333333333333335,0.00042247147662370806,2,2
"3.0, [6.91,19.09], 1.0, 3.0, [-3148.3100000000004,3530.3100000000004], [1989.24,2000.76], [-20.812100000000004,28.932100000000002], 1.0, [-2.8500000000000005,2.8500000000000005], 2.0, 1.0, 2.0, [4.1308,15.5292], [0.02300000000000002,0.479], 2.0, [47.565,66.435], [-6.982500000000002,15.5225], 0.0","quarter, country, region, industry, num_employees, company_founding_year, ai_adoption_rate, ai_adoption_stage, years_using_ai, ai_primary_tool, num_ai_tools_used, ai_use_case, ai_budget_percentage, ai_maturity_score, data_privacy_level, ai_risk_management_score, task_automation_rate, data_collection_method",1.0,1.0,1.0,1,3.0,4987,3987,0.6,0.0012674144298711243,1,1
"2026.0, 1.0, 7.0, [10.274999999999999,33.725], 1.0, 2.0, [0.4500000000000002,7.55], 2.0, 3.0, 3.0, [6.4952,14.8248], [0.12775,0.61225], [12.86085,29.699150000000003], [48.85,69.15], 1.0, 1.0","survey_year, region, industry, company_age, company_age_group, ai_adoption_stage, years_using_ai, ai_primary_tool, num_ai_tools_used, ai_use_case, ai_budget_percentage, ai_maturity_score, ai_failure_rate, regulatory_compliance_score, data_privacy_level, survey_source",2.0,1.0,1.0,1,2.0,4988,3988,0.5333333333333333,0.0008449429532474161,1,1
"2026.0, 1.0, 7.0, [10.274999999999999,33.725], 1.0, 2.0, [0.4500000000000002,7.55], 2.0, 3.0, 3.0, [27.360400000000002,50.119600000000005], [6.4952,14.8248], [12.86085,29.699150000000003], [48.85,69.15], 1.0, 1.0","survey_year, region, industry, company_age, company_age_group, ai_adoption_stage, years_using_ai, ai_primary_tool, num_ai_tools_used, ai_use_case, ai_training_hours, ai_budget_percentage, ai_failure_rate, regulatory_compliance_score, data_privacy_level, survey_source",2.0,1.0,1.0,1,2.0,4988,3988,0.5333333333333333,0.0008449429532474161,1,1
"2023.0, [-5.51,5.51], 5.0, 1.0, 3.0, 3.0, 2.0, 1.0, [59.21,88.78999999999999]","survey_year, country, region, industry, ai_adoption_stage, ai_primary_tool, num_ai_tools_used, ai_ethics_committee, ai_risk_management_score",0.0,1.0,1.0,2,1.0,4990,3990,0.3,0.0008449429532474161,1,1
"2025.0, 0.0, 2.0, [-4029.0299999999997,4221.03], [6.6,23.4], 3.0, [0.0,6.0], 2.0, 7.0, [2.05,11.95], [0.045562500000000006,0.3804375], [14.1269,30.2331], [62.37,89.63], 0.0, [11.741949999999997,39.19805], 3.0","survey_year, quarter, company_size, num_employees, company_age, ai_adoption_stage, years_using_ai, num_ai_tools_used, ai_use_case, ai_projects_active, ai_maturity_score, ai_failure_rate, regulatory_compliance_score, ai_ethics_committee, task_automation_rate, survey_source",1.0,1.0,1.0,1,1.0,4991,3991,0.5333333333333333,0.00042247147662370806,2,2
"3.0, [18.085,25.915], 0.0, 7.0, 0.0, [1683.045,8950.955], [2005.32,2028.68], 3.0, 2.0, [-1.0499999999999998,5.05], 1.0, [11.777600000000001,21.422400000000003], [0.988249999999999,26.61175], [94167.7536,335181.2464], 0.0, 1.0, [65.27,88.73], 1.0","quarter, country, region, industry, company_size, num_employees, company_founding_year, company_age_group, ai_adoption_stage, years_using_ai, num_ai_tools_used, ai_budget_percentage, ai_failure_rate, ai_investment_per_employee, data_privacy_level, ai_ethics_committee, ai_risk_management_score, data_collection_method",1.0,1.0,1.0,1,2.0,4992,3992,0.6,0.0008449429532474161,1,1
"2023.0, 0.0, 3.0, 1.0, [-4957.9,6827.9], [-2641.8139,3551.1739], [2015.44,2028.56], [-9.674999999999999,11.674999999999999], [30.42175,64.33825], 2.0, 2.0, 2.0, [3.2856999999999985,43.1143], [0.15656250000000002,0.6054375], 1.0, [51.565,70.435], 3.0","survey_year, quarter, industry, company_size, num_employees, annual_revenue_usd_millions, company_founding_year, company_age, ai_adoption_rate, ai_adoption_stage, ai_primary_tool, num_ai_tools_used, ai_training_hours, ai_maturity_score, ai_ethics_committee, ai_risk_management_score, data_collection_method",1.0,1.0,1.0,1,2.5,4993,3993,0.5666666666666667,0.0010561786915592702,2,2
"[4.125,25.875], 1.0, [-6384.1900000000005,6580.1900000000005], [-2850.0001,2964.82355], [1995.44,2016.56], [-14.010450000000006,28.950450000000004], [20.455475,34.654700000000005], 0.0","country, region, num_employees, annual_revenue_usd_millions, company_founding_year, ai_adoption_rate, ai_failure_rate, data_collection_method",0.0,0.07775999999999998,0.6,1,4.19904,4994,3994,0.26666666666666666,0.0017739746292020151,6,10
"1.0, 0.0, [-1386.5166000000002,1410.3166000000003], [13.625,36.375], 2.0, 1.0, 2.0, [4.6000000000000005,15.399999999999999], [0.3298125,0.8641874999999999], [-1.167550000000002,21.52755], [17.716699999999996,47.423300000000005], 3.0, 1.0","quarter, industry, annual_revenue_usd_millions, company_age, ai_adoption_stage, ai_primary_tool, num_ai_tools_used, ai_projects_active, ai_maturity_score, ai_failure_rate, task_automation_rate, survey_source, data_collection_method",2.0,0.1,1.0,1,1.5,4004,4004,0.43333333333333335,0.0006337072149355621,0,0
"[22.490000000000002,33.51], 3.0, 5.0, [7372.97,15623.029999999999], [5666.486449999999,11559.813549999999], [1991.12,2012.88], [8.0,12.0], 3.0, 7.0, [36.557199999999995,66.9028], [0.44887499999999997,0.9761249999999999], [-2.7045250000000003,19.624525000000002], [56.83,99.17], 0.0, 1.0","country, region, industry, num_employees, annual_revenue_usd_millions, company_founding_year, years_using_ai, num_ai_tools_used, ai_use_case, ai_training_hours, ai_maturity_score, ai_failure_rate, regulatory_compliance_score, data_privacy_level, ai_ethics_committee",2.0,1.0,1.0,1,1.0,4005,4005,0.5,0.00042247147662370806,1,1
"2024.0, 0.0, 1.0, 2.0, [-4593.1050000000005,4639.1050000000005], [-3519.47495,3572.4949500000002], [14.975,37.025], 1.0, [-9.339350000000001,29.09935], [-2.9499999999999997,2.9499999999999997], 2.0, 0.0, [-7.233600000000001,7.233600000000001], [-209914.9776,209914.9776], [41.54,84.46000000000001], 0.0, 0.0","survey_year, region, industry, company_size, num_employees, annual_revenue_usd_millions, company_age, company_age_group, ai_adoption_rate, years_using_ai, ai_primary_tool, ai_use_case, ai_budget_percentage, ai_investment_per_employee, regulatory_compliance_score, ai_ethics_committee, data_collection_method",1.0,1.0,1.0,1,2.0,4008,4008,0.5666666666666667,0.0008449429532474161,1,1
"[2.2699999999999996,23.73], 2.0, [-5219.610000000001,5387.610000000001], [-3500.88495,3591.08495], [-1.9000000000000004,21.9], 1.0, [-1.6,1.6], 7.0, [-14.540600000000001,14.540600000000001], [30.520849999999996,47.35915], [-108844.80320000001,108844.80320000001], [56.019999999999996,91.98], 0.0, 2.0","country, company_size, num_employees, annual_revenue_usd_millions, company_age, ai_adoption_stage, years_using_ai, ai_use_case, ai_training_hours, ai_failure_rate, ai_investment_per_employee, regulatory_compliance_score, data_privacy_level, survey_source",0.0,1.0,1.0,1,1.0,4013,4013,0.4666666666666667,0.00042247147662370806,1,1
"2024.0, 3.0, [-5.800000000000001,5.800000000000001], 5.0, [-3155.385,4505.385], [2008.56,2019.44], [6.601049999999997,57.09895], 3.0, [4.2,7.8], 3.0, 3.0, [-2.392800000000001,27.9528], 2.0, 0.0, 2.0","survey_year, quarter, country, region, num_employees, company_founding_year, ai_adoption_rate, ai_adoption_stage, years_using_ai, ai_primary_tool, num_ai_tools_used, ai_training_hours, data_privacy_level, ai_ethics_committee, survey_source",0.0,1.0,1.0,1,1.0,4016,4016,0.5,0.00042247147662370806,1,1
"2025.0, 1.0, 1.0, [-2990.665,3098.665], [2003.76,2026.3443535882993], [-0.7250000000000014,22.725], [4.6,7.4], 1.0, 3.0, [-4.1577000000000055,31.877700000000004], [4.642799999999999,17.1372], [0.174875,0.531125], [-141732.61920000002,192576.4192], 0.0, [33.68,66.32], 2.0","survey_year, region, industry, num_employees, company_founding_year, company_age, years_using_ai, ai_primary_tool, ai_use_case, ai_training_hours, ai_budget_percentage, ai_maturity_score, ai_investment_per_employee, ai_ethics_committee, ai_risk_management_score, data_collection_method",1.0,0.1,1.0,1,1.0,4020,4020,0.5333333333333333,0.00042247147662370806,0,0
"0.0, [-9.295,11.295], 4.0, 0.0, [2001.84,2018.16], [32.689699999999995,61.3303], [-0.20000000000000018,4.2], 2.0, 2.0, [-0.6699999999999999,10.67], [21.5599,47.48010000000001], [0.23550000000000001,0.5205], [-242761.35,340335.81], [45.57,84.43], [46.84,63.16], [7.6282,23.8318]","quarter, country, region, industry, company_founding_year, ai_adoption_rate, years_using_ai, ai_primary_tool, ai_use_case, ai_projects_active, ai_training_hours, ai_maturity_score, ai_investment_per_employee, regulatory_compliance_score, ai_risk_management_score, task_automation_rate",2,0.1,1.0,1,1.0,4023,4023,0.5333333333333333,0.00042247147662370806,0,0
"0.0, [-9.295,11.295], 4.0, 0.0, 2.0, [2001.84,2018.16], [32.689699999999995,61.3303], 2.0, [-0.20000000000000018,4.2], 2.0, [21.5599,47.48010000000001], [0.23550000000000001,0.5205], [-242761.35,340335.81], [45.57,84.43], [46.84,63.16], [7.6282,23.8318]","quarter, country, region, industry, company_size, company_founding_year, ai_adoption_rate, ai_adoption_stage, years_using_ai, ai_use_case, ai_training_hours, ai_maturity_score, ai_investment_per_employee, regulatory_compliance_score, ai_risk_management_score, task_automation_rate",1.0,0.1,1.0,1,1.0,4023,4023,0.5333333333333333,0.00042247147662370806,0,0
"2025.0, 8.0, [2983.6219499999997,9875.818050000002], 1.0, [49.271350000000005,71.12865000000001], 2.0, [35.4314,51.8686], [10.4844,23.855600000000003], [0.415875,0.772125], [23.088325,32.971675000000005], [-173425.83120000002,394122.0712], [44.34,75.66], 1.0, [57.269999999999996,80.73], [25.641949999999994,53.09805], 1.0","survey_year, industry, annual_revenue_usd_millions, company_age_group, ai_adoption_rate, num_ai_tools_used, ai_training_hours, ai_budget_percentage, ai_maturity_score, ai_failure_rate, ai_investment_per_employee, regulatory_compliance_score, ai_ethics_committee, ai_risk_management_score, task_automation_rate, data_collection_method",2.0,1.0,1.0,1,1.0,4024,4024,0.5333333333333333,0.00042247147662370806,1,1
"2025.0, 1.0, 2.0, [2002.68,2019.32], 3.0, [-11.2669,44.5069], 3.0, 2.0, 6.0, [-6.396500000000001,34.6965], [0.121,0.349], [19.06505,32.97495], 3.0","survey_year, region, industry, company_founding_year, company_age_group, ai_adoption_rate, ai_adoption_stage, num_ai_tools_used, ai_use_case, ai_training_hours, ai_maturity_score, ai_failure_rate, data_collection_method",1.0,0.1,1.0,1,3.0,4027,4027,0.43333333333333335,0.0012674144298711243,0,0
"2023.0, 1.0, 0.0, [2008.04,2025.96], [5.145299999999999,51.874700000000004], 2.0, [5.542799999999998,18.0372], [0.235875,0.47812499999999997], [17.386649999999996,37.15335], [69.18,102.82], 1.0, [47.15,82.85], 1.0","survey_year, quarter, company_size, company_founding_year, ai_adoption_rate, ai_use_case, ai_budget_percentage, ai_maturity_score, ai_failure_rate, regulatory_compliance_score, ai_ethics_committee, ai_risk_management_score, survey_source",0.0,0.1,1.0,1,2.5,4028,4028,0.43333333333333335,0.0010561786915592702,0,0
"0.0, 2.0, [-1669.6473,1726.5073000000002], [19.875,46.125], 2.0, 2.0, 1.0, 6.0, [-0.9694000000000003,33.1694], [-44103.58920000002,290205.44920000003], 0.0, [39.86,54.14], [16.693649999999998,28.84635], 2.0","quarter, company_size, annual_revenue_usd_millions, company_age, company_age_group, ai_primary_tool, num_ai_tools_used, ai_use_case, ai_training_hours, ai_investment_per_employee, ai_ethics_committee, ai_risk_management_score, task_automation_rate, data_collection_method",0.0,1.0,1.0,1,1.0,4029,4029,0.4666666666666667,0.00042247147662370806,1,1
"2025.0, 3.0, [15.605,30.395], 1.0, [1994.08,2013.92], [12.25,29.75], [18.278599999999997,51.4414], 3.0, [0.6499999999999999,5.35], 6.0, [-1.5899999999999999,7.59], [15.547399999999993,57.2726], [-0.22160000000000046,15.3416], [-180709.6976,239120.2576], [-0.09875000000000256,33.658750000000005], 1.0","survey_year, quarter, country, company_size, company_founding_year, company_age, ai_adoption_rate, ai_adoption_stage, years_using_ai, ai_use_case, ai_projects_active, ai_training_hours, ai_budget_percentage, ai_investment_per_employee, task_automation_rate, survey_source",1.0,1.0,1.0,1,1.0,4031,4031,0.5333333333333333,0.00042247147662370806,1,1
"2025.0, 1.0, 1.0, [-2471.5197500000004,3022.25975], 2.0, [7.256250000000001,63.783750000000005], 2.0, 1.0, 0.0, [10.9057,50.734300000000005], [0.20412500000000003,0.645875], [10.940849999999998,27.77915], [-117364.2172,178071.6772], 0.0, 3.0","survey_year, region, company_size, annual_revenue_usd_millions, company_age_group, ai_adoption_rate, ai_adoption_stage, ai_primary_tool, ai_use_case, ai_training_hours, ai_maturity_score, ai_failure_rate, ai_investment_per_employee, survey_source, data_collection_method",2,0.1,1.0,1,1.0,4032,4032,0.5,0.00042247147662370806,0,0
"2025.0, 0.0, 1.0, [-2471.5197500000004,3022.25975], 2.0, [7.256250000000001,63.783750000000005], 2.0, 1.0, 0.0, [10.9057,50.734300000000005], [0.20412500000000003,0.645875], [10.940849999999998,27.77915], [-117364.2172,178071.6772], 0.0, 3.0","survey_year, quarter, company_size, annual_revenue_usd_millions, company_age_group, ai_adoption_rate, ai_adoption_stage, ai_primary_tool, ai_use_case, ai_training_hours, ai_maturity_score, ai_failure_rate, ai_investment_per_employee, survey_source, data_collection_method",0.0,0.1,1.0,1,1.0,4032,4032,0.5,0.00042247147662370806,0,0
"[19.475,32.525], 2.0, [-5464.040000000001,5536.040000000001], [-3480.9515000000006,3511.131500000001], 1.0, [0.256178407601352,13.58], [5.1876,14.8324], [0.171625,0.6703749999999999], [9.192495599489456,34.894525], [-241807.1212,325740.7812], 1.0, [37.445,68.555], [18.817700000000002,39.5223], 3.0","country, company_size, num_employees, annual_revenue_usd_millions, company_age_group, ai_projects_active, ai_budget_percentage, ai_maturity_score, ai_failure_rate, ai_investment_per_employee, ai_ethics_committee, ai_risk_management_score, task_automation_rate, data_collection_method",2.0,0.1,1.0,1,1.3333333333333333,4034,4034,0.4666666666666667,0.000563295302164944,0,0
"[-1558.4204000000002,1637.9604000000002], [2008.2,2025.8], [-4.424999999999999,20.424999999999997], 3.0, 3.0, 2.0, 2.0, 3.0, [-0.5899999999999999,8.59], [51.54,94.46000000000001], 1.0, 0.0, [42.129999999999995,79.87], [0.6114499999999996,32.56855], 3.0","annual_revenue_usd_millions, company_founding_year, company_age, company_age_group, ai_adoption_stage, ai_primary_tool, num_ai_tools_used, ai_use_case, ai_projects_active, regulatory_compliance_score, data_privacy_level, ai_ethics_committee, ai_risk_management_score, task_automation_rate, survey_source",1.0,0.1,1.0,1,1.0,4036,4036,0.5,0.00042247147662370806,0,0
"2023.0, 1.0, 7.0, 1.0, [1989.52,1998.48], [16.225,41.775], 1.0, [-3.5999999999999996,3.5999999999999996], [-6.300000000000001,6.300000000000001], [-7.014400000000001,7.014400000000001], [-143830.6328,143830.6328], [56.28,95.72], 0.0, 2.0, 0.0","survey_year, quarter, industry, company_size, company_founding_year, company_age, ai_adoption_stage, years_using_ai, ai_projects_active, ai_budget_percentage, ai_investment_per_employee, regulatory_compliance_score, ai_ethics_committee, survey_source, data_collection_method",0.0,0.1,1.0,1,1.0,4039,4039,0.5,0.00042247147662370806,0,0
"2024.0, 2.0, 4.0, 3.0, [-2965.8280500000005,3926.3680500000005], [1984.36,2001.64], [22.075,39.925], [4.45,11.55], 1.0, 3.0, [9.001525,30.598475], [-112851.74760000002,306978.2076], 0.0, 1.0, 3.0","survey_year, quarter, region, industry, annual_revenue_usd_millions, company_founding_year, company_age, years_using_ai, ai_primary_tool, num_ai_tools_used, ai_failure_rate, ai_investment_per_employee, data_privacy_level, ai_ethics_committee, survey_source",2.0,1.0,1.0,1,1.0,4040,4040,0.5,0.00042247147662370806,1,1
"2026.0, 0.0, [1.2850000000000001,20.715], 1.0, 8.0, 2.0, [-4280.46,4362.46], 2.0, 2.0, [1.7,4.3], 1.0, [5.915724999999998,24.584275], [-85804.0412,481743.86120000004], 2.0","survey_year, quarter, country, region, industry, company_size, num_employees, company_age_group, ai_adoption_stage, years_using_ai, ai_primary_tool, ai_failure_rate, ai_investment_per_employee, data_privacy_level",2.0,1.0,1.0,1,1.0,4041,4041,0.4666666666666667,0.00042247147662370806,1,1
"[-4.6850000000000005,10.685], 1.0, [2181.5839856087878,7772.48], [-3309.8846000000003,3482.4246000000003], [24.1,47.9], [-4.155800000000003,47.0958], 3.0, [5.95,12.05], 0.0, 2.0, 7.0, [2.8291999999999993,13.3508], [0.140375,0.43962499999999993], [65.98,88.02], 0.0, [23.169999999999998,56.83], [4.362949999999998,22.817050000000002], 2.0, 3.0","country, company_size, num_employees, annual_revenue_usd_millions, company_age, ai_adoption_rate, ai_adoption_stage, years_using_ai, ai_primary_tool, num_ai_tools_used, ai_use_case, ai_budget_percentage, ai_maturity_score, regulatory_compliance_score, ai_ethics_committee, ai_risk_management_score, task_automation_rate, survey_source, data_collection_method",1.0,0.1,1.0,1,1.0,4044,4044,0.6333333333333333,0.00042247147662370806,0,0
"[-4.6850000000000005,10.685], 1.0, [-6370.48,7772.48], [-3309.8846000000003,3482.4246000000003], [24.1,47.9], [-4.155800000000003,47.0958], 3.0, [5.95,12.05], 0.0, 2.0, 7.0, [2.8291999999999993,13.3508], [0.140375,0.43962499999999993], [65.98,88.02], 0.0, [23.169999999999998,77.57316240776258], [4.362949999999998,22.817050000000002], 2.0, 3.0","country, company_size, num_employees, annual_revenue_usd_millions, company_age, ai_adoption_rate, ai_adoption_stage, years_using_ai, ai_primary_tool, num_ai_tools_used, ai_use_case, ai_budget_percentage, ai_maturity_score, regulatory_compliance_score, ai_ethics_committee, ai_risk_management_score, task_automation_rate, survey_source, data_collection_method",1.0,0.1,1.0,1,1.0,4044,4044,0.6333333333333333,0.00042247147662370806,0,0
"2024.0, 3.0, [1.4299999999999997,20.57], 1.0, 8.0, 2.0, 0.0, 3.0, [13.4416,41.2584], [0.2466875,0.45331249999999995], 0.0, 2.0","survey_year, quarter, country, region, industry, ai_adoption_stage, ai_primary_tool, ai_use_case, ai_training_hours, ai_maturity_score, data_privacy_level, survey_source",2,0.1,1.0,1,1.3333333333333333,4051,4051,0.4,0.000563295302164944,0,0
"3.0, [13.620000000000001,26.38], 2.0, 0.0, [10271.1,22056.9], [1483.8047500000002,5978.71525], [-0.8000000000000007,18.8], 3.0, [13.530649999999998,51.969350000000006], 3.0, [2.6,7.4], 1.0, 0.0, [4.85,11.15], [0.8573999999999948,42.5826], [21.437575,42.302425], 2.0, [45.63537009520023,82.455]","quarter, country, region, company_size, num_employees, annual_revenue_usd_millions, company_age, company_age_group, ai_adoption_rate, ai_adoption_stage, years_using_ai, num_ai_tools_used, ai_use_case, ai_projects_active, ai_training_hours, ai_failure_rate, data_privacy_level, ai_risk_management_score",0.0,0.1,1.0,1,1.0,4053,4053,0.6,0.00042247147662370806,0,0
"2.0, 0.0, [10271.1,22056.9], [1483.8047500000002,5978.71525], [-0.8000000000000007,18.8], 3.0, [13.530649999999998,51.969350000000006], 3.0, [2.6,7.4], 1.0, 0.0, [4.85,11.15], [0.8573999999999948,42.5826], [21.437575,42.302425], 2.0, [61.545,82.455], 2.0","region, company_size, num_employees, annual_revenue_usd_millions, company_age, company_age_group, ai_adoption_rate, ai_adoption_stage, years_using_ai, num_ai_tools_used, ai_use_case, ai_projects_active, ai_training_hours, ai_failure_rate, data_privacy_level, ai_risk_management_score, data_collection_method",0.0,0.1,1.0,1,1.0,4053,4053,0.5666666666666667,0.00042247147662370806,0,0
"2024.0, 0.0, 2.0, 2.0, [3.4,6.6], [1.4799999999999995,6.5200000000000005], [13.295199999999994,56.284800000000004], [1.5711999999999993,13.1888], [0.13543750000000002,0.4845625], [4.284549999999999,25.51545], 0.0, [47.129999999999995,84.87], [15.788099999999998,32.8919]","survey_year, industry, company_size, company_age_group, years_using_ai, ai_projects_active, ai_training_hours, ai_budget_percentage, ai_maturity_score, ai_failure_rate, data_privacy_level, ai_risk_management_score, task_automation_rate",0.0,1.0,1.0,1,1.0,4054,4054,0.43333333333333335,0.00042247147662370806,1,1
"1.0, [-5149.6849999999995,6439.6849999999995], [-3487.9884,3703.8684000000003], 3.0, 2.0, 2.0, [4.4799999999999995,9.52], [0.2146875,0.5353125], [52.54,95.46000000000001], 2.0, [7.083549999999999,20.13645], 3.0","region, num_employees, annual_revenue_usd_millions, company_age_group, ai_adoption_stage, num_ai_tools_used, ai_projects_active, ai_maturity_score, regulatory_compliance_score, data_privacy_level, task_automation_rate, survey_source",0.0,0.1,1.0,1,1.0,4055,4055,0.4,0.00042247147662370806,0,0
"2025.0, 2.0, [7.765,20.235], [-4253.395,6157.395], [-1164.9131500000003,1532.0331500000002], [-2.7230500000000006,37.22305], 3.0, 2.0, [1.1422999999999952,37.1777], [4.9008,10.8192], [0.049750000000000016,0.42024999999999996], [-179216.08000000002,209515.36], 0.0, 0.0, [45.525,68.475], [-1.0230000000000015,25.983000000000004], 0.0","survey_year, quarter, country, num_employees, annual_revenue_usd_millions, ai_adoption_rate, ai_adoption_stage, ai_primary_tool, ai_training_hours, ai_budget_percentage, ai_maturity_score, ai_investment_per_employee, data_privacy_level, ai_ethics_committee, ai_risk_management_score, task_automation_rate, survey_source",0.0,0.1,1.0,1,1.3333333333333333,4058,4058,0.5666666666666667,0.000563295302164944,0,0
"2025.0, 2.0, [-4253.395,6157.395], [-1164.9131500000003,1532.0331500000002], [-2.7230500000000006,37.22305], 3.0, [-0.3500000000000001,6.35], 2.0, [-1.4100000000000001,7.41], [1.1422999999999952,37.1777], [4.9008,10.8192], [0.049750000000000016,0.42024999999999996], [22.07615,49.16385], [-179216.08000000002,209515.36], 0.0, [45.525,68.475]","survey_year, quarter, num_employees, annual_revenue_usd_millions, ai_adoption_rate, ai_adoption_stage, years_using_ai, ai_primary_tool, ai_projects_active, ai_training_hours, ai_budget_percentage, ai_maturity_score, ai_failure_rate, ai_investment_per_employee, ai_ethics_committee, ai_risk_management_score",0.0,0.1,1.0,1,2.0,4058,4058,0.5333333333333333,0.0008449429532474161,0,0
"0.0, [20.75,35.25], 6.0, [-7157.695,7181.695], [-1754.3042,1841.6242000000002], [1992.88,2011.12], [14.65,29.35], 1.0, 0.0, [4.32,13.68], [8.5808,54.099199999999996], [0.3239375,0.5020625], [20.709249999999997,31.69075], [265313.27,459678.99], 1.0, 0.0, [64.115,77.885], 0.0","quarter, country, industry, num_employees, annual_revenue_usd_millions, company_founding_year, company_age, company_age_group, ai_primary_tool, ai_projects_active, ai_training_hours, ai_maturity_score, ai_failure_rate, ai_investment_per_employee, data_privacy_level, ai_ethics_committee, ai_risk_management_score, survey_source",2.0,0.1,1.0,1,1.0,4061,4061,0.6,0.00042247147662370806,0,0
"[9.125,30.875], 2.0, 0.0, 0.0, [-690.5349999999999,8934.535], [4427.8296,7624.210400000001], [11.924999999999999,36.075], 1.0, 2.0, [7.741139389368181,19.67], [4.467999999999999,19.812], [0.4686875,0.6753125], 1.0, 1.0, [18.507199999999997,43.7128]","country, region, industry, company_size, num_employees, annual_revenue_usd_millions, company_age, company_age_group, ai_adoption_stage, ai_projects_active, ai_budget_percentage, ai_maturity_score, data_privacy_level, ai_ethics_committee, task_automation_rate",2.0,0.1,1.0,1,1.3333333333333333,4062,4062,0.5,0.000563295302164944,0,0
"[5.8950000000000005,20.105], 1.0, 0.0, [2002.72,2021.28], [-0.5500000000000007,22.55], 3.0, [23.647349999999996,75.65265], 5.0, [23.886999999999997,42.852999999999994], [-93738.50520000001,162824.2452], [67.53,92.47], 0.0, 0.0, [17.0976,38.7024], 0.0","country, region, company_size, company_founding_year, company_age, company_age_group, ai_adoption_rate, num_ai_tools_used, ai_training_hours, ai_investment_per_employee, regulatory_compliance_score, data_privacy_level, ai_ethics_committee, task_automation_rate, data_collection_method",1.0,1.0,1.0,1,2.0,4063,4063,0.5,0.0008449429532474161,1,1
"[2.285,21.715], 0.0, 2.0, [-3348.5250000000005,3526.5250000000005], [-1592.2204000000002,1604.1604000000002], 3.0, [3.4999999999999996,10.5], 1.0, [0.46119999999999894,12.078800000000001], [-0.03287499999999999,0.294875], [24.433875,40.906125], [72.11,95.89], 2.0, 0.0, [54.565,73.435], [0.9021499999999971,26.557850000000002]","country, industry, company_size, num_employees, annual_revenue_usd_millions, ai_adoption_stage, years_using_ai, num_ai_tools_used, ai_budget_percentage, ai_maturity_score, ai_failure_rate, regulatory_compliance_score, data_privacy_level, ai_ethics_committee, ai_risk_management_score, task_automation_rate",0.0,0.1,1.0,1,2.0,4064,4064,0.5333333333333333,0.0008449429532474161,0,0
"2026.0, 4.0, [-4579.1050000000005,4653.1050000000005], [-1564.5704000000003,1631.8104], [1982.16,1997.84], [22.875,49.125], 2.0, 3.0, [2.75,7.25], [35.887499999999996,51.6925], [7.689674999999999,27.090325], 0.0, [11.7863,45.0937], 0.0, 0.0","survey_year, industry, num_employees, annual_revenue_usd_millions, company_founding_year, company_age, ai_adoption_stage, ai_primary_tool, ai_projects_active, ai_training_hours, ai_failure_rate, ai_ethics_committee, task_automation_rate, survey_source, data_collection_method",2.0,1.0,1.0,1,1.0,4067,4067,0.5,0.00042247147662370806,1,1
"[-2.2799999999999994,16.28], [-5875.835000000001,7677.835000000001], [-1989.66835,2305.46835], [2.0249999999999986,21.975], [24.24915,55.150850000000005], 2.0, [7.0,13.0], 1.0, 7.0, [6.57,11.43], [8.553299999999998,38.2667], [9.2928,16.3072], [0.3289375,0.5070625], [22.515974999999997,37.524025], [-136955.8904,181803.8904], 2.0, 3.0","country, num_employees, annual_revenue_usd_millions, company_age, ai_adoption_rate, ai_adoption_stage, years_using_ai, num_ai_tools_used, ai_use_case, ai_projects_active, ai_training_hours, ai_budget_percentage, ai_maturity_score, ai_failure_rate, ai_investment_per_employee, survey_source, data_collection_method",1,0.1,1.0,1,1.5,4069,4069,0.5666666666666667,0.0006337072149355621,0,0
"2025.0, 2.0, [-1.5700000000000003,17.57], 2.0, 7.0, 2.0, [-6195.76,6375.76], [1985.2,2002.8], [18.575000000000003,43.425], [16.81395,41.68605], 1.0, [4.49,11.51], [0.21681250000000002,0.5231874999999999], [14.949174999999997,41.670825], [-233558.91920000003,295115.83920000005], [65.11,88.89], 1.0, [46.545,67.455]","survey_year, quarter, country, region, industry, company_size, num_employees, company_founding_year, company_age, ai_adoption_rate, ai_primary_tool, ai_projects_active, ai_maturity_score, ai_failure_rate, ai_investment_per_employee, regulatory_compliance_score, ai_ethics_committee, ai_risk_management_score",1.0,1.0,1.0,1,2.0,4070,4070,0.6,0.0008449429532474161,1,1
"2024.0, 1.0, [12.875,39.125], 1.0, 3.0, [1.15,4.85], 4.0, [-0.21000000000000085,12.21], [28.9816,56.7984], [0.24218750000000003,0.5058125], [-196716.86239999998,355281.7824], 1.0","survey_year, region, company_age, company_age_group, ai_adoption_stage, years_using_ai, num_ai_tools_used, ai_projects_active, ai_training_hours, ai_maturity_score, ai_investment_per_employee, ai_ethics_committee",2.0,1.0,1.0,1,1.0,4074,4074,0.4,0.00042247147662370806,1,1
"2024.0, 2.0, [8.415000000000001,29.585], 1.0, [1987.88,2006.12], 1.0, [19.424500000000002,42.0355], 0.0, 3.0, [60.92,91.08], 1.0, 0.0, 3.0","survey_year, quarter, country, region, company_founding_year, company_age_group, ai_adoption_rate, ai_primary_tool, num_ai_tools_used, regulatory_compliance_score, data_privacy_level, survey_source, data_collection_method",0.0,1.0,1.0,1,1.0,4075,4075,0.43333333333333335,0.00042247147662370806,1,1
"2024.0, 0.0, 0.0, 1.0, [1980.44,2001.56], [25.125,40.875], 2.0, [-8.60155,38.881550000000004], 3.0, [1.9499999999999997,6.050000000000001], 1.0, [-0.4900000000000002,10.49], [-14.440600000000002,14.640600000000001], [31.602274999999995,42.217724999999994], 1.0","survey_year, region, industry, company_size, company_founding_year, company_age, company_age_group, ai_adoption_rate, ai_adoption_stage, years_using_ai, num_ai_tools_used, ai_projects_active, ai_training_hours, ai_failure_rate, survey_source",0.0,1.0,1.0,1,1.0,4076,4076,0.5,0.00042247147662370806,1,1
"0.0, [20.33,33.67], 2.0, 0.0, [-4868.75,4952.75], [-1383.0466000000004,1413.7866000000001], 1.0, [15.208599999999997,48.3714], 4.0, 5.0, [-0.005624999999999936,0.521625], 2.0, 0.0, 0.0, 0.0","quarter, country, region, industry, num_employees, annual_revenue_usd_millions, company_age_group, ai_adoption_rate, num_ai_tools_used, ai_use_case, ai_maturity_score, data_privacy_level, ai_ethics_committee, survey_source, data_collection_method",1.0,0.1,1.0,1,1.3333333333333333,4077,4077,0.5,0.000563295302164944,0,0
"0.0, 1.0, 7.0, [-2857.88,3427.88], [1994.76,2015.24], [13.65,28.35], [12.675849999999997,57.144149999999996], [1.2000000000000002,4.8], 0.0, [7.974,15.646], [0.18406250000000002,0.5759375], [-54591.982,178646.88199999998], [61.629999999999995,92.37], 2.0, 1.0, 3.0","quarter, region, industry, num_employees, company_founding_year, company_age, ai_adoption_rate, years_using_ai, ai_use_case, ai_budget_percentage, ai_maturity_score, ai_investment_per_employee, regulatory_compliance_score, data_privacy_level, ai_ethics_committee, survey_source",2.0,1.0,1.0,1,1.0,4078,4078,0.5333333333333333,0.00042247147662370806,1,1
"2.0, 8.0, 1.0, [-2755.955,4511.955], [-2769.75425,3722.8942500000003], [1985.68,1994.32], [26.875,39.125], 2.0, [-0.75,6.75], 0.0, 2.0, 0.0, [-0.5700000000000003,12.57], [-3.996500000000001,37.096500000000006], [2.3691999999999993,18.3708], 2.0, 2.0, 1.0","region, industry, company_size, num_employees, annual_revenue_usd_millions, company_founding_year, company_age, company_age_group, years_using_ai, ai_primary_tool, num_ai_tools_used, ai_use_case, ai_projects_active, ai_training_hours, ai_budget_percentage, data_privacy_level, survey_source, data_collection_method",1.0,0.1,1.0,1,1.3333333333333333,4084,4084,0.6,0.000563295302164944,0,0
"2.0, 6.0, 1.0, [-3895.8150000000005,4157.8150000000005], [-2305.5563000000006,3088.3363000000004], [6.024999999999999,25.975], 1.0, [3.57545,35.98455], [1.0500000000000003,6.949999999999999], 0.0, 0.0, [-0.6099999999999999,4.609999999999999], [15.212799999999998,48.087199999999996], [0.20806249999999998,0.48593749999999997], [14.436899999999998,30.5431], [64.5,93.5], 1.0, [32.21,61.79], 2.0, 3.0","region, industry, company_size, num_employees, annual_revenue_usd_millions, company_age, company_age_group, ai_adoption_rate, years_using_ai, ai_primary_tool, ai_use_case, ai_projects_active, ai_training_hours, ai_maturity_score, ai_failure_rate, regulatory_compliance_score, data_privacy_level, ai_risk_management_score, survey_source, data_collection_method",1.0,1.0,1.0,1,1.0,4085,4085,0.6666666666666666,0.00042247147662370806,1,1
"2.0, [17.96988941310477,34.815], 3.0, 2.0, [-4350.675,4488.675], [-1438.57005,1458.15005], [2009.08,2020.92], [1.0249999999999986,20.975], 3.0, [-1.3,1.3], 6.0, [-2.8500000000000005,8.850000000000001], [1.0531000000000006,19.3869], [22.92295,38.29705], [-104957.4888,104957.4888], [63.01,80.99], 2.0, 0.0, 3.0","quarter, country, region, company_size, num_employees, annual_revenue_usd_millions, company_founding_year, company_age, company_age_group, years_using_ai, ai_use_case, ai_projects_active, ai_training_hours, ai_failure_rate, ai_investment_per_employee, regulatory_compliance_score, data_privacy_level, ai_ethics_committee, survey_source",0.0,0.1,1.0,1,1.0,4087,4087,0.6333333333333333,0.00042247147662370806,0,0
"3.0, 1.0, [5797.174999999999,16600.825], [17.457349999999998,69.46265], 1.0, [-0.5800000000000001,10.58], [5.910399999999999,17.0896], [-92628.78159999999,210581.7416], [77.08,104.92], 2.0, 1.0, [37.445,68.555], 3.0, 0.0","quarter, region, num_employees, ai_adoption_rate, ai_use_case, ai_projects_active, ai_budget_percentage, ai_investment_per_employee, regulatory_compliance_score, data_privacy_level, ai_ethics_committee, ai_risk_management_score, survey_source, data_collection_method",1.0,1.0,1.0,1,1.0,4088,4088,0.4666666666666667,0.00042247147662370806,1,1
"2026.0, 3.0, [3.9399999999999995,12.06], 2.0, [-6307.695,8031.695], [17.5,38.5], 0.0, [-5.364500000000001,23.0845], [4.938820664962823,17.5604], [28.626649999999998,48.39335], [-202170.50920000003,326504.2492], 1.0, [3.8623499999999975,27.71765], 0.0","survey_year, quarter, country, region, num_employees, company_age, ai_primary_tool, ai_training_hours, ai_budget_percentage, ai_failure_rate, ai_investment_per_employee, data_privacy_level, task_automation_rate, data_collection_method",1.0,0.1,1.0,1,3.0,4092,4092,0.4666666666666667,0.0012674144298711243,0,0
"1.0, 7.0, [28.925,39.075], [0.9973499999999973,53.00265], 3.0, [-1.5499999999999998,5.55], 7.0, [-1.6999999999999997,3.6999999999999997], [-0.06199999999999997,0.394], [23.453875,39.926125], [62.92,93.08], 1.0, [41.405,76.595], 0.0","region, industry, company_age, ai_adoption_rate, ai_adoption_stage, years_using_ai, ai_use_case, ai_projects_active, ai_maturity_score, ai_failure_rate, regulatory_compliance_score, data_privacy_level, ai_risk_management_score, survey_source",0.0,1.0,1.0,1,1.0,4095,4095,0.4666666666666667,0.00042247147662370806,1,1
"1.0, [-4637.32,7298.91], [5.1,11.425], [7.220000000000001,14.78], [-242595.6,340501.56], [77.82,102.18], 2.0, [17.1777,37.8823], 0.0","company_size, num_employees, company_age, ai_projects_active, ai_investment_per_employee, regulatory_compliance_score, data_privacy_level, task_automation_rate, survey_source",2.0,0.0063308715820312505,0.5625,1,2.6496,4097,4097,0.3,0.001119380424462177,0,0
"3.0, [1.125,22.875], 2.0, 1.0, [-2314.2349999999997,3382.2349999999997], [13.0,27.0], [26.3053,73.0347], 2.0, 5.0, [12.6935,53.786500000000004], [3.969999999999999,20.41], [-199034.07160000002,298542.1716], [48.47,81.53], 1.0, 0.0, 0.0, 1.0","quarter, country, region, company_size, num_employees, company_age, ai_adoption_rate, ai_adoption_stage, ai_use_case, ai_training_hours, ai_budget_percentage, ai_investment_per_employee, regulatory_compliance_score, data_privacy_level, ai_ethics_committee, survey_source, data_collection_method",1.0,0.1,1.0,1,1.5,4098,4098,0.5666666666666667,0.0006337072149355621,0,0
"3.0, [19.07,28.93], [-2021.5900000000001,3085.59], [-835.1897000000001,1761.8697], [2004.04,2021.96], [26.04135,47.898649999999996], 2.0, [7.05,10.95], 4.0, 7.0, [-3.8500000000000005,7.8500000000000005], [0.011687500000000045,0.4463125], [-171681.6028,310345.3828], 2.0, 0.0, [8.247207747334691,51.10755], 2.0, 1.0","quarter, country, num_employees, annual_revenue_usd_millions, company_founding_year, ai_adoption_rate, ai_adoption_stage, years_using_ai, ai_primary_tool, ai_use_case, ai_projects_active, ai_maturity_score, ai_investment_per_employee, data_privacy_level, ai_ethics_committee, task_automation_rate, survey_source, data_collection_method",1.0,0.1,1.0,1,2.0,4100,4100,0.6,0.0008449429532474161,0,0
"2025.0, 1.0, [21.085,28.915], 2.0, [1986.72,1997.28], [27.225,38.775], 0.0, 1.0, [4.731299999999997,47.0887], [-0.01918749999999997,0.5151874999999999], [-171959.26640000002,263419.9464], [61.57,100.43], [-0.3514000000000008,12.2514], 3.0","survey_year, quarter, country, region, company_founding_year, company_age, ai_primary_tool, num_ai_tools_used, ai_training_hours, ai_maturity_score, ai_investment_per_employee, regulatory_compliance_score, task_automation_rate, survey_source",1.0,0.1,1.0,1,1.3333333333333333,4101,4101,0.4666666666666667,0.000563295302164944,0,0
"2024.0, 3.0, [1264.625,6175.375], [-1532.2059500000005,3562.02595], [1989.64,2012.36], 2.0, [1.2000000000000002,4.8], 2.0, 3.0, 3.0, [6.14,15.86], [13.4253,30.4947], [3.7676,13.4124], [20.429174999999997,47.150825], [-194259.82640000002,241119.38640000002], 2.0, 0.0, [41.82,60.18], [24.68355,37.736450000000005], 1.0","survey_year, quarter, num_employees, annual_revenue_usd_millions, company_founding_year, ai_adoption_stage, years_using_ai, ai_primary_tool, num_ai_tools_used, ai_use_case, ai_projects_active, ai_training_hours, ai_budget_percentage, ai_failure_rate, ai_investment_per_employee, data_privacy_level, ai_ethics_committee, ai_risk_management_score, task_automation_rate, survey_source",0.0,1.0,1.0,1,1.0,4103,4103,0.6666666666666666,0.00042247147662370806,1,1
"0.0, 3.0, [-3093.88,3191.88], [-2341.4221500000003,2353.2621500000005], [1981.8,2004.2], 1.0, [2.9,9.1], [7.323600000000001,14.7764], [22.926225000000002,34.273775], [49.4,72.6], 2.0, [46.8,67.2], [7.1362999999999985,40.4437], 0.0","region, industry, num_employees, annual_revenue_usd_millions, company_founding_year, company_age_group, years_using_ai, ai_budget_percentage, ai_failure_rate, regulatory_compliance_score, data_privacy_level, ai_risk_management_score, task_automation_rate, data_collection_method",1.0,0.1,1.0,1,1.0,4106,4106,0.4666666666666667,0.00042247147662370806,0,0
"0.0, 3.0, [-3093.88,3191.88], [-2341.4221500000003,2353.2621500000005], [1981.8,2004.2], 1.0, 2.0, [2.9,9.1], 0.0, 0.0, [7.323600000000001,14.7764], [22.926225000000002,34.273775], [49.4,72.6], 2.0, [7.1362999999999985,40.4437], 0.0","region, industry, num_employees, annual_revenue_usd_millions, company_founding_year, company_age_group, ai_adoption_stage, years_using_ai, ai_primary_tool, ai_use_case, ai_budget_percentage, ai_failure_rate, regulatory_compliance_score, data_privacy_level, task_automation_rate, data_collection_method",1.0,0.1,1.0,1,1.0,4106,4106,0.5333333333333333,0.00042247147662370806,0,0
"2025.0, 0.0, 0.0, 1.0, 1.0, [-4701.535,4923.535], [1996.12,2017.88], [13.625,22.375], 1.0, [3.1999999999999997,8.8], [8.011299999999999,50.368700000000004], [5.8443999999999985,19.9827238225346], [0.12581250000000005,0.5461875], 2.0, [3.3863999999999983,35.7936]","survey_year, quarter, region, industry, company_size, num_employees, company_founding_year, company_age, company_age_group, years_using_ai, ai_training_hours, ai_budget_percentage, ai_maturity_score, data_privacy_level, task_automation_rate",1.0,0.1,1.0,1,1.4,4107,4107,0.5,0.0005914600672731913,0,0
"2026.0, [-1.495,7.495], 3.0, 5.0, [-4382.535,5242.535], [3.05,14.95], [5.25,8.75], 1.0, [0.26350000000000007,0.5485], [-47714.64080000001,201073.48080000002], 0.0, [19.702249999999996,44.457750000000004], 2.0","survey_year, country, region, industry, num_employees, company_age, years_using_ai, ai_primary_tool, ai_maturity_score, ai_investment_per_employee, data_privacy_level, task_automation_rate, data_collection_method",2.0,1.0,1.0,1,1.0,4110,4110,0.43333333333333335,0.00042247147662370806,1,1
"2025.0, 1.0, [4.17,19.83], [-5382.825000000001,5420.825000000001], [-3672.1353000000004,3719.4953], [1988.32,2011.68], [12.05,37.95], 1.0, [20.17475,69.16525], 2.0, 2.0, [2.39,7.609999999999999], [7.241599999999999,19.078400000000002], [20131.5772,307792.8428], 0.0, [30.64,67.36], [14.42235,38.27765], 0.0","survey_year, quarter, country, num_employees, annual_revenue_usd_millions, company_founding_year, company_age, company_age_group, ai_adoption_rate, ai_primary_tool, num_ai_tools_used, ai_projects_active, ai_budget_percentage, ai_investment_per_employee, ai_ethics_committee, ai_risk_management_score, task_automation_rate, data_collection_method",1.0,1.0,1.0,1,1.0,4113,4113,0.6,0.00042247147662370806,1,1
"2025.0, 2.0, [0.21499999999999986,9.785], 1.0, 2.0, 1.0, [-1557.2611000000002,2238.4411], [1987.4,1998.6], [27.1,36.9], 2.0, 1.0, [0.48999999999999977,7.51], [0.8351999999999995,14.6448], [-0.031374999999999986,0.467375], [23.913624999999996,44.046375], 0.0, [5.707899999999999,24.6121], 3.0","survey_year, quarter, country, region, industry, company_size, annual_revenue_usd_millions, company_founding_year, company_age, company_age_group, num_ai_tools_used, ai_projects_active, ai_budget_percentage, ai_maturity_score, ai_failure_rate, ai_ethics_committee, task_automation_rate, survey_source",0.0,1.0,1.0,1,1.0,4116,4116,0.6,0.00042247147662370806,1,1
"1.0, [15.01,32.99], 2.0, 2.0, [12.274999999999999,21.725], [-6.395800000000001,44.8558], 3.0, 2.0, 6.0, [-5.49,5.49], [13.5072,43.8528], [2.5124,9.3076], [0.10537500000000002,0.290625], [47.69,70.31], 0.0, [37.19,68.81], [5.202949999999998,23.65705], 0.0","quarter, country, industry, company_size, company_age, ai_adoption_rate, ai_adoption_stage, num_ai_tools_used, ai_use_case, ai_projects_active, ai_training_hours, ai_budget_percentage, ai_maturity_score, regulatory_compliance_score, ai_ethics_committee, ai_risk_management_score, task_automation_rate, survey_source",1.0,0.1,1.0,1,1.6666666666666667,4117,4117,0.6,0.0007041191277061802,0,0
"2026.0, [17.375,24.625], 1.0, 1.0, [2004.12,2025.88], [4.0,18.0], 3.0, [15.931049999999995,66.42895], [5.199999999999999,10.8], 0.0, [4.97,17.03], [14.927325,39.452675], [63.41,104.59], 1.0, 0.0, [13.876599999999996,44.4834], 2.0, 0.0","survey_year, country, industry, company_size, company_founding_year, company_age, company_age_group, ai_adoption_rate, years_using_ai, ai_primary_tool, ai_projects_active, ai_failure_rate, regulatory_compliance_score, data_privacy_level, ai_ethics_committee, task_automation_rate, survey_source, data_collection_method",1.0,1.0,1.0,1,1.0,4119,4119,0.6,0.00042247147662370806,1,1
"[3.59,20.41], 2.0, 4.0, 2.0, [-5464.040000000001,2477.375], [1995.28,2016.72], 1.0, 3.0, [5.1876,11.732800000000001], [0.061437500000000006,0.6703749999999999], [-91913.40960000001,325740.7812], [37.445,68.63], [18.817700000000002,39.5223]","country, region, industry, company_size, num_employees, company_founding_year, company_age_group, num_ai_tools_used, ai_budget_percentage, ai_maturity_score, ai_investment_per_employee, ai_risk_management_score, task_automation_rate",2.0,0.1,1.0,1,2.5,4122,4122,0.43333333333333335,0.0010561786915592702,0,0
"[14.75,29.25], 2.0, [1998.2,2007.8], 2.0, 2.0, 1.0, [6.12,11.879999999999999], [1.3019999999999987,13.358], [20.18925,31.170749999999998], [-233528.2824,318470.3624], 2.0, [17.4581,34.5619], 2.0","country, company_size, company_founding_year, ai_adoption_stage, num_ai_tools_used, ai_use_case, ai_projects_active, ai_budget_percentage, ai_failure_rate, ai_investment_per_employee, data_privacy_level, task_automation_rate, survey_source",2.0,0.1,1.0,1,1.0,4126,4126,0.43333333333333335,0.00042247147662370806,0,0
"1.0, [17.994999999999997,38.005], 8.0, [20.296735239268408,33.0], 3.0, [11.7044,19.5956], [0.46625000000000005,0.7797499999999999], [10.199674999999997,29.600324999999998], [23355.371199999994,427636.0688], [61.69,84.31], [50.19,81.81], [22.393749999999997,33.64625], 0.0","quarter, country, industry, company_age, num_ai_tools_used, ai_budget_percentage, ai_maturity_score, ai_failure_rate, ai_investment_per_employee, regulatory_compliance_score, ai_risk_management_score, task_automation_rate, survey_source",2.0,0.1,1.0,1,1.3333333333333333,4128,4128,0.43333333333333335,0.000563295302164944,0,0
"1.0, [17.994999999999997,38.005], 8.0, [19.0,33.0], [33.2755,61.7245], [11.7044,19.5956], [0.46625000000000005,0.7797499999999999], [10.199674999999997,29.600324999999998], [23355.371199999994,427636.0688], [61.69,92.44787159559091], [50.19,81.81], [22.393749999999997,33.64625], 0.0","quarter, country, industry, company_age, ai_training_hours, ai_budget_percentage, ai_maturity_score, ai_failure_rate, ai_investment_per_employee, regulatory_compliance_score, ai_risk_management_score, task_automation_rate, survey_source",2.0,0.1,1.0,1,1.3333333333333333,4128,4128,0.43333333333333335,0.000563295302164944,0,0
"2.0, [10.605,25.395], 4.0, 2.0, 3.0, 1.0, 5.0, [-14.2245,14.2245], [-170911.13240000003,186721.7924], [44.989999999999995,85.01], [44.29,65.71], [-0.5774500000000025,21.47745]","quarter, country, industry, company_size, company_age_group, ai_adoption_stage, ai_use_case, ai_training_hours, ai_investment_per_employee, regulatory_compliance_score, ai_risk_management_score, task_automation_rate",0.0,0.1,1.0,1,1.2,4131,4131,0.4,0.0005069657719484497,0,0
"2025.0, 3.0, 2.0, 0.0, [2450.2161,8643.2039], [15.75,26.25], 2.0, [4.3,11.7], 3.0, [6.41,15.59], [12.647999999999998,22.512], [0.40193750000000006,0.9220625], [49.41,90.59], 2.0, 1.0, [62.095,71.397992915775], 0.0, 1.0","survey_year, quarter, region, company_size, annual_revenue_usd_millions, company_age, ai_adoption_stage, years_using_ai, ai_primary_tool, ai_projects_active, ai_budget_percentage, ai_maturity_score, regulatory_compliance_score, data_privacy_level, ai_ethics_committee, ai_risk_management_score, survey_source, data_collection_method",2.0,0.1,1.0,1,1.0,4133,4133,0.6,0.00042247147662370806,0,0
"[9.85,30.15], 2.0, [-1444.94005,1451.78005], [9.4453,56.1747], [6.05,9.95], 0.0, [3.9973999999999954,45.7226], [0.08693750000000003,0.37906249999999997], [54.629999999999995,85.37], [37.385000000000005,74.615], 2.0","country, region, annual_revenue_usd_millions, ai_adoption_rate, years_using_ai, ai_primary_tool, ai_training_hours, ai_maturity_score, regulatory_compliance_score, ai_risk_management_score, survey_source",1.0,1.0,1.0,2,2.0,4741,4134,0.36666666666666664,0.0016898859064948322,1,1
"2026.0, [7.720000000000001,26.28], 4.0, 1.0, [-1277.27385,2018.9938500000003], [1993.52,2002.48], [23.1,32.9], [22.001350000000002,43.85865], 6.0, [0.11325000000000005,0.54075], [20.5022,46.8578], [-64766.7776,160697.4576], [55.83,98.17], 0.0, 2.0, 1.0","survey_year, country, region, company_size, annual_revenue_usd_millions, company_founding_year, company_age, ai_adoption_rate, ai_use_case, ai_maturity_score, ai_failure_rate, ai_investment_per_employee, regulatory_compliance_score, ai_ethics_committee, survey_source, data_collection_method",1.0,0.1,1.0,1,2.0,4135,4135,0.5333333333333333,0.0008449429532474161,0,0
"2025.0, [-3343.1611500000004,3349.2611500000007], [16.249549999999992,59.21045], 2.0, 2.0, [2.22,9.78], [1.994499999999995,36.7655], [0.12456249999999999,0.5734374999999999], [24.078999999999997,48.713069048167235], [39.21,68.79], [36.76,61.24], 2.0","survey_year, annual_revenue_usd_millions, ai_adoption_rate, ai_adoption_stage, ai_primary_tool, ai_projects_active, ai_training_hours, ai_maturity_score, ai_failure_rate, regulatory_compliance_score, ai_risk_management_score, data_collection_method",1.0,0.1,1.0,1,5.0,4137,4137,0.4,0.0021123573831185404,0,0
"[4.6049999999999995,19.395], 4.0, [1985.0,2009.0], 1.0, 3.0, 1.0, [0.16312500000000002,0.376875], [29.037149999999997,41.48285], [-181059.0472,308742.5672], [56.89,91.11], 0.0, 0.0, [39.915,74.08500000000001], [-6.427750000000002,18.32775], 2.0, 1.0","country, industry, company_founding_year, company_age_group, ai_adoption_stage, num_ai_tools_used, ai_maturity_score, ai_failure_rate, ai_investment_per_employee, regulatory_compliance_score, data_privacy_level, ai_ethics_committee, ai_risk_management_score, task_automation_rate, survey_source, data_collection_method",1.0,1.0,1.0,1,1.0,4143,4143,0.5333333333333333,0.00042247147662370806,1,1
"2023.0, 3.0, [8.49,32.18882015976747], 2.0, [-1918.80455,1976.78455], [1995.08,2014.92], [11.875,24.125], 3.0, 4.0, [-3.4799999999999995,9.48], [5.006799999999998,24.467903736607248], [20.560175,32.639825], [50.7,91.3], [44.23,71.77], 0.0","survey_year, quarter, country, company_size, annual_revenue_usd_millions, company_founding_year, company_age, ai_primary_tool, ai_use_case, ai_projects_active, ai_budget_percentage, ai_failure_rate, regulatory_compliance_score, ai_risk_management_score, data_collection_method",1.0,0.1,1.0,1,1.0,4144,4144,0.5,0.00042247147662370806,0,0
"1.0, 1.0, [-2073.7856,2720.7856], [1997.96,2020.04], [-0.09999999999999964,25.200000000000003], 4.0, [-1.5733000000000033,42.2374], [4.7303999999999995,15.909600000000001], [0.13106250000000003,0.440125], 2.0, 0.0, [15.24285,34.59715], 2.0","region, company_size, annual_revenue_usd_millions, company_founding_year, company_age, ai_primary_tool, ai_training_hours, ai_budget_percentage, ai_maturity_score, data_privacy_level, ai_ethics_committee, task_automation_rate, data_collection_method",1.0,1.0,1.0,1,3.0,4247,4145,0.43333333333333335,0.0012674144298711243,1,1
"2023.0, 0.0, [-5.715,13.715], 5.0, 1.0, [-5095.825000000001,5707.825000000001], [1991.16,2014.84], [7.050000000000001,32.95], 1.0, [-1.1669000000000018,54.606899999999996], 3.0, [1.4999999999999996,8.5], 2.0, [24.4131,42.7469], [19.67135,29.18865], [52.59,69.41], 1.0, [2.7723499999999976,26.627650000000003], 3.0","survey_year, quarter, country, region, company_size, num_employees, company_founding_year, company_age, company_age_group, ai_adoption_rate, ai_adoption_stage, years_using_ai, num_ai_tools_used, ai_training_hours, ai_failure_rate, regulatory_compliance_score, ai_ethics_committee, task_automation_rate, data_collection_method",1.0,1.0,1.0,1,2.0,4146,4146,0.6333333333333333,0.0008449429532474161,1,1
"2026.0, 1.0, [-4269.46,4373.46], [1.0500000000000007,26.95], 0.0, 4.0, 5.0, 3.0, [7.06,18.94], [0.5625,0.8474999999999999], [-48029.15640000001,387350.0564], [58.56,79.44], [55.505,80.495], [18.131549999999994,49.18845], 0.0, 3.0","survey_year, region, num_employees, company_age, ai_adoption_stage, ai_primary_tool, num_ai_tools_used, ai_use_case, ai_projects_active, ai_maturity_score, ai_investment_per_employee, regulatory_compliance_score, ai_risk_management_score, task_automation_rate, survey_source, data_collection_method",2.0,0.1,1.0,1,3.0,4147,4147,0.5333333333333333,0.0012674144298711243,0,0
"2024.0, [11.04,24.96], 1.0, [-4345.535,5279.535], [2005.44,2026.56], 3.0, 1.0, 0.0, [6.13,13.870000000000001], [6.620799999999999,12.539200000000001], [0.2301875,0.6078125], [-165158.43680000002,200249.11680000002], [40.89,75.11], 0.0, 0.0, [-4.563500000000003,26.9435], 1.0, 1.0","survey_year, country, company_size, num_employees, company_founding_year, ai_adoption_stage, num_ai_tools_used, ai_use_case, ai_projects_active, ai_budget_percentage, ai_maturity_score, ai_investment_per_employee, regulatory_compliance_score, data_privacy_level, ai_ethics_committee, task_automation_rate, survey_source, data_collection_method",2.0,1.0,1.0,1,1.0,4149,4149,0.6,0.00042247147662370806,1,1
"[7.199999999999999,18.8], 1.0, 2.0, [2006.24,2025.76], [1.25,18.75], [13.319949999999999,68.34004999999999], 0.0, 3.0, [6.024499999999996,40.795500000000004], [0.2005625,0.5354375], [68.4,91.6], 2.0","country, region, industry, company_founding_year, company_age, ai_adoption_rate, ai_primary_tool, ai_use_case, ai_training_hours, ai_maturity_score, regulatory_compliance_score, data_privacy_level",0.0,1.0,1.0,1,1.0,4153,4153,0.4,0.00042247147662370806,1,1
"2024.0, [11.23,18.77], 3.0, [6447.623699999999,11841.5163], [1982.84,1999.16], 2.0, [-0.15476639506126588,7.949999999999999], 3.0, 3.0, [0.26331250000000006,0.6266875], [17.19875,35.50125], [-102805.54240000002,254827.3824], [70.75999999999999,103.24000000000001], 0.0, [15.168599999999998,27.7714]","survey_year, country, industry, annual_revenue_usd_millions, company_founding_year, ai_adoption_stage, years_using_ai, ai_primary_tool, num_ai_tools_used, ai_maturity_score, ai_failure_rate, ai_investment_per_employee, regulatory_compliance_score, ai_ethics_committee, task_automation_rate",2.0,0.1,1.0,1,1.0,4154,4154,0.5,0.00042247147662370806,0,0
"2025.0, 3.0, 3.0, [1998.6,2011.4], [6.875,33.125], [4.3,9.7], 3.0, [0.34469999999999956,46.4953], [0.1499375,0.3280625], [50.83,93.17], 0.0, 1.0, [47.129999999999995,84.87], [-1.816650000000001,13.036650000000002], 1.0","survey_year, quarter, region, company_founding_year, company_age, years_using_ai, ai_primary_tool, ai_training_hours, ai_maturity_score, regulatory_compliance_score, data_privacy_level, ai_ethics_committee, ai_risk_management_score, task_automation_rate, data_collection_method",0.0,1.0,1.0,1,1.0,4155,4155,0.5,0.00042247147662370806,1,1
"2025.0, [-1553.1438500000002,2342.3887], [2000.24,2019.76], [2.5,5.5], 5.0, [63.496175033831214,92.5], 0.0","survey_year, annual_revenue_usd_millions, company_founding_year, years_using_ai, num_ai_tools_used, regulatory_compliance_score, data_privacy_level",2,0.01590361251087416,0.6923076923076923,1,4.85267712,4156,4156,0.23333333333333334,0.002050117668464483,0,0
"2024.0, 1.0, [24.375,31.625], 3.0, [3726.5340499999993,8820.76595], 1.0, 2.0, [2.0500000000000003,7.949999999999999], 0.0, 3.0, [3.4899999999999998,10.51], [6.021999999999999,18.078000000000003], [0.17875,0.66325], 0.0, 3.0","survey_year, quarter, country, region, annual_revenue_usd_millions, company_age_group, ai_adoption_stage, years_using_ai, ai_primary_tool, num_ai_tools_used, ai_projects_active, ai_budget_percentage, ai_maturity_score, ai_ethics_committee, survey_source",1.0,0.1,1.0,1,2.0,4158,4158,0.5,0.0008449429532474161,0,0
"2026.0, [2.17,17.83], 2.0, [-4662.32,4766.32], [-1291.8797,1305.1797000000001], [28.992849999999997,58.38715], 3.0, [2.3,9.7], 2.0, [0.16756250000000003,0.5024375], [-37829.78719999999,257606.1072], 0.0, [20.50891125730714,68.28], 1.0","survey_year, country, company_size, num_employees, annual_revenue_usd_millions, ai_adoption_rate, ai_adoption_stage, years_using_ai, ai_primary_tool, ai_maturity_score, ai_investment_per_employee, ai_ethics_committee, ai_risk_management_score, survey_source",0.0,1.0,1.0,1,1.0,4874,4160,0.4666666666666667,0.00042247147662370806,1,1
"0.0, [1.5600000000000005,22.439999999999998], 8.0, 0.0, [11874.96,22875.04], [2080.35095,6974.80905], [2018.0,2026.0], 0.0, [19.1831,74.9569], 2.0, [-1.0500000000000003,3.0500000000000003], 0.0, 2.0, [26.749899999999997,52.670100000000005], [5.014299999999999,29.905700000000003], 0.0","quarter, country, industry, company_size, num_employees, annual_revenue_usd_millions, company_founding_year, company_age_group, ai_adoption_rate, ai_adoption_stage, years_using_ai, ai_primary_tool, num_ai_tools_used, ai_training_hours, ai_failure_rate, data_privacy_level",2.0,0.1,1.0,1,1.4,4162,4162,0.5333333333333333,0.0005914600672731913,0,0
"1.0, [2012.56,2023.44], [-4.424999999999999,20.424999999999997], 3.0, [28.617649999999998,51.98235], 2.0, 1.0, 7.0, [5.33,16.67], [-0.6407999999999996,15.360800000000001], [24.737825,41.942175000000006], [-133944.90360000002,208138.7636], [66.79,95.21], 0.0","company_size, company_founding_year, company_age, company_age_group, ai_adoption_rate, ai_adoption_stage, num_ai_tools_used, ai_use_case, ai_projects_active, ai_budget_percentage, ai_failure_rate, ai_investment_per_employee, regulatory_compliance_score, data_collection_method",0.0,0.1,1.0,1,2.0,4165,4165,0.4666666666666667,0.0008449429532474161,0,0
"2024.0, [-1.205,7.205], [-1953.4499999999998,3939.45], [4.1,27.9], 1.0, [20.516000000000002,50.664], 1.0, 3.0, [1.3363999999999994,15.803600000000001], [-210470.064,256007.664], [43.92,74.08], [-7.252900000000001,18.8529]","survey_year, country, num_employees, company_age, company_age_group, ai_adoption_rate, ai_primary_tool, num_ai_tools_used, ai_budget_percentage, ai_investment_per_employee, regulatory_compliance_score, task_automation_rate",1.0,0.1,1.0,1,1.6,4169,4169,0.4,0.0006759543625979329,0,0
"2024.0, 1.0, 4.0, 0.0, [-5444.1900000000005,7520.1900000000005], [531.0092090333956,4897.501430275066], [1994.12,2015.88], [6.25,9.75], 2.0, [-2.3999999999999995,8.399999999999999], [1.5187999999999997,17.3012], [0.11768750000000003,0.3243125], [42263.630399999995,306601.0096], [67.27,88.73], 0.0, [37.894999999999996,74.105]","survey_year, region, industry, company_size, num_employees, annual_revenue_usd_millions, company_founding_year, years_using_ai, ai_primary_tool, ai_projects_active, ai_budget_percentage, ai_maturity_score, ai_investment_per_employee, regulatory_compliance_score, data_privacy_level, ai_risk_management_score",1.0,0.1,1.0,1,2.3333333333333335,4170,4170,0.5333333333333333,0.0009857667787886522,0,0
"2023.0, 2.0, [-2412.79905,2481.6590499999998], 1.0, 0.0, 1.0, 0.0, [-4.32,4.32], [-0.2386875,0.2386875], [27.005225,52.994775000000004], [-71098.21970944003,143830.6328], [53.5,82.5], 0.0, 2.0","survey_year, region, annual_revenue_usd_millions, ai_adoption_stage, ai_primary_tool, num_ai_tools_used, ai_use_case, ai_projects_active, ai_maturity_score, ai_failure_rate, ai_investment_per_employee, regulatory_compliance_score, ai_ethics_committee, survey_source",0.0,0.1,1.0,1,1.3333333333333333,4171,4171,0.4666666666666667,0.000563295302164944,0,0
"2026.0, [-1.9300000000000006,7.930000000000001], 2.0, [-5900.115,6082.115], [1986.2,2003.8], [25.925,36.075], 2.0, [37.12025,63.499750000000006], [4.7,7.3], 3.0, [31.161099999999998,62.1389], [-2.5112000000000005,13.2712], [0.290625,0.675375], [6.453874999999998,22.926125], [45.989999999999995,86.01], 0.0, 0.0, 3.0","survey_year, country, company_size, num_employees, company_founding_year, company_age, company_age_group, ai_adoption_rate, years_using_ai, ai_use_case, ai_training_hours, ai_budget_percentage, ai_maturity_score, ai_failure_rate, regulatory_compliance_score, ai_ethics_committee, survey_source, data_collection_method",2.0,1.0,1.0,1,1.0,4172,4172,0.6,0.00042247147662370806,1,1
"2025.0, 2.0, [17.634999999999998,28.365000000000002], 1.0, [-1751.3442000000002,1844.5842], [2013.04,2022.96], [-5.6,19.6], 3.0, 3.0, [3.4999999999999996,10.5], 0.0, 1.0, 0.0, [4.316799999999999,19.0032], [18.687575,39.552425], [-148550.94,434546.22000000003], 2.0, 1.0, [54.82,73.18], 1.0, 2.0","survey_year, quarter, country, region, annual_revenue_usd_millions, company_founding_year, company_age, company_age_group, ai_adoption_stage, years_using_ai, ai_primary_tool, num_ai_tools_used, ai_use_case, ai_budget_percentage, ai_failure_rate, ai_investment_per_employee, data_privacy_level, ai_ethics_committee, ai_risk_management_score, survey_source, data_collection_method",0.0,1.0,1.0,1,1.0,4175,4175,0.7,0.00042247147662370806,1,1
"2025.0, [0.6349999999999998,11.365], 5.0, [1988.32,2011.68], [19.05,30.95], 1.0, [-4.5472879576234355,70.20525], [-0.4500000000000002,6.45], 3.0, [18.7394,47.8206], [9.060174999999997,21.139825000000002], [-194918.18080000003,248235.6608], 0.0, [8.902349999999997,32.75765]","survey_year, country, region, company_founding_year, company_age, company_age_group, ai_adoption_rate, years_using_ai, num_ai_tools_used, ai_training_hours, ai_failure_rate, ai_investment_per_employee, ai_ethics_committee, task_automation_rate",2.0,0.1,1.0,1,2.0,4176,4176,0.4666666666666667,0.0008449429532474161,0,0
"2025.0, [-2.120000000000001,14.120000000000001], 0.0, 3.0, [15.633949999999999,40.50605], [4.25,9.75], 3.0, 3.0, [-261067.07920000004,267607.6792], [59.92,90.08], [53.385000000000005,90.615]","survey_year, country, company_size, company_age_group, ai_adoption_rate, years_using_ai, num_ai_tools_used, ai_use_case, ai_investment_per_employee, regulatory_compliance_score, ai_risk_management_score",0.0,0.1,1.0,1,1.0,4177,4177,0.36666666666666664,0.00042247147662370806,0,0
"2026.0, 3.0, 8.0, 1.0, [-5428.469999999999,8164.549468398367], [7.575,12.445434664190048], [14.968599999999999,48.1314], [2.3,5.7], 4.0, 0.0, [5.874499999999998,40.645500000000006], [1.8907999999999996,13.289200000000001], [0.05137500000000006,0.578625], [23.940175,36.019825000000004], [-404.49400000000605,271707.514], 0.0, 0.0","survey_year, quarter, industry, company_size, num_employees, company_age, ai_adoption_rate, years_using_ai, ai_primary_tool, ai_use_case, ai_training_hours, ai_budget_percentage, ai_maturity_score, ai_failure_rate, ai_investment_per_employee, data_privacy_level, data_collection_method",0.0,0.1,1.0,1,2.0,4178,4178,0.5666666666666667,0.0008449429532474161,0,0
"1.0, 6.0, [-2833.2349999999997,2863.2349999999997], [-2990.537,3002.677], 3.0, 2.0, 2.0, 0.0, [24.3343,47.7257], [0.190125,0.517875], [18.185724999999998,36.854275], 0.0, 0.0","quarter, industry, num_employees, annual_revenue_usd_millions, company_age_group, ai_adoption_stage, ai_primary_tool, ai_use_case, ai_training_hours, ai_maturity_score, ai_failure_rate, ai_ethics_committee, data_collection_method",1.0,0.1,1.0,1,2.0,4181,4181,0.43333333333333335,0.0008449429532474161,0,0
"2025.0, [14.43,33.57], 2.0, 3.0, 0.0, [13769.54,22412.46], [26.475,41.525], 0.0, 3.0, [0.33000000000000007,11.67], [5.9556,19.9844], [0.23868750000000002,0.5593125], [19.436899999999998,35.543099999999995], 1.0, 3.0","survey_year, country, region, industry, company_size, num_employees, company_age, ai_primary_tool, ai_use_case, ai_projects_active, ai_budget_percentage, ai_maturity_score, ai_failure_rate, ai_ethics_committee, data_collection_method",0.0,1.0,1.0,1,1.0,4182,4182,0.5,0.00042247147662370806,1,1
"5.0, 3.0, 1.0, [-2143.3987,2451.3987], 0.0, 3.0, 0.0, 3.0, [5.04,12.96], [1.6279999999999992,11.492], [17.335224999999998,43.324775], 0.0, 2.0, 3.0","region, industry, company_size, annual_revenue_usd_millions, company_age_group, ai_adoption_stage, ai_primary_tool, ai_use_case, ai_projects_active, ai_budget_percentage, ai_failure_rate, data_privacy_level, survey_source, data_collection_method",0.0,0.1,1.0,1,3.0,4183,4183,0.4666666666666667,0.0012674144298711243,0,0
"2023.0, 2.0, 0.0, [-4592.1050000000005,4640.1050000000005], [-5.025,17.025], [10.044899999999998,44.7151], 0.0, 3.0, [-3.6799999999999997,5.68], [0.10225000000000002,0.30175], [47.120000000000005,88.88], 0.0, 0.0, [34.875,73.125]","survey_year, region, industry, num_employees, company_age, ai_adoption_rate, ai_primary_tool, num_ai_tools_used, ai_projects_active, ai_maturity_score, regulatory_compliance_score, data_privacy_level, ai_ethics_committee, ai_risk_management_score",1.0,1.0,1.0,1,1.0,4184,4184,0.4666666666666667,0.00042247147662370806,1,1
"2025.0, 2.0, 3.0, [5089.55,10982.45], [3839.5391999999997,10232.3008], [21.225,32.775], 1.0, [3.57,8.43], [29.5599,55.48010000000001], [0.14187500000000003,0.612125], [54.120000000000005,95.88], 0.0, 0.0","survey_year, quarter, region, num_employees, annual_revenue_usd_millions, company_age, company_age_group, ai_projects_active, ai_training_hours, ai_maturity_score, regulatory_compliance_score, ai_ethics_committee, data_collection_method",2.0,0.1,1.0,1,1.0,4188,4188,0.43333333333333335,0.00042247147662370806,0,0
"2024.0, 3.0, 2.0, [-3559.2484000000004,3632.6084], [19.65,34.35], 3.0, [21.0843,44.4757], [6.7940000000000005,14.466000000000001], [0.264125,0.5918749999999999], [4.585224999999998,30.574775], 0.0, [40.15,75.85], [14.988299999999999,30.291700000000002], 1.0","survey_year, quarter, company_size, annual_revenue_usd_millions, company_age, num_ai_tools_used, ai_training_hours, ai_budget_percentage, ai_maturity_score, ai_failure_rate, data_privacy_level, ai_risk_management_score, task_automation_rate, data_collection_method",0.0,1.0,1.0,1,1.0,4189,4189,0.4666666666666667,0.00042247147662370806,1,1
"2023.0, 1.0, [-4972.9,6812.9], [-3223.0046,3569.3046000000004], [22.67065,61.109350000000006], 2.0, [5.05,8.95], 4.0, 2.0, 7.0, [0.9599999999999991,11.040000000000001], [0.211375,0.510625], [8.086149999999998,35.17385], [-212346.5596,246356.5396], 0.0, [53.35,68.65], 0.0","survey_year, region, num_employees, annual_revenue_usd_millions, ai_adoption_rate, ai_adoption_stage, years_using_ai, ai_primary_tool, num_ai_tools_used, ai_use_case, ai_projects_active, ai_maturity_score, ai_failure_rate, ai_investment_per_employee, ai_ethics_committee, ai_risk_management_score, survey_source",0.0,0.1,1.0,1,1.5,4190,4190,0.5666666666666667,0.0006337072149355621,0,0
"2023.0, 1.0, [-4972.9,6812.9], [-1225.2666000000002,1571.5666000000003], [22.67065,61.109350000000006], 2.0, [5.05,8.95], 4.0, 2.0, 7.0, [0.9599999999999991,11.040000000000001], [8.086149999999998,35.17385], [-212346.5596,246356.5396], 0.0, [53.35,68.65], 0.0","survey_year, region, num_employees, annual_revenue_usd_millions, ai_adoption_rate, ai_adoption_stage, years_using_ai, ai_primary_tool, num_ai_tools_used, ai_use_case, ai_projects_active, ai_failure_rate, ai_investment_per_employee, ai_ethics_committee, ai_risk_management_score, survey_source",0.0,0.1,1.0,1,1.5,4190,4190,0.5333333333333333,0.0006337072149355621,0,0
"2024.0, 1.0, 8.0, 1.0, 2.0, 3.0, 5.0, [4.125199999999999,8.408487228737947], [39498.09959999999,358257.8804], 1.0, 0.0, [46.445,77.555], 1.0","survey_year, region, industry, company_size, company_age_group, ai_adoption_stage, ai_primary_tool, ai_budget_percentage, ai_investment_per_employee, data_privacy_level, ai_ethics_committee, ai_risk_management_score, data_collection_method",0.0,0.1,1.0,1,2.0,4192,4192,0.43333333333333335,0.0008449429532474161,0,0
"8.0, 0.0, [7508.530000000001,18901.47], [-1148.7915000000007,5843.291500000001], 1.0, [1.8928717433803244,5.6], 4.0, 2.0, [4.1479,42.7121], [0.2629375,0.44106249999999997], [10.116399999999997,33.5436], [-257681.9724,294316.6724], 0.0, 0.0, 0.0","industry, company_size, num_employees, annual_revenue_usd_millions, company_age_group, years_using_ai, ai_primary_tool, ai_use_case, ai_training_hours, ai_maturity_score, ai_failure_rate, ai_investment_per_employee, ai_ethics_committee, survey_source, data_collection_method",2,0.1,1.0,1,1.0,4193,4193,0.5,0.00042247147662370806,0,0
"1.0, [5.75,20.25], 1.0, [-6386.48,7756.48], [2008.0,2032.0], 0.0, [11.120649999999998,49.55935], 3.0, [0.5,3.5], 2.0, [-0.9400000000000004,10.940000000000001], [1.4011999999999993,13.0188], [9.217324999999999,33.742675000000006], [-81266.6508,167521.4708], [74.56,95.44]","quarter, country, region, num_employees, company_founding_year, company_age_group, ai_adoption_rate, ai_adoption_stage, years_using_ai, ai_use_case, ai_projects_active, ai_budget_percentage, ai_failure_rate, ai_investment_per_employee, regulatory_compliance_score",1.0,0.1,1.0,1,1.4,4194,4194,0.5,0.0005914600672731913,0,0
"1.0, [5.75,20.25], 1.0, [-6386.48,7756.48], [2008.0,2032.0], 0.0, [11.120649999999998,49.55935], 3.0, [0.5,3.5], 2.0, [-0.9400000000000004,10.940000000000001], [9.217324999999999,33.742675000000006], [-81266.6508,167521.4708], [74.56,95.44], 2.0","quarter, country, region, num_employees, company_founding_year, company_age_group, ai_adoption_rate, ai_adoption_stage, years_using_ai, ai_use_case, ai_projects_active, ai_failure_rate, ai_investment_per_employee, regulatory_compliance_score, data_collection_method",1.0,0.1,1.0,1,1.4,4194,4194,0.5,0.0005914600672731913,0,0
"2023.0, 3.0, 1.0, [-3651.17,3813.17], [-2210.07525,2284.83525], [2014.16,2029.84], 0.0, 1.0, 2.0, [-4.7700000000000005,4.7700000000000005], [-128200.06839999999,151686.5684], 2.0, 1.0, [68.505,93.495]","survey_year, quarter, region, num_employees, annual_revenue_usd_millions, company_founding_year, company_age_group, num_ai_tools_used, ai_use_case, ai_projects_active, ai_investment_per_employee, data_privacy_level, ai_ethics_committee, ai_risk_management_score",1.0,1.0,1.0,1,1.0,4195,4195,0.4666666666666667,0.00042247147662370806,1,1
"2025.0, 2.0, [-2.2799999999999994,16.28], 0.0, 7.0, [-2098.19835,2196.93835], [-3.450000000000001,15.450000000000001], 3.0, [-9.951550000000001,37.531549999999996], [0.10000000000000009,3.9], [-1.193500000000002,20.933500000000002], [-0.0061249999999999916,0.236125], [16.77245,39.46755], [-73675.1964,167338.2964], 0.0","survey_year, quarter, country, region, industry, annual_revenue_usd_millions, company_age, company_age_group, ai_adoption_rate, years_using_ai, ai_training_hours, ai_maturity_score, ai_failure_rate, ai_investment_per_employee, ai_ethics_committee",0.0,0.1,1.0,1,1.0,4196,4196,0.5,0.00042247147662370806,0,0
"2025.0, 2.0, [-2.2799999999999994,16.28], 7.0, [-2098.19835,2196.93835], [-3.450000000000001,15.450000000000001], 3.0, [-9.951550000000001,37.531549999999996], [0.10000000000000009,3.9], [-1.193500000000002,20.933500000000002], [-0.0061249999999999916,0.236125], [16.77245,39.46755], [-73675.1964,167338.2964], 0.0, 0.0","survey_year, quarter, country, industry, annual_revenue_usd_millions, company_age, company_age_group, ai_adoption_rate, years_using_ai, ai_training_hours, ai_maturity_score, ai_failure_rate, ai_investment_per_employee, ai_ethics_committee, data_collection_method",0.0,0.1,1.0,1,1.0,4196,4196,0.5,0.00042247147662370806,0,0
"[8.605,23.395], 3.0, [1990.64,2013.36], [4.9,11.1], 2.0, [6.9539489676339565,11.219999999999999], [33.4687,54.3313], [0.21175000000000002,0.5318794897404058], [12.175974999999998,27.184025000000002], [65.75999999999999,98.24000000000001], [38.464999999999996,67.535], [3.597299999999997,27.902700000000003], 3.0, 3.0","country, industry, company_founding_year, years_using_ai, num_ai_tools_used, ai_projects_active, ai_training_hours, ai_maturity_score, ai_failure_rate, regulatory_compliance_score, ai_risk_management_score, task_automation_rate, survey_source, data_collection_method",2.0,0.1,1.0,1,1.0,4197,4197,0.4666666666666667,0.00042247147662370806,0,0
"[8.605,23.395], 3.0, [1990.64,2013.36], 2.0, [0.7800000000000002,11.219999999999999], [33.4687,54.3313], [0.21175000000000002,0.5318794897404058], [27.184025000000002,29.83459511780946], [65.75999999999999,98.24000000000001], [38.464999999999996,67.535], 3.0","country, industry, company_founding_year, num_ai_tools_used, ai_projects_active, ai_training_hours, ai_maturity_score, ai_failure_rate, regulatory_compliance_score, ai_risk_management_score, survey_source",2.0,0.1,1.0,1,1.0,4197,4197,0.36666666666666664,0.00042247147662370806,0,0
"0.0, 4.0, 2.0, [-2686.5063000000005,2707.3863000000006], [4.25,28.31238024444575], 2.0, 3.0, 2.0, [3.95,14.78], [3.4969,48.3831], [2.0584,17.6216], [3.9715249999999997,25.568475], [-145732.5976,274097.3576], 2.0, 1.0, [15.226699999999996,44.9333], 3.0","quarter, industry, company_size, annual_revenue_usd_millions, company_age, ai_adoption_stage, ai_primary_tool, num_ai_tools_used, ai_projects_active, ai_training_hours, ai_budget_percentage, ai_failure_rate, ai_investment_per_employee, data_privacy_level, ai_ethics_committee, task_automation_rate, survey_source",2.0,0.1,1.0,1,1.5,4200,4200,0.5666666666666667,0.0006337072149355621,0,0
"2025.0, 5.0, [-1929.375,2981.375], [25.05065,63.48935], 2.0, [4.6,8.7], [7.220000000000001,12.05], [27.929899999999996,53.850100000000005]","survey_year, region, num_employees, ai_adoption_rate, ai_adoption_stage, years_using_ai, ai_projects_active, ai_training_hours",2.0,1.0,1.0,2,1.5,4932,4200,0.26666666666666666,0.0012674144298711243,2,2
"3.0, [-3.785,5.785], 4.0, 0.0, [12.4,37.6], 3.0, [7.172000000000001,13.748000000000001], [0.018312500000000037,0.38168749999999996], 0.0, [35.35315,52.00685], 1.0","quarter, country, region, industry, company_age, num_ai_tools_used, ai_budget_percentage, ai_maturity_score, data_privacy_level, task_automation_rate, data_collection_method",2,0.1,1.0,1,2.0,4202,4202,0.36666666666666664,0.0008449429532474161,0,0
"5.0, 0.0, [1018.94995,3915.6700499999997], [3.8500000000000014,24.15], 3.0, [19.22285,48.61715], [-2.7506125305831755,5.4], 0.0, [-177650.37,211081.07], 1.0, [55.585,72.415], [0.8064999999999962,32.313500000000005]","industry, company_size, annual_revenue_usd_millions, company_age, company_age_group, ai_adoption_rate, years_using_ai, ai_primary_tool, ai_investment_per_employee, data_privacy_level, ai_risk_management_score, task_automation_rate",0.0,0.1,1.0,1,1.0,4203,4203,0.4,0.00042247147662370806,0,0
"2025.0, 3.0, 2.0, 3.0, [5273.1422999999995,11865.6777], [1990.44,2011.56], [14.725,33.275], [20.203799999999994,59.3962], 2.0, 2.0, [3.490099999999998,40.7899], [5.705199999999999,14.0348], [-204199.16800000003,340024.848], [65.75,80.25], [57.21,86.78999999999999]","survey_year, quarter, region, industry, annual_revenue_usd_millions, company_founding_year, company_age, ai_adoption_rate, ai_adoption_stage, ai_use_case, ai_training_hours, ai_budget_percentage, ai_investment_per_employee, regulatory_compliance_score, ai_risk_management_score",1.0,0.1,1.0,1,2.0,4204,4204,0.5,0.0008449429532474161,0,0
"2023.0, [7.85,28.15], 0.0, 1.0, [1996.04,2005.96], 0.0, 2.0, 0.0, [0.03487500000000002,0.39112499999999994], [20.180349999999997,44.33965], 2.0, [6.538599999999999,19.1414], 1.0","survey_year, country, region, company_size, company_founding_year, ai_primary_tool, num_ai_tools_used, ai_use_case, ai_maturity_score, ai_failure_rate, data_privacy_level, task_automation_rate, data_collection_method",0.0,0.1,1.0,1,1.0,4205,4205,0.43333333333333335,0.00042247147662370806,0,0
"2023.0, 1.0, [-0.8300000000000001,14.83], 0.0, 2.0, [5518.25,15339.75], [1822.0633999999998,4618.8966], 3.0, 0.0, [6.5200000000000005,19.48], [5.375999999999998,30.664], [0.2966875,0.6173125], [49.25,92.75], 2.0, 1.0, [48.095,63.905], [0.8223499999999984,24.67765], 0.0","survey_year, quarter, country, region, industry, num_employees, annual_revenue_usd_millions, company_age_group, ai_primary_tool, ai_projects_active, ai_training_hours, ai_maturity_score, regulatory_compliance_score, data_privacy_level, ai_ethics_committee, ai_risk_management_score, task_automation_rate, data_collection_method",1.0,0.1,1.0,1,1.4,4206,4206,0.6,0.0005914600672731913,0,0
"[14.605,29.395], 0.0, 8.0, [1983.48,1998.52], [26.05,37.95], 3.0, [-4.5,4.5], [-2.299900000000001,34.999900000000004], [13.595475,35.924525], 2.0, [-1.893200000000002,26.913200000000003], 1.0","country, region, industry, company_founding_year, company_age, ai_adoption_stage, ai_projects_active, ai_training_hours, ai_failure_rate, data_privacy_level, task_automation_rate, survey_source",0.0,1.0,1.0,1,1.0,4209,4209,0.4,0.00042247147662370806,1,1
"3.0, [5.865,24.134999999999998], 1.0, 0.0, 3.0, [30.304499999999997,52.9155], 2.0, [1.5999999999999999,4.4], 0.0, [3.6799999999999997,12.32], [-159739.9056,221216.9056], 1.0, [-2.4127000000000027,21.892700000000005], 3.0","quarter, country, region, industry, company_age_group, ai_adoption_rate, ai_adoption_stage, years_using_ai, ai_use_case, ai_projects_active, ai_investment_per_employee, ai_ethics_committee, task_automation_rate, data_collection_method",1.0,1.0,1.0,1,1.0,4213,4213,0.4666666666666667,0.00042247147662370806,1,1
"2023.0, 3.0, [12.285,31.715], 0.0, 3.0, [4206.85475,8701.76525], [23.475,38.525], 2.0, 3.0, 4.0, 0.0, [30.830000000000002,73.17], 0.0, [40.955,71.045]","survey_year, quarter, country, region, industry, annual_revenue_usd_millions, company_age, company_age_group, ai_adoption_stage, ai_primary_tool, ai_use_case, regulatory_compliance_score, ai_ethics_committee, ai_risk_management_score",1.0,0.1,1.0,1,2.0,4215,4215,0.4666666666666667,0.0008449429532474161,0,0
"[1.75,16.25], 1.0, 2.0, [-5686.469999999999,5706.469999999999], [-1741.1207500000003,1754.9207500000005], 1.0, 2.0, [3.55,8.45], 3.0, [4.012799999999999,16.5072], [0.06750000000000003,0.4665], [7.741249999999997,41.49875]","country, industry, company_size, num_employees, annual_revenue_usd_millions, company_age_group, ai_adoption_stage, years_using_ai, ai_use_case, ai_budget_percentage, ai_maturity_score, task_automation_rate",0.0,1.0,1.0,1,1.0,4217,4217,0.4,0.00042247147662370806,1,1
"[-3650.9953,3740.6353000000004], [7.949999999999999,24.05], [2.905850000000001,47.37415], 1.0, 2.0, [-0.39999999999999947,10.399999999999999], [8.795299999999997,25.8647], [-187156.70880000002,237179.10240000003], [67.69,90.31], 1.0","annual_revenue_usd_millions, company_age, ai_adoption_rate, ai_primary_tool, ai_use_case, ai_projects_active, ai_training_hours, ai_investment_per_employee, regulatory_compliance_score, data_collection_method",0.0,0.061865234375,0.875,1,2.5,4220,4220,0.3333333333333333,0.0010561786915592702,0,0
"[4.215,13.785], 6.0, 2.0, [7.25,24.75], 1.0, [0.2999999999999998,5.0], 2.0, [0.06550000000000003,0.4645], [16.962449999999997,39.65755], [2.887599999999999,24.4924]","country, industry, company_size, company_age, company_age_group, years_using_ai, ai_use_case, ai_maturity_score, ai_failure_rate, task_automation_rate",0.0,0.061865234375,0.875,1,1.6666666666666667,4220,4220,0.3333333333333333,0.0007041191277061802,0,0
"2025.0, 1.0, 5.0, [-4645.040000000001,6355.040000000001], [-1905.4387000000002,2689.3587], [18.975,41.025], 1.0, [4.3,9.7], 2.0, 3.0, 7.0, [0.195,0.5369999999999999], 0.0, 0.0, [41.955,72.045], [-5.912400000000001,15.6924]","survey_year, quarter, industry, num_employees, annual_revenue_usd_millions, company_age, company_age_group, years_using_ai, ai_primary_tool, num_ai_tools_used, ai_use_case, ai_maturity_score, data_privacy_level, ai_ethics_committee, ai_risk_management_score, task_automation_rate",1.0,0.1,1.0,1,1.3333333333333333,4226,4226,0.5333333333333333,0.000563295302164944,0,0
"2025.0, 5.0, [-4645.040000000001,6355.040000000001], [-1905.4387000000002,2689.3587], [18.975,44.005018209390165], 1.0, [4.3,9.7], 2.0, 3.0, 7.0, [0.195,0.5369999999999999], 0.0, 0.0, [41.955,72.045], [-5.912400000000001,15.6924]","survey_year, industry, num_employees, annual_revenue_usd_millions, company_age, company_age_group, years_using_ai, ai_primary_tool, num_ai_tools_used, ai_use_case, ai_maturity_score, data_privacy_level, ai_ethics_committee, ai_risk_management_score, task_automation_rate",1.0,0.1,1.0,1,1.3333333333333333,4226,4226,0.5,0.000563295302164944,0,0
"2025.0, 1.0, [22.215,31.785], 5.0, 0.0, [2011.76,2032.24], 0.0, 7.0, [9.142299999999995,45.1777], [0.34639999999999915,14.813600000000001], [0.06381250000000005,0.5981875], 2.0, 0.0, [34.955,65.045], [3.4383999999999997,17.8416]","survey_year, quarter, country, industry, company_size, company_founding_year, company_age_group, ai_use_case, ai_training_hours, ai_budget_percentage, ai_maturity_score, data_privacy_level, ai_ethics_committee, ai_risk_management_score, task_automation_rate",1.0,1.0,1.0,1,1.0,4228,4228,0.5,0.00042247147662370806,1,1
"2026.0, 2.0, 2.0, [-2916.5035500000004,2976.82355], 1.0, 2.0, 3.0, [0.17437500000000003,0.359625], [23.46715,35.912850000000006], 0.0, [3.3381999999999987,19.541800000000002], 1.0","survey_year, region, company_size, annual_revenue_usd_millions, company_age_group, num_ai_tools_used, ai_use_case, ai_maturity_score, ai_failure_rate, ai_ethics_committee, task_automation_rate, data_collection_method",0.0,0.1,1.0,1,1.5,4229,4229,0.4,0.0006337072149355621,0,0
"2.0, [9.07,18.93], [-2631.74,4439.74], 1.0, [-0.8187999999999995,35.3588], 3.0, 3.0, 1.0, [-17.385500000000004,17.385500000000004], [0.06325000000000001,0.26275], [24.372449999999997,47.06755], [4.5814499999999985,36.53855], 3.0","quarter, country, num_employees, company_age_group, ai_adoption_rate, ai_adoption_stage, ai_primary_tool, num_ai_tools_used, ai_training_hours, ai_maturity_score, ai_failure_rate, task_automation_rate, survey_source",2,0.1,1.0,1,1.0,4230,4230,0.43333333333333335,0.00042247147662370806,0,0
"0.0, [7.78,18.22], 1.0, [-3046.0950000000003,3436.0950000000003], [1991.16,2006.84], [18.875,31.125], [-1.25,3.25], [7.1030999999999995,25.4369], [-0.08418749999999997,0.45018749999999996], [-75017.28640000001,165996.2064], [59.47,92.53], [5.047499999999999,27.552500000000002]","quarter, country, region, num_employees, company_founding_year, company_age, ai_projects_active, ai_training_hours, ai_maturity_score, ai_investment_per_employee, regulatory_compliance_score, task_automation_rate",0.0,1.0,1.0,1,2.0,4994,4232,0.4,0.0008449429532474161,1,1
"2024.0, 0.0, [17.006480481684683,18.22], 1.0, [1991.16,2006.84], [18.875,31.125], [-1.25,3.25], [7.1030999999999995,25.4369], [-0.08418749999999997,0.45018749999999996], [-75017.28640000001,165996.2064], [59.47,92.53], [5.047499999999999,27.552500000000002]","survey_year, quarter, country, region, company_founding_year, company_age, ai_projects_active, ai_training_hours, ai_maturity_score, ai_investment_per_employee, regulatory_compliance_score, task_automation_rate",0.0,0.1,1.0,1,1.3333333333333333,4232,4232,0.4,0.000563295302164944,0,0
"2.0, 4.0, [-4953.6849999999995,6635.6849999999995], [2015.08,2026.92], 0.0, [6.387349999999998,58.39265], 3.0, [3.45,6.55], 2.0, [0.2473125,0.4966875], [-284659.28,298437.88], [45.505,70.495], 3.0, 2.0","quarter, region, num_employees, company_founding_year, company_age_group, ai_adoption_rate, ai_adoption_stage, years_using_ai, ai_use_case, ai_maturity_score, ai_investment_per_employee, ai_risk_management_score, survey_source, data_collection_method",1.0,0.1,1.0,1,1.2,4233,4233,0.4666666666666667,0.0005069657719484497,0,0
"3.0, [7.085,14.915], 1.0, [4507.77265,10800.64735], [2003.96,2026.04], [1.4250000000000007,18.575], 2.0, 0.0, 1.0, [11.830349999999997,35.989650000000005], [113120.3488,486302.53119999997], [55.11,78.89], [49.23,76.77], 3.0","quarter, country, region, annual_revenue_usd_millions, company_founding_year, company_age, ai_adoption_stage, ai_primary_tool, ai_use_case, ai_failure_rate, ai_investment_per_employee, regulatory_compliance_score, ai_risk_management_score, survey_source",0.0,0.1,1.0,1,1.0,4235,4235,0.4666666666666667,0.00042247147662370806,0,0
"0.0, 5.0, 0.0, [2241.615,9902.385], 1.0, [23.3538,62.546200000000006], [5.42,16.58], [0.29325,0.60675], [2.3931249999999995,29.846875000000004], [-92079.22760000001,327750.7276], [50.019999999999996,85.98], 1.0, [48.82,67.18], 0.0, 2.0","quarter, region, company_size, num_employees, company_age_group, ai_adoption_rate, ai_projects_active, ai_maturity_score, ai_failure_rate, ai_investment_per_employee, regulatory_compliance_score, data_privacy_level, ai_risk_management_score, survey_source, data_collection_method",1.0,0.1,1.0,1,2.0,4238,4238,0.5,0.0008449429532474161,0,0
"0.0, 1.0, [1985.4,1996.6], 2.0, [4.45,11.55], [9.868899999999996,42.1111], [3.052799999999999,10.0672], 0.0, 0.0, [41.385000000000005,78.615], 3.0","quarter, company_size, company_founding_year, company_age_group, years_using_ai, ai_training_hours, ai_budget_percentage, data_privacy_level, ai_ethics_committee, ai_risk_management_score, data_collection_method",0.0,1.0,1.0,1,1.0,4242,4242,0.36666666666666664,0.00042247147662370806,1,1
"[18.78,29.22], 1.0, [2010.2,2027.8], 2.0, 4.0, [32.3979,70.96209999999999], [2.1479999999999997,13.631547858250627], [3.041274999999997,28.298725000000005], [63.496175033831214,92.5], 0.0, 1.0","country, company_size, company_founding_year, num_ai_tools_used, ai_use_case, ai_training_hours, ai_budget_percentage, ai_failure_rate, regulatory_compliance_score, data_privacy_level, ai_ethics_committee",2,0.013168724279835387,0.6666666666666666,1,2.32,4243,4243,0.36666666666666664,0.0009801338257670027,0,0
"[-0.3799999999999999,12.379999999999999], 5.0, [-3403.8150000000005,4649.8150000000005], [1984.96,1999.04], [21.15,42.85], [4.25,11.75], 0.0, [17.903799999999997,44.4562], [6.9548,15.0652], [0.23450000000000001,0.5195], [13.42135,22.93865], 0.0, 0.0, [52.35,67.65]","country, region, num_employees, company_founding_year, company_age, years_using_ai, ai_primary_tool, ai_training_hours, ai_budget_percentage, ai_maturity_score, ai_failure_rate, data_privacy_level, ai_ethics_committee, ai_risk_management_score",2.0,1.0,1.0,1,1.0,4248,4248,0.4666666666666667,0.00042247147662370806,1,1
"2.0, 7.0, 2.0, [-5044.18,5170.18], [9.975,32.025], [9.069949999999999,64.09004999999999], [3.5,8.5], 2.0, 3.0, [9.155199999999994,52.144800000000004], [23.564799999999998,41.135200000000005], [59.46,74.54], 0.0","region, industry, company_size, num_employees, company_age, ai_adoption_rate, years_using_ai, num_ai_tools_used, ai_use_case, ai_training_hours, ai_failure_rate, regulatory_compliance_score, survey_source",1.0,1.0,1.0,1,1.0,4253,4253,0.43333333333333335,0.00042247147662370806,1,1
"1.0, [21.939999999999998,30.060000000000002], 2.0, [-3684.9853000000003,3706.6453], [1989.52,1998.48], 2.0, [7.55,12.45], 4.0, 3.0, [2.5,11.5], [9.213999999999999,22.366], [0.371125,0.5848749999999999], [59.05,90.95], 2.0, 0.0, [25.338500000000003,38.8415], 1.0","quarter, country, company_size, annual_revenue_usd_millions, company_founding_year, company_age_group, years_using_ai, ai_primary_tool, num_ai_tools_used, ai_projects_active, ai_budget_percentage, ai_maturity_score, regulatory_compliance_score, data_privacy_level, ai_ethics_committee, task_automation_rate, survey_source",2.0,1.0,1.0,1,1.0,4254,4254,0.5666666666666667,0.00042247147662370806,1,1
"[-2.915,9.798025859306634], [-576.5450000000001,11798.545], [3653.6436999999996,9047.5363], [12.525,25.475], 2.0, 3.0, 2.0, 7.0, [6.426149999999998,33.51385], [-46583.43520000001,404345.0352], 1.0, 1.0","country, num_employees, annual_revenue_usd_millions, company_age, ai_adoption_stage, ai_primary_tool, num_ai_tools_used, ai_use_case, ai_failure_rate, ai_investment_per_employee, data_privacy_level, ai_ethics_committee",1.0,0.1,1.0,1,2.0,4255,4255,0.4,0.0008449429532474161,0,0
"2023.0, 0.0, [2013.68,2030.32], [-10.55,12.55], [9.659000000000002,54.881], 3.0, 2.0, 3.0, [2.75,7.25], [-0.4336000000000011,14.0336], [0.16956250000000006,0.3904375], [-215889.04080000002,227264.80080000003], 0.0, 1.0","survey_year, quarter, company_founding_year, company_age, ai_adoption_rate, ai_adoption_stage, ai_primary_tool, num_ai_tools_used, ai_projects_active, ai_budget_percentage, ai_maturity_score, ai_investment_per_employee, data_privacy_level, ai_ethics_committee",1.0,1.0,1.0,1,1.0,4257,4257,0.4666666666666667,0.00042247147662370806,1,1
"2023.0, 2.0, [13719.119999999999,20004.88], [24.825,39.175], [-3.7715500000000013,43.71155], 3.0, [2.891615003806113,4.75], 3.0, 2.0, [15.863375,39.656625000000005], [41.28,80.72], [40.915,75.08500000000001], 3.0","survey_year, quarter, num_employees, company_age, ai_adoption_rate, ai_adoption_stage, years_using_ai, num_ai_tools_used, ai_use_case, ai_failure_rate, regulatory_compliance_score, ai_risk_management_score, data_collection_method",0.0,0.1,1.0,1,2.0,4258,4258,0.43333333333333335,0.0008449429532474161,0,0
"2026.0, [12.33,25.67], [-4637.32,7298.91], [0.5750000000000002,11.425], [55.66969999999999,84.3103], 2.0, [0.1864375,0.6495624999999999], 2.0, [54.19,85.81]","survey_year, country, num_employees, company_age, ai_adoption_rate, ai_adoption_stage, ai_maturity_score, data_privacy_level, ai_risk_management_score",2.0,0.1,1.0,1,2.0,4260,4260,0.3,0.0008449429532474161,0,0
"2025.0, [-2.4399999999999995,18.439999999999998], 2.0, 2.0, [2.4999999999999996,9.5], 1.0, [11.705299999999998,28.7747], [10.020599999999998,30.5194], 0.0, 1.0, 3.0","survey_year, country, industry, company_size, years_using_ai, ai_primary_tool, ai_training_hours, ai_failure_rate, data_privacy_level, survey_source, data_collection_method",0.0,0.1,1.0,1,1.5,4261,4261,0.36666666666666664,0.0006337072149355621,0,0
"5.0, [-2981.71045,3111.3904500000003], [2013.92,2026.08], 0.0, [15.099763368042488,39.667699999999996], 3.0, 3.0, [2.39,7.609999999999999], [8.91,14.39], [0.06675,0.55125], [22.525474999999997,44.854524999999995], [59.56,80.44], 1.0","region, annual_revenue_usd_millions, company_founding_year, company_age_group, ai_adoption_rate, ai_adoption_stage, num_ai_tools_used, ai_projects_active, ai_budget_percentage, ai_maturity_score, ai_failure_rate, regulatory_compliance_score, survey_source",2.0,0.1,1.0,1,1.3333333333333333,4262,4262,0.43333333333333335,0.000563295302164944,0,0
"2023.0, [1.2850000000000001,20.715], 1.0, 0.0, [4293.164999999999,17846.835], [6574.2296,9770.6104], 1.0, [-1.582100000000004,48.1621], 3.0, [27.654374999999995,36.805625], [48.629999999999995,79.37], 0.0, 1.0","survey_year, country, region, industry, num_employees, annual_revenue_usd_millions, company_age_group, ai_adoption_rate, ai_adoption_stage, ai_failure_rate, regulatory_compliance_score, data_privacy_level, data_collection_method",0.0,0.1,1.0,1,1.2,4264,4264,0.43333333333333335,0.0005069657719484497,0,0
"2023.0, [9.285,28.715], 1.0, 7.0, [-3098.0950000000003,3384.0950000000003], [-1605.4311,2190.2711], 1.0, 1.0, 1.0, [15.941524999999999,37.538475], [-132638.9616,364937.2816], [48.05,79.95], 2.0, [29.895,66.105], [3.6035500000000003,16.65645], 1.0, 2.0","survey_year, country, region, industry, num_employees, annual_revenue_usd_millions, company_age_group, num_ai_tools_used, ai_use_case, ai_failure_rate, ai_investment_per_employee, regulatory_compliance_score, data_privacy_level, ai_risk_management_score, task_automation_rate, survey_source, data_collection_method",1.0,0.1,1.0,1,1.0,4265,4265,0.5666666666666667,0.00042247147662370806,0,0
"[9.285,28.715], 1.0, 7.0, [-3098.0950000000003,3384.0950000000003], [-1605.4311,2190.2711], [1985.24,2004.76], 1.0, 1.0, 1.0, [1.580400000000001,24.3396], [0.30959999999999965,11.0504], [-132638.9616,364937.2816], [48.05,79.95], 2.0, [29.895,66.105], [3.6035500000000003,16.65645], 1.0","country, region, industry, num_employees, annual_revenue_usd_millions, company_founding_year, company_age_group, num_ai_tools_used, ai_use_case, ai_training_hours, ai_budget_percentage, ai_investment_per_employee, regulatory_compliance_score, data_privacy_level, ai_risk_management_score, task_automation_rate, survey_source",1.0,0.1,1.0,1,1.0,4265,4265,0.5666666666666667,0.00042247147662370806,0,0
"0.0, [-2.915,4.915], 0.0, [2010.24,2029.76], 0.0, [-6.992100000000004,42.7521], 3.0, [-0.7999999999999998,2.8], 0.0, [2.75,7.25], [-10.431300000000002,10.431300000000002], [50.18,83.82], 2.0, [65.84,82.16], 3.0, 1.0","quarter, country, company_size, company_founding_year, company_age_group, ai_adoption_rate, ai_adoption_stage, years_using_ai, ai_primary_tool, ai_projects_active, ai_training_hours, regulatory_compliance_score, data_privacy_level, ai_risk_management_score, survey_source, data_collection_method",1.0,1.0,1.0,1,1.0,4266,4266,0.5333333333333333,0.00042247147662370806,1,1
"0.0, 8.0, 0.0, [6278.594999999999,19439.405], [3311.49615,6607.76385], 3.0, [9.946200000000001,46.6138], [13.04,18.52], [0.21343750000000003,0.6765625], [7.555225,33.544775], [-90747.3016,212463.2216], [60.989999999999995,101.01], [-3.650565974913107,45.0131], 2.0","quarter, industry, company_size, num_employees, annual_revenue_usd_millions, ai_use_case, ai_training_hours, ai_budget_percentage, ai_maturity_score, ai_failure_rate, ai_investment_per_employee, regulatory_compliance_score, task_automation_rate, survey_source",1.0,0.1,1.0,1,1.0,4267,4267,0.4666666666666667,0.00042247147662370806,0,0
"[16.3,33.7], 2.0, [-6542.405000000001,6618.405000000001], [-2302.79215,2391.8921500000006], [2004.56,2023.44], 2.0, 4.0, [0.33475000000000005,0.59125], [-80626.9528,401400.03280000004], 1.0","country, region, num_employees, annual_revenue_usd_millions, company_founding_year, num_ai_tools_used, ai_use_case, ai_maturity_score, ai_investment_per_employee, data_collection_method",0,0.1,1.0,1,1.3333333333333333,4268,4268,0.3333333333333333,0.000563295302164944,0,0
"[16.3,33.7], 2.0, [-6542.405000000001,6618.405000000001], [2004.56,2023.44], [27.544900000000002,62.21510000000001], [0.34999999999999987,3.6500000000000004], 2.0, 4.0, [16.470799999999997,61.9892], [0.33475000000000005,0.59125], [24.949424999999998,48.010574999999996], [-80626.9528,401400.03280000004]","country, region, num_employees, company_founding_year, ai_adoption_rate, years_using_ai, num_ai_tools_used, ai_use_case, ai_training_hours, ai_maturity_score, ai_failure_rate, ai_investment_per_employee",2.0,0.1,1.0,1,2.0,4268,4268,0.4,0.0008449429532474161,0,0
"0.0, [16.78,27.22], 6.0, [1987.8,2010.2], [18.0,32.0], 1.0, [1.75,8.25], 1.0, [1.959999999999999,12.040000000000001], [-6.6618103017933015,38.046], [-3.461401546236994,12.4788], [14.191775,32.128225], 1.0, [8.266699999999998,37.9733], 0.0","quarter, country, industry, company_founding_year, company_age, company_age_group, years_using_ai, ai_primary_tool, ai_projects_active, ai_training_hours, ai_budget_percentage, ai_failure_rate, ai_ethics_committee, task_automation_rate, data_collection_method",0.0,0.1,1.0,1,1.8,4269,4269,0.5,0.0007604486579226745,0,0
"2.0, 7.0, [-3246.73185,4045.01185], [2007.6,2020.4], [2.5999999999999996,19.4], 2.0, 3.0, [3.892599999999998,25.387400000000003], [0.1948125,0.38718749999999996], [55.82,80.18], 0.0, [49.35,64.65], 2.0, 0.0","quarter, industry, annual_revenue_usd_millions, company_founding_year, company_age, ai_adoption_stage, ai_use_case, ai_training_hours, ai_maturity_score, regulatory_compliance_score, ai_ethics_committee, ai_risk_management_score, survey_source, data_collection_method",1.0,1.0,1.0,1,2.0,4270,4270,0.4666666666666667,0.0008449429532474161,1,1
"2025.0, [6.62,19.38], 1.0, [-1228.4862500000002,1268.68625], [1978.8,2001.2], [29.05,40.95], [6.338449999999998,53.82155], [5.45,12.55], 2.0, 2.0, 0.0, [-2.59,6.59], [1.2896,12.0304], [-79116.9844,123023.3644], [79.4,102.6], 0.0, 0.0, [58.035,79.965], 1.0","survey_year, country, region, annual_revenue_usd_millions, company_founding_year, company_age, ai_adoption_rate, years_using_ai, ai_primary_tool, num_ai_tools_used, ai_use_case, ai_projects_active, ai_budget_percentage, ai_investment_per_employee, regulatory_compliance_score, data_privacy_level, ai_ethics_committee, ai_risk_management_score, data_collection_method",1.0,0.1,1.0,1,1.5,4273,4273,0.6333333333333333,0.0006337072149355621,0,0
"2025.0, [6.62,19.38], 4.0, [-1228.4862500000002,1268.68625], [1978.8,2001.2], [29.05,40.95], [6.338449999999998,53.82155], [5.45,12.55], 2.0, 0.0, [-2.59,6.59], [-79116.9844,123023.3644], [99.00290643467409,102.6], 0.0, 0.0, [58.035,79.965], 0.0, 1.0","survey_year, country, industry, annual_revenue_usd_millions, company_founding_year, company_age, ai_adoption_rate, years_using_ai, ai_primary_tool, ai_use_case, ai_projects_active, ai_investment_per_employee, regulatory_compliance_score, data_privacy_level, ai_ethics_committee, ai_risk_management_score, survey_source, data_collection_method",1.0,0.1,1.0,1,1.5,4273,4273,0.6,0.0006337072149355621,0,0
"0.0, [16.705,37.295], 2.0, [-4861.75,4959.75], [-1844.21765,1851.5976500000002], [5.225,30.775], 1.0, 2.0, 2.0, [12.548699999999998,33.411300000000004], [25.86925,36.85075], [-122226.35960000001,142111.0196], [67.4,90.6]","quarter, country, region, num_employees, annual_revenue_usd_millions, company_age, company_age_group, ai_adoption_stage, num_ai_tools_used, ai_training_hours, ai_failure_rate, ai_investment_per_employee, regulatory_compliance_score",0.0,0.1,1.0,1,1.0,4274,4274,0.43333333333333335,0.00042247147662370806,0,0
"2.0, [4.734999999999999,21.265], 1.0, 3.0, 2.0, [1991.36,2008.64], [18.05,29.95], 1.0, [-3.15,3.15], 1.0, [0.5213999999999999,16.9586], [24.877824999999994,42.082175], 2.0, 0.0, 0.0","quarter, country, region, industry, company_size, company_founding_year, company_age, company_age_group, years_using_ai, num_ai_tools_used, ai_training_hours, ai_failure_rate, data_privacy_level, ai_ethics_committee, survey_source",0.0,0.1,1.0,1,1.0,4275,4275,0.5,0.00042247147662370806,0,0
"2025.0, 1.0, 1.0, [2.6500000000000004,17.35], [0.4500000000000002,5.55], 4.0, 0.0, [19.125,50.735], [0.111875,0.582125], [13.004799999999998,30.575200000000002], [-199866.60640000002,235512.60640000002], [34.915,69.08500000000001], [8.7564,41.1636]","survey_year, quarter, region, company_age, years_using_ai, num_ai_tools_used, ai_use_case, ai_training_hours, ai_maturity_score, ai_failure_rate, ai_investment_per_employee, ai_risk_management_score, task_automation_rate",0.0,1.0,1.0,1,1.0,4277,4277,0.43333333333333335,0.00042247147662370806,1,1
"2026.0, 2.0, [14.445,31.555], 1.0, [1.2249999999999996,12.775], 2.0, [2.0,6.0], [3.7181999999999995,27.7418], [16.994549999999997,38.22545], [-33202.9176,192261.3176], 0.0, [32.545,53.455], [0.6664999999999992,49.88640911969493], 1.0","survey_year, quarter, country, region, company_age, ai_adoption_stage, years_using_ai, ai_training_hours, ai_failure_rate, ai_investment_per_employee, ai_ethics_committee, ai_risk_management_score, task_automation_rate, survey_source",2.0,0.1,1.0,1,4.0,4278,4278,0.4666666666666667,0.0016898859064948322,0,0
"2023.0, 2.0, [-3.785,5.785], [5150.68,14579.32], [2014.08,2025.92], 0.0, [41.7342,92.9858], 5.0, 5.0, 4.0, [41.753299999999996,71.4667], [4.7648,18.3552], [-93588.136,217397.016], [59.34,90.66], [26.762249999999998,51.51775000000001], 3.0, 2.0","survey_year, quarter, country, num_employees, company_founding_year, company_age_group, ai_adoption_rate, ai_primary_tool, num_ai_tools_used, ai_use_case, ai_training_hours, ai_budget_percentage, ai_investment_per_employee, regulatory_compliance_score, task_automation_rate, survey_source, data_collection_method",2.0,1.0,1.0,1,1.0,4279,4279,0.5666666666666667,0.00042247147662370806,1,1
"2025.0, 3.0, 3.0, 6.0, 0.0, [217.46500000000015,9842.535], 1.0, [43.13875,61.98125], 3.0, [4.203124999999998,31.656875], [47.730000000000004,84.27], [50.505,75.495]","survey_year, quarter, region, industry, company_size, num_employees, company_age_group, ai_adoption_rate, num_ai_tools_used, ai_failure_rate, regulatory_compliance_score, ai_risk_management_score",2.0,1.0,1.0,1,1.0,4280,4280,0.4,0.00042247147662370806,1,1
"1.0, 0.0, 2.0, [-1931.91455,1963.6745500000002], [13.850000000000001,34.15], 1.0, 2.0, [3.5999999999999996,6.4], 6.0, [2.7800000000000002,13.219999999999999], [9.7228,42.5972], [23.616225,34.963775], 0.0, [16.3571,42.462900000000005], 2.0","quarter, region, company_size, annual_revenue_usd_millions, company_age, company_age_group, ai_adoption_stage, years_using_ai, ai_use_case, ai_projects_active, ai_training_hours, ai_failure_rate, data_privacy_level, task_automation_rate, data_collection_method",1.0,1.0,1.0,1,1.0,4281,4281,0.5,0.00042247147662370806,1,1
"7.0, [4046.9700000000003,12297.029999999999], [1986.0,1994.0], [29.275,38.725], 2.0, [1.2499999999999998,4.75], 2.0, 7.0, [0.17868750000000005,0.6133124999999999], [41.89,76.11], 2.0","industry, num_employees, company_founding_year, company_age, company_age_group, years_using_ai, ai_primary_tool, ai_use_case, ai_maturity_score, regulatory_compliance_score, data_collection_method",2.0,1.0,1.0,1,1.0,4282,4282,0.36666666666666664,0.00042247147662370806,1,1
"2026.0, 1.0, 5.0, [-6503.405000000001,6657.405000000001], [-2080.8149000000003,2114.4349], [1991.76,2012.24], [17.269549999999995,60.230450000000005], 2.0, 2.0, [5.433199999999999,18.1468], [0.2078125,0.6281874999999999], [14.7648,32.3352], 0.0, [24.753149999999998,41.40685], 0.0","survey_year, region, industry, num_employees, annual_revenue_usd_millions, company_founding_year, ai_adoption_rate, ai_adoption_stage, ai_primary_tool, ai_budget_percentage, ai_maturity_score, ai_failure_rate, data_privacy_level, task_automation_rate, data_collection_method",2.0,0.1,1.0,1,2.5,4283,4283,0.5,0.0010561786915592702,0,0
"2023.0, [4.49,15.51], 1.0, 2.0, [-5284.610000000001,5322.610000000001], [-2850.0001,2964.82355], [-14.010450000000006,37.439350000000005], 1.0, 0.0, [0.0017500000000000293,0.37224999999999997], [14.234299999999998,39.1257], [-143357.6424,214275.28240000003], [39.15,76.85], 2.0, 0.0, 2.0","survey_year, country, region, company_size, num_employees, annual_revenue_usd_millions, ai_adoption_rate, num_ai_tools_used, ai_use_case, ai_maturity_score, ai_failure_rate, ai_investment_per_employee, regulatory_compliance_score, data_privacy_level, ai_ethics_committee, data_collection_method",0.0,0.1,1.0,1,1.0,4284,4284,0.5333333333333333,0.00042247147662370806,0,0
"2.0, [12.3,29.7], 4.0, [-8.008749999999964,7483.50875], [-7.775,17.775], 0.0, [41.2797,69.9203], 0.0, 4.0, 2.0, [48.0887,68.9513], [5.538499999999999,27.5015], [74.17,89.83], 2.0, 0.0, [21.877699999999997,42.5823]","quarter, country, industry, annual_revenue_usd_millions, company_age, company_age_group, ai_adoption_rate, ai_primary_tool, num_ai_tools_used, ai_use_case, ai_training_hours, ai_failure_rate, regulatory_compliance_score, data_privacy_level, ai_ethics_committee, task_automation_rate",2.0,1.0,1.0,1,1.0,4285,4285,0.5333333333333333,0.00042247147662370806,1,1
"2.0, [-2985.5611500000005,3706.8611500000006], [8.575,19.425], [3.4347499999999975,52.425250000000005], 3.0, 0.0, 2.0, [17.2472,47.592800000000004], [75.72,94.28], 0.0, 0.0, [37.425,70.575], 0.0, 2.0","region, annual_revenue_usd_millions, company_age, ai_adoption_rate, ai_adoption_stage, ai_primary_tool, num_ai_tools_used, ai_training_hours, regulatory_compliance_score, data_privacy_level, ai_ethics_committee, ai_risk_management_score, survey_source, data_collection_method",0.0,1.0,1.0,1,1.0,4286,4286,0.4666666666666667,0.00042247147662370806,1,1
"2025.0, 3.0, 2.0, 0.0, 2.0, [-6905.264999999999,7041.264999999999], [-3201.23425,3291.4142500000003], [1.4500000000000002,6.55], 4.0, 3.0, 0.0, [-1.5899999999999999,7.59], [13.66505,27.57495], 2.0, 0.0, [11.831449999999998,43.78855]","survey_year, quarter, region, industry, company_size, num_employees, annual_revenue_usd_millions, years_using_ai, ai_primary_tool, num_ai_tools_used, ai_use_case, ai_projects_active, ai_failure_rate, data_privacy_level, ai_ethics_committee, task_automation_rate",0,0.1,1.0,1,2.0,4288,4288,0.5333333333333333,0.0008449429532474161,0,0
"5.0, [6257.2723000000005,12849.807700000001], 0.0, [1.8678999999999952,51.6121], [-0.8500000000000001,2.85], 1.0, 3.0, 0.0, [9.8314,26.2686], [7.0531999999999995,14.2868], [0.15587500000000004,0.5121249999999999], [25.292949999999998,40.667049999999996], [-113188.50800000002,236669.788], 1.0, [54.35,69.65], 0.0","industry, annual_revenue_usd_millions, company_age_group, ai_adoption_rate, years_using_ai, ai_primary_tool, num_ai_tools_used, ai_use_case, ai_training_hours, ai_budget_percentage, ai_maturity_score, ai_failure_rate, ai_investment_per_employee, ai_ethics_committee, ai_risk_management_score, survey_source",0.0,0.1,1.0,1,1.2,4290,4290,0.5333333333333333,0.0005069657719484497,0,0
"2.0, 2.0, [16.425,33.575], 1.0, 3.0, [3.6,8.4], 3.0, [16.868199999999998,40.8918], [4.481199999999999,10.6188], [25.889924999999998,41.630075], 2.0, 1.0","quarter, company_size, company_age, company_age_group, ai_adoption_stage, years_using_ai, ai_use_case, ai_training_hours, ai_budget_percentage, ai_failure_rate, data_privacy_level, data_collection_method",0,0.1,1.0,1,1.6666666666666667,4291,4291,0.4,0.0007041191277061802,0,0
"0.0, 7.0, 2.0, [-2388.6156,5058.640518164877], [2007.6,2020.4], [2.0249999999999986,21.975], 3.0, [8.15,11.85], 2.0, [4.21,9.79], [-1.0809000000000033,42.54090000000001], [0.12806250000000002,0.4059375], [-171350.8232,240704.5032], 2.0, 0.0, 3.0","quarter, industry, company_size, annual_revenue_usd_millions, company_founding_year, company_age, company_age_group, years_using_ai, ai_primary_tool, ai_projects_active, ai_training_hours, ai_maturity_score, ai_investment_per_employee, data_privacy_level, ai_ethics_committee, survey_source",1.0,0.1,1.0,1,1.2,4293,4293,0.5333333333333333,0.0005069657719484497,0,0
"2024.0, 1.0, 0.0, 2.0, 1.0, [-5457.9,6327.9], [-3367.11875,4124.39875], [1986.44,1999.56], 2.0, [2.630499999999998,55.389500000000005], 3.0, 1.0, 3.0, [2.4899999999999998,9.51], [-12.598700000000003,29.758700000000005], [0.040937500000000016,0.5610625], [-55094.11480000001,271440.29480000003], 2.0, [41.425,74.575], 1.0","survey_year, quarter, region, industry, company_size, num_employees, annual_revenue_usd_millions, company_founding_year, company_age_group, ai_adoption_rate, ai_adoption_stage, ai_primary_tool, num_ai_tools_used, ai_projects_active, ai_training_hours, ai_maturity_score, ai_investment_per_employee, data_privacy_level, ai_risk_management_score, data_collection_method",0.0,0.1,1.0,1,3.0,4295,4295,0.6666666666666666,0.0012674144298711243,0,0
"2024.0, 8.0, [-4535.610000000001,6071.610000000001], [-1449.0104000000001,1747.3704000000002], [2007.0,2023.0], [3.575,14.425], 3.0, [1.55,4.45], [3.6523999999999983,15.9276], [0.25750000000000006,0.5425], [-159804.60240000003,197828.3224], 1.0, [50.8,71.2], [0.5319499999999984,27.98805], 3.0, 1.0","survey_year, industry, num_employees, annual_revenue_usd_millions, company_founding_year, company_age, company_age_group, years_using_ai, ai_budget_percentage, ai_maturity_score, ai_investment_per_employee, ai_ethics_committee, ai_risk_management_score, task_automation_rate, survey_source, data_collection_method",0.0,1.0,1.0,1,2.0,4298,4298,0.5333333333333333,0.0008449429532474161,1,1
"2026.0, [14.17,29.83], 0.0, [-3835.46,12587.301565476002], [-2899.1711500000006,3793.2511500000005], [2004.08,2015.92], 1.0, 1.0, [-3.7,3.7], 3.0, [-5.3464,7.5864], 0.0, [42.86,57.14]","survey_year, country, region, num_employees, annual_revenue_usd_millions, company_founding_year, company_age_group, ai_adoption_stage, years_using_ai, ai_primary_tool, ai_budget_percentage, ai_ethics_committee, ai_risk_management_score",0.0,0.1,1.0,1,1.5,4299,4299,0.43333333333333335,0.0006337072149355621,0,0
"2026.0, [14.17,29.83], 0.0, 7.0, [-3835.46,12587.301565476002], [-2899.1711500000006,3793.2511500000005], [2004.08,2015.92], 1.0, [-3.7,3.7], 3.0, [-5.3464,7.5864], 1.0, 0.0, [42.86,57.14]","survey_year, country, region, industry, num_employees, annual_revenue_usd_millions, company_founding_year, ai_adoption_stage, years_using_ai, ai_primary_tool, ai_budget_percentage, data_privacy_level, ai_ethics_committee, ai_risk_management_score",0.0,0.1,1.0,1,1.5,4299,4299,0.4666666666666667,0.0006337072149355621,0,0
"2025.0, [4.43,23.57], 0.0, 7.0, 0.0, [11419.895,20652.105], [15.274999999999999,38.725], 1.0, 2.0, 3.0, [9.770800000000001,55.2892], [0.13712500000000002,0.5788749999999999], [13.329925,29.070075], [54.11,77.89], 1.0, [44.975,73.025], [4.417899999999998,23.3221], 1.0","survey_year, country, region, industry, company_size, num_employees, company_age, company_age_group, num_ai_tools_used, ai_use_case, ai_training_hours, ai_maturity_score, ai_failure_rate, regulatory_compliance_score, ai_ethics_committee, ai_risk_management_score, task_automation_rate, data_collection_method",0.0,0.1,1.0,1,1.3333333333333333,4300,4300,0.6,0.000563295302164944,0,0
"2025.0, [4.43,23.57], 0.0, 7.0, 0.0, [11419.895,20652.105], [953.0902499999997,6446.86975], [15.274999999999999,38.725], 1.0, 2.0, 3.0, [9.770800000000001,55.2892], [0.13712500000000002,0.5788749999999999], [13.329925,29.070075], [54.11,77.89], 0.0, 1.0, [44.975,73.025], [4.417899999999998,23.3221], 1.0","survey_year, country, region, industry, company_size, num_employees, annual_revenue_usd_millions, company_age, company_age_group, num_ai_tools_used, ai_use_case, ai_training_hours, ai_maturity_score, ai_failure_rate, regulatory_compliance_score, data_privacy_level, ai_ethics_committee, ai_risk_management_score, task_automation_rate, data_collection_method",0.0,0.1,1.0,1,1.3333333333333333,4300,4300,0.6666666666666666,0.000563295302164944,0,0
"2023.0, [-6506.405000000001,6654.405000000001], [-3103.7773500000003,3189.09735], 3.0, [7.3154499999999985,39.72455], 1.0, [-5.8500000000000005,5.8500000000000005], [-13.592300000000002,13.592300000000002], [74.01,91.99], 1.0","survey_year, num_employees, annual_revenue_usd_millions, company_age_group, ai_adoption_rate, num_ai_tools_used, ai_projects_active, ai_training_hours, regulatory_compliance_score, ai_ethics_committee",0.0,0.0,0.0,1,2.0,4302,4302,0.3333333333333333,0.0008449429532474161,0,1
"1.0, [3.3600000000000003,12.64], 2.0, 1.0, 1.0, [-2392.59,2714.59], [2002.6,2015.4], 3.0, 2.0, 0.0, [-4.9343,34.8943], [7.1464,16.1336], [0.265625,0.536375], [17.700599999999998,38.1994], 2.0","quarter, country, region, industry, company_size, num_employees, company_founding_year, ai_adoption_stage, num_ai_tools_used, ai_use_case, ai_training_hours, ai_budget_percentage, ai_maturity_score, ai_failure_rate, survey_source",1.0,0.1,1.0,1,1.0,4305,4305,0.5,0.00042247147662370806,0,0
"2.0, [18.939999999999998,27.060000000000002], 1.0, 0.0, [-4524.040000000001,6476.040000000001], [-1892.5849000000003,2302.6649], [1990.32,2013.68], 2.0, [3.3,6.7], 2.0, 0.0, [7.69,18.31], [41.8255,70.2745], [0.383,0.839], [5.2441249999999995,18.055875], 0.0, 0.0, [52.935,85.065], 2.0, 2.0","quarter, country, region, industry, num_employees, annual_revenue_usd_millions, company_founding_year, ai_adoption_stage, years_using_ai, num_ai_tools_used, ai_use_case, ai_projects_active, ai_training_hours, ai_maturity_score, ai_failure_rate, data_privacy_level, ai_ethics_committee, ai_risk_management_score, survey_source, data_collection_method",2.0,1.0,1.0,1,1.0,4307,4307,0.6666666666666666,0.00042247147662370806,1,1
"3.0, [2.505,11.495000000000001], 0.0, 2.0, [2002.76,2023.24], 3.0, [30.514349999999997,67.44565], [4.1,7.9], 0.0, 2.0, 0.0, [23.042799999999996,55.917199999999994], [2.7375999999999996,17.8624], [0.3844375,0.6195625], [-239121.5836,297327.8036], [55.31,90.69], 0.0, 1.0, [60.035,81.965], [29.26355,42.31645], 2.0","quarter, country, region, company_size, company_founding_year, company_age_group, ai_adoption_rate, years_using_ai, ai_primary_tool, num_ai_tools_used, ai_use_case, ai_training_hours, ai_budget_percentage, ai_maturity_score, ai_investment_per_employee, regulatory_compliance_score, data_privacy_level, ai_ethics_committee, ai_risk_management_score, task_automation_rate, survey_source",2.0,0.1,1.0,1,2.0,4308,4308,0.7,0.0008449429532474161,0,0
"2026.0, 2.0, [10.795,19.205], 2.0, [-5813.9,5971.9], [1986.2,1995.8], [21.875,48.125], 2.0, [15.331899999999997,34.9281], 2.0, [20.176499999999997,42.3035], [-0.9636000000000013,13.5036], [11.612449999999999,34.307550000000006], [-178218.29880000002,226062.3988], [46.83,89.17], 1.0, [-0.8766500000000015,13.976650000000001], 0.0","survey_year, quarter, country, company_size, num_employees, company_founding_year, company_age, company_age_group, ai_adoption_rate, num_ai_tools_used, ai_training_hours, ai_budget_percentage, ai_failure_rate, ai_investment_per_employee, regulatory_compliance_score, ai_ethics_committee, task_automation_rate, data_collection_method",1.0,1.0,1.0,1,2.0,4309,4309,0.6,0.0008449429532474161,1,1
"2025.0, 3.0, 8.0, 2.0, [-3125.88,3159.88], [1992.76,2005.24], [15.5,36.5], 1.0, 2.0, [5.75,12.25], 3.0, 2.0, [0.34268750000000003,0.5493125], [15.00085,31.839150000000004], [55.89,90.11], 0.0, 0.0, 1.0","survey_year, quarter, industry, company_size, num_employees, company_founding_year, company_age, company_age_group, ai_adoption_stage, years_using_ai, ai_primary_tool, num_ai_tools_used, ai_maturity_score, ai_failure_rate, regulatory_compliance_score, data_privacy_level, ai_ethics_committee, survey_source",2.0,1.0,1.0,1,1.0,4310,4310,0.6,0.00042247147662370806,1,1
"0.0, [3.3449999999999998,14.655000000000001], 4.0, [-932.3397,1664.7197], [2010.8,2025.2], [-5.725000000000001,17.725], 4.0, [-1.7700000000000005,7.7700000000000005], [6.192999999999998,50.447], [3.9939999999999998,17.146], [0.07387500000000002,0.544125], [-73922.47959999999,724654.9268768486], 2.0, 1.0, 2.0, 0.0","quarter, country, industry, annual_revenue_usd_millions, company_founding_year, company_age, ai_primary_tool, ai_projects_active, ai_training_hours, ai_budget_percentage, ai_maturity_score, ai_investment_per_employee, data_privacy_level, ai_ethics_committee, survey_source, data_collection_method",0.0,0.1,1.0,1,2.0,4311,4311,0.5333333333333333,0.0008449429532474161,0,0
"[15.36,24.64], 2.0, [2074.0399500000003,4970.76005], [2007.04,2016.96], [2.1500000000000004,23.85], 3.0, [16.30805,51.731950000000005], [3.8,10.2], 2.0, [4.21,9.79], [0.07212500000000002,0.513875], [14.16615,41.25385], [-147507.0536,194576.6136], [67.43,86.57], 2.0, 1.0, [45.485,72.515]","country, region, annual_revenue_usd_millions, company_founding_year, company_age, company_age_group, ai_adoption_rate, years_using_ai, num_ai_tools_used, ai_projects_active, ai_maturity_score, ai_failure_rate, ai_investment_per_employee, regulatory_compliance_score, data_privacy_level, ai_ethics_committee, ai_risk_management_score",1.0,1.0,1.0,1,1.0,4313,4313,0.5666666666666667,0.00042247147662370806,1,1
"1.0, 4.0, [-5860.9,5924.9], [2001.4,2020.6], [7.75,18.25], 3.0, 4.0, 2.0, [2.0607999999999995,13.4592], [0.06787500000000002,0.424125], 1.0, [3.2323499999999985,27.087650000000004], 0.0","quarter, industry, num_employees, company_founding_year, company_age, company_age_group, ai_primary_tool, num_ai_tools_used, ai_budget_percentage, ai_maturity_score, data_privacy_level, task_automation_rate, data_collection_method",0.0,0.1,1.0,1,1.4,4315,4315,0.43333333333333335,0.0005914600672731913,0,0
"1.0, [17.575,36.425], 4.0, [-5860.9,5924.9], [2001.4,2020.6], [7.75,18.25], 3.0, 4.0, 2.0, [2.0607999999999995,13.4592], [0.06787500000000002,0.424125], 1.0, [3.2323499999999985,27.087650000000004], 1.0","quarter, country, industry, num_employees, company_founding_year, company_age, company_age_group, ai_primary_tool, num_ai_tools_used, ai_budget_percentage, ai_maturity_score, data_privacy_level, task_automation_rate, survey_source",0.0,0.1,1.0,1,1.4,4315,4315,0.4666666666666667,0.0005914600672731913,0,0
"2.0, [14.17,29.83], 2.0, [-1764.7342,1831.1942000000001], [21.5,42.5], 2.0, [11.973799999999997,51.1662], [3.15,6.85], 0.0, [-0.1401000000000021,25.780100000000004], [6.661999999999999,13.238], [0.07315867677937093,0.24337500000000004], [17.282025,31.557975000000003], 0.0, 0.0, [2.66315,19.316850000000002], 1.0","quarter, country, company_size, annual_revenue_usd_millions, company_age, company_age_group, ai_adoption_rate, years_using_ai, ai_primary_tool, ai_training_hours, ai_budget_percentage, ai_maturity_score, ai_failure_rate, data_privacy_level, ai_ethics_committee, task_automation_rate, survey_source",1.0,0.1,1.0,1,1.5,4316,4316,0.5666666666666667,0.0006337072149355621,0,0
"2025.0, 3.0, 4.0, 5.0, 2.0, [-4303.46,4339.46], [-2499.9659500000002,2594.2659500000004], [2006.88,2025.12], 3.0, [4.5,7.5], [4.220000000000001,11.78], [19.939099999999996,63.560900000000004], 0.0, 0.0, [60.525,83.475], [25.08365,37.23635], 2.0","survey_year, quarter, region, industry, company_size, num_employees, annual_revenue_usd_millions, company_founding_year, company_age_group, years_using_ai, ai_projects_active, ai_training_hours, data_privacy_level, ai_ethics_committee, ai_risk_management_score, task_automation_rate, data_collection_method",2.0,0.1,1.0,1,1.5,4317,4317,0.5666666666666667,0.0006337072149355621,0,0
"2.0, [0.024999999999999467,15.975000000000001], 3.0, 1.0, [2004.0,2028.0], [2.3999999999999995,13.600000000000001], 3.0, 4.0, 1.0, [2.66,7.34], [-6.455300000000001,39.6953], 0.0, [-2.1965500000000002,11.75655], 2.0","quarter, country, industry, company_size, company_founding_year, company_age, company_age_group, ai_primary_tool, num_ai_tools_used, ai_projects_active, ai_training_hours, ai_ethics_committee, task_automation_rate, survey_source",0.0,0.1,1.0,1,1.0,4318,4318,0.4666666666666667,0.00042247147662370806,0,0
"2.0, [2.2169135853408575,15.975000000000001], 2.0, 3.0, 1.0, [2004.0,2028.0], [2.3999999999999995,13.600000000000001], 3.0, 4.0, 1.0, [2.66,7.34], [-6.455300000000001,39.6953], 0.0, 0.0, [-2.1965500000000002,11.75655]","quarter, country, region, industry, company_size, company_founding_year, company_age, company_age_group, ai_primary_tool, num_ai_tools_used, ai_projects_active, ai_training_hours, data_privacy_level, ai_ethics_committee, task_automation_rate",0.0,0.1,1.0,1,1.0,4318,4318,0.5,0.00042247147662370806,0,0
"3.0, [2.505,11.495000000000001], 1.0, [-1162.65625,1334.5162500000001], [2012.0,2028.0], [4.5912,16.2088], [-108110.9964,132902.4964], [64.75,79.25], 2.0, 0.0, [38.015,61.985], [12.1263,45.4337], 0.0","quarter, country, company_size, annual_revenue_usd_millions, company_founding_year, ai_budget_percentage, ai_investment_per_employee, regulatory_compliance_score, data_privacy_level, ai_ethics_committee, ai_risk_management_score, task_automation_rate, data_collection_method",1.0,1.0,1.0,1,1.0,4319,4319,0.43333333333333335,0.00042247147662370806,1,1
"1.0, 0.0, [-6029.33,6149.33], [1989.68,2006.32], [20.4,31.6], 1.0, [5.449950000000001,60.47005], [1.9500000000000002,8.05], 2.0, 0.0, [-4.040000000000001,6.040000000000001], [2.4732000000000003,21.921836005885375], [-114157.05480000001,212377.3548], [10.237499999999997,32.7425]","quarter, region, num_employees, company_founding_year, company_age, company_age_group, ai_adoption_rate, years_using_ai, num_ai_tools_used, ai_use_case, ai_projects_active, ai_budget_percentage, ai_investment_per_employee, task_automation_rate",1.0,0.1,1.0,1,3.0,4320,4320,0.4666666666666667,0.0012674144298711243,0,0
"2024.0, 2.0, [19.43,38.57], 1.0, 6.0, 1.0, [-3114.26425,3378.38425], [2013.28,2026.72], [-4.225,12.225], 0.0, [40.46065,78.89935], 2.0, [1.75,4.25], 0.0, 2.0, [6.67,13.33], [34.6087,55.4713], [9.235599999999998,23.264400000000002], [0.3145,0.8274999999999999], [-120507.8632,291547.4632], [31.830000000000002,74.17], 2.0, [28.867800000000003,48.672200000000004], 1.0","survey_year, quarter, country, region, industry, company_size, annual_revenue_usd_millions, company_founding_year, company_age, company_age_group, ai_adoption_rate, ai_adoption_stage, years_using_ai, ai_primary_tool, ai_use_case, ai_projects_active, ai_training_hours, ai_budget_percentage, ai_maturity_score, ai_investment_per_employee, regulatory_compliance_score, data_privacy_level, task_automation_rate, data_collection_method",2.0,0.1,1.0,1,1.0,4322,4322,0.8,0.00042247147662370806,0,0
"[-3.54,11.54], 3.0, [-2165.8618,2229.1618000000003], [5.1,28.9], [39.740249999999996,66.11975], 2.0, 3.0, 2.0, [-5.67,5.67], [8.672799999999999,15.6872], [14.602024999999998,28.877975], [54.95,81.05], 0.0, [47.464999999999996,76.535], 1.0","country, industry, annual_revenue_usd_millions, company_age, ai_adoption_rate, ai_adoption_stage, ai_primary_tool, ai_use_case, ai_projects_active, ai_budget_percentage, ai_failure_rate, regulatory_compliance_score, ai_ethics_committee, ai_risk_management_score, survey_source",1.0,1.0,1.0,1,1.0,4324,4324,0.5,0.00042247147662370806,1,1
"2025.0, [1.7249999999999996,20.275], 0.0, 2.0, [-3.6290542418941967,8.97], [3.507199999999999,33.8528], [-2.884400000000001,11.144400000000001], [-253062.4512,314485.4512], [46.82,65.18], [10.243749999999999,21.49625]","survey_year, company_age, ai_primary_tool, num_ai_tools_used, ai_projects_active, ai_training_hours, ai_budget_percentage, ai_investment_per_employee, ai_risk_management_score, task_automation_rate",0.0,1.0,1.0,1,3.0,4813,4325,0.3333333333333333,0.0012674144298711243,1,1
"2026.0, 2.0, [13.504999999999999,22.495], 5.0, [2016.72,2027.28], 0.0, 3.0, [2.5,5.5], 1.0, 1.0, [3.04,10.96], [56.53,81.47], 2.0, 1.0, [0.9565999999999981,31.563400000000005], 1.0","survey_year, quarter, country, industry, company_founding_year, company_age_group, ai_adoption_stage, years_using_ai, ai_primary_tool, num_ai_tools_used, ai_projects_active, regulatory_compliance_score, data_privacy_level, ai_ethics_committee, task_automation_rate, data_collection_method",0.0,0.1,1.0,1,1.0,4328,4328,0.5333333333333333,0.00042247147662370806,0,0
"2024.0, 2.0, 0.0, [-2251.6587000000004,2343.1387], [34.7149,69.3851], 5.0, 3.0, [4.58,11.42], [18.224499999999995,52.99550000000001], [38.83,81.17], 2.0, 0.0","survey_year, quarter, region, annual_revenue_usd_millions, ai_adoption_rate, num_ai_tools_used, ai_use_case, ai_projects_active, ai_training_hours, regulatory_compliance_score, data_privacy_level, survey_source",1.0,1.0,1.0,1,1.0,4330,4330,0.4,0.00042247147662370806,1,1
"2025.0, 0.0, 1.0, [-1787.9180000000003,2207.5580000000004], [1987.6,2000.4], [25.575,36.425], 2.0, 3.0, [1.5,6.5], 0.0, 5.0, [-0.33000000000000007,6.33], [23.41035,47.56965], 1.0, [47.445766598190254,67.16], 3.0, 3.0","survey_year, industry, company_size, annual_revenue_usd_millions, company_founding_year, company_age, company_age_group, ai_adoption_stage, years_using_ai, ai_primary_tool, ai_use_case, ai_projects_active, ai_failure_rate, data_privacy_level, ai_risk_management_score, survey_source, data_collection_method",1.0,0.1,1.0,1,1.3333333333333333,4333,4333,0.5666666666666667,0.000563295302164944,0,0
"[-1998.1014500000003,2097.2614500000004], [1989.68,2006.32], [16.027899999999995,65.7721], 2.0, 2.0, [17.316699999999997,50.8233], [-71646.7212,301535.4612], [48.89,83.11], 0.0, [9.50305,27.05695], 2.0","annual_revenue_usd_millions, company_founding_year, ai_adoption_rate, ai_adoption_stage, num_ai_tools_used, ai_training_hours, ai_investment_per_employee, regulatory_compliance_score, ai_ethics_committee, task_automation_rate, data_collection_method",1.0,0.03125,0.5,1,2.75,4492,4338,0.36666666666666664,0.0011617965607151972,2,4
"1.0, 5.0, 0.0, [8933.54,17576.46], [1986.16,2009.84], [17.6,34.4], 1.0, [1.3499999999999996,6.65], 0.0, [1.1399999999999997,10.86], [2.7366999999999955,36.243300000000005], [30.810175,42.889825], [-115806.9804,202952.8004], [57.72,76.28], 1.0, [44.995,71.005], [1.3980999999999977,18.5019], 0.0","region, industry, company_size, num_employees, company_founding_year, company_age, company_age_group, years_using_ai, ai_use_case, ai_projects_active, ai_training_hours, ai_failure_rate, ai_investment_per_employee, regulatory_compliance_score, ai_ethics_committee, ai_risk_management_score, task_automation_rate, survey_source",0.0,1.0,1.0,1,1.0,4342,4342,0.6,0.00042247147662370806,1,1
"2025.0, 1.0, [-0.41000000000000014,16.41], 2.0, 7.0, [8.825,23.175], 1.0, 3.0, 3.0, 7.0, [5.940799999999999,51.459199999999996], [0.18612499999999998,0.513875], [16.277575,37.142425], [-164005.96240000002,193626.96240000002], [55.730000000000004,92.27], 1.0, 1.0, [51.915,86.08500000000001], 3.0","survey_year, quarter, country, region, industry, company_age, company_age_group, ai_adoption_stage, num_ai_tools_used, ai_use_case, ai_training_hours, ai_maturity_score, ai_failure_rate, ai_investment_per_employee, regulatory_compliance_score, data_privacy_level, ai_ethics_committee, ai_risk_management_score, data_collection_method",2.0,1.0,1.0,1,1.0,4343,4343,0.6333333333333333,0.00042247147662370806,1,1
"[14.33,27.67], [-5686.469999999999,5706.469999999999], [-1481.2835,1515.3235], [2001.24,2012.76], [6.449999999999999,29.55], 5.0, 1.0, 7.0, [5.78,16.22], [15.142299999999992,51.1777], [-0.9892000000000003,10.4092], [0.18450000000000003,0.5835], 1.0, 2.0, 2.0","country, num_employees, annual_revenue_usd_millions, company_founding_year, company_age, ai_primary_tool, num_ai_tools_used, ai_use_case, ai_projects_active, ai_training_hours, ai_budget_percentage, ai_maturity_score, ai_ethics_committee, survey_source, data_collection_method",2.0,1.0,1.0,1,1.0,4345,4345,0.5,0.00042247147662370806,1,1
"[0.75,15.25], 2.0, [3225.6899999999996,9904.310000000001], 1.0, 2.0, [1.13,8.870000000000001], [-1.4831000000000003,43.4031], [8.592799999999999,15.6072], [25.099,39.741], [46.25,89.75], 0.0, [28.019327112330632,70.18], [20.8086,33.4114], 0.0, 3.0","country, region, num_employees, company_age_group, ai_use_case, ai_projects_active, ai_training_hours, ai_budget_percentage, ai_failure_rate, regulatory_compliance_score, data_privacy_level, ai_risk_management_score, task_automation_rate, survey_source, data_collection_method",2.0,0.1,1.0,1,1.6,4346,4346,0.5,0.0006759543625979329,0,0
"2024.0, [-3.0600000000000005,5.0600000000000005], 4.0, 0.0, 1.0, [2009.8,2032.2], 0.0, 1.0, [-3.5000000000000004,3.5000000000000004], 2.0, [-4.32,4.32], [70.14,89.86], 1.0","survey_year, country, region, industry, company_size, company_founding_year, company_age_group, ai_adoption_stage, years_using_ai, ai_use_case, ai_projects_active, regulatory_compliance_score, survey_source",0.0,1.0,1.0,1,1.0,4347,4347,0.43333333333333335,0.00042247147662370806,1,1
"2025.0, 2.0, [13.2,24.8], 2.0, [-854.0500000000011,12896.050000000001], [-967.4759500000002,4126.755950000001], [17.825,32.175], [8.00695,47.953050000000005], 3.0, 0.0, 2.0, [-1.2020000000000017,14.142000000000001], [0.2510625,0.5289375000000001], [-138518.796,172466.356], [52.76,85.24000000000001], 2.0, [37.464999999999996,66.535], 2.0","survey_year, quarter, country, industry, num_employees, annual_revenue_usd_millions, company_age, ai_adoption_rate, ai_adoption_stage, ai_primary_tool, num_ai_tools_used, ai_budget_percentage, ai_maturity_score, ai_investment_per_employee, regulatory_compliance_score, data_privacy_level, ai_risk_management_score, data_collection_method",1.0,0.1,1.0,1,1.0,4350,4350,0.6,0.00042247147662370806,0,0
"2.0, [13.2,24.8], 2.0, [-854.0500000000011,12896.050000000001], [-967.4759500000002,4126.755950000001], [1990.08,2009.92], [17.825,32.175], [8.00695,47.953050000000005], 3.0, 0.0, 2.0, [-1.2020000000000017,14.142000000000001], [0.2510625,0.5289375000000001], [-138518.796,172466.356], [52.76,85.24000000000001], 2.0, [37.464999999999996,66.535]","quarter, country, industry, num_employees, annual_revenue_usd_millions, company_founding_year, company_age, ai_adoption_rate, ai_adoption_stage, ai_primary_tool, num_ai_tools_used, ai_budget_percentage, ai_maturity_score, ai_investment_per_employee, regulatory_compliance_score, data_privacy_level, ai_risk_management_score",1.0,0.1,1.0,1,1.0,4350,4350,0.5666666666666667,0.00042247147662370806,0,0
"2025.0, 7.0, [-3176.8150000000005,4876.8150000000005], [4.1,13.9], [2.15,5.85], 4.0, [-1.3764000000000003,6.0764000000000005], [14.650349999999998,38.809650000000005], [-194382.3988,209898.29880000002], [61.34,92.66], 2.0, 0.0, [20.875,59.125], [16.93345,30.88655], 3.0","survey_year, industry, num_employees, company_age, years_using_ai, ai_primary_tool, ai_budget_percentage, ai_failure_rate, ai_investment_per_employee, regulatory_compliance_score, data_privacy_level, ai_ethics_committee, ai_risk_management_score, task_automation_rate, survey_source",0.0,0.1,1.0,1,1.0,4351,4351,0.5,0.00042247147662370806,0,0
"2025.0, 7.0, [-3176.8150000000005,4876.8150000000005], [4.1,13.9], 3.0, [-2.151569325008753,5.85], 4.0, [-1.3764000000000003,6.0764000000000005], [14.650349999999998,38.809650000000005], [-194382.3988,209898.29880000002], [61.34,92.66], 2.0, 0.0, [20.875,59.125], [16.93345,30.88655], 3.0","survey_year, industry, num_employees, company_age, company_age_group, years_using_ai, ai_primary_tool, ai_budget_percentage, ai_failure_rate, ai_investment_per_employee, regulatory_compliance_score, data_privacy_level, ai_ethics_committee, ai_risk_management_score, task_automation_rate, survey_source",1,0.1,1.0,1,1.0,4351,4351,0.5333333333333333,0.00042247147662370806,0,0
"[15.215,24.785], 2.0, 1.0, [-5428.76,7142.76], [8.775,25.225], 1.0, [1.9500000000000002,8.05], 2.0, 4.0, [6.3763999999999985,20.843600000000002], [0.325375,0.852625], [-89689.2276,135775.0076], [49.68,82.32], [18.028099999999995,35.1319], 0.0","country, region, company_size, num_employees, company_age, company_age_group, years_using_ai, ai_primary_tool, num_ai_tools_used, ai_budget_percentage, ai_maturity_score, ai_investment_per_employee, ai_risk_management_score, task_automation_rate, survey_source",2.0,0.1,1.0,1,1.5,4353,4353,0.5,0.0006337072149355621,0,0
"[23.215,32.785], 3.0, 0.0, [8965.895,18198.105], [1989.0,2013.0], 1.0, [18.9864,61.1936], 2.0, [5.6,8.4], 5.0, 2.0, 5.0, [11.9056,20.4544], [0.29718750000000005,0.7888125], [-180409.85640000002,254969.35640000002], [58.6,93.4], 1.0, [60.915,95.08500000000001], [11.796299999999999,45.1037], 2.0","country, region, company_size, num_employees, company_founding_year, company_age_group, ai_adoption_rate, ai_adoption_stage, years_using_ai, ai_primary_tool, num_ai_tools_used, ai_use_case, ai_budget_percentage, ai_maturity_score, ai_investment_per_employee, regulatory_compliance_score, ai_ethics_committee, ai_risk_management_score, task_automation_rate, survey_source",2.0,0.1,1.0,1,1.0,4354,4354,0.6666666666666666,0.00042247147662370806,0,0
"2026.0, 1.0, [2838.4334,5635.266600000001], [51.387100000000004,77.0129], [5.0,9.0], 0.0, 3.0, 2.0, [15.764000000000001,23.436000000000003], [0.5664374999999999,0.9742663958130743], 0.0, [6.797699999999997,27.502299999999998], 1.0, 1.0","survey_year, region, annual_revenue_usd_millions, ai_adoption_rate, years_using_ai, ai_primary_tool, num_ai_tools_used, ai_use_case, ai_budget_percentage, ai_maturity_score, data_privacy_level, task_automation_rate, survey_source, data_collection_method",2.0,0.1,1.0,1,1.3333333333333333,4355,4355,0.4666666666666667,0.000563295302164944,0,0
"2026.0, 3.0, [-1.495,7.495], 3.0, 6.0, [-5529.255000000001,5667.255000000001], [2008.64,2029.6816563180366], [-0.055800000000001404,51.195800000000006], 3.0, [-19.240900000000003,24.380900000000004], [-2.9460000000000006,10.206], [-0.02268749999999997,0.3406875], [26.9632,38.6768], [69.56,90.44], 0.0, [35.86,50.14], 2.0","survey_year, quarter, country, region, industry, num_employees, company_founding_year, ai_adoption_rate, ai_adoption_stage, ai_training_hours, ai_budget_percentage, ai_maturity_score, ai_failure_rate, regulatory_compliance_score, ai_ethics_committee, ai_risk_management_score, survey_source",1.0,0.1,1.0,1,1.0,4356,4356,0.5666666666666667,0.00042247147662370806,0,0
"2026.0, 3.0, [-1.495,7.495], 3.0, 6.0, [-5529.255000000001,5667.255000000001], [2008.64,2029.6816563180366], [-0.055800000000001404,51.195800000000006], 3.0, [0.5999999999999996,7.4], [-19.240900000000003,24.380900000000004], [-2.9460000000000006,10.206], [-0.02268749999999997,0.3406875], [26.9632,38.6768], [69.56,90.44], [35.86,50.14], 2.0","survey_year, quarter, country, region, industry, num_employees, company_founding_year, ai_adoption_rate, ai_adoption_stage, years_using_ai, ai_training_hours, ai_budget_percentage, ai_maturity_score, ai_failure_rate, regulatory_compliance_score, ai_risk_management_score, survey_source",1.0,0.1,1.0,1,1.0,4356,4356,0.5666666666666667,0.00042247147662370806,0,0
"3.0, 5.0, [2007.4,2018.6], [4.35,17.65], 3.0, [-157290.46080000003,285863.38080000004], [44.989999999999995,85.01], 2.0, 0.0","quarter, industry, company_founding_year, company_age, ai_adoption_stage, ai_investment_per_employee, regulatory_compliance_score, data_privacy_level, survey_source",0.0,1.0,1.0,1,3.0,4716,4358,0.3,0.0012674144298711243,1,1
"2026.0, 3.0, 2.0, 4.0, [-2826.5808,3566.1808000000005], 2.0, [-2.3292,21.7892], [-2.0500000000000003,2.0500000000000003], 5.0, 1.0, [-2.4799999999999995,10.48], [6.912599999999998,28.407400000000003], [63.269999999999996,84.73], 0.0, [50.425,83.575], 1.0","survey_year, quarter, region, industry, annual_revenue_usd_millions, company_age_group, ai_adoption_rate, years_using_ai, ai_primary_tool, num_ai_tools_used, ai_projects_active, ai_training_hours, regulatory_compliance_score, data_privacy_level, ai_risk_management_score, survey_source",0.0,0.1,1.0,1,2.0,4361,4361,0.5333333333333333,0.0008449429532474161,0,0
"[-5.22,5.22], 1.0, [0.0367999999999995,54.303200000000004], [3.25,11.058681837135593], 3.0, 0.0, [2.4105999999999987,36.549400000000006], [0.02743750000000003,0.4905625], [-256789.77240000002,295208.8724], 0.0, 3.0, 3.0","country, company_age_group, ai_adoption_rate, years_using_ai, ai_primary_tool, ai_use_case, ai_training_hours, ai_maturity_score, ai_investment_per_employee, data_privacy_level, survey_source, data_collection_method",1.0,0.1,1.0,1,2.0,4362,4362,0.4,0.0008449429532474161,0,0
"2024.0, 2.0, 1.0, 8.0, [29.983249999999998,71.43675], 2.0, [-1.7000000000000002,5.7], 0.0, 3.0, [4.32,13.68], [25.653799999999997,52.2062], [0.28787500000000005,0.6441250000000001], [-112471.30480000001,214063.1048], [51.69,74.31], [4.3425499999999975,26.39745], 2.0","survey_year, quarter, region, industry, ai_adoption_rate, ai_adoption_stage, years_using_ai, ai_primary_tool, num_ai_tools_used, ai_projects_active, ai_training_hours, ai_maturity_score, ai_investment_per_employee, regulatory_compliance_score, task_automation_rate, survey_source",1.0,1.0,1.0,1,1.0,4366,4366,0.5333333333333333,0.00042247147662370806,1,1
"2024.0, 0.0, 1.0, [-3836.1050000000005,5396.1050000000005], [14.282150000000001,60.257850000000005], 2.0, [-1.6,3.6], 4.0, 7.0, [6.880599999999998,41.019400000000005], [6.7808,18.1792], [0.13062500000000002,0.40137500000000004], [16.7332,28.4468], [-183262.6704,329862.83040000004], [62.79,91.21], 1.0, [41.33,58.67], 1.0, 3.0","survey_year, industry, company_size, num_employees, ai_adoption_rate, ai_adoption_stage, years_using_ai, ai_primary_tool, ai_use_case, ai_training_hours, ai_budget_percentage, ai_maturity_score, ai_failure_rate, ai_investment_per_employee, regulatory_compliance_score, ai_ethics_committee, ai_risk_management_score, survey_source, data_collection_method",1.0,1.0,1.0,1,1.0,4367,4367,0.6333333333333333,0.00042247147662370806,1,1
"0.0, [15.155,32.845], 2.0, [-2938.1004500000004,4544.676519320577], 0.0, [-0.4836000000000027,41.723600000000005], 3.0, 3.0, [11.8091,13.080095625572923], [-3.8504000000000005,12.3704], [21.477574999999998,42.342425000000006], [-145288.336,165696.816], [52.7,93.3], 0.0, [34.055,53.945], 3.0","quarter, country, region, annual_revenue_usd_millions, company_age_group, ai_adoption_rate, ai_adoption_stage, ai_use_case, ai_training_hours, ai_budget_percentage, ai_failure_rate, ai_investment_per_employee, regulatory_compliance_score, ai_ethics_committee, ai_risk_management_score, data_collection_method",0.0,0.1,1.0,1,1.0,4368,4368,0.5333333333333333,0.00042247147662370806,0,0
"2024.0, [15.681451016228314,17.215], 4.0, [10612.119999999999,16897.88], [4158.47235,7854.28765], [24.35,37.65], [-0.539200000000001,23.5792], 1.0, 5.0, [-0.006874999999999992,0.320875], [65.59,82.41], 1.0, 1.0","survey_year, country, industry, num_employees, annual_revenue_usd_millions, company_age, ai_adoption_rate, num_ai_tools_used, ai_use_case, ai_maturity_score, regulatory_compliance_score, ai_ethics_committee, survey_source",0.0,0.1,1.0,1,1.0,4369,4369,0.43333333333333335,0.00042247147662370806,0,0
"2025.0, 4.0, 1.0, [2000.0,2016.0], 2.0, [3.1,8.9], 2.0, 0.0, [0.14999999999999947,11.850000000000001], [-0.9676000000000009,11.3076], 0.0, 0.0, [32.894999999999996,69.105], 3.0, 3.0","survey_year, industry, company_size, company_founding_year, ai_adoption_stage, years_using_ai, ai_primary_tool, ai_use_case, ai_projects_active, ai_budget_percentage, data_privacy_level, ai_ethics_committee, ai_risk_management_score, survey_source, data_collection_method",1.0,1.0,1.0,1,1.0,4370,4370,0.5,0.00042247147662370806,1,1
"[22.055,33.945], 3.0, 2.0, 2.0, [-2660.0200000000004,2840.0200000000004], [1993.32,2008.68], [12.924999999999999,37.075], [2.65,9.35], 0.0, [-2.3000000000000007,10.3], [4.434299999999999,27.825699999999998], [-0.8244000000000007,13.204400000000001], [28.835475,51.164525], [-111939.07400000002,160172.934], 2.0, [61.78,84.22]","country, region, industry, company_size, num_employees, company_founding_year, company_age, years_using_ai, ai_primary_tool, ai_projects_active, ai_training_hours, ai_budget_percentage, ai_failure_rate, ai_investment_per_employee, data_privacy_level, ai_risk_management_score",1.0,0.1,1.0,1,3.0,4374,4374,0.5333333333333333,0.0012674144298711243,0,0
"2024.0, [18.705,39.295], 6.0, 2.0, [-3112.88,3172.88], [-2499.29595,2594.9359500000005], 1.0, [17.463949999999997,42.33605], 3.0, 2.0, [6.644550000000001,27.87545], 0.0, 0.0, 1.0, 2.0","survey_year, country, industry, company_size, num_employees, annual_revenue_usd_millions, company_age_group, ai_adoption_rate, ai_adoption_stage, ai_primary_tool, ai_failure_rate, data_privacy_level, ai_ethics_committee, survey_source, data_collection_method",1.0,1.0,1.0,1,1.0,4377,4377,0.5,0.00042247147662370806,1,1
"2024.0, 1.0, [5.43,24.57], 4.0, 0.0, [355.13539999999966,7147.444600000001], 1.0, [23.4923,55.1477], [1.4500000000000002,6.55], 2.0, 5.0, [0.7800000000000002,11.219999999999999], [9.174549999999998,30.405450000000002], [2024.9635999999882,437404.1764], 2.0, 0.0, [54.21,83.78999999999999], [0.4870999999999981,26.5929]","survey_year, quarter, country, industry, company_size, annual_revenue_usd_millions, company_age_group, ai_adoption_rate, years_using_ai, num_ai_tools_used, ai_use_case, ai_projects_active, ai_failure_rate, ai_investment_per_employee, data_privacy_level, ai_ethics_committee, ai_risk_management_score, task_automation_rate",1.0,0.1,1.0,1,1.0,4378,4378,0.6,0.00042247147662370806,0,0
"2.0, [18.78,29.22], [2010.2,2027.8], 2.0, 3.0, [13.375999999999998,38.664], [63.496175033831214,92.5], 0.0, 3.0","quarter, country, company_founding_year, ai_adoption_stage, ai_use_case, ai_training_hours, regulatory_compliance_score, data_privacy_level, survey_source",2,0.013168724279835387,0.6666666666666666,1,2.3333333333333335,4381,4381,0.3,0.0009857667787886522,0,0
"2.0, [18.78,29.22], [2010.2,2027.8], 2.0, 1.0, 0.0, 3.0","quarter, country, company_founding_year, ai_adoption_stage, ai_primary_tool, data_privacy_level, survey_source",2,0.03125,0.5,2,5.0,4966,4381,0.23333333333333334,0.004224714766237081,1,2
"0.0, 1.0, [2002.76,2023.24], [0.32500000000000107,21.674999999999997], 3.0, 2.0, [3.45,6.55], 0.0, [-2.6,4.6], [21.206500000000002,43.3335], [12.241999999999999,18.817999999999998], [9.802025,24.077975000000002], [171271.804,482256.956], 2.0, 0.0, [51.33,68.67], 1.0, 3.0","industry, company_size, company_founding_year, company_age, company_age_group, ai_adoption_stage, years_using_ai, ai_primary_tool, ai_projects_active, ai_training_hours, ai_budget_percentage, ai_failure_rate, ai_investment_per_employee, data_privacy_level, ai_ethics_committee, ai_risk_management_score, survey_source, data_collection_method",1.0,0.1,1.0,1,1.0,4384,4384,0.6,0.00042247147662370806,0,0
"2024.0, 3.0, [16.125,37.875], 2.0, 3.0, 2.0, [-1284.6997000000001,1312.3597], [20.175,33.825], 1.0, [27.863799999999998,67.0562], 5.0, 0.0, [7.77,16.23], [21.281599999999997,49.0984], [3.226,11.994], [15.137149999999998,27.58285], [50.46,65.54], 2.0, [55.68,88.32], [3.1263999999999967,35.5336], 3.0","survey_year, quarter, country, region, industry, company_size, annual_revenue_usd_millions, company_age, company_age_group, ai_adoption_rate, ai_primary_tool, ai_use_case, ai_projects_active, ai_training_hours, ai_budget_percentage, ai_failure_rate, regulatory_compliance_score, data_privacy_level, ai_risk_management_score, task_automation_rate, survey_source",1.0,1.0,1.0,1,1.0,4386,4386,0.7,0.00042247147662370806,1,1
"1.0, [-6043.33,6135.33], [2004.68,2021.32], [1.1,6.9], 3.0, 2.0, [-0.6799999999999997,8.68], [0.020687499999999998,0.3413125], [19.662200000000002,46.01780000000001], 1.0, [49.129999999999995,86.87], 2.0, 3.0","industry, num_employees, company_founding_year, years_using_ai, num_ai_tools_used, ai_use_case, ai_projects_active, ai_maturity_score, ai_failure_rate, ai_ethics_committee, ai_risk_management_score, survey_source, data_collection_method",0.0,0.1,1.0,1,1.6666666666666667,4387,4387,0.43333333333333335,0.0007041191277061802,0,0
"2.0, 1.0, [-6043.33,6135.33], [2004.68,2021.32], [1.1,6.9], 3.0, 3.0, 2.0, [-0.6799999999999997,8.68], [0.020687499999999998,0.3413125], [19.662200000000002,46.01780000000001], 1.0, [49.129999999999995,86.87], 2.0, 3.0","quarter, industry, num_employees, company_founding_year, years_using_ai, ai_primary_tool, num_ai_tools_used, ai_use_case, ai_projects_active, ai_maturity_score, ai_failure_rate, ai_ethics_committee, ai_risk_management_score, survey_source, data_collection_method",0.0,0.1,1.0,1,1.6666666666666667,4387,4387,0.5,0.0007041191277061802,0,0
"2024.0, [7.9399999999999995,16.060000000000002], 2.0, [-5059.040000000001,5941.040000000001], [21.775,38.225], 1.0, [4.793799999999997,43.986200000000004], [0.7645408740226838,10.65], 0.0, [13.633499999999998,54.7265], [10.831525,32.428475], [-114497.89480000001,212036.5148], 0.0, [3.9322499999999962,28.68775], 0.0","survey_year, country, region, num_employees, company_age, company_age_group, ai_adoption_rate, years_using_ai, ai_primary_tool, ai_training_hours, ai_failure_rate, ai_investment_per_employee, ai_ethics_committee, task_automation_rate, data_collection_method",1.0,0.1,1.0,1,1.0,4388,4388,0.5,0.00042247147662370806,0,0
"2023.0, 0.0, [-1645.99385,1650.2738500000003], [1994.64,2009.36], 1.0, [28.729699999999994,57.3703], 2.0, [10.729599999999998,51.190400000000004], [8.441199999999998,14.578800000000001], [14.455724999999997,33.124275], 0.0, [43.464999999999996,72.535]","survey_year, region, annual_revenue_usd_millions, company_founding_year, company_age_group, ai_adoption_rate, ai_adoption_stage, ai_training_hours, ai_budget_percentage, ai_failure_rate, ai_ethics_committee, ai_risk_management_score",2.0,1.0,1.0,1,2.0,4390,4390,0.4,0.0008449429532474161,1,1
"3.0, [7.720000000000001,26.28], 4.0, 8.0, [-12212.228904062338,7021.264999999999], [-3077.1739,3115.8139], 1.0, [14.600100000000001,55.29990000000001], [4.05,7.95], 4.0, [0.13150000000000006,0.6445], [-238874.25800000003,305349.75800000003], 1.0, [54.129999999999995,91.87]","quarter, country, region, industry, num_employees, annual_revenue_usd_millions, company_age_group, ai_adoption_rate, years_using_ai, ai_primary_tool, ai_maturity_score, ai_investment_per_employee, ai_ethics_committee, ai_risk_management_score",1.0,0.1,1.0,1,1.0,4392,4392,0.4666666666666667,0.00042247147662370806,0,0
"3.0, 2.0, 4.0, [-3260.8150000000005,4792.8150000000005], [1216.2234151346743,2026.0873000000001], [5.125,20.875], [11.86845,59.35155], 4.0, 2.0, [-0.4900000000000002,10.49], [4.5779,43.1421], [7.416649999999999,27.183350000000004], [47.82,72.18], 1.0, [57.565,76.435], [16.0178,35.8222]","quarter, region, industry, num_employees, annual_revenue_usd_millions, company_age, ai_adoption_rate, ai_primary_tool, ai_use_case, ai_projects_active, ai_training_hours, ai_failure_rate, regulatory_compliance_score, ai_ethics_committee, ai_risk_management_score, task_automation_rate",1.0,0.1,1.0,1,1.0,4393,4393,0.5333333333333333,0.00042247147662370806,0,0
"2.0, [19.865000000000002,38.135], 7.0, 0.0, [9893.025,22660.975], [6998.969599999999,10195.3504], 2.0, [7.4,10.6], 2.0, 3.0, [5.240399999999999,16.419600000000003], 2.0, 1.0, [3.4778000000000002,23.282200000000003], 2.0","quarter, country, industry, company_size, num_employees, annual_revenue_usd_millions, company_age_group, years_using_ai, ai_primary_tool, ai_use_case, ai_budget_percentage, data_privacy_level, ai_ethics_committee, task_automation_rate, survey_source",1.0,0.1,1.0,1,1.5,4395,4395,0.5,0.0006337072149355621,0,0
"2025.0, 2.0, [19.865000000000002,38.135], 7.0, 0.0, [9893.025,22660.975], [6998.969599999999,10195.3504], 2.0, [7.4,10.6], 2.0, 3.0, [0.7699999999999996,9.23], 2.0, 1.0, [3.4778000000000002,23.282200000000003]","survey_year, quarter, country, industry, company_size, num_employees, annual_revenue_usd_millions, company_age_group, years_using_ai, ai_primary_tool, ai_use_case, ai_projects_active, data_privacy_level, ai_ethics_committee, task_automation_rate",1.0,0.1,1.0,1,1.5,4395,4395,0.5,0.0006337072149355621,0,0
"2026.0, 3.0, [0.6500000000000004,9.35], 3.0, 2.0, [-5063.18,5151.18], [2006.16,2021.84], [3.0749999999999993,20.925], 3.0, [4.75,9.25], 0.0, 1.0, [-4.785200000000001,8.8052], [0.026937500000000017,0.20506249999999998], [-85120.06,109245.66], [68.92,99.08], 2.0, 1.0","survey_year, quarter, country, industry, company_size, num_employees, company_founding_year, company_age, company_age_group, years_using_ai, ai_primary_tool, ai_use_case, ai_budget_percentage, ai_maturity_score, ai_investment_per_employee, regulatory_compliance_score, data_privacy_level, ai_ethics_committee",0.0,1.0,1.0,1,1.0,4397,4397,0.6,0.00042247147662370806,1,1
"[15.184999999999999,28.815], 2.0, [-3894.6000000000004,3962.6000000000004], [-3438.3280500000005,3453.8680500000005], [-6.025,16.025], 0.0, [5.703949999999999,30.576050000000002], 1.0, [1.6000000000000005,12.399999999999999], [6.1821,30.837900000000005], [0.06337500000000001,0.362625], [27.841525,49.438475], [-210549.692,217054.89200000002], 2.0, 0.0, [11.31375,22.566250000000004], 3.0","country, company_size, num_employees, annual_revenue_usd_millions, company_age, company_age_group, ai_adoption_rate, ai_use_case, ai_projects_active, ai_training_hours, ai_maturity_score, ai_failure_rate, ai_investment_per_employee, data_privacy_level, ai_ethics_committee, task_automation_rate, data_collection_method",0.0,1.0,1.0,1,1.0,4398,4398,0.5666666666666667,0.00042247147662370806,1,1
"8.0, 2.0, [-1432.98005,1463.74005], [-4.425,6.425], 0.0, 3.0, [-2.2300000000000004,6.23], [-102958.89080000001,145829.23080000002], 1.0, [32.405,67.595], [-8.617450000000002,13.437450000000002], 2.0","industry, company_size, annual_revenue_usd_millions, company_age, company_age_group, ai_adoption_stage, ai_projects_active, ai_investment_per_employee, ai_ethics_committee, ai_risk_management_score, task_automation_rate, data_collection_method",1.0,1.0,1.0,1,1.0,4399,4399,0.4,0.00042247147662370806,1,1
"2025.0, 2.0, [-2.3950000000000005,12.395], 1.0, 8.0, 1.0, [-4704.965,5312.965], [1985.16,2008.84], 1.0, 3.0, [2.55,9.45], 4.0, 3.0, [1.3651999999999989,15.174800000000001], [31.345299999999998,41.5947], [-91281.67200000002,336322.912], 0.0, [35.405,70.595], [1.2821499999999961,26.937850000000005], 2.0","survey_year, quarter, country, region, industry, company_size, num_employees, company_founding_year, company_age_group, ai_adoption_stage, years_using_ai, ai_primary_tool, ai_use_case, ai_budget_percentage, ai_failure_rate, ai_investment_per_employee, ai_ethics_committee, ai_risk_management_score, task_automation_rate, data_collection_method",1.0,0.1,1.0,1,1.0,4400,4400,0.6666666666666666,0.00042247147662370806,0,0
"2025.0, 2.0, [-14.185129111050266,12.395], 1.0, 8.0, 1.0, [-4704.965,5312.965], [1985.16,2008.84], 1.0, 3.0, [2.55,9.45], 4.0, 3.0, [1.3651999999999989,15.174800000000001], [0.163625,0.43437499999999996], [31.345299999999998,41.5947], 0.0, [35.405,70.595], [1.2821499999999961,26.937850000000005], 2.0","survey_year, quarter, country, region, industry, company_size, num_employees, company_founding_year, company_age_group, ai_adoption_stage, years_using_ai, ai_primary_tool, ai_use_case, ai_budget_percentage, ai_maturity_score, ai_failure_rate, ai_ethics_committee, ai_risk_management_score, task_automation_rate, data_collection_method",1.0,0.1,1.0,1,1.0,4400,4400,0.6666666666666666,0.00042247147662370806,0,0
"2023.0, 0.0, 1.0, 2.0, [2013.92,2026.08], [-9.775,15.775], 3.0, 1.0, 6.0, [6.4652,14.794800000000002], [0.32281250000000006,0.7431875], [9.861274999999996,35.118725], [70655.90570366866,167178.7076], 0.0, [61.86,76.14], 0.0","survey_year, quarter, region, industry, company_founding_year, company_age, ai_primary_tool, num_ai_tools_used, ai_use_case, ai_budget_percentage, ai_maturity_score, ai_failure_rate, ai_investment_per_employee, ai_ethics_committee, ai_risk_management_score, survey_source",2.0,0.1,1.0,1,1.0,4403,4403,0.5333333333333333,0.00042247147662370806,0,0
"2023.0, 0.0, 1.0, 2.0, [2001.5601947508937,2026.08], [-9.775,15.775], 2.0, 3.0, 1.0, 6.0, [22.4886,69.2714], [11.803894818564803,14.794800000000002], [0.32281250000000006,0.7431875], [9.861274999999996,35.118725], [-58285.5276,167178.7076], [44.4,67.6], 0.0, [61.86,76.14], 0.0","survey_year, quarter, region, industry, company_founding_year, company_age, ai_adoption_stage, ai_primary_tool, num_ai_tools_used, ai_use_case, ai_training_hours, ai_budget_percentage, ai_maturity_score, ai_failure_rate, ai_investment_per_employee, regulatory_compliance_score, ai_ethics_committee, ai_risk_management_score, survey_source",2.0,0.1,1.0,1,1.0,4403,4403,0.6333333333333333,0.00042247147662370806,0,0
"2024.0, 0.0, 1.0, [-6732.91,7802.91], [-2910.3311500000004,3782.0911500000007], [12.413799999999995,51.6062], 3.0, [4.7,7.3], 2.0, 3.0, [24.85135,34.36865], [-216721.4636,319727.9236], [61.6,96.4], 1.0, [48.19,79.81], [7.6069999999999975,34.613], 1.0","survey_year, quarter, company_size, num_employees, annual_revenue_usd_millions, ai_adoption_rate, ai_adoption_stage, years_using_ai, num_ai_tools_used, ai_use_case, ai_failure_rate, ai_investment_per_employee, regulatory_compliance_score, ai_ethics_committee, ai_risk_management_score, task_automation_rate, survey_source",1.0,1.0,1.0,1,1.0,4404,4404,0.5666666666666667,0.00042247147662370806,1,1
"2024.0, 0.0, [3.1999999999999993,14.8], 6.0, [-2399.45,3493.45], [-2041.1325000000002,2953.2125], [1982.16,2005.84], [19.15,40.85], 2.0, [-2.572000000000002,12.772000000000002], [-101347.49279999999,186313.77279999998], 0.0, [4.813501429575773,66.105], 1.0, 1.0","survey_year, quarter, country, industry, num_employees, annual_revenue_usd_millions, company_founding_year, company_age, ai_use_case, ai_budget_percentage, ai_investment_per_employee, data_privacy_level, ai_risk_management_score, survey_source, data_collection_method",0.0,0.1,1.0,1,2.0,4405,4405,0.5,0.0008449429532474161,0,0
"[14.635,25.365000000000002], 2.0, [2002.36,2019.64], 3.0, [2.6785999999999994,35.84140000000001], 3.0, 0.0, 1.0, 2.0, [23.2732,34.9868], [-211235.0836,325214.3036], 2.0, 1.0","country, industry, company_founding_year, company_age_group, ai_adoption_rate, ai_adoption_stage, ai_primary_tool, num_ai_tools_used, ai_use_case, ai_failure_rate, ai_investment_per_employee, data_privacy_level, data_collection_method",2.0,0.1,1.0,1,1.0,4406,4406,0.43333333333333335,0.00042247147662370806,0,0
"2023.0, 0.0, 3.0, 3.0, 0.0, [1431.12,7716.88], [3247.2302704832478,10282.927300000001], [2007.16,2022.84], [59.88875,78.73125], 2.0, [3.45,10.55], 1.0, 3.0, [0.17990006455056573,19.57], [8.8884,24.451600000000003], [0.500875,0.743125], [102926.99239999996,522756.94759999996], [73.5,102.5], 1.0, [12.611849999999997,40.96815], 0.0","survey_year, quarter, region, industry, company_size, num_employees, annual_revenue_usd_millions, company_founding_year, ai_adoption_rate, ai_adoption_stage, years_using_ai, ai_primary_tool, num_ai_tools_used, ai_projects_active, ai_budget_percentage, ai_maturity_score, ai_investment_per_employee, regulatory_compliance_score, ai_ethics_committee, task_automation_rate, data_collection_method",2.0,0.1,1.0,1,1.0,4410,4410,0.7,0.00042247147662370806,0,0
"2024.0, [3.59,20.41], 1.0, [-3130.1711500000006,3562.2511500000005], [1993.44,2014.56], 1.0, [17.761749999999996,51.678250000000006], 3.0, 1.0, 2.0, [5.57,10.43], [13.556699999999996,47.0633], [0.14437500000000003,0.6716249999999999], [-98355.25480000001,228179.15480000002], [52.37,79.63], 0.0, 1.0, [-1.2070500000000024,17.24705], 0.0, 2.0","survey_year, country, company_size, annual_revenue_usd_millions, company_founding_year, company_age_group, ai_adoption_rate, ai_adoption_stage, ai_primary_tool, num_ai_tools_used, ai_projects_active, ai_training_hours, ai_maturity_score, ai_investment_per_employee, regulatory_compliance_score, data_privacy_level, ai_ethics_committee, task_automation_rate, survey_source, data_collection_method",1.0,1.0,1.0,1,1.0,4411,4411,0.6666666666666666,0.00042247147662370806,1,1
"2023.0, [12.49,23.509999999999998], 6.0, [-3000.6608000000006,3392.1008], [2007.08,2018.92], 3.0, [6.011599999999998,54.248400000000004], 3.0, [4.55,7.45], 1.0, [-3.5700000000000003,9.57], [1.4407999999999994,12.8392], [0.01568750000000005,0.4503125], [8.038850387249258,36.776375], 1.0, [56.015,79.985], 1.0, 2.0","survey_year, country, industry, annual_revenue_usd_millions, company_founding_year, company_age_group, ai_adoption_rate, ai_adoption_stage, years_using_ai, num_ai_tools_used, ai_projects_active, ai_budget_percentage, ai_maturity_score, ai_failure_rate, ai_ethics_committee, ai_risk_management_score, survey_source, data_collection_method",0.0,0.1,1.0,1,1.0,4412,4412,0.6,0.00042247147662370806,0,0
"3.0, [-5.41,11.41], 3.0, [-1337.2007500000004,2158.8407500000003], [2.3499999999999996,15.65], [41.07844999999999,88.56155], [4.4,11.6], 1.0, 4.0, 7.0, [5.699999999999999,18.3], [32.7709,52.3691], [9.6404,20.8196], [43.31,78.69], 1.0, [48.894999999999996,85.105], [30.703249999999997,46.45675], 0.0","quarter, country, region, annual_revenue_usd_millions, company_age, ai_adoption_rate, years_using_ai, ai_primary_tool, num_ai_tools_used, ai_use_case, ai_projects_active, ai_training_hours, ai_budget_percentage, regulatory_compliance_score, ai_ethics_committee, ai_risk_management_score, task_automation_rate, survey_source",2.0,1.0,1.0,1,1.0,4413,4413,0.6,0.00042247147662370806,1,1
"[-1553.1438500000002,2342.3887], 2.0, 5.0, [63.496175033831214,92.5], 0.0","annual_revenue_usd_millions, company_age_group, num_ai_tools_used, regulatory_compliance_score, data_privacy_level",0,0.018593443208187066,0.7142857142857143,1,4.082141696,4414,4414,0.16666666666666666,0.001724588430096328,0,0
"2026.0, [18.17,33.83], 1.0, [2007.84,2024.16], 3.0, [0.050000000000000266,5.949999999999999], 0.0, 0.0, [-8.057500000000003,39.3575], [0.9032,13.6168], 1.0, [1.8028499999999994,21.15715], 2.0","survey_year, country, company_size, company_founding_year, ai_adoption_stage, years_using_ai, ai_primary_tool, ai_use_case, ai_training_hours, ai_budget_percentage, data_privacy_level, task_automation_rate, data_collection_method",1.0,0.1,1.0,1,2.0,4416,4416,0.43333333333333335,0.0008449429532474161,0,0
"2026.0, [18.17,33.83], 1.0, [2007.84,2024.16], 3.0, [0.050000000000000266,5.949999999999999], 0.0, 0.0, [-4.03,8.030000000000001], [-8.057500000000003,39.3575], [0.9032,13.6168], 1.0, 1.0, 2.0","survey_year, country, company_size, company_founding_year, ai_adoption_stage, years_using_ai, ai_primary_tool, ai_use_case, ai_projects_active, ai_training_hours, ai_budget_percentage, data_privacy_level, survey_source, data_collection_method",1.0,0.1,1.0,1,2.0,4416,4416,0.4666666666666667,0.0008449429532474161,0,0
"2024.0, [-7.555,9.555], 2.0, [1137.17995,4033.90005], [1988.2,2005.8], [17.2,36.8], 1.0, [-1.210049999999999,53.810050000000004], [4.45,11.55], 0.0, 6.0, [3.3099999999999996,10.690000000000001], [3.8966999999999956,37.4033], [2.093999999999999,9.766], [0.08606249999999999,0.47793749999999996], [-37349.81960000002,226987.5596], [52.47,85.53], 1.0, [48.445,79.555], 1.0","survey_year, country, industry, annual_revenue_usd_millions, company_founding_year, company_age, company_age_group, ai_adoption_rate, years_using_ai, ai_primary_tool, ai_use_case, ai_projects_active, ai_training_hours, ai_budget_percentage, ai_maturity_score, ai_investment_per_employee, regulatory_compliance_score, ai_ethics_committee, ai_risk_management_score, data_collection_method",0.0,1.0,1.0,1,1.0,4417,4417,0.6666666666666666,0.00042247147662370806,1,1
"2025.0, 1.0, 1.0, [-3572.8900000000003,5462.89], [-1024.6566000000003,1772.1766000000002], [25.35,38.65], 2.0, 2.0, 0.0, [0.23181250000000003,0.5381875], [63.08,90.92], [49.464999999999996,78.535], 1.0, 0.0","survey_year, quarter, company_size, num_employees, annual_revenue_usd_millions, company_age, company_age_group, ai_adoption_stage, ai_use_case, ai_maturity_score, regulatory_compliance_score, ai_risk_management_score, survey_source, data_collection_method",2.0,0.1,1.0,1,1.6,4418,4418,0.4666666666666667,0.0006759543625979329,0,0
"[6.199999999999999,17.8], 2.0, 0.0, [-1.5749999999999993,15.575], 3.0, [14.451749999999997,48.36825], 3.0, 3.0, [2.3000000000000003,7.699999999999999], [3.3032000000000004,16.0168], [21.192449999999997,43.887550000000005], [-122123.8144,274382.2544], [56.5,85.5], 1.0","country, region, company_size, company_age, company_age_group, ai_adoption_rate, num_ai_tools_used, ai_use_case, ai_projects_active, ai_budget_percentage, ai_failure_rate, ai_investment_per_employee, regulatory_compliance_score, data_collection_method",0.0,1.0,1.0,1,1.0,4419,4419,0.4666666666666667,0.00042247147662370806,1,1
"2024.0, [9.33,22.67], 2.0, [2003.28,2016.72], [3.5,24.5], [25.115999999999996,55.263999999999996], 2.0, [0.4500000000000002,5.55], 4.0, 2.0, [4.21,9.79], [-109147.7456,271809.0656], 0.0, 0.0, [9.932949999999998,28.387050000000002]","survey_year, country, industry, company_founding_year, company_age, ai_adoption_rate, ai_adoption_stage, years_using_ai, ai_primary_tool, num_ai_tools_used, ai_projects_active, ai_investment_per_employee, data_privacy_level, ai_ethics_committee, task_automation_rate",1.0,0.1,1.0,1,2.0,4423,4423,0.5,0.0008449429532474161,0,0
"[18.78,29.22], 2.0, [2010.2,2027.8], 2.0, 2.0, [63.496175033831214,92.5], 0.0, 3.0","country, industry, company_founding_year, ai_adoption_stage, ai_use_case, regulatory_compliance_score, data_privacy_level, survey_source",2,0.1,1.0,1,2.0,4427,4427,0.26666666666666666,0.0008449429532474161,0,0
"[8.139999999999999,27.86], 1.0, [-1552.3276500000002,2143.48765], [2009.2,2026.8], [17.9834,45.116600000000005], 3.0, 4.0, 2.0, 1.0, [0.08129999999999882,42.438700000000004], [23.78715,36.23285], [-145935.65480000002,180598.7548], 0.0, [49.269999999999996,72.73], 1.0, 1.0","country, company_size, annual_revenue_usd_millions, company_founding_year, ai_adoption_rate, ai_adoption_stage, ai_primary_tool, num_ai_tools_used, ai_use_case, ai_training_hours, ai_failure_rate, ai_investment_per_employee, ai_ethics_committee, ai_risk_management_score, survey_source, data_collection_method",0.0,1.0,1.0,1,1.0,4429,4429,0.5333333333333333,0.00042247147662370806,1,1
"2023.0, 1.0, 2.0, 1.0, [-3237.6015000000007,3754.481500000001], [5.775,22.225], 2.0, [-1.5000000000000004,5.5], 4.0, 4.0, 3.0, [2.58,9.42], [3.268799999999999,13.571200000000001], [0.12793750000000004,0.4200625], [63.730000000000004,100.27], 0.0, [37.33,54.67], 1.0","survey_year, region, industry, company_size, annual_revenue_usd_millions, company_age, ai_adoption_stage, years_using_ai, ai_primary_tool, num_ai_tools_used, ai_use_case, ai_projects_active, ai_budget_percentage, ai_maturity_score, regulatory_compliance_score, ai_ethics_committee, ai_risk_management_score, data_collection_method",1.0,1.0,1.0,1,1.0,4430,4430,0.6,0.00042247147662370806,1,1
"1.0, [13.23,20.77], 6.0, 0.0, [-1915.4699999999993,9477.47], [1992.0,2016.0], 1.0, 2.0, [1.7999999999999998,8.2], 3.0, 4.0, [24.9506,59.089400000000005], [13.6572,23.082800000000002], [56.6,91.4], 1.0, [48.64,85.36], 0.0, 2.0","quarter, country, industry, company_size, num_employees, company_founding_year, company_age_group, ai_adoption_stage, years_using_ai, ai_primary_tool, num_ai_tools_used, ai_training_hours, ai_budget_percentage, regulatory_compliance_score, ai_ethics_committee, ai_risk_management_score, survey_source, data_collection_method",2.0,0.1,1.0,1,1.0,4431,4431,0.6,0.00042247147662370806,0,0
"1.0, [-4205.18,6009.18], [-1394.5807500000003,2101.46075], [-5.200000000000001,17.200000000000003], 2.0, [-4.130000000000001,6.130000000000001], [-7.902500000000001,7.902500000000001], [4.256399999999999,13.2436], [55.95,82.05], [53.19,84.81], [4.20285,23.55715], 3.0, 3.0","company_size, num_employees, annual_revenue_usd_millions, company_age, num_ai_tools_used, ai_projects_active, ai_training_hours, ai_budget_percentage, regulatory_compliance_score, ai_risk_management_score, task_automation_rate, survey_source, data_collection_method",0.0,1.0,1.0,1,3.0,4434,4434,0.43333333333333335,0.0012674144298711243,1,1
"2025.0, 3.0, [8.780000000000001,19.22], 0.0, [6246.885,18229.114999999998], [2009.56,2028.44], [-6.250000000000002,18.25], [32.14765,55.51235], 2.0, [1.9,8.1], 2.0, [7.12,12.879999999999999], [-2.4375000000000036,44.977500000000006], [0.304875,0.547125], [15.02455,36.25545], [-22184.092000000004,211054.772], 1.0, [63.015,86.985], [8.037299999999998,32.34270000000001], 0.0, 1.0","survey_year, quarter, country, company_size, num_employees, company_founding_year, company_age, ai_adoption_rate, ai_adoption_stage, years_using_ai, ai_primary_tool, ai_projects_active, ai_training_hours, ai_maturity_score, ai_failure_rate, ai_investment_per_employee, ai_ethics_committee, ai_risk_management_score, task_automation_rate, survey_source, data_collection_method",1.0,0.1,1.0,1,1.0,4436,4436,0.7,0.00042247147662370806,0,0
"2025.0, 3.0, [-4.345470887173725,19.22], 0.0, [6246.885,18229.114999999998], [2009.56,2024.0251683455976], [32.14765,55.51235], 2.0, [1.9,8.1], 2.0, [7.12,12.879999999999999], [-2.4375000000000036,44.977500000000006], [0.304875,0.547125], [15.02455,36.25545], [-22184.092000000004,211054.772], 1.0, [63.015,78.88283087952074], [8.037299999999998,32.34270000000001], 0.0, 1.0","survey_year, quarter, country, company_size, num_employees, company_founding_year, ai_adoption_rate, ai_adoption_stage, years_using_ai, ai_primary_tool, ai_projects_active, ai_training_hours, ai_maturity_score, ai_failure_rate, ai_investment_per_employee, ai_ethics_committee, ai_risk_management_score, task_automation_rate, survey_source, data_collection_method",1.0,0.1,1.0,1,1.0,4436,4436,0.6666666666666666,0.00042247147662370806,0,0
"3.0, 4.0, 1.0, [-3000.6000000000004,4856.6], [-2632.8832000000007,2960.7832000000003], [1988.56,1999.44], [18.45,41.55], 2.0, 0.0, [1.6100000000000003,14.39], [31.4955,59.9445], 2.0, 3.0","quarter, industry, company_size, num_employees, annual_revenue_usd_millions, company_founding_year, company_age, ai_adoption_stage, ai_use_case, ai_projects_active, ai_training_hours, data_privacy_level, data_collection_method",2.0,0.1,1.0,1,1.0,4437,4437,0.43333333333333335,0.00042247147662370806,0,0
"1.0, [-3719.675,5119.675], [-1050.81625,1446.35625], [1985.04,1994.96], 2.0, 0.0, 2.0, 1.0, [7.31,14.690000000000001], [12.267699999999998,39.4523], [7.001999999999999,13.578], [-87536.042,145702.822], [57.28,96.72], 0.0, [13.5963,46.9037]","quarter, num_employees, annual_revenue_usd_millions, company_founding_year, ai_adoption_stage, ai_primary_tool, num_ai_tools_used, ai_use_case, ai_projects_active, ai_training_hours, ai_budget_percentage, ai_investment_per_employee, regulatory_compliance_score, ai_ethics_committee, task_automation_rate",1.0,0.1,1.0,1,1.0,4438,4438,0.5,0.00042247147662370806,0,0
"2.0, [-6.525,6.525], 0.0, 1.0, [-3647.1050000000005,5585.1050000000005], [-3341.62495,3750.34495], [1995.32,2010.68], 1.0, 1.0, [-7.951400000000001,38.8314], [-0.003624999999999934,0.523625], [21.554125,34.365875], 2.0, 0.0, 2.0","quarter, country, industry, company_size, num_employees, annual_revenue_usd_millions, company_founding_year, ai_adoption_stage, ai_primary_tool, ai_training_hours, ai_maturity_score, ai_failure_rate, data_privacy_level, ai_ethics_committee, data_collection_method",0.0,0.1,1.0,1,1.0,4439,4439,0.5,0.00042247147662370806,0,0
"1.0, 0.0, 2.0, 3.0, 3.0, 0.0, [0.5899999999999999,9.41], [2.3472,17.2528], [0.2599375,0.43806249999999997], [68.79,106.2159541867355], 2.0, 3.0","quarter, company_age_group, ai_adoption_stage, ai_primary_tool, num_ai_tools_used, ai_use_case, ai_projects_active, ai_budget_percentage, ai_maturity_score, regulatory_compliance_score, data_privacy_level, survey_source",2.0,0.1,1.0,1,2.0,4440,4440,0.4,0.0008449429532474161,0,0
"[-3373.5250000000005,3501.5250000000005], [-2265.5228500000003,2712.4863000000005], 2.0, 3.0, 3.0, 0.0, [2.3472,17.2528], [0.2599375,0.43806249999999997], [7.9796749999999985,27.380325], 2.0, [63.33,80.67], 3.0","num_employees, annual_revenue_usd_millions, ai_adoption_stage, ai_primary_tool, num_ai_tools_used, ai_use_case, ai_budget_percentage, ai_maturity_score, ai_failure_rate, data_privacy_level, ai_risk_management_score, survey_source",2.0,0.1,1.0,1,1.5,4440,4440,0.4,0.0006337072149355621,0,0
"2023.0, 6.0, 0.0, [-2994.965,7022.965], [1572.2788499999992,8264.70115], 1.0, [0.34999999999999987,3.6500000000000004], 0.0, 4.0, [-10.721100000000002,21.521100000000004], [0.08312500000000002,0.296875], 0.0, 1.0, 1.0","survey_year, industry, company_size, num_employees, annual_revenue_usd_millions, company_age_group, years_using_ai, ai_primary_tool, num_ai_tools_used, ai_training_hours, ai_maturity_score, ai_ethics_committee, survey_source, data_collection_method",1.0,1.0,1.0,1,1.0,4443,4443,0.4666666666666667,0.00042247147662370806,1,1
"2.0, 1.0, [-2068.3525,2925.9925000000003], [1988.04,2005.96], [19.506399999999996,61.7136], 2.0, 3.0, [2.4,9.6], [26.218199999999996,50.2418], [4.466799999999999,19.153200000000002], [-188841.05920000002,339833.69920000003], 1.0, 2.0","industry, company_size, annual_revenue_usd_millions, company_founding_year, ai_adoption_rate, ai_adoption_stage, ai_primary_tool, ai_projects_active, ai_training_hours, ai_budget_percentage, ai_investment_per_employee, survey_source, data_collection_method",1.0,1.0,1.0,1,1.0,4444,4444,0.43333333333333335,0.00042247147662370806,1,1
"2.0, [21.490000000000002,32.51], 1.0, [-6447.91,8087.91], [-3209.7080500000006,3682.4880500000004], [2012.2,2029.8], [-3.7,11.7], [2.45,5.55], 0.0, 3.0, [11.935999999999996,37.224000000000004], [1.7536,9.2064], [0.03181250000000002,0.45218749999999996], [-143572.6704,175187.1104], 2.0, 0.0, [46.82,65.18], [-13.048750000000004,20.708750000000002], 3.0, 1.0","quarter, country, industry, num_employees, annual_revenue_usd_millions, company_founding_year, company_age, years_using_ai, ai_primary_tool, num_ai_tools_used, ai_training_hours, ai_budget_percentage, ai_maturity_score, ai_investment_per_employee, data_privacy_level, ai_ethics_committee, ai_risk_management_score, task_automation_rate, survey_source, data_collection_method",0.0,1.0,1.0,1,1.0,4445,4445,0.6666666666666666,0.00042247147662370806,1,1
"2025.0, 1.0, [-1879.8050000000003,3423.8050000000003], [1998.8,2013.2], 3.0, 1.0, [2.7815999999999983,14.618400000000001], [-119746.6816,183463.84159999999], [58.05,89.95], 1.0, [41.405,76.595], [1.3280999999999992,18.431900000000002]","survey_year, company_size, num_employees, company_founding_year, ai_adoption_stage, ai_primary_tool, ai_budget_percentage, ai_investment_per_employee, regulatory_compliance_score, ai_ethics_committee, ai_risk_management_score, task_automation_rate",1.0,1.0,1.0,1,1.0,4447,4447,0.4,0.00042247147662370806,1,1
"0.0, [2.75,13.25], 3.0, [1.18365,54.69635], [1.65,8.35], 0.0, 3.0, [4.43,17.57], [0.24750000000000003,0.5325], [16.147824999999997,33.352175], 0.0, [10.606999999999998,37.613], 1.0","quarter, company_age, company_age_group, ai_adoption_rate, years_using_ai, ai_primary_tool, num_ai_tools_used, ai_projects_active, ai_maturity_score, ai_failure_rate, data_privacy_level, task_automation_rate, data_collection_method",1.0,0.1,1.0,1,1.6666666666666667,4449,4449,0.43333333333333335,0.0007041191277061802,0,0
"1.0, 6.0, [-2525.85285,2768.1528500000004], [3.125,18.875], 3.0, 2.0, 0.0, 3.0, [6.67,13.33], [19.295299999999997,36.3647], [39.4,62.6], 0.0, [56.33,73.67]","region, industry, annual_revenue_usd_millions, company_age, company_age_group, ai_adoption_stage, ai_primary_tool, num_ai_tools_used, ai_projects_active, ai_training_hours, regulatory_compliance_score, ai_ethics_committee, ai_risk_management_score",0.0,0.1,1.0,1,1.0,4450,4450,0.43333333333333335,0.00042247147662370806,0,0
"1.0, 2.0, 0.0, [1991.88,2002.12], 2.0, 3.0, 3.0, [3.8499999999999996,10.15], [33.820899999999995,53.4191], [13.4756,22.0244], [2.8542999999999985,27.745700000000003], [-285209.15,297888.01], 1.0, 2.0","quarter, region, industry, company_founding_year, ai_adoption_stage, ai_primary_tool, num_ai_tools_used, ai_projects_active, ai_training_hours, ai_budget_percentage, ai_failure_rate, ai_investment_per_employee, data_privacy_level, data_collection_method",2.0,1.0,1.0,1,1.0,4452,4452,0.4666666666666667,0.00042247147662370806,1,1
"2.0, [15.33,28.67], 2.0, [28.4,39.6], 2.0, 2.0, 3.0, 0.0, [15.34085,32.17915000000001], [48533.304000000004,359518.456], 0.0, [16.2984,30.7016], 0.0","quarter, country, company_size, company_age, company_age_group, ai_adoption_stage, num_ai_tools_used, ai_use_case, ai_failure_rate, ai_investment_per_employee, ai_ethics_committee, task_automation_rate, data_collection_method",1.0,0.1,1.0,1,2.0,4454,4454,0.43333333333333335,0.0008449429532474161,0,0
"2.0, 2.0, [-3998.2133208190244,2293.54525], 2.0, 2.0, [4.85,11.15], 3.0, 0.0, [2.8367999999999984,25.068473741192413], 0.0, [40.585,57.415]","quarter, company_size, annual_revenue_usd_millions, company_age_group, ai_adoption_stage, years_using_ai, num_ai_tools_used, ai_use_case, ai_budget_percentage, ai_ethics_committee, ai_risk_management_score",1.0,0.1,1.0,1,2.0,4454,4454,0.36666666666666664,0.0008449429532474161,0,0
"[9.705,30.295], 0.0, [-244.44999999999982,15320.074280133947], [1973.689113430449,2010.36], [12.575000000000001,37.425], [32.2208,56.339200000000005], 2.0, 4.0, 3.0, [14.752499999999998,62.167500000000004], [-200434.5552,250493.9152], 2.0, 1.0, [47.425,80.575], [14.937299999999997,39.2427], 3.0, 0.0","country, company_size, num_employees, company_founding_year, company_age, ai_adoption_rate, ai_adoption_stage, ai_primary_tool, num_ai_tools_used, ai_training_hours, ai_investment_per_employee, data_privacy_level, ai_ethics_committee, ai_risk_management_score, task_automation_rate, survey_source, data_collection_method",2.0,0.1,1.0,1,1.6666666666666667,4455,4455,0.5666666666666667,0.0007041191277061802,0,0
"0.0, [13.635,24.365000000000002], 1.0, 6.0, 2.0, [-6593.620000000001,6763.620000000001], [-1884.2211,1911.4811000000002], 0.0, [-16.648250000000004,17.268250000000002], 1.0, [-2.35,2.35], [-7.402800000000001,7.502800000000001], [-159307.28040000002,357593.1495252553], [40.44,77.56], 0.0, 1.0","quarter, country, region, industry, company_size, num_employees, annual_revenue_usd_millions, company_age_group, ai_adoption_rate, ai_adoption_stage, years_using_ai, ai_budget_percentage, ai_investment_per_employee, regulatory_compliance_score, ai_ethics_committee, data_collection_method",0.0,0.1,1.0,1,2.0,4457,4457,0.5333333333333333,0.0008449429532474161,0,0
"0.0, 6.0, 2.0, [-6593.620000000001,6763.620000000001], [-1884.2211,1911.4811000000002], 0.0, [-16.648250000000004,17.268250000000002], 1.0, [-2.35,2.35], [-7.402800000000001,7.502800000000001], [-159307.28040000002,357593.1495252553], [40.44,77.56], 0.0, 2.0, 1.0","quarter, industry, company_size, num_employees, annual_revenue_usd_millions, company_age_group, ai_adoption_rate, ai_adoption_stage, years_using_ai, ai_budget_percentage, ai_investment_per_employee, regulatory_compliance_score, ai_ethics_committee, survey_source, data_collection_method",0.0,0.1,1.0,1,2.0,4457,4457,0.5,0.0008449429532474161,0,0
"2.0, [6.6049999999999995,21.395], 0.0, [-121.29150000000072,6870.791500000001], 1.0, 0.0, 2.0, [0.8390999999999948,44.4609], [-191491.04200000002,236113.54200000002], 1.0","quarter, country, company_size, annual_revenue_usd_millions, company_age_group, ai_primary_tool, num_ai_tools_used, ai_training_hours, ai_investment_per_employee, ai_ethics_committee",2.0,1.0,1.0,1,1.6666666666666667,4974,4459,0.3333333333333333,0.0007041191277061802,3,3
"1.0, [-2073.7856,2720.7856], [-0.09999999999999964,18.1], 3.0, [32.79599999999999,62.944], 2.0, 4.0, [-1.5733000000000033,31.933300000000003], [0.13106250000000003,0.5229375], [21.87925,32.86075], [32471.009999999995,226836.72999999998], [61.59,89.66241645170234], 0.0, [52.115,65.885], [15.24285,34.59715]","region, annual_revenue_usd_millions, company_age, company_age_group, ai_adoption_rate, ai_adoption_stage, num_ai_tools_used, ai_training_hours, ai_maturity_score, ai_failure_rate, ai_investment_per_employee, regulatory_compliance_score, ai_ethics_committee, ai_risk_management_score, task_automation_rate",1.0,0.1,1.0,1,1.3333333333333333,4460,4460,0.5,0.000563295302164944,0,0
"2025.0, 1.0, 2.0, 1.0, 3.0, [3.8,8.2], 3.0, [-5.67,5.67], [0.030812500000000007,0.22318749999999998], [28.5327,47.567299999999996], [-201624.09720000002,288177.5172], [57.44,94.56], 0.0, [22.64,59.36], 2.0, 2.0","survey_year, quarter, industry, company_age_group, ai_adoption_stage, years_using_ai, num_ai_tools_used, ai_projects_active, ai_maturity_score, ai_failure_rate, ai_investment_per_employee, regulatory_compliance_score, ai_ethics_committee, ai_risk_management_score, survey_source, data_collection_method",0.0,1.0,1.0,1,1.0,4462,4462,0.5333333333333333,0.00042247147662370806,1,1
"2026.0, [16.895,31.105], [-1830.0921500000004,125.83369278489636], [1982.12,2003.88], [23.025,42.975], 2.0, 0.0, 2.0, [34.1494,63.230599999999995], [0.4766875,0.9113125], [-129955.48400000001,142156.524], [49.89,84.11], [41.875,80.125], [20.37285,39.72715], 3.0","survey_year, country, annual_revenue_usd_millions, company_founding_year, company_age, ai_adoption_stage, ai_primary_tool, num_ai_tools_used, ai_training_hours, ai_maturity_score, ai_investment_per_employee, regulatory_compliance_score, ai_risk_management_score, task_automation_rate, survey_source",2.0,0.1,1.0,1,1.0,4463,4463,0.5,0.00042247147662370806,0,0
"2.0, 8.0, [-2075.59,3031.59], 1.0, [3.3499999999999996,6.65], 4.0, 2.0, [0.3063999999999991,14.773600000000002], [73.27,94.73], 2.0, 0.0, 1.0, 1.0","quarter, industry, num_employees, company_age_group, years_using_ai, ai_primary_tool, num_ai_tools_used, ai_budget_percentage, regulatory_compliance_score, data_privacy_level, ai_ethics_committee, survey_source, data_collection_method",0.0,0.1,1.0,1,1.0,4464,4464,0.43333333333333335,0.00042247147662370806,0,0
"2.0, 8.0, [-2075.59,3031.59], 3.0, [3.3499999999999996,6.65], 4.0, 2.0, [0.3063999999999991,14.773600000000002], [73.27,94.73], 2.0, 1.0","quarter, industry, num_employees, ai_adoption_stage, years_using_ai, ai_primary_tool, num_ai_tools_used, ai_budget_percentage, regulatory_compliance_score, data_privacy_level, data_collection_method",0.0,0.1,1.0,1,1.0,4464,4464,0.36666666666666664,0.00042247147662370806,0,0
"3.0, [14110.335,20199.665], [13.45,22.55], 3.0, 2.0, [-2.3999999999999995,8.399999999999999], [1.2191999999999998,11.7408], [0.12225000000000005,0.43574999999999997], [51.76,84.24000000000001], 0.0, [3.296499999999998,34.8035], 3.0","quarter, num_employees, company_age, num_ai_tools_used, ai_use_case, ai_projects_active, ai_budget_percentage, ai_maturity_score, regulatory_compliance_score, ai_ethics_committee, task_automation_rate, survey_source",0.0,0.1,1.0,1,1.0,4466,4466,0.4,0.00042247147662370806,0,0
"3.0, [14110.335,20199.665], [13.45,22.55], [7.389949999999999,62.41005], 2.0, 2.0, [-2.3999999999999995,8.399999999999999], [1.2191999999999998,11.7408], [0.12225000000000005,0.43574999999999997], [51.76,84.24000000000001], 0.0, [3.296499999999998,34.8035], 3.0","quarter, num_employees, company_age, ai_adoption_rate, ai_primary_tool, ai_use_case, ai_projects_active, ai_budget_percentage, ai_maturity_score, regulatory_compliance_score, ai_ethics_committee, task_automation_rate, survey_source",0.0,0.1,1.0,1,1.0,4466,4466,0.43333333333333335,0.00042247147662370806,0,0
"1.0, 2.0, [-2295.8387000000002,2298.9587], [24.026,54.17400000000001], [7.75,10.25], 0.0, 7.0, [-0.5532000000000012,14.133200000000002], [0.07068750000000001,0.5053124999999999], [-257421.8648,263478.2648], [-4.2422,15.5622], 3.0, 0.0","quarter, company_size, annual_revenue_usd_millions, ai_adoption_rate, years_using_ai, ai_primary_tool, ai_use_case, ai_budget_percentage, ai_maturity_score, ai_investment_per_employee, task_automation_rate, survey_source, data_collection_method",1,0.1,1.0,1,1.0,4468,4468,0.43333333333333335,0.00042247147662370806,0,0
"1.0, 2.0, [-3272.40374349165,2298.9587], [24.026,54.17400000000001], [7.75,10.25], 0.0, 1.0, 7.0, [-0.5532000000000012,14.133200000000002], [0.07068750000000001,0.5053124999999999], [-257421.8648,263478.2648], [59.120000000000005,100.88], [-4.2422,15.5622], 3.0, 0.0","quarter, company_size, annual_revenue_usd_millions, ai_adoption_rate, years_using_ai, ai_primary_tool, num_ai_tools_used, ai_use_case, ai_budget_percentage, ai_maturity_score, ai_investment_per_employee, regulatory_compliance_score, task_automation_rate, survey_source, data_collection_method",0.0,0.1,1.0,1,1.0,4468,4468,0.5,0.00042247147662370806,0,0
"2023.0, 2.0, [-0.27999999999999936,18.28], 2.0, 7.0, [-6154.975,6612.975], 1.0, [-14.602650000000002,37.40265], 3.0, 1.0, 1.0, [-1.2124000000000015,13.912400000000002], [-0.18991924785426748,0.4118125], [32.64,69.36], [4.94375,16.19625]","survey_year, quarter, country, region, industry, num_employees, company_age_group, ai_adoption_rate, ai_adoption_stage, num_ai_tools_used, ai_use_case, ai_budget_percentage, ai_maturity_score, ai_risk_management_score, task_automation_rate",0.0,0.1,1.0,1,2.0,4469,4469,0.5,0.0008449429532474161,0,0
"2025.0, 1.0, [-6520.620000000001,6836.620000000001], 2.0, [4.65,11.35], 2.0, [24.193799999999996,50.7462], 0.0, 1.0","survey_year, region, num_employees, company_age_group, years_using_ai, num_ai_tools_used, ai_training_hours, ai_ethics_committee, data_collection_method",1.0,0.1,1.0,1,1.3333333333333333,4471,4471,0.3,0.000563295302164944,0,0
"2026.0, [-5464.040000000001,4993.75], [-3480.9515000000006,3511.131500000001], [31.831200000000003,68.00880000000001], 2.0, [5.65,8.35], 6.0, [2.42,13.58], [0.171625,0.60675], [-241807.1212,325740.7812], [45.875,84.125], [17.232546412670327,39.5223], 2.0","survey_year, num_employees, annual_revenue_usd_millions, ai_adoption_rate, ai_adoption_stage, years_using_ai, ai_use_case, ai_projects_active, ai_maturity_score, ai_investment_per_employee, ai_risk_management_score, task_automation_rate, data_collection_method",2.0,0.051562500000000004,0.75,1,2.3333333333333335,4473,4473,0.43333333333333335,0.0009857667787886522,0,0
"0.0, [17.185,30.815], [-5865.545,6509.545], [-1173.44625,1323.7262500000002], 3.0, 0.0, 4.0, [43.3953,60.4647], [9.9652,18.294800000000002], [0.4321875,0.8098125], 1.0, [57.76,82.24], [19.672449999999998,42.62755]","quarter, country, num_employees, annual_revenue_usd_millions, company_age_group, ai_primary_tool, ai_use_case, ai_training_hours, ai_budget_percentage, ai_maturity_score, ai_ethics_committee, ai_risk_management_score, task_automation_rate",2.0,1.0,1.0,1,1.0,4474,4474,0.43333333333333335,0.00042247147662370806,1,1
"2024.0, 2.0, 2.0, 1.0, [2002.72,2021.28], 3.0, [6.233249999999998,47.68675], 0.0, [2.6900000000000004,13.309999999999999], [12.293299999999997,42.0067], [0.8939999999999997,8.566], [0.06062500000000001,0.559375], [26.984125,39.795875], [-55920.214400000004,146220.1344], [59.72,78.28], 2.0, [-12.04855,19.90855], 1.0","survey_year, quarter, region, company_size, company_founding_year, company_age_group, ai_adoption_rate, ai_use_case, ai_projects_active, ai_training_hours, ai_budget_percentage, ai_maturity_score, ai_failure_rate, ai_investment_per_employee, regulatory_compliance_score, data_privacy_level, task_automation_rate, data_collection_method",1.0,0.1,1.0,1,1.0,4475,4475,0.6,0.00042247147662370806,0,0
"2024.0, [11.735,28.265], [-6324.91,8210.91], [-2252.6756,2541.8956000000003], [1984.52,2001.48], [10.17875,29.021250000000002], 3.0, 4.0, 1.0, 1.0, [0.6999999999999993,13.3], [-2.9894000000000016,31.1494], [2.2779999999999996,12.142], [28.832275,39.447725], [48.37,75.63], 1.0, [51.975,80.025], [-0.5735000000000028,30.933500000000002]","survey_year, country, num_employees, annual_revenue_usd_millions, company_founding_year, ai_adoption_rate, ai_adoption_stage, ai_primary_tool, num_ai_tools_used, ai_use_case, ai_projects_active, ai_training_hours, ai_budget_percentage, ai_failure_rate, regulatory_compliance_score, ai_ethics_committee, ai_risk_management_score, task_automation_rate",1.0,1.0,1.0,1,1.0,4476,4476,0.6,0.00042247147662370806,1,1
"2.0, [-8.425,10.425], 2.0, [-3608.93185,3682.81185], [1995.2,2004.8], [13.549999999999999,32.45], 1.0, [1.15,4.85], 1.0, 0.0, [-0.3099999999999996,10.309999999999999], [18.807199999999995,49.1528], [0.1465,0.4315], [20.20135,29.71865], 1.0, [44.405,79.595]","quarter, country, industry, annual_revenue_usd_millions, company_founding_year, company_age, company_age_group, years_using_ai, num_ai_tools_used, ai_use_case, ai_projects_active, ai_training_hours, ai_maturity_score, ai_failure_rate, data_privacy_level, ai_risk_management_score",1.0,0.1,1.0,1,1.0,4477,4477,0.5333333333333333,0.00042247147662370806,0,0
"2026.0, 2.0, 5.0, [-5442.040000000001,5558.040000000001], [-2493.5625,2500.7825000000003], [1990.48,2013.52], 1.0, [4.55,11.45], 3.0, 1.0, [18.8887,39.7513], [2.825599999999999,11.374400000000001], [5.223124999999998,32.676875], [52.629999999999995,83.37], 0.0, 0.0, 1.0","survey_year, region, industry, num_employees, annual_revenue_usd_millions, company_founding_year, company_age_group, years_using_ai, num_ai_tools_used, ai_use_case, ai_training_hours, ai_budget_percentage, ai_failure_rate, regulatory_compliance_score, data_privacy_level, survey_source, data_collection_method",1.0,1.0,1.0,1,1.0,4479,4479,0.5666666666666667,0.00042247147662370806,1,1
"2025.0, 1.0, 8.0, 0.0, [5175.63995,8072.36005], [2005.04,2022.96], [1.0249999999999986,20.975], 3.0, [6.2862499999999955,62.81375], [0.7999999999999998,7.2], 4.0, 2.0, [26.2674,67.99260000000001], [9.5276,19.1724], [0.42862500000000003,0.813375], [47.3,64.7], 1.0, 1.0, [60.875,99.125], 2.0, 1.0","survey_year, region, industry, company_size, annual_revenue_usd_millions, company_founding_year, company_age, company_age_group, ai_adoption_rate, years_using_ai, ai_primary_tool, ai_use_case, ai_training_hours, ai_budget_percentage, ai_maturity_score, regulatory_compliance_score, data_privacy_level, ai_ethics_committee, ai_risk_management_score, survey_source, data_collection_method",2.0,0.1,1.0,1,1.0,4480,4480,0.7,0.00042247147662370806,0,0
"2025.0, [14.795,23.205], 3.0, [-3170.0950000000003,3312.0950000000003], [-1955.2480000000003,2040.2280000000003], 1.0, [14.000499999999999,66.7595], 2.0, 3.0, [-2.33,4.33], [9.7669,54.6531], [1.0060000000000002,15.254000000000001], [0.07731250000000003,0.4406875], [6.362449999999999,29.31755], 1.0","survey_year, country, industry, num_employees, annual_revenue_usd_millions, company_age_group, ai_adoption_rate, ai_adoption_stage, ai_use_case, ai_projects_active, ai_training_hours, ai_budget_percentage, ai_maturity_score, task_automation_rate, survey_source",0.0,1.0,1.0,1,1.0,4482,4482,0.5,0.00042247147662370806,1,1
"[14.46,29.54], 0.0, 2.0, [2005.96,2028.04], 3.0, [8.111749999999997,42.02825], [0.3500000000000001,7.65], 0.0, [9.196699999999996,42.7033], [-250452.7024,301545.9424], [57.85,78.15], [46.7,77.3], 2.0, 2.0","country, region, company_size, company_founding_year, company_age_group, ai_adoption_rate, years_using_ai, ai_primary_tool, ai_training_hours, ai_investment_per_employee, regulatory_compliance_score, ai_risk_management_score, survey_source, data_collection_method",0.0,1.0,1.0,1,1.0,4483,4483,0.4666666666666667,0.00042247147662370806,1,1
"[-2.715,16.715], 0.0, 8.0, 0.0, [318.66439999999966,5113.2356], [-5.324999999999999,15.325], 0.0, [2.3,7.7], 0.0, 6.0, [3.0215999999999985,14.8584], [0.1478125,0.45418749999999997], [11.036399999999999,34.4636], [53.95,80.05], 2.0, 0.0, [44.464999999999996,73.535], 0.0","country, region, industry, company_size, annual_revenue_usd_millions, company_age, company_age_group, years_using_ai, ai_primary_tool, ai_use_case, ai_budget_percentage, ai_maturity_score, ai_failure_rate, regulatory_compliance_score, data_privacy_level, ai_ethics_committee, ai_risk_management_score, data_collection_method",1.0,0.1,1.0,1,1.0,4485,4485,0.6,0.00042247147662370806,0,0
"2025.0, [17.085,24.915], 1.0, [-2129.375,2781.375], 3.0, [-1.6600000000000001,11.66], [11.795299999999997,28.8647], [0.1336875,0.4543125], [18.079175,44.800825], [54.56,75.44], 1.0, [42.23,69.77], 1.0","survey_year, country, company_size, num_employees, ai_use_case, ai_projects_active, ai_training_hours, ai_maturity_score, ai_failure_rate, regulatory_compliance_score, ai_ethics_committee, ai_risk_management_score, survey_source",1.0,0.1,1.0,1,1.6666666666666667,4486,4486,0.43333333333333335,0.0007041191277061802,0,0
"2025.0, 0.0, 1.0, [2170.4749999999995,9045.525000000001], [6422.0306,11616.1494], [10.525,23.475], 1.0, 2.0, 2.0, 4.0, [31.414299999999997,54.8057], [56940.2188,430122.40119999996], 0.0, 0.0, [55.7,86.3], [12.401649999999998,42.558350000000004], 0.0","survey_year, quarter, region, num_employees, annual_revenue_usd_millions, company_age, company_age_group, ai_adoption_stage, num_ai_tools_used, ai_use_case, ai_training_hours, ai_investment_per_employee, data_privacy_level, ai_ethics_committee, ai_risk_management_score, task_automation_rate, survey_source",2.0,0.1,1.0,1,1.8,4487,4487,0.5666666666666667,0.0007604486579226745,0,0
"[-8.41,8.41], 5.0, 2.0, [-6366.975,6400.975], [2011.28,2024.72], 3.0, [0.20000000000000018,3.8], 2.0, 6.0, [-0.31040000000000134,40.150400000000005], [29.384549999999997,50.61545], [-119299.47040000002,393826.03040000005], 0.0, 3.0, 2.0","country, region, industry, num_employees, company_founding_year, company_age_group, years_using_ai, ai_primary_tool, ai_use_case, ai_training_hours, ai_failure_rate, ai_investment_per_employee, data_privacy_level, survey_source, data_collection_method",1.0,0.1,1.0,1,2.0,4488,4488,0.5,0.0008449429532474161,0,0
"2026.0, [13.344999999999999,24.655], 8.0, 1.0, [-2919.88,3365.88], [2013.52,2022.48], [28.568199999999997,49.6718], 2.0, 2.0, 6.0, [6.3582,30.381800000000002], [6.338799999999999,16.6412], [0.11281250000000004,0.6471875], [17.265225,43.254775], [37951.98240000001,263416.2176], 1.0, [16.598599999999998,29.2014], 2.0, 1.0","survey_year, country, industry, company_size, num_employees, company_founding_year, ai_adoption_rate, ai_adoption_stage, ai_primary_tool, ai_use_case, ai_training_hours, ai_budget_percentage, ai_maturity_score, ai_failure_rate, ai_investment_per_employee, ai_ethics_committee, task_automation_rate, survey_source, data_collection_method",1.0,1.0,1.0,1,1.0,4489,4489,0.6333333333333333,0.00042247147662370806,1,1
"2.0, [-3711.17,3753.17], [2015.4,2026.6], 0.0, [-0.5499999999999998,4.55], 0.0, [2.57,7.43], [11.022799999999998,18.0372], [10.079925,25.820075], [69.17,84.83], 1.0, [24.13245,47.08755], 3.0","company_size, num_employees, company_founding_year, company_age_group, years_using_ai, ai_use_case, ai_projects_active, ai_budget_percentage, ai_failure_rate, regulatory_compliance_score, data_privacy_level, task_automation_rate, survey_source",2.0,1.0,1.0,1,1.0,4490,4490,0.43333333333333335,0.00042247147662370806,1,1
"3.0, [-6.1049999999999995,8.105], 0.0, [8222.175,19025.825], [2115.60165,6410.73835], 3.0, [5.069599999999999,15.8104], [0.07831250000000001,0.5556875], [-223892.32040000003,289233.1804], 0.0, [39.25,64.75], [-0.4836000000000009,31.9236]","quarter, country, company_size, num_employees, annual_revenue_usd_millions, ai_adoption_stage, ai_budget_percentage, ai_maturity_score, ai_investment_per_employee, ai_ethics_committee, ai_risk_management_score, task_automation_rate",1.0,1.0,1.0,1,1.0,4491,4491,0.4,0.00042247147662370806,1,1
"[-1998.1014500000003,2097.2614500000004], [16.027899999999995,65.7721], 2.0, 2.0, [17.316699999999997,50.8233], [-71646.7212,301535.4612], [48.89,83.11], 0.0, [9.50305,27.05695], 2.0","annual_revenue_usd_millions, ai_adoption_rate, ai_adoption_stage, num_ai_tools_used, ai_training_hours, ai_investment_per_employee, regulatory_compliance_score, ai_ethics_committee, task_automation_rate, data_collection_method",1.0,0.0,0.0,1,3.5,4492,4492,0.3333333333333333,0.0014786501681829782,0,2
"2.0, 8.0, [-2935.1035500000003,2958.22355], [2006.72,2017.28], 3.0, [3.75,8.25], 0.0, [9.3955,37.844500000000004], [0.09062500000000004,0.589375], [10.634549999999999,31.865450000000003], [72.59,89.41], 1.0, [2.137299999999996,26.442700000000002], 0.0","region, industry, annual_revenue_usd_millions, company_founding_year, company_age_group, years_using_ai, ai_primary_tool, ai_training_hours, ai_maturity_score, ai_failure_rate, regulatory_compliance_score, data_privacy_level, task_automation_rate, survey_source",0.0,0.1,1.0,1,1.0,4493,4493,0.4666666666666667,0.00042247147662370806,0,0
"2.0, 8.0, [-2935.1035500000003,2958.22355], [2006.72,2017.28], 3.0, [3.75,8.25], [9.3955,37.844500000000004], [0.09062500000000004,0.589375], [10.634549999999999,31.865450000000003], [-133498.92680000002,231908.62680000003], [72.59,89.41], [2.137299999999996,26.442700000000002], 0.0","region, industry, annual_revenue_usd_millions, company_founding_year, company_age_group, years_using_ai, ai_training_hours, ai_maturity_score, ai_failure_rate, ai_investment_per_employee, regulatory_compliance_score, task_automation_rate, survey_source",0.0,0.1,1.0,1,1.0,4493,4493,0.43333333333333335,0.00042247147662370806,0,0
"[-9.584999999999999,11.584999999999999], 1.0, [-5803.975,6963.975], [-2823.9608000000003,3568.8008000000004], 2.0, [0.064,0.52], 0.0, [59.015,82.985]","country, company_size, num_employees, annual_revenue_usd_millions, ai_adoption_stage, ai_maturity_score, data_privacy_level, ai_risk_management_score",1,0.07775999999999998,0.6,1,5.674048,4996,4496,0.26666666666666666,0.0023971234369937976,6,10
"2024.0, [18.560000000000002,39.44], 1.0, 8.0, [-6739.883857332386,3404.3877], [12.024999999999999,31.975], 1.0, [16.891199999999998,53.068799999999996], 3.0, [5.0,9.0], 0.0, [7.57,12.43], [3.548399999999999,13.6316], [0.21443750000000003,0.5635625], [23.790349999999997,47.94965], [32.76,65.24000000000001], 2.0, 3.0","survey_year, country, region, industry, annual_revenue_usd_millions, company_age, company_age_group, ai_adoption_rate, ai_adoption_stage, years_using_ai, ai_use_case, ai_projects_active, ai_budget_percentage, ai_maturity_score, ai_failure_rate, regulatory_compliance_score, survey_source, data_collection_method",2.0,0.1,1.0,1,2.0,4497,4497,0.6,0.0008449429532474161,0,0
"2024.0, [18.560000000000002,39.44], 8.0, 1.0, 3.0, [5.0,9.0], 0.0, [7.57,12.43], [3.548399999999999,13.6316], [0.21443750000000003,0.5635625], [-134901.2516,168309.2716], [32.76,65.24000000000001], 2.0, 3.0","survey_year, country, industry, company_age_group, ai_adoption_stage, years_using_ai, ai_use_case, ai_projects_active, ai_budget_percentage, ai_maturity_score, ai_investment_per_employee, regulatory_compliance_score, survey_source, data_collection_method",2.0,0.1,1.0,1,2.0,4497,4497,0.4666666666666667,0.0008449429532474161,0,0
"2026.0, 0.0, [-6.295,14.295], 5.0, 3.0, 1.0, [-5378.9,6406.9], 1.0, [42.57844999999999,90.06155], 2.0, 2.0, 0.0, [1.0599999999999996,12.940000000000001], [36.600899999999996,56.1991], [11.0344,18.9256], [7.317574999999998,28.182425000000002], 0.0, [56.565,75.435], [20.06345,34.01655], 1.0","survey_year, quarter, country, region, industry, company_size, num_employees, company_age_group, ai_adoption_rate, ai_adoption_stage, ai_primary_tool, ai_use_case, ai_projects_active, ai_training_hours, ai_budget_percentage, ai_failure_rate, ai_ethics_committee, ai_risk_management_score, task_automation_rate, data_collection_method",2.0,1.0,1.0,1,1.0,4499,4499,0.6666666666666666,0.00042247147662370806,1,1
"[1.0249999999999995,16.975], 6.0, 0.0, [6735.735000000001,20682.265], [1982.36,1999.64], [23.025,42.975], [-34.67803690426004,43.6836], 3.0, 3.0, 7.0, [-4.280400000000004,47.98634119629456], [17.011274999999998,42.268725], [82.92,113.08], 2.0, 0.0, [29.975,58.025], 1.0","country, industry, company_size, num_employees, company_founding_year, company_age, ai_adoption_rate, ai_adoption_stage, num_ai_tools_used, ai_use_case, ai_training_hours, ai_failure_rate, regulatory_compliance_score, data_privacy_level, ai_ethics_committee, ai_risk_management_score, data_collection_method",0.0,0.1,1.0,1,1.0,4500,4500,0.5666666666666667,0.00042247147662370806,0,0
"[1.0249999999999995,16.975], 6.0, 0.0, [6735.735000000001,20682.265], [1982.36,1999.64], [23.025,42.975], [-34.67803690426004,43.6836], 3.0, 3.0, 7.0, [-4.280400000000004,36.180400000000006], [17.011274999999998,42.268725], [82.92,113.08], 2.0, 0.0, [29.975,58.025], 0.0, 1.0","country, industry, company_size, num_employees, company_founding_year, company_age, ai_adoption_rate, ai_adoption_stage, num_ai_tools_used, ai_use_case, ai_training_hours, ai_failure_rate, regulatory_compliance_score, data_privacy_level, ai_ethics_committee, ai_risk_management_score, survey_source, data_collection_method",0.0,0.1,1.0,1,1.0,4500,4500,0.6,0.00042247147662370806,0,0
"3.0, 3.0, 1.0, [14.05,25.95], 1.0, [24.2468,78.51320000000001], [3.8,10.2], 2.0, 4.0, [39.587,58.553], [5.305599999999999,13.854400000000002], [-32475.917600000015,387354.03760000004], 0.0, 0.0, [46.33,63.67], [0.5563000000000002,33.8637], 1.0","quarter, industry, company_size, company_age, company_age_group, ai_adoption_rate, years_using_ai, ai_primary_tool, num_ai_tools_used, ai_training_hours, ai_budget_percentage, ai_investment_per_employee, data_privacy_level, ai_ethics_committee, ai_risk_management_score, task_automation_rate, survey_source",2.0,1.0,1.0,1,1.0,4503,4503,0.5666666666666667,0.00042247147662370806,1,1
"[-8.005,12.005], 5.0, 3.0, [-4681.965,5335.965], [-1798.40525,2696.50525], [1984.36,2001.64], 1.0, [-1.2000000000000002,5.2], 3.0, 1.0, [0.08431250000000001,0.5616875], [32.30295,47.67705], 1.0, 3.0, 0.0","country, region, industry, num_employees, annual_revenue_usd_millions, company_founding_year, company_age_group, years_using_ai, num_ai_tools_used, ai_use_case, ai_maturity_score, ai_failure_rate, ai_ethics_committee, survey_source, data_collection_method",1.0,0.1,1.0,1,1.0,4504,4504,0.5,0.00042247147662370806,0,0
"[11.27,32.730000000000004], 4.0, 1.0, [37.7642,89.0158], 3.0, 2.0, [35.7721,60.4279], [13.7728,20.787200000000002], [0.39575,0.7662499999999999], 1.0, 1.0, [65.995,92.005], 1.0","country, industry, company_size, ai_adoption_rate, num_ai_tools_used, ai_use_case, ai_training_hours, ai_budget_percentage, ai_maturity_score, data_privacy_level, ai_ethics_committee, ai_risk_management_score, data_collection_method",2.0,1.0,1.0,1,1.0,4505,4505,0.43333333333333335,0.00042247147662370806,1,1
"2026.0, 1.0, [8626.4,16483.6], [4078.61125,11570.12875], [-2.3249999999999993,18.325], 1.0, [-3.7,3.7], 0.0, 2.0, [-0.059624999999999956,0.46762499999999996], [22.9269,39.033100000000005], 0.0, 0.0, [47.31,66.69], [-8.80865,24.048650000000002], 2.0","survey_year, region, num_employees, annual_revenue_usd_millions, company_age, ai_adoption_stage, years_using_ai, ai_primary_tool, ai_use_case, ai_maturity_score, ai_failure_rate, data_privacy_level, ai_ethics_committee, ai_risk_management_score, task_automation_rate, survey_source",0.0,1.0,1.0,1,1.0,4506,4506,0.5333333333333333,0.00042247147662370806,1,1
"7.0, 2.0, [8.321049999999996,58.81895], 3.0, [5.75,10.25], 3.0, [9.351799999999997,48.5482], [18.492024999999998,32.767975], [-211872.902,215731.68200000003], [36.86,75.14], 0.0, 2.0","industry, company_size, ai_adoption_rate, ai_adoption_stage, years_using_ai, num_ai_tools_used, ai_training_hours, ai_failure_rate, ai_investment_per_employee, regulatory_compliance_score, data_privacy_level, data_collection_method",1.0,0.1,1.0,1,2.0,4507,4507,0.4,0.0008449429532474161,0,0
"2023.0, [-3.875,17.875], 1.0, 1.0, [-5960.620000000001,7396.620000000001], [13.65,28.35], [2.9365499999999987,30.82345], 3.0, 1.0, 2.0, [-3.41,5.41], [16.9585,38.9215], [68.88,85.12], [44.935,77.065]","survey_year, country, industry, company_size, num_employees, company_age, ai_adoption_rate, ai_adoption_stage, ai_primary_tool, num_ai_tools_used, ai_projects_active, ai_failure_rate, regulatory_compliance_score, ai_risk_management_score",1.0,0.1,1.0,1,1.8,4509,4509,0.4666666666666667,0.0007604486579226745,0,0
"2023.0, 1.0, [13.65,28.35], [2.9365499999999987,30.82345], 3.0, 1.0, 2.0, [-3.41,5.41], [16.9585,38.9215], [68.88,85.12], [44.935,77.065]","survey_year, company_size, company_age, ai_adoption_rate, ai_adoption_stage, ai_primary_tool, num_ai_tools_used, ai_projects_active, ai_failure_rate, regulatory_compliance_score, ai_risk_management_score",1.0,0.1,1.0,1,1.8,4509,4509,0.36666666666666664,0.0007604486579226745,0,0
"2023.0, 3.0, [1.5749999999999993,20.425], 1.0, [-6217.975,6549.975], [25.7,38.3], 3.0, [4.25,9.75], 5.0, 2.0, [3.5,12.5], [20.58505,34.49495], 1.0, [59.115,72.885], [9.051849999999998,37.408150000000006], 3.0","survey_year, quarter, country, company_size, num_employees, company_age, ai_adoption_stage, years_using_ai, ai_primary_tool, num_ai_tools_used, ai_projects_active, ai_failure_rate, ai_ethics_committee, ai_risk_management_score, task_automation_rate, survey_source",1.0,1.0,1.0,1,1.0,4510,4510,0.5333333333333333,0.00042247147662370806,1,1
"[1.2699999999999996,22.73], 2.0, 4.0, 1.0, [-1788.8050000000003,2708.601857060269], [1993.0,2001.0], 1.0, 0.0, 3.0, 5.0, [28.342100000000002,52.9979], [13.472699999999998,32.5073], 0.0, [16.952949999999998,35.40705], 1.0","country, region, industry, company_size, num_employees, company_founding_year, company_age_group, ai_primary_tool, num_ai_tools_used, ai_use_case, ai_training_hours, ai_failure_rate, ai_ethics_committee, task_automation_rate, survey_source",2.0,0.1,1.0,1,2.0,4512,4512,0.5,0.0008449429532474161,0,0
"2025.0, 5.0, 4.0, [-7315.125,7417.125], [-1375.7166000000002,1421.1166000000003], 3.0, 1.0, [-2.78,4.779999999999999], [0.1739999999999995,38.106], [0.5519999999999987,12.608], 0.0, 1.0, [48.72,77.28]","survey_year, region, industry, num_employees, annual_revenue_usd_millions, company_age_group, num_ai_tools_used, ai_projects_active, ai_training_hours, ai_budget_percentage, data_privacy_level, ai_ethics_committee, ai_risk_management_score",0.0,1.0,1.0,1,2.0,4513,4513,0.43333333333333335,0.0008449429532474161,1,1
"2025.0, [6.85,27.15], 4.0, 2.0, [-2881.4101,2912.0301], [1980.88,1999.12], 2.0, [21.711350000000003,43.56865], 2.0, 2.0, 0.0, [0.1429375,0.43506249999999996], [19.269925,35.010075], 2.0, 1.0, [9.082449999999998,32.037549999999996], 0.0","survey_year, country, region, company_size, annual_revenue_usd_millions, company_founding_year, company_age_group, ai_adoption_rate, ai_primary_tool, num_ai_tools_used, ai_use_case, ai_maturity_score, ai_failure_rate, data_privacy_level, ai_ethics_committee, task_automation_rate, data_collection_method",1.0,0.1,1.0,1,2.0,4514,4514,0.5666666666666667,0.0008449429532474161,0,0
"2025.0, 2.0, [4.01,21.990000000000002], 7.0, 1.0, [-4234.965,5782.965], [1999.48,2022.52], [8.05,19.95], [44.855850000000004,89.32415], 2.0, [4.5,9.5], 3.0, [10.2,21.16], [-129913.68640000002,305465.52640000003], 2.0, [60.035,81.965], [27.383249999999997,43.13675], 3.0","survey_year, quarter, country, industry, company_size, num_employees, company_founding_year, company_age, ai_adoption_rate, ai_adoption_stage, years_using_ai, num_ai_tools_used, ai_budget_percentage, ai_investment_per_employee, data_privacy_level, ai_risk_management_score, task_automation_rate, survey_source",1.0,1.0,1.0,1,1.0,4515,4515,0.6,0.00042247147662370806,1,1
"7.0, 1.0, [-7187.125,7545.125], [2007.52,2024.48], [35.4564,81.4701997842602], 2.0, [4.6,8.7], [0.30606220067594103,0.550375], 2.0, 1.0","industry, company_size, num_employees, company_founding_year, ai_adoption_rate, ai_adoption_stage, years_using_ai, ai_maturity_score, data_privacy_level, data_collection_method",2.0,0.1,1.0,1,1.0,4516,4516,0.3333333333333333,0.00042247147662370806,0,0
"7.0, 1.0, [-7187.125,7545.125], [2007.52,2024.48], [35.4564,77.6636], 2.0, [4.6,8.7], 2.0, [0.279625,0.550375], [62.43,81.57], 2.0, 1.0","industry, company_size, num_employees, company_founding_year, ai_adoption_rate, ai_adoption_stage, years_using_ai, ai_primary_tool, ai_maturity_score, regulatory_compliance_score, data_privacy_level, data_collection_method",2.0,0.1,1.0,1,1.0,4516,4516,0.4,0.00042247147662370806,0,0
"[-7.425000000000001,11.425], 2.0, [-3716.60875,3774.90875], [2002.92,2015.08], [44.19135,66.04865], [0.6499999999999999,5.35], 2.0, 4.0, 2.0, [4.6000000000000005,15.399999999999999], [8.212299999999995,44.24770000000001], [9.601199999999999,21.2188], [0.2351875,0.7268125], [11.988249999999999,37.61175], [-81973.8052,174588.94520000002], 2.0, 0.0, [21.41305,38.966950000000004]","country, company_size, annual_revenue_usd_millions, company_founding_year, ai_adoption_rate, years_using_ai, ai_primary_tool, num_ai_tools_used, ai_use_case, ai_projects_active, ai_training_hours, ai_budget_percentage, ai_maturity_score, ai_failure_rate, ai_investment_per_employee, data_privacy_level, ai_ethics_committee, task_automation_rate",1.0,1.0,1.0,1,1.0,4518,4518,0.6,0.00042247147662370806,1,1
"[-4.3950000000000005,10.395], 4.0, 1.0, [-1.3249999999999993,19.325], 2.0, 0.0, [1.6000000000000005,12.399999999999999], [13.453100000000001,31.786900000000003], [1.1779999999999982,16.522000000000002], [0.21500000000000002,0.443], [9.0485,31.0115], [52.4,75.6], 2.0, [9.403049999999999,26.95695], 2.0, 1.0","country, industry, company_size, company_age, ai_adoption_stage, ai_primary_tool, ai_projects_active, ai_training_hours, ai_budget_percentage, ai_maturity_score, ai_failure_rate, regulatory_compliance_score, data_privacy_level, task_automation_rate, survey_source, data_collection_method",0.0,0.1,1.0,1,1.3333333333333333,4519,4519,0.5333333333333333,0.000563295302164944,0,0
"[-4.3950000000000005,10.395], 4.0, 2.0, 0.0, [1.6000000000000005,12.399999999999999], [13.453100000000001,31.786900000000003], [1.1779999999999982,16.522000000000002], [0.21500000000000002,0.443], [9.0485,31.0115], [-92526.4076,132937.8276], [52.4,75.6], 2.0, [9.403049999999999,26.95695], 2.0, 1.0","country, industry, ai_adoption_stage, ai_primary_tool, ai_projects_active, ai_training_hours, ai_budget_percentage, ai_maturity_score, ai_failure_rate, ai_investment_per_employee, regulatory_compliance_score, data_privacy_level, task_automation_rate, survey_source, data_collection_method",0.0,0.1,1.0,1,1.3333333333333333,4519,4519,0.5,0.000563295302164944,0,0
"3.0, [5.78,16.22], 1.0, [-5236.255000000001,5960.255000000001], [-2891.877,-327.1824909042066], [2006.238043310294,2008.2], 3.0, [28.143249999999995,69.59675], 7.0, [1.21,6.79], [29.789399999999997,58.870599999999996], [22.214125,35.025875], [-164961.3532,247093.9732], 2.0","quarter, country, company_size, num_employees, annual_revenue_usd_millions, company_founding_year, company_age_group, ai_adoption_rate, ai_use_case, ai_projects_active, ai_training_hours, ai_failure_rate, ai_investment_per_employee, survey_source",1.0,0.1,1.0,1,1.0,4521,4521,0.4666666666666667,0.00042247147662370806,0,0
"2023.0, 2.0, 7.0, 0.0, [2000.0,2008.0], [7.274999999999999,30.725], [17.65845,65.14155], 2.0, 3.0, 3.0, [5.397199999999999,20.3028], [0.23750000000000004,0.7505], 2.0, [50.425,83.575], 3.0","survey_year, quarter, industry, company_size, company_founding_year, company_age, ai_adoption_rate, ai_adoption_stage, ai_primary_tool, ai_use_case, ai_budget_percentage, ai_maturity_score, data_privacy_level, ai_risk_management_score, survey_source",1.0,1.0,1.0,1,1.0,4522,4522,0.5,0.00042247147662370806,1,1
"[-4.295,16.295], 5.0, 1.0, 3.0, 6.0, [21.449599999999997,61.9104], [-20524.570399999997,298235.2104], [52.879999999999995,69.12], 0.0, 0.0, [54.585,71.415], [6.8173999999999975,30.2226]","country, region, company_age_group, num_ai_tools_used, ai_use_case, ai_training_hours, ai_investment_per_employee, regulatory_compliance_score, data_privacy_level, ai_ethics_committee, ai_risk_management_score, task_automation_rate",2.0,1.0,1.0,1,1.0,4523,4523,0.4,0.00042247147662370806,1,1
"2.0, [-5464.040000000001,5536.040000000001], [-3480.9515000000006,3511.131500000001], [0.0,6.0], 4.0, [2.42,13.58], [5.1876,14.8324], [0.171625,0.6703749999999999], [12.565475,34.894525], [-241807.1212,325740.7812], [37.445,68.555], [17.232546412670327,39.5223]","company_size, num_employees, annual_revenue_usd_millions, years_using_ai, num_ai_tools_used, ai_projects_active, ai_budget_percentage, ai_maturity_score, ai_failure_rate, ai_investment_per_employee, ai_risk_management_score, task_automation_rate",2.0,0.13168724279835387,0.6666666666666666,2,3.0,4816,4524,0.4,0.0025348288597422486,2,3
"2026.0, 3.0, [2.6049999999999995,17.395], 1.0, 6.0, 0.0, [195.16499999999905,13748.835000000001], 2.0, [6.15,9.85], [4.9399999999999995,11.06], [10.224,17.896], [8.340599999999998,28.8394], [45.23,72.77], [15.923649999999999,28.07635], 1.0","survey_year, quarter, country, region, industry, company_size, num_employees, ai_adoption_stage, years_using_ai, ai_projects_active, ai_budget_percentage, ai_failure_rate, ai_risk_management_score, task_automation_rate, data_collection_method",2.0,1.0,1.0,1,1.0,4527,4527,0.5,0.00042247147662370806,1,1
"2024.0, 1.0, [-6479.264999999999,7467.264999999999], [-1304.3438500000002,1991.9238500000001], [2001.08,2012.92], [5.449999999999999,28.55], 1.0, 0.0, 2.0, 0.0, [-1.6900000000000004,5.69], [-2.0228,28.3228], [1.0495999999999999,23.760469740958108], [0.088875,0.331125], [-196713.36480000004,324186.7648], [57.47,90.53], 0.0, [37.505,62.495]","survey_year, company_size, num_employees, annual_revenue_usd_millions, company_founding_year, company_age, company_age_group, ai_primary_tool, num_ai_tools_used, ai_use_case, ai_projects_active, ai_training_hours, ai_budget_percentage, ai_maturity_score, ai_investment_per_employee, regulatory_compliance_score, data_privacy_level, ai_risk_management_score",0.0,0.1,1.0,1,2.0,4529,4529,0.6,0.0008449429532474161,0,0
"2024.0, 0.0, 1.0, [-6479.264999999999,7467.264999999999], [-1304.3438500000002,1991.9238500000001], [2001.08,2012.92], [5.449999999999999,28.55], 0.0, 2.0, 0.0, [-1.6900000000000004,5.69], [-2.0228,28.3228], [1.0495999999999999,23.760469740958108], [-196713.36480000004,324186.7648], 0.0, 0.0, [37.505,62.495]","survey_year, quarter, company_size, num_employees, annual_revenue_usd_millions, company_founding_year, company_age, ai_primary_tool, num_ai_tools_used, ai_use_case, ai_projects_active, ai_training_hours, ai_budget_percentage, ai_investment_per_employee, data_privacy_level, ai_ethics_committee, ai_risk_management_score",0.0,0.1,1.0,1,2.0,4529,4529,0.5666666666666667,0.0008449429532474161,0,0
"2025.0, 5.0, 8.0, 1.0, [-6001.620000000001,7355.620000000001], [109.24163397039592,2928.6366500000004], [19.0623,50.7177], [5.65,10.35], [2.4799999999999995,7.5200000000000005], [0.12787500000000002,0.48412499999999997], [48.31,83.69], 0.0, [51.625,64.375], [19.92355,32.97645], 0.0","survey_year, region, industry, company_size, num_employees, annual_revenue_usd_millions, ai_adoption_rate, years_using_ai, ai_projects_active, ai_maturity_score, regulatory_compliance_score, ai_ethics_committee, ai_risk_management_score, task_automation_rate, data_collection_method",1.0,0.1,1.0,1,1.0,4530,4530,0.5,0.00042247147662370806,0,0
"0.0, [14.445,31.555], 1.0, 1.0, 1.0, [-5419.469999999999,5973.469999999999], [-3241.3953,4150.2353], 2.0, [7.45,10.55], 1.0, 3.0, 6.0, [8.4,15.6], [13.659674999999998,33.060325], [120342.1416,400228.77839999995], [76.95,103.05], 2.0, [58.37,71.63]","quarter, country, region, industry, company_size, num_employees, annual_revenue_usd_millions, ai_adoption_stage, years_using_ai, ai_primary_tool, num_ai_tools_used, ai_use_case, ai_projects_active, ai_failure_rate, ai_investment_per_employee, regulatory_compliance_score, data_privacy_level, ai_risk_management_score",2.0,0.1,1.0,1,1.0,4531,4531,0.6,0.00042247147662370806,0,0
"1.0, [1.1549999999999994,18.845], 1.0, 4.0, [-6666.91,7868.91], [-1031.1697,1565.8897000000002], [1989.36,2006.64], [41.8049,76.4751], 4.0, [3.6100000000000003,16.39], [10.6969,55.5831], [0.24281250000000004,0.7771874999999999], [14.111274999999996,39.368725], 1.0, [45.975,74.025], 0.0","quarter, country, region, industry, num_employees, annual_revenue_usd_millions, company_founding_year, ai_adoption_rate, num_ai_tools_used, ai_projects_active, ai_training_hours, ai_maturity_score, ai_failure_rate, data_privacy_level, ai_risk_management_score, survey_source",2.0,1.0,1.0,1,1.0,4532,4532,0.5333333333333333,0.00042247147662370806,1,1
"1.0, [3.5600000000000005,24.439999999999998], 0.0, 8.0, 1.0, [53.74804999999999,89.17195], [1.7999999999999998,6.2], 3.0, [8.67,15.33], [26.6989,58.941100000000006], [16.44,27.400000000000002], [0.57125,0.77075], [19.760175,31.839825], [51.915,86.08500000000001], [28.358099999999993,45.4619], 2.0","quarter, country, region, industry, company_size, ai_adoption_rate, years_using_ai, ai_primary_tool, ai_projects_active, ai_training_hours, ai_budget_percentage, ai_maturity_score, ai_failure_rate, ai_risk_management_score, task_automation_rate, data_collection_method",2.0,1.0,1.0,1,1.0,4534,4534,0.5333333333333333,0.00042247147662370806,1,1
"2025.0, 2.0, 1.0, [12281.67,24460.33], [6621.73855,10717.10145], [2.2249999999999996,13.775], [42.37325,83.82675], 2.0, 4.0, [8.5064,17.4936], [18.774549999999998,40.00545], 0.0, [13.961249999999996,47.71875]","survey_year, quarter, region, num_employees, annual_revenue_usd_millions, company_age, ai_adoption_rate, ai_adoption_stage, num_ai_tools_used, ai_budget_percentage, ai_failure_rate, data_privacy_level, task_automation_rate",2.0,0.1,1.0,1,1.4,4535,4535,0.43333333333333335,0.0005914600672731913,0,0
"2026.0, 0.0, [14636.474999999999,21511.525], [10.821049999999996,61.31895], 2.0, [6.85,9.761172218803168], 3.0, [15.561599999999997,43.3784], [0.21393749999999997,0.6200625], [-235851.20679999999,323922.0668], 0.0, [52.15,87.85], [17.6482,33.8518], 2.0","survey_year, company_size, num_employees, ai_adoption_rate, ai_adoption_stage, years_using_ai, num_ai_tools_used, ai_training_hours, ai_maturity_score, ai_investment_per_employee, data_privacy_level, ai_risk_management_score, task_automation_rate, data_collection_method",2.0,0.1,1.0,1,1.0,4537,4537,0.4666666666666667,0.00042247147662370806,0,0
"2026.0, 2.0, 0.0, [14636.474999999999,21511.525], [10.821049999999996,61.31895], 2.0, [6.85,9.761172218803168], [15.561599999999997,43.3784], [7.84,18.8], [0.21393749999999997,0.6200625], [20.75715,33.20285], [-235851.20679999999,323922.0668], [17.6482,33.8518], 2.0","survey_year, industry, company_size, num_employees, ai_adoption_rate, ai_adoption_stage, years_using_ai, ai_training_hours, ai_budget_percentage, ai_maturity_score, ai_failure_rate, ai_investment_per_employee, task_automation_rate, data_collection_method",2.0,0.1,1.0,1,1.0,4537,4537,0.4666666666666667,0.00042247147662370806,0,0
"0.0, 0.0, [-3360.5250000000005,3514.5250000000005], [1991.08,2002.92], 2.0, [6.85,13.15], [4.5611,35.5389], [6.913600000000001,19.846400000000003], [0.236625,0.621375], [38.18,71.82], 1.0, [25.6077,46.3123]","quarter, region, num_employees, company_founding_year, ai_adoption_stage, ai_projects_active, ai_training_hours, ai_budget_percentage, ai_maturity_score, regulatory_compliance_score, ai_ethics_committee, task_automation_rate",2.0,0.1,1.0,1,1.0,4540,4540,0.4,0.00042247147662370806,0,0
"0.0, 0.0, [-3360.5250000000005,3514.5250000000005], [1991.08,2002.92], 2.0, 2.0, [6.913600000000001,19.846400000000003], [0.236625,0.621375], [38.18,71.82], 1.0, [24.741592051443835,46.3123]","quarter, region, num_employees, company_founding_year, ai_adoption_stage, ai_primary_tool, ai_budget_percentage, ai_maturity_score, regulatory_compliance_score, ai_ethics_committee, task_automation_rate",2.0,0.1,1.0,1,1.0,4540,4540,0.36666666666666664,0.00042247147662370806,0,0
"2024.0, 0.0, [11.995,32.005], 0.0, 6.0, [1994.6,2015.4], 1.0, [3.799949999999999,58.820049999999995], 3.0, [1.25,8.75], 0.0, [3.58,10.42], [42.21,71.79], 1.0, 0.0, [38.875,77.125], [5.602649999999997,26.757350000000002], 3.0","survey_year, quarter, country, region, industry, company_founding_year, company_age_group, ai_adoption_rate, ai_adoption_stage, years_using_ai, ai_use_case, ai_projects_active, regulatory_compliance_score, data_privacy_level, ai_ethics_committee, ai_risk_management_score, task_automation_rate, survey_source",2.0,1.0,1.0,1,1.0,4541,4541,0.6,0.00042247147662370806,1,1
"3.0, 8.0, 0.0, [2012.96,2027.04], [1.0999999999999996,10.9], [44.4445,67.0555], 3.0, 2.0, [4.5200000000000005,17.48], [27.327499999999997,43.1325], [2.274124999999999,15.085875000000001], 2.0, 1.0, [62.055,81.945], [17.397399999999998,40.802600000000005], 1.0","quarter, industry, company_size, company_founding_year, company_age, ai_adoption_rate, ai_primary_tool, num_ai_tools_used, ai_projects_active, ai_training_hours, ai_failure_rate, data_privacy_level, ai_ethics_committee, ai_risk_management_score, task_automation_rate, data_collection_method",2.0,1.0,1.0,1,1.0,4542,4542,0.5333333333333333,0.00042247147662370806,1,1
"2024.0, 2.0, 1.0, 4.0, 1.0, [-5028.610000000001,5578.610000000001], [-3122.5980500000005,3769.5980500000005], [2004.0,2028.0], [3.45,12.55], 3.0, 4.0, 2.0, [-9.183300000000003,24.323300000000003], [0.1458125,0.45218749999999996], [25.879925,41.620075], [-119621.986,385728.88600000006]","survey_year, quarter, region, industry, company_size, num_employees, annual_revenue_usd_millions, company_founding_year, company_age, ai_adoption_stage, ai_primary_tool, num_ai_tools_used, ai_training_hours, ai_maturity_score, ai_failure_rate, ai_investment_per_employee",1.0,0.1,1.0,1,3.0,4544,4544,0.5333333333333333,0.0012674144298711243,0,0
"2025.0, [5.734999999999999,22.265], 0.0, [-6148.264999999999,7798.264999999999], [-2584.83665,3108.7166500000003], 3.0, [1.85,8.15], [4.9443,28.335700000000003], [0.20024999999999998,0.39975], [30.906202357524606,38.867975], [-268438.6056,306883.92559999996], [48.14,67.86], 2.0, [35.955,66.045], [-2.3718000000000004,13.831800000000001], 1.0","survey_year, country, region, num_employees, annual_revenue_usd_millions, ai_adoption_stage, years_using_ai, ai_training_hours, ai_maturity_score, ai_failure_rate, ai_investment_per_employee, regulatory_compliance_score, data_privacy_level, ai_risk_management_score, task_automation_rate, data_collection_method",0.0,0.1,1.0,1,1.0,4545,4545,0.5333333333333333,0.00042247147662370806,0,0
"5.0, 1.0, [2008.56,2019.44], [-0.3249999999999993,20.325], 2.0, [4.05,7.95], 2.0, 5.0, [20.435000000000002,52.045], [5.890799999999999,11.8092], [35.730000000000004,72.27], 1.0","region, company_size, company_founding_year, company_age, ai_adoption_stage, years_using_ai, ai_primary_tool, ai_use_case, ai_training_hours, ai_budget_percentage, regulatory_compliance_score, data_privacy_level",2.0,0.1,1.0,1,1.0,4546,4546,0.4,0.00042247147662370806,0,0
"[1.1999999999999993,12.8], 0.0, 0.0, 2.0, 2.0, [16.403624999999998,36.536375], 0.0, 0.0, [49.075,66.925], [16.5574,39.9626], 3.0","country, region, company_age_group, ai_adoption_stage, num_ai_tools_used, ai_failure_rate, data_privacy_level, ai_ethics_committee, ai_risk_management_score, task_automation_rate, data_collection_method",2.0,1.0,1.0,1,1.0,4547,4547,0.36666666666666664,0.00042247147662370806,1,1
"[13.415000000000001,34.585], 2.0, [-1011.0666000000002,1785.7666000000004], [1989.12,2002.88], [23.1,32.9], [7.968599999999999,41.1314], 3.0, 2.0, [8.3677,35.5523], [5.722799999999999,12.737200000000001], [0.030687500000000034,0.46531249999999996], [17.454124999999998,30.265875], [55.85,76.15], 0.0, 2.0","country, region, annual_revenue_usd_millions, company_founding_year, company_age, ai_adoption_rate, ai_adoption_stage, ai_use_case, ai_training_hours, ai_budget_percentage, ai_maturity_score, ai_failure_rate, regulatory_compliance_score, data_privacy_level, survey_source",1.0,0.1,1.0,1,1.0,4548,4548,0.5,0.00042247147662370806,0,0
"[13.415000000000001,34.585], 2.0, [-1011.0666000000002,1785.7666000000004], [1989.12,2002.88], [23.1,32.9], 1.0, [7.968599999999999,41.1314], 3.0, [-1.5999999999999996,5.6], 2.0, [8.3677,35.5523], [5.722799999999999,12.737200000000001], [0.030687500000000034,0.46531249999999996], [17.454124999999998,30.265875], [55.85,76.15], 0.0, 2.0","country, region, annual_revenue_usd_millions, company_founding_year, company_age, company_age_group, ai_adoption_rate, ai_adoption_stage, years_using_ai, ai_use_case, ai_training_hours, ai_budget_percentage, ai_maturity_score, ai_failure_rate, regulatory_compliance_score, data_privacy_level, data_collection_method",1.0,0.1,1.0,1,1.0,4548,4548,0.5666666666666667,0.00042247147662370806,0,0
"2025.0, [-1910.2680000000003,2085.208], [40.97695,80.92305], 2.0, 2.0, [26.536199999999997,63.2038], [8.1356,16.6844], [0.26606250000000004,0.7719374999999999], [9.547824999999998,26.752175], [-99181.0676,126283.1676], 0.0, [9.097299999999997,33.4027]","survey_year, annual_revenue_usd_millions, ai_adoption_rate, ai_adoption_stage, ai_use_case, ai_training_hours, ai_budget_percentage, ai_maturity_score, ai_failure_rate, ai_investment_per_employee, ai_ethics_committee, task_automation_rate",2.0,1.0,1.0,1,2.0,4767,4549,0.4,0.0008449429532474161,1,1
"2023.0, 3.0, 2.0, [-4553.18,5661.18], 1.0, [11.60285,40.997150000000005], 1.0, 2.0, [-1.4418000000000006,22.5818], [5.3511999999999995,11.488800000000001], [0.004750000000000032,0.37525], [73.44,110.56], 1.0, [8.826799999999999,37.6332], 0.0","survey_year, quarter, region, num_employees, company_age_group, ai_adoption_rate, ai_primary_tool, num_ai_tools_used, ai_training_hours, ai_budget_percentage, ai_maturity_score, regulatory_compliance_score, ai_ethics_committee, task_automation_rate, survey_source",0.0,1.0,1.0,1,1.0,4550,4550,0.5,0.00042247147662370806,1,1
"2025.0, 1.0, [17.36,26.64], 1.0, [-4630.535,4994.535], [-2227.3359500000006,2866.89595], [1987.96,2002.04], [21.075,38.925], [-0.4500000000000002,6.45], 1.0, 0.0, [3.13,10.870000000000001], [0.22131249999999997,0.4706875], [53.75,68.25], 0.0, [50.33,67.67], 3.0, 3.0","survey_year, quarter, country, company_size, num_employees, annual_revenue_usd_millions, company_founding_year, company_age, years_using_ai, num_ai_tools_used, ai_use_case, ai_projects_active, ai_maturity_score, regulatory_compliance_score, ai_ethics_committee, ai_risk_management_score, survey_source, data_collection_method",0.0,0.1,1.0,1,1.0,4553,4553,0.6,0.00042247147662370806,0,0
"2025.0, 1.0, [17.36,26.64], 1.0, [-4630.535,4994.535], [-2227.3359500000006,2866.89595], [21.075,38.925], [-0.4500000000000002,6.45], 1.0, 0.0, [3.13,10.870000000000001], [0.22131249999999997,0.4706875], [53.75,68.25], 0.0, 3.0, 3.0","survey_year, quarter, country, company_size, num_employees, annual_revenue_usd_millions, company_age, years_using_ai, num_ai_tools_used, ai_use_case, ai_projects_active, ai_maturity_score, regulatory_compliance_score, ai_ethics_committee, survey_source, data_collection_method",0.0,0.1,1.0,1,1.0,4553,4553,0.5333333333333333,0.00042247147662370806,0,0
"2023.0, 0.0, 0.0, 6.0, 1.0, [-3166.191500000001,3825.8915000000006], 3.0, [-3.1556499999999996,33.77565], [2.45,5.55], 1.0, 5.0, [-2.79,2.79], [9.718899999999998,41.9611], [-0.026437499999999975,0.4224375], [-130709.86240000001,421288.7824], [54.95,81.05], 0.0, 0.0, 0.0","survey_year, quarter, region, industry, company_size, annual_revenue_usd_millions, company_age_group, ai_adoption_rate, years_using_ai, ai_primary_tool, ai_use_case, ai_projects_active, ai_training_hours, ai_maturity_score, ai_investment_per_employee, regulatory_compliance_score, data_privacy_level, ai_ethics_committee, survey_source",1.0,1.0,1.0,1,1.0,4554,4554,0.6333333333333333,0.00042247147662370806,1,1
"2024.0, [-6497.405000000001,6663.405000000001], [2013.72,2024.28], 0.0, [5.778599999999997,38.9414], 3.0, 5.0, [-1.5,7.5], [-0.7388000000000003,5.3988000000000005], [-216901.6496,241801.4496], [51.28,90.72], 2.0, 1.0","survey_year, num_employees, company_founding_year, company_age_group, ai_adoption_rate, ai_adoption_stage, ai_use_case, ai_projects_active, ai_budget_percentage, ai_investment_per_employee, regulatory_compliance_score, data_privacy_level, ai_ethics_committee",0.0,0.1,1.0,1,1.6666666666666667,4555,4555,0.43333333333333335,0.0007041191277061802,0,0
"2024.0, 0.0, [-6497.405000000001,6663.405000000001], [2013.72,2024.28], 0.0, 5.0, [-0.7388000000000003,5.3988000000000005], [0.010937500000000017,0.1890625], [-216901.6496,241801.4496], [51.28,90.72], 2.0, 1.0, [33.894999999999996,70.105]","survey_year, quarter, num_employees, company_founding_year, company_age_group, ai_use_case, ai_budget_percentage, ai_maturity_score, ai_investment_per_employee, regulatory_compliance_score, data_privacy_level, ai_ethics_committee, ai_risk_management_score",0.0,0.1,1.0,1,1.6666666666666667,4555,4555,0.43333333333333335,0.0007041191277061802,0,0
"2023.0, 1.0, 1.0, [-3059.0108000000005,3333.7508000000003], [2005.04,2014.96], [55.73174999999999,89.64825], 0.0, [0.10000000000000009,3.9], 4.0, [36.30449999999999,71.0755], [9.932025,24.207975], [-70744.71679999997,489028.5568], 0.0, 3.0","survey_year, region, company_size, annual_revenue_usd_millions, company_founding_year, ai_adoption_rate, ai_adoption_stage, years_using_ai, num_ai_tools_used, ai_training_hours, ai_failure_rate, ai_investment_per_employee, data_privacy_level, data_collection_method",2.0,0.1,1.0,1,1.0,4557,4557,0.4666666666666667,0.00042247147662370806,0,0
"2025.0, [13.995,34.005], 2.0, 8.0, 0.0, [1986.76,1999.24], [23.1632805864525,26.575], 2.0, 2.0, [5.1,10.9], 1.0, 1.0, [28.277399999999997,70.0026], [9.5896,20.3304], [9.1053,19.3547], [-70592.8088,333687.8888], 0.0, 1.0, 2.0, 1.0","survey_year, country, region, industry, company_size, company_founding_year, company_age, company_age_group, ai_adoption_stage, years_using_ai, ai_primary_tool, num_ai_tools_used, ai_training_hours, ai_budget_percentage, ai_failure_rate, ai_investment_per_employee, data_privacy_level, ai_ethics_committee, survey_source, data_collection_method",2.0,0.1,1.0,1,1.0,4558,4558,0.6666666666666666,0.00042247147662370806,0,0
"[18.795,27.205], [-3143.6000000000004,4713.6], [-2895.6935500000004,2997.63355], [10.274999999999999,33.725], [3.7718999999999987,23.368100000000002], 3.0, [0.25,7.75], 2.0, 4.0, [-2.5,6.5], [-10.879199999999999,34.6392], [2.3712,8.5088], [0.023187500000000028,0.28681249999999997], [-113084.542,120154.322], 0.0, 0.0","country, num_employees, annual_revenue_usd_millions, company_age, ai_adoption_rate, ai_adoption_stage, years_using_ai, num_ai_tools_used, ai_use_case, ai_projects_active, ai_training_hours, ai_budget_percentage, ai_maturity_score, ai_investment_per_employee, data_privacy_level, ai_ethics_committee",0.0,1.0,1.0,1,1.0,4559,4559,0.5333333333333333,0.00042247147662370806,1,1
"2025.0, [-3.3499999999999996,5.35], 4.0, 0.0, [1982.28,2003.72], 1.0, [12.295299999999997,29.3647], [4.4116,10.7684], [33.4111,46.5889], [18.07275,38.32725], 0.0","survey_year, country, region, industry, company_founding_year, num_ai_tools_used, ai_training_hours, ai_budget_percentage, ai_failure_rate, task_automation_rate, data_collection_method",0.0,0.1,1.0,1,1.0,4560,4560,0.36666666666666664,0.00042247147662370806,0,0
"2025.0, [-3.3499999999999996,5.35], 4.0, 0.0, 1.0, [1982.28,2003.72], 2.0, 1.0, [12.295299999999997,29.3647], [4.4116,10.7684], [33.4111,46.5889], [48.31,67.69], [18.07275,35.70059870946667], 0.0","survey_year, country, region, industry, company_size, company_founding_year, company_age_group, num_ai_tools_used, ai_training_hours, ai_budget_percentage, ai_failure_rate, ai_risk_management_score, task_automation_rate, data_collection_method",1,0.1,1.0,1,1.0,4560,4560,0.4666666666666667,0.00042247147662370806,0,0
"2.0, [-5803.975,6963.975], [-2823.9608000000003,3568.8008000000004], [21.593399999999995,48.7266], 2.0, [0.064,0.52], 0.0, [59.015,82.985]","quarter, num_employees, annual_revenue_usd_millions, ai_adoption_rate, ai_adoption_stage, ai_maturity_score, data_privacy_level, ai_risk_management_score",1,0.0063582343481257495,0.36363636363636365,1,5.9394688,4996,4561,0.26666666666666666,0.0025092561542964433,4,11
"2026.0, [0.3600000000000003,9.64], 7.0, [21.575000000000003,46.425], 2.0, 2.0, [3.35,10.65], 3.0, 3.0, [2.1399999999999997,11.86], [28.017500000000002,43.822500000000005], [8.9248,26.495200000000004], [58.35,73.65], [10.087299999999995,34.392700000000005], 3.0, 0.0","survey_year, country, industry, company_age, company_age_group, ai_adoption_stage, years_using_ai, num_ai_tools_used, ai_use_case, ai_projects_active, ai_training_hours, ai_failure_rate, ai_risk_management_score, task_automation_rate, survey_source, data_collection_method",1.0,0.1,1.0,1,1.5,4562,4562,0.5333333333333333,0.0006337072149355621,0,0
"2.0, [-4519.395,5891.395], [1984.44,1997.56], [28.45,37.55], 2.0, 2.0, 3.0, 2.0, [1.1499999999999995,12.850000000000001], [18.1269,63.0131], [0.29756250000000006,0.6324375], [13.789250000000001,24.77075], [48.82,67.18], [15.7883,31.091700000000003], 0.0","region, num_employees, company_founding_year, company_age, company_age_group, ai_adoption_stage, num_ai_tools_used, ai_use_case, ai_projects_active, ai_training_hours, ai_maturity_score, ai_failure_rate, ai_risk_management_score, task_automation_rate, data_collection_method",2.0,0.1,1.0,1,1.0,4563,4563,0.5,0.00042247147662370806,0,0
"2.0, 2.0, 3.0, [-4519.395,5891.395], [1984.44,1997.56], [28.45,37.55], 2.0, 2.0, 3.0, [1.1499999999999995,12.850000000000001], [18.1269,63.0131], [0.29756250000000006,0.6324375], [13.789250000000001,24.77075], [48.82,67.18], [15.7883,31.091700000000003], 0.0","quarter, region, industry, num_employees, company_founding_year, company_age, company_age_group, ai_adoption_stage, num_ai_tools_used, ai_projects_active, ai_training_hours, ai_maturity_score, ai_failure_rate, ai_risk_management_score, task_automation_rate, data_collection_method",2.0,0.1,1.0,1,1.0,4563,4563,0.5333333333333333,0.00042247147662370806,0,0
"2.0, 1.0, [-12736.643349589613,6632.1900000000005], [0.7750000000000004,17.225], [13.14215,59.117850000000004], 2.0, [4.199999999999999,9.8], 3.0, [1.4899999999999998,8.51], [6.675499999999998,35.1245], [9.403199999999998,16.6368], [0.1338125,0.5541874999999999], [17.509675,36.910325], [46.41,87.59], 0.0, [29.15,64.85], [-0.6224000000000007,20.9824], 2.0, 0.0","quarter, industry, num_employees, company_age, ai_adoption_rate, ai_adoption_stage, years_using_ai, ai_primary_tool, ai_projects_active, ai_training_hours, ai_budget_percentage, ai_maturity_score, ai_failure_rate, regulatory_compliance_score, ai_ethics_committee, ai_risk_management_score, task_automation_rate, survey_source, data_collection_method",0.0,0.1,1.0,1,1.3333333333333333,4564,4564,0.6333333333333333,0.000563295302164944,0,0
"2025.0, 3.0, [15.23,22.77], 1.0, 6.0, [5050.016799999999,10643.683200000001], [6.775,23.225], 3.0, 2.0, [5.45,10.55], 3.0, 3.0, [0.2724375,0.6215625], [11.798075,25.341925], [-45578.750400000004,273181.0304], [55.585,72.415], 0.0","survey_year, quarter, country, region, industry, annual_revenue_usd_millions, company_age, company_age_group, ai_adoption_stage, years_using_ai, ai_primary_tool, num_ai_tools_used, ai_maturity_score, ai_failure_rate, ai_investment_per_employee, ai_risk_management_score, data_collection_method",2.0,1.0,1.0,1,1.0,4565,4565,0.5666666666666667,0.00042247147662370806,1,1
"[4.574999999999999,23.425], 3.0, 1.0, [-6070.975,6696.975], [-2759.74735,3533.12735], [1990.48,2013.52], [12.15,33.85], 5.0, 2.0, 0.0, [5.4799999999999995,10.52], [-1.9292000000000002,9.4692], [-210044.4004,303081.1004], [41.485,68.515], 1.0","country, industry, company_size, num_employees, annual_revenue_usd_millions, company_founding_year, company_age, ai_primary_tool, num_ai_tools_used, ai_use_case, ai_projects_active, ai_budget_percentage, ai_investment_per_employee, ai_risk_management_score, data_collection_method",0.0,0.1,1.0,1,1.0,4568,4568,0.5,0.00042247147662370806,0,0
"2026.0, 2.0, [12.445,29.555], 7.0, 2.0, [-4389.675,4449.675], [-1725.5807500000003,1770.4607500000004], 3.0, [-3.376899999999999,52.3969], 2.0, 1.0, [-3.880900000000004,39.7409], [25.6332,37.3468], 2.0, 1.0, 3.0","survey_year, quarter, country, industry, company_size, num_employees, annual_revenue_usd_millions, company_age_group, ai_adoption_rate, num_ai_tools_used, ai_use_case, ai_training_hours, ai_failure_rate, data_privacy_level, survey_source, data_collection_method",1.0,0.1,1.0,1,1.5,4569,4569,0.5333333333333333,0.0006337072149355621,0,0
"2026.0, 2.0, [2.0549999999999997,13.945], 2.0, [1998.72,2017.28], 1.0, [26.222299999999997,57.8777], 2.0, [4.05,7.95], 2.0, [22.714799999999997,42.9452], [7.857599999999999,22.982400000000002], [0.33868750000000003,0.5453125], [24146.766399999993,366230.4336], [48.3,65.7], 1.0, 0.0, [42.21,71.78999999999999], [18.16205,44.71795], 1.0","survey_year, quarter, country, region, company_founding_year, company_age_group, ai_adoption_rate, ai_adoption_stage, years_using_ai, ai_use_case, ai_training_hours, ai_budget_percentage, ai_maturity_score, ai_investment_per_employee, regulatory_compliance_score, data_privacy_level, ai_ethics_committee, ai_risk_management_score, task_automation_rate, survey_source",1.0,0.1,1.0,1,1.0,4571,4571,0.6666666666666666,0.00042247147662370806,0,0
"2026.0, 2.0, [2.0549999999999997,13.945], 2.0, [1998.72,2017.28], 1.0, [26.222299999999997,57.8777], 2.0, [4.05,7.95], 0.0, 2.0, [22.714799999999997,42.9452], [7.857599999999999,22.982400000000002], [0.33868750000000003,0.5453125], [24146.766399999993,366230.4336], [48.3,65.7], 1.0, [42.21,71.78999999999999], 1.0","survey_year, quarter, country, region, company_founding_year, company_age_group, ai_adoption_rate, ai_adoption_stage, years_using_ai, ai_primary_tool, ai_use_case, ai_training_hours, ai_budget_percentage, ai_maturity_score, ai_investment_per_employee, regulatory_compliance_score, data_privacy_level, ai_risk_management_score, survey_source",1.0,0.1,1.0,1,1.0,4571,4571,0.6333333333333333,0.00042247147662370806,0,0
"2026.0, 0.0, [1.8499999999999996,22.15], 1.0, [-2101.6294000000003,3092.4894], 0.0, 2.0, [-1.0500000000000003,3.0500000000000003], 3.0, [0.25906250000000003,0.7649375], [29284.823600000003,270298.3164], [68.21,97.79], 2.0, 0.0, [60.115,73.885], 1.0, 2.0","survey_year, quarter, country, company_size, annual_revenue_usd_millions, company_age_group, ai_adoption_stage, years_using_ai, ai_primary_tool, ai_maturity_score, ai_investment_per_employee, regulatory_compliance_score, data_privacy_level, ai_ethics_committee, ai_risk_management_score, survey_source, data_collection_method",2.0,1.0,1.0,1,1.0,4572,4572,0.5666666666666667,0.00042247147662370806,1,1
"3.0, 1.0, 5.0, 2.0, 0.0, 2.0, [14.204299999999998,37.5957], [6.6899999999999995,17.65], [8.403124999999998,35.856875], [51609.44959999999,370369.2304], 3.0, 0.0","quarter, region, industry, company_age_group, ai_primary_tool, num_ai_tools_used, ai_training_hours, ai_budget_percentage, ai_failure_rate, ai_investment_per_employee, survey_source, data_collection_method",1.0,1.0,1.0,1,1.0,4574,4574,0.4,0.00042247147662370806,1,1
"2026.0, 0.0, 4.0, 2.0, [-3073.8150000000005,4979.8150000000005], [2008.24,2027.76], 3.0, 1.0, [-2.3000000000000003,2.3000000000000003], 5.0, 1.0, 3.0, [-4.32,4.32], [-7.0238,29.6438], [-7.014400000000001,7.014400000000001], [-0.17031249999999998,0.26431249999999995], [-171041.8336,171041.8336], 0.0, 1.0","survey_year, quarter, region, industry, num_employees, company_founding_year, company_age_group, ai_adoption_stage, years_using_ai, ai_primary_tool, num_ai_tools_used, ai_use_case, ai_projects_active, ai_training_hours, ai_budget_percentage, ai_maturity_score, ai_investment_per_employee, data_privacy_level, survey_source",1.0,1.0,1.0,1,1.0,4575,4575,0.6333333333333333,0.00042247147662370806,1,1
"6.0, 1.0, [-2667.06665,3026.4866500000003], [1996.44,2009.56], 1.0, [7.634350000000001,44.565650000000005], [6.199999999999999,11.8], 2.0, [6.265699999999999,46.094300000000004], [2.4979999999999993,12.362], [0.14675000000000005,0.40325], [26.398999999999997,41.041], [56.37,83.63], [56.86,71.14], 3.0","industry, company_size, annual_revenue_usd_millions, company_founding_year, company_age_group, ai_adoption_rate, years_using_ai, num_ai_tools_used, ai_training_hours, ai_budget_percentage, ai_maturity_score, ai_failure_rate, regulatory_compliance_score, ai_risk_management_score, data_collection_method",1.0,1.0,1.0,1,3.0,4576,4576,0.5,0.0012674144298711243,1,1
"2024.0, 3.0, [17.46,32.54], 2.0, 0.0, 0.0, [11816.875,26549.125], [-1574.9504500000003,4518.15045], [-0.15536210277906548,27.05], [44.314499999999995,66.9255], 2.0, [0.6999999999999997,7.300000000000001], 2.0, [10.21,15.79], [34.2733,63.986700000000006], [4.869199999999999,20.8708], [75.15,112.85], 2.0, 0.0, [58.72,87.28], 3.0","survey_year, quarter, country, region, industry, company_size, num_employees, annual_revenue_usd_millions, company_age, ai_adoption_rate, ai_adoption_stage, years_using_ai, ai_primary_tool, ai_projects_active, ai_training_hours, ai_budget_percentage, regulatory_compliance_score, data_privacy_level, ai_ethics_committee, ai_risk_management_score, survey_source",2.0,0.1,1.0,1,2.5,4578,4578,0.7,0.0010561786915592702,0,0
"2.0, [-3.2650000000000006,13.265], 1.0, [-2062.6449000000002,2132.6049000000003], [2002.56,2013.44], [10.75,21.25], [9.293099999999999,65.0669], 2.0, [5.691599999999999,33.5084], [6.371199999999999,12.5088], [21.672275,32.287725], [-220197.34480000002,300702.7848], [66.25,109.75], 2.0, 0.0, [41.64,78.36], 3.0","quarter, country, region, annual_revenue_usd_millions, company_founding_year, company_age, ai_adoption_rate, ai_adoption_stage, ai_training_hours, ai_budget_percentage, ai_failure_rate, ai_investment_per_employee, regulatory_compliance_score, data_privacy_level, ai_ethics_committee, ai_risk_management_score, data_collection_method",1.0,0.1,1.0,1,1.0,4580,4580,0.5666666666666667,0.00042247147662370806,0,0
"2026.0, [7.3149999999999995,22.685000000000002], 5.0, [7908.882699999999,11305.0373], [30.75,41.25], 3.0, 4.0, 5.0, [-1.6780000000000002,4.898000000000001], [0.023375000000000062,0.7453084600856845], [13.7264,49.30803792628018], [-136854.87800000003,213003.418], 0.0, [3.5477999999999987,23.3522]","survey_year, country, industry, annual_revenue_usd_millions, company_age, ai_adoption_stage, ai_primary_tool, ai_use_case, ai_budget_percentage, ai_maturity_score, ai_failure_rate, ai_investment_per_employee, data_privacy_level, task_automation_rate",2.0,0.1,1.0,1,1.3333333333333333,4582,4582,0.4666666666666667,0.000563295302164944,0,0
"2025.0, 2.0, [21.025,36.975], [-6738.835000000001,6814.835000000001], [2016.2,2025.8], [-5.1,13.1], 0.0, 2.0, [3.03,8.97], [-1.764800000000001,12.0448], [0.11781250000000004,0.4241875], [21.508999999999997,36.150999999999996], [-211287.41160000002,286288.83160000003], 1.0, [55.29,76.71]","survey_year, quarter, country, num_employees, company_founding_year, company_age, company_age_group, ai_adoption_stage, ai_projects_active, ai_budget_percentage, ai_maturity_score, ai_failure_rate, ai_investment_per_employee, ai_ethics_committee, ai_risk_management_score",1.0,0.1,1.0,1,1.0,4583,4583,0.5,0.00042247147662370806,0,0
"2024.0, 2.0, 0.0, 1.0, 1.0, 1.0, [-6.210000000000001,6.210000000000001], [-0.8748000000000005,12.934800000000001], [-0.0529375,0.3389375], [59.95,86.05], 0.0, 0.0, [36.31,55.69], [-5.026750000000002,10.726750000000001], 0.0","survey_year, quarter, industry, company_size, ai_adoption_stage, num_ai_tools_used, ai_projects_active, ai_budget_percentage, ai_maturity_score, regulatory_compliance_score, data_privacy_level, ai_ethics_committee, ai_risk_management_score, task_automation_rate, data_collection_method",0.0,0.1,1.0,1,1.3333333333333333,4584,4584,0.5,0.000563295302164944,0,0
"2024.0, 2.0, 0.0, 1.0, 1.0, 2.0, 1.0, [-6.210000000000001,6.210000000000001], [-0.8748000000000005,12.934800000000001], [-0.0529375,0.3389375], [59.95,86.05], [36.31,55.69], [-5.026750000000002,10.726750000000001], 0.0","survey_year, quarter, industry, company_size, ai_adoption_stage, ai_primary_tool, num_ai_tools_used, ai_projects_active, ai_budget_percentage, ai_maturity_score, regulatory_compliance_score, ai_risk_management_score, task_automation_rate, data_collection_method",0.0,0.1,1.0,1,1.3333333333333333,4584,4584,0.4666666666666667,0.000563295302164944,0,0
"[20.925,31.075], 1.0, 1.0, [-5601.405000000001,7559.405000000001], 3.0, [1.15,4.85], 2.0, [3.3099999999999996,10.690000000000001], [14.0977,41.282300000000006], [1.0632000000000001,13.7768], [-82257.522,150981.342], 0.0, 1.0, [44.095,59.905], 0.0","country, region, company_size, num_employees, ai_adoption_stage, years_using_ai, ai_use_case, ai_projects_active, ai_training_hours, ai_budget_percentage, ai_investment_per_employee, data_privacy_level, ai_ethics_committee, ai_risk_management_score, survey_source",2.0,0.1,1.0,1,1.3333333333333333,4585,4585,0.5,0.000563295302164944,0,0
"[20.925,31.075], 1.0, 1.0, [-5601.405000000001,7559.405000000001], [-10.125,16.125], 3.0, [1.15,4.85], [14.0977,41.282300000000006], [1.0632000000000001,13.7768], [-82257.522,150981.342], 0.0, 1.0, [44.095,59.905], 0.0","country, region, company_size, num_employees, company_age, ai_adoption_stage, years_using_ai, ai_training_hours, ai_budget_percentage, ai_investment_per_employee, data_privacy_level, ai_ethics_committee, ai_risk_management_score, survey_source",2.0,0.1,1.0,1,1.3333333333333333,4585,4585,0.4666666666666667,0.000563295302164944,0,0
"2023.0, [20.735,37.265], 6.0, 0.0, [-3293.5751552730753,7150.54805], 1.0, 3.0, [1.1,4.9], 2.0, 2.0, [13.903374999999999,37.696625000000004], [49.14,68.86], 0.0, [39.485,66.515], [4.263249999999999,20.016750000000002], 3.0, 2.0","survey_year, country, industry, company_size, annual_revenue_usd_millions, company_age_group, ai_adoption_stage, years_using_ai, num_ai_tools_used, ai_use_case, ai_failure_rate, regulatory_compliance_score, data_privacy_level, ai_risk_management_score, task_automation_rate, survey_source, data_collection_method",1.0,0.1,1.0,1,1.3333333333333333,4586,4586,0.5666666666666667,0.000563295302164944,0,0
"2023.0, 1.0, 2.0, [-4439.89,4595.89], [-2942.3135500000003,2951.01355], 0.0, [3.274199999999997,54.525800000000004], 3.0, [-1.4500000000000002,3.45], 2.0, 7.0, [2.3000000000000003,7.699999999999999], [-1.357400000000002,20.137400000000003], [-0.13720000000000043,6.8772], [-278007.92679999996,281765.3468], 0.0, [-2.6383500000000026,27.51835], 2.0","survey_year, region, company_size, num_employees, annual_revenue_usd_millions, company_age_group, ai_adoption_rate, ai_adoption_stage, years_using_ai, num_ai_tools_used, ai_use_case, ai_projects_active, ai_training_hours, ai_budget_percentage, ai_investment_per_employee, data_privacy_level, task_automation_rate, survey_source",1.0,0.1,1.0,1,1.0,4588,4588,0.6,0.00042247147662370806,0,0
"[-0.5549999999999997,16.555], 2.0, 7.0, [-3365.5746000000004,3426.7346000000002], 3.0, [4.388999999999999,49.611000000000004], 3.0, [0.08743750000000003,0.43656249999999996], [-177292.21600000001,328058.656], [63.34,94.66], 0.0, 0.0, [29.700000000000003,60.3], 3.0","country, region, industry, annual_revenue_usd_millions, company_age_group, ai_adoption_rate, ai_adoption_stage, ai_maturity_score, ai_investment_per_employee, regulatory_compliance_score, data_privacy_level, ai_ethics_committee, ai_risk_management_score, data_collection_method",0.0,0.1,1.0,1,3.0,4589,4589,0.4666666666666667,0.0012674144298711243,0,0
"2025.0, [11.605,26.395], 1.0, 1.0, [-3735.675,5103.675], [-1.0,13.0], 3.0, 3.0, [-2.41,6.41], [-171258.252,256346.33200000002], [51.4,74.6], 2.0, 1.0, 0.0","survey_year, country, region, company_size, num_employees, company_age, company_age_group, ai_adoption_stage, ai_projects_active, ai_investment_per_employee, regulatory_compliance_score, data_privacy_level, ai_ethics_committee, data_collection_method",0.0,1.0,1.0,1,1.0,4590,4590,0.4666666666666667,0.00042247147662370806,1,1
"4.0, [-3595.95185,3695.79185], [1996.2,2005.8], [11.875,38.125], 1.0, [4.25,9.75], 4.0, 1.0, 2.0, [10.821399999999999,27.2586], [0.03637500000000002,0.33562499999999995], [24.631099999999996,37.8089], [-71447.53520000001,185115.2152], [72.53,97.47], [21.13,58.870000000000005], [6.0578,25.8622], 1.0","industry, annual_revenue_usd_millions, company_founding_year, company_age, company_age_group, years_using_ai, ai_primary_tool, num_ai_tools_used, ai_use_case, ai_training_hours, ai_maturity_score, ai_failure_rate, ai_investment_per_employee, regulatory_compliance_score, ai_risk_management_score, task_automation_rate, data_collection_method",0.0,1.0,1.0,1,1.0,4592,4592,0.5666666666666667,0.00042247147662370806,1,1
"4.0, 2.0, [-1228.7162500000002,1268.45625], [1988.28,2009.72], [15.775,32.225], 1.0, [5.3,8.7], 2.0, 0.0, [0.6799999999999997,9.32], [-1.5932000000000013,13.093200000000001], [0.12562500000000001,0.39637500000000003], [-192282.82080000002,250871.02080000003], [52.86,91.14], 2.0","region, company_size, annual_revenue_usd_millions, company_founding_year, company_age, company_age_group, years_using_ai, num_ai_tools_used, ai_use_case, ai_projects_active, ai_budget_percentage, ai_maturity_score, ai_investment_per_employee, regulatory_compliance_score, data_collection_method",0.0,0.1,1.0,1,1.5,4593,4593,0.5,0.0006337072149355621,0,0
"4.0, 2.0, [1988.28,2009.72], [15.775,32.225], 1.0, [5.3,8.7], 0.0, [0.6799999999999997,9.32], [0.12562500000000001,0.39637500000000003], [-192282.82080000002,250871.02080000003], [52.86,91.14], 0.0, 2.0","region, company_size, company_founding_year, company_age, company_age_group, years_using_ai, ai_use_case, ai_projects_active, ai_maturity_score, ai_investment_per_employee, regulatory_compliance_score, survey_source, data_collection_method",0.0,0.1,1.0,1,1.5,4593,4593,0.43333333333333335,0.0006337072149355621,0,0
"2024.0, 2.0, 1.0, [-2901.40425,3591.24425], 1.0, [0.543099999999999,56.316900000000004], 3.0, [0.5999999999999996,7.4], 1.0, 1.0, [-4.977400000000003,16.517400000000002], [3.394799999999999,16.9852], [0.18887500000000002,0.431125], [18.06035,42.21965], [47.25,90.75], 1.0, 1.0, 1.0","survey_year, quarter, region, annual_revenue_usd_millions, company_age_group, ai_adoption_rate, ai_adoption_stage, years_using_ai, ai_primary_tool, num_ai_tools_used, ai_training_hours, ai_budget_percentage, ai_maturity_score, ai_failure_rate, regulatory_compliance_score, ai_ethics_committee, survey_source, data_collection_method",1.0,0.1,1.0,1,1.0,4594,4594,0.6,0.00042247147662370806,0,0
"2025.0, 0.0, 1.0, [-1668.2411000000002,2127.4611], 1.0, 3.0, 3.0, 1.0, [1.3432999999999975,31.0567], [-154907.83160000003,342668.4116], 0.0, [49.37,62.63], [14.623349999999999,29.476650000000003], 1.0","survey_year, quarter, region, annual_revenue_usd_millions, company_age_group, ai_adoption_stage, num_ai_tools_used, ai_use_case, ai_training_hours, ai_investment_per_employee, data_privacy_level, ai_risk_management_score, task_automation_rate, data_collection_method",0.0,0.1,1.0,1,1.0,4596,4596,0.4666666666666667,0.00042247147662370806,0,0
"0.0, 1.0, [-3573.16185,3718.58185], [20.041049999999995,70.53895], 2.0, 2.0, [6.129999999999999,17.09], [10.4227,29.457300000000004], [-240998.85600000003,264352.016], [62.54,105.46000000000001], 0.0, 0.0","quarter, company_size, annual_revenue_usd_millions, ai_adoption_rate, ai_primary_tool, num_ai_tools_used, ai_budget_percentage, ai_failure_rate, ai_investment_per_employee, regulatory_compliance_score, data_privacy_level, survey_source",2.0,0.1,1.0,1,3.0,4597,4597,0.4,0.0012674144298711243,0,0
"[-2.67,10.67], 5.0, [-3944.8150000000005,4108.8150000000005], [-3402.7280500000006,3489.4680500000004], 2.0, 2.0, [-0.7000000000000002,6.7], [4.04,11.96], [10.652099999999999,35.307900000000004], [6.573599999999999,19.5064], [-109873.15240000002,247759.77240000002], [59.46,74.54], [23.71145,55.668549999999996], 2.0","country, region, num_employees, annual_revenue_usd_millions, company_age_group, ai_adoption_stage, years_using_ai, ai_projects_active, ai_training_hours, ai_budget_percentage, ai_investment_per_employee, regulatory_compliance_score, task_automation_rate, survey_source",2.0,0.1,1.0,1,1.2,4598,4598,0.4666666666666667,0.0005069657719484497,0,0
"[-2.67,10.67], 5.0, [-3944.8150000000005,4108.8150000000005], [-3402.7280500000006,3489.4680500000004], [30.625,39.375], 2.0, 2.0, [-0.7000000000000002,6.7], [4.04,11.96], [10.652099999999999,35.307900000000004], [59.46,74.54], [38.00726400865602,55.668549999999996], 2.0","country, region, num_employees, annual_revenue_usd_millions, company_age, company_age_group, ai_adoption_stage, years_using_ai, ai_projects_active, ai_training_hours, regulatory_compliance_score, task_automation_rate, survey_source",2.0,0.1,1.0,1,1.2,4598,4598,0.43333333333333335,0.0005069657719484497,0,0
"2.0, 2.0, [-1553.1438500000002,1743.1238500000002], 2.0, 4.0, 3.0, [0.735199999999999,14.5448], 0.0","region, company_size, annual_revenue_usd_millions, ai_adoption_stage, ai_primary_tool, num_ai_tools_used, ai_budget_percentage, data_privacy_level",1.0,0.00041152263374485585,0.3333333333333333,1,4.32,4599,4599,0.26666666666666666,0.001825076779014419,0,0
"2.0, [11399.83,18864.17], [1758.4892499999999,9815.598525235233], 2.0, 3.0, [6.42,17.58], [18.355199999999996,61.344800000000006], [0.3629375,0.6550625], [-87943.3676,137520.8676], [47.11,70.89], 2.0, [39.875,78.125], 2.0, 1.0","quarter, num_employees, annual_revenue_usd_millions, ai_adoption_stage, num_ai_tools_used, ai_projects_active, ai_training_hours, ai_maturity_score, ai_investment_per_employee, regulatory_compliance_score, data_privacy_level, ai_risk_management_score, survey_source, data_collection_method",1.0,0.1,1.0,1,1.5,4600,4600,0.4666666666666667,0.0006337072149355621,0,0
"2023.0, 0.0, 2.0, [-3240.71425,3251.9342500000002], [14.399999999999999,25.6], 4.0, 2.0, 2.0, [-1.6600000000000001,11.66], [-3.3428000000000004,11.562800000000001], [-272443.5268,287329.74679999996], [57.43,76.57], 1.0, 0.0, [33.425,66.575]","survey_year, quarter, company_size, annual_revenue_usd_millions, company_age, ai_primary_tool, num_ai_tools_used, ai_use_case, ai_projects_active, ai_budget_percentage, ai_investment_per_employee, regulatory_compliance_score, data_privacy_level, ai_ethics_committee, ai_risk_management_score",0.0,0.1,1.0,1,1.0,4601,4601,0.5,0.00042247147662370806,0,0
"2023.0, 0.0, 2.0, [-3240.71425,3251.9342500000002], [14.399999999999999,25.6], 4.0, 2.0, [-1.6600000000000001,11.66], [-3.3428000000000004,11.562800000000001], [0.09493750000000001,0.2730625], [-272443.5268,287329.74679999996], 1.0, 0.0, [33.425,66.575]","survey_year, quarter, company_size, annual_revenue_usd_millions, company_age, ai_primary_tool, ai_use_case, ai_projects_active, ai_budget_percentage, ai_maturity_score, ai_investment_per_employee, data_privacy_level, ai_ethics_committee, ai_risk_management_score",0.0,0.1,1.0,1,1.0,4601,4601,0.4666666666666667,0.00042247147662370806,0,0
"[9.620000000000001,22.38], 1.0, [-3496.245,4950.245], [1.5499999999999998,6.45], 2.0, 1.0, [-2.281100000000002,29.961100000000002], [0.010437500000000016,0.4735625], [-92927.68320000001,241079.44640000002], 2.0, [31.189999999999998,62.81]","country, company_size, num_employees, years_using_ai, ai_primary_tool, num_ai_tools_used, ai_training_hours, ai_maturity_score, ai_investment_per_employee, data_privacy_level, ai_risk_management_score",1.0,0.1,1.0,1,1.0,4604,4604,0.36666666666666664,0.00042247147662370806,0,0
"2026.0, 1.0, 1.0, 1.0, [10.08625,66.61375000000001], [5.199999999999999,10.8], 2.0, [3.022999999999996,47.277], [0.9508000000000001,12.3492], [0.18368749999999998,0.5043124999999999], [-92242.17839999999,187644.4584], 2.0, 1.0, [4.931249999999995,38.68875]","survey_year, quarter, region, company_size, ai_adoption_rate, years_using_ai, ai_primary_tool, ai_training_hours, ai_budget_percentage, ai_maturity_score, ai_investment_per_employee, data_privacy_level, ai_ethics_committee, task_automation_rate",2.0,1.0,1.0,1,1.0,4605,4605,0.4666666666666667,0.00042247147662370806,1,1
"[3.874999999999999,16.125], 3.0, [30.718200000000003,51.8218], [3.1,8.9], 3.0, [-2.6999999999999997,2.6999999999999997], [4.227999999999999,19.572000000000003], 0.0, 3.0","company_age, company_age_group, ai_adoption_rate, years_using_ai, ai_primary_tool, ai_projects_active, ai_budget_percentage, survey_source, data_collection_method",1.0,1.0,1.0,1,1.0,4606,4606,0.3,0.00042247147662370806,1,1
"2024.0, 3.0, [8.23,15.77], 2.0, 5.0, [1988.84,2005.16], 5.0, 1.0, [2.59,11.41], [3.6952999999999996,20.7647], [2.1143999999999994,10.0056], [0.030687500000000034,0.46531249999999996], 2.0, [47.955,78.045], 2.0","survey_year, quarter, country, region, industry, company_founding_year, ai_primary_tool, ai_use_case, ai_projects_active, ai_training_hours, ai_budget_percentage, ai_maturity_score, data_privacy_level, ai_risk_management_score, data_collection_method",1.0,0.1,1.0,1,5.0,4607,4607,0.5,0.0021123573831185404,0,0
"0.0, 1.0, [-6659.125,8073.125], 1.0, [8.3386,41.501400000000004], 6.0, 2.0, [5.0032499999999995,20.756750000000004], 2.0","region, company_size, num_employees, company_age_group, ai_adoption_rate, ai_use_case, data_privacy_level, task_automation_rate, survey_source",1.0,0.1,1.0,1,2.0,4608,4608,0.3,0.0008449429532474161,0,0
"2026.0, [8.285,27.715], 0.0, 1.0, [-1405.5507500000003,2090.4907500000004], 1.0, [8.3386,41.501400000000004], [10.9848,31.215200000000003], [1.1239999999999992,8.796000000000001], [23.002274999999997,33.617725], 2.0, [5.0032499999999995,20.756750000000004], 2.0","survey_year, country, region, company_size, annual_revenue_usd_millions, company_age_group, ai_adoption_rate, ai_training_hours, ai_budget_percentage, ai_failure_rate, data_privacy_level, task_automation_rate, survey_source",1.0,0.1,1.0,1,1.6,4608,4608,0.43333333333333335,0.0006759543625979329,0,0
"2025.0, 1.0, 0.0, 7.0, [-3076.88,3208.88], 1.0, 2.0, [6.45,9.55], 2.0, 7.0, [0.3439375,0.5220625], [17.981775,35.918225], 0.0, 2.0, 3.0","survey_year, quarter, region, industry, num_employees, company_age_group, ai_adoption_stage, years_using_ai, ai_primary_tool, ai_use_case, ai_maturity_score, ai_failure_rate, ai_ethics_committee, survey_source, data_collection_method",1.0,1.0,1.0,1,3.0,4609,4609,0.5,0.0012674144298711243,1,1
"[22.085,29.915], 2.0, [1993.6,2006.4], [16.3,31.7], 1.0, [-0.8081000000000014,18.7881], 1.0, [-2.5,2.5], 0.0, [-3.1500000000000004,3.1500000000000004], [-20.862600000000004,20.862600000000004], [-0.1595625,0.30356249999999996], [47.83,90.17], [51.82,70.18], [-9.058350000000003,21.098350000000003], 2.0, 2.0","country, company_size, company_founding_year, company_age, company_age_group, ai_adoption_rate, ai_adoption_stage, years_using_ai, ai_primary_tool, ai_projects_active, ai_training_hours, ai_maturity_score, regulatory_compliance_score, ai_risk_management_score, task_automation_rate, survey_source, data_collection_method",0.0,1.0,1.0,1,1.0,4610,4610,0.5666666666666667,0.00042247147662370806,1,1
"2023.0, 1.0, [4.8950000000000005,19.105], 2.0, [-2224.76285,3069.2428500000005], [2015.0,2023.0], [-1.9500000000000002,9.95], 0.0, [-4.312650000000001,47.69265], 3.0, 2.0, 6.0, [-5.266500000000002,35.8265], [-0.11400000000000077,8.654], [-0.09893749999999998,0.40693749999999995], [22.753124999999997,50.206875], [44.995,71.005], [6.086699999999999,35.7933], 0.0, 2.0","survey_year, quarter, country, region, annual_revenue_usd_millions, company_founding_year, company_age, company_age_group, ai_adoption_rate, ai_adoption_stage, num_ai_tools_used, ai_use_case, ai_training_hours, ai_budget_percentage, ai_maturity_score, ai_failure_rate, ai_risk_management_score, task_automation_rate, survey_source, data_collection_method",0.0,0.1,1.0,1,1.0,4612,4612,0.6666666666666666,0.00042247147662370806,0,0
"1.0, [4.8950000000000005,19.105], 2.0, [-2224.76285,3069.2428500000005], [2015.0,2023.0], [-1.9500000000000002,9.95], 0.0, [-4.312650000000001,47.69265], 3.0, 2.0, 6.0, [-5.266500000000002,35.8265], [-0.11400000000000077,8.654], [-0.09893749999999998,0.40693749999999995], [22.753124999999997,50.206875], 1.0, [44.995,71.005], [6.086699999999999,35.7933], 0.0, 2.0","quarter, country, region, annual_revenue_usd_millions, company_founding_year, company_age, company_age_group, ai_adoption_rate, ai_adoption_stage, num_ai_tools_used, ai_use_case, ai_training_hours, ai_budget_percentage, ai_maturity_score, ai_failure_rate, data_privacy_level, ai_risk_management_score, task_automation_rate, survey_source, data_collection_method",0.0,0.1,1.0,1,1.0,4612,4612,0.6666666666666666,0.00042247147662370806,0,0
"0.0, [1933.2933999999998,4730.1266000000005], [1984.08,2003.92], 3.0, [4.3,9.7], 5.0, 1.0, [4.5,13.5], [-0.10350000000000037,22.023500000000002], [-77957.3744,124182.9744], [47.730000000000004,84.27]","industry, annual_revenue_usd_millions, company_founding_year, ai_adoption_stage, years_using_ai, ai_primary_tool, num_ai_tools_used, ai_projects_active, ai_training_hours, ai_investment_per_employee, regulatory_compliance_score",0.0,0.1,1.0,1,2.0,4615,4615,0.36666666666666664,0.0008449429532474161,0,0
"[19.185,32.815], 4.0, [-1941.2349999999997,3755.2349999999997], [-1977.9721500000005,2716.7121500000003], [2008.76,2029.24], [0.34999999999999964,13.65], 1.0, [-0.8500000000000005,10.850000000000001], [22.293625,42.426375], [-219921.96920000002,308752.7892], [53.18,86.82], 1.0, [51.445,82.555], 3.0","country, industry, num_employees, annual_revenue_usd_millions, company_founding_year, company_age, num_ai_tools_used, ai_projects_active, ai_failure_rate, ai_investment_per_employee, regulatory_compliance_score, ai_ethics_committee, ai_risk_management_score, survey_source",1.0,1.0,1.0,1,1.0,4616,4616,0.4666666666666667,0.00042247147662370806,1,1
"[21.2,32.8], 2.0, 6.0, 0.0, [2003.32,2018.68], [-0.0067500000000038085,41.44675], 3.0, 1.0, [-1.8600000000000003,7.86], [-17.120400000000004,23.340400000000002], [-0.10418749999999996,0.43018749999999994], [-208526.342,219078.24200000003], 0.0, 1.0, [47.23,74.77]","country, region, industry, company_size, company_founding_year, ai_adoption_rate, ai_adoption_stage, ai_primary_tool, ai_projects_active, ai_training_hours, ai_maturity_score, ai_investment_per_employee, data_privacy_level, ai_ethics_committee, ai_risk_management_score",0.0,0.1,1.0,1,1.25,4618,4618,0.5,0.0005280893457796351,0,0
"[21.2,24.70559584926791], 2.0, 0.0, [2003.32,2018.68], [-0.0067500000000038085,41.44675], 3.0, 1.0, [-1.8600000000000003,7.86], [-17.120400000000004,23.340400000000002], [-0.10418749999999996,0.43018749999999994], [-208526.342,219078.24200000003], 0.0, 1.0, [47.23,74.77]","country, region, company_size, company_founding_year, ai_adoption_rate, ai_adoption_stage, ai_primary_tool, ai_projects_active, ai_training_hours, ai_maturity_score, ai_investment_per_employee, data_privacy_level, ai_ethics_committee, ai_risk_management_score",0.0,0.1,1.0,1,1.25,4618,4618,0.4666666666666667,0.0005280893457796351,0,0
"[4.300000000000001,21.7], 1.0, [-2478.6601,3314.7801], [2009.24,2020.76], 3.0, 1.0, [-3.75,3.75], 2.0, 1.0, [-1.6999999999999997,3.6999999999999997], [3.706999999999999,22.673000000000002], [-0.8144000000000009,7.734400000000001], 0.0, [-3.927150000000001,15.427150000000001], 1.0","country, company_size, annual_revenue_usd_millions, company_founding_year, company_age_group, ai_adoption_stage, years_using_ai, ai_primary_tool, num_ai_tools_used, ai_projects_active, ai_training_hours, ai_budget_percentage, data_privacy_level, task_automation_rate, survey_source",0.0,0.1,1.0,1,1.8,4619,4619,0.5,0.0007604486579226745,0,0
"7.0, 1.0, [-2478.6601,3314.7801], [2009.24,2020.76], 3.0, 1.0, [-3.75,3.75], 2.0, 1.0, 0.0, [-1.6999999999999997,3.6999999999999997], [-0.8144000000000009,7.734400000000001], [-158693.39760000003,261136.5576], 0.0, [38.894999999999996,75.105], 3.0","industry, company_size, annual_revenue_usd_millions, company_founding_year, company_age_group, ai_adoption_stage, years_using_ai, ai_primary_tool, num_ai_tools_used, ai_use_case, ai_projects_active, ai_budget_percentage, ai_investment_per_employee, data_privacy_level, ai_risk_management_score, data_collection_method",1,0.1,1.0,1,3.0,4619,4619,0.5333333333333333,0.0012674144298711243,0,0
"2023.0, 2.0, [-3658.1953000000003,3733.4353], [1989.24,2000.76], 1.0, [9.36695,49.313050000000004], 3.0, 2.0, [-188624.8384,285627.5184], 1.0, [50.72,79.28], [4.99315,21.64685], 1.0","survey_year, industry, annual_revenue_usd_millions, company_founding_year, company_age_group, ai_adoption_rate, ai_adoption_stage, ai_primary_tool, ai_investment_per_employee, ai_ethics_committee, ai_risk_management_score, task_automation_rate, survey_source",1.0,1.0,1.0,1,1.0,4624,4624,0.43333333333333335,0.00042247147662370806,1,1
"8.0, 0.0, [7469.55,13362.45], [-2328.4266500000003,3365.12665], 3.0, [2.4,7.6], 4.0, [0.75,5.25], [4.948599999999999,51.7314], [6.734799999999999,20.3252], [0.21362499999999998,0.484375]","industry, company_size, num_employees, annual_revenue_usd_millions, ai_adoption_stage, years_using_ai, ai_primary_tool, ai_projects_active, ai_training_hours, ai_budget_percentage, ai_maturity_score",2.0,1.0,1.0,1,1.0,4625,4625,0.36666666666666664,0.00042247147662370806,1,1
"2024.0, [10.315,25.685000000000002], 0.0, 7.0, 0.0, [10141.615,17802.385000000002], [287.4506000000001,5481.5694], [2001.32,2016.68], [7.65,22.35], 3.0, [-2.8919500000000014,32.53195], [0.13618750000000002,0.6278125], [21.938075,35.481925000000004], [-267569.16000000003,315528.0], [62.3,79.7], 2.0, [53.545,74.455], [4.083549999999999,17.13645], 3.0","survey_year, country, region, industry, company_size, num_employees, annual_revenue_usd_millions, company_founding_year, company_age, company_age_group, ai_adoption_rate, ai_maturity_score, ai_failure_rate, ai_investment_per_employee, regulatory_compliance_score, data_privacy_level, ai_risk_management_score, task_automation_rate, survey_source",0.0,0.1,1.0,1,1.0,4626,4626,0.6333333333333333,0.00042247147662370806,0,0
"2024.0, [10.315,25.685000000000002], 0.0, 0.0, [10141.615,17802.385000000002], [287.4506000000001,7092.340158459064], [2001.32,2016.68], [7.65,22.35], 3.0, [-2.8919500000000014,32.53195], [21.938075,35.481925000000004], [-267569.16000000003,315528.0], [62.3,79.7], 2.0, [53.545,74.455], [4.083549999999999,17.13645], 3.0","survey_year, country, region, company_size, num_employees, annual_revenue_usd_millions, company_founding_year, company_age, company_age_group, ai_adoption_rate, ai_failure_rate, ai_investment_per_employee, regulatory_compliance_score, data_privacy_level, ai_risk_management_score, task_automation_rate, survey_source",0.0,0.1,1.0,1,1.0,4626,4626,0.5666666666666667,0.00042247147662370806,0,0
"2023.0, 7.0, [1984.08,2003.92], [23.225,34.775], 3.0, [-0.5999999999999996,6.6], 3.0, [-0.43000000000000016,4.43], [0.02862500000000001,0.299375], 0.0, [3.6573999999999973,27.062600000000003], 2.0","survey_year, industry, company_founding_year, company_age, ai_adoption_stage, years_using_ai, ai_use_case, ai_projects_active, ai_maturity_score, data_privacy_level, task_automation_rate, survey_source",0.0,0.1,1.0,1,3.0,4627,4627,0.4,0.0012674144298711243,0,0
"[7.154999999999999,24.845], 1.0, [-1950.2587000000003,2644.5387], 2.0, [0.34999999999999964,5.65], 1.0, 7.0, [-0.714500000000001,27.7345], [3.5919999999999996,10.168], [0.06725000000000006,0.49475], [-160139.95880000002,244140.7388], [55.41,96.59], [43.995,70.005], 1.0","country, company_size, annual_revenue_usd_millions, company_age_group, years_using_ai, ai_primary_tool, ai_use_case, ai_training_hours, ai_budget_percentage, ai_maturity_score, ai_investment_per_employee, regulatory_compliance_score, ai_risk_management_score, data_collection_method",1.0,0.1,1.0,1,1.4,4630,4630,0.4666666666666667,0.0005914600672731913,0,0
"1.0, 5.0, 0.0, [4732.4,12589.6], [30.352849999999997,59.74715], [5.45,8.55], [2.4799999999999995,7.5200000000000005], [28.719899999999996,54.640100000000004], [0.1641875,0.6558124999999999], [-86169.442,147069.422], 1.0, 0.0, [10.136399999999998,42.5436], 3.0","region, industry, company_size, num_employees, ai_adoption_rate, years_using_ai, ai_projects_active, ai_training_hours, ai_maturity_score, ai_investment_per_employee, data_privacy_level, ai_ethics_committee, task_automation_rate, survey_source",2.0,1.0,1.0,1,1.0,4631,4631,0.4666666666666667,0.00042247147662370806,1,1
"2026.0, 3.0, [21.490000000000002,32.51], 4.0, [1994.48,2017.52], 2.0, 4.0, 4.0, [6.68,15.32], [2.616199999999999,39.2838], [4.587199999999998,19.4928], [101072.06559999999,303212.4144], [57.69,80.31], [40.955,71.045]","survey_year, quarter, country, industry, company_founding_year, ai_adoption_stage, num_ai_tools_used, ai_use_case, ai_projects_active, ai_training_hours, ai_budget_percentage, ai_investment_per_employee, regulatory_compliance_score, ai_risk_management_score",1.0,0.1,1.0,1,1.0,4632,4632,0.4666666666666667,0.00042247147662370806,0,0
"3.0, [21.490000000000002,32.51], 4.0, [1994.48,2017.52], 1.0, [22.12625,78.65375], 2.0, 4.0, 4.0, [6.68,15.32], [2.616199999999999,39.2838], [4.587199999999998,19.4928], [101072.06559999999,303212.4144], [57.69,80.31], [40.955,71.045]","quarter, country, industry, company_founding_year, company_age_group, ai_adoption_rate, ai_adoption_stage, num_ai_tools_used, ai_use_case, ai_projects_active, ai_training_hours, ai_budget_percentage, ai_investment_per_employee, regulatory_compliance_score, ai_risk_management_score",1.0,0.1,1.0,1,1.0,4632,4632,0.5,0.00042247147662370806,0,0
"[9.504999999999999,18.495], 2.0, [24.523799999999994,63.7162], [1.9,6.1], 4.0, 2.0, [4.5,13.5], [10.029899999999996,35.9501], [16.671100000000003,29.8489], [47.875,86.125], [7.2925499999999985,29.347450000000002], 1.0","country, company_age_group, ai_adoption_rate, years_using_ai, ai_primary_tool, num_ai_tools_used, ai_projects_active, ai_training_hours, ai_failure_rate, ai_risk_management_score, task_automation_rate, data_collection_method",2.0,1.0,1.0,1,1.0,4633,4633,0.4,0.00042247147662370806,1,1
"1.0, [4.85,25.15], 1.0, [-2341.9563000000007,3051.9363000000003], [2008.12,2029.88], [1.0,7.0], 2.0, [7.352399999999999,14.1476], [-62484.722,170754.142], [42.41,83.59], 0.0, [32.17,65.83], [5.392050000000001,31.947950000000002], 0.0","quarter, country, region, annual_revenue_usd_millions, company_founding_year, years_using_ai, ai_primary_tool, ai_budget_percentage, ai_investment_per_employee, regulatory_compliance_score, data_privacy_level, ai_risk_management_score, task_automation_rate, survey_source",2.0,0.1,1.0,1,1.5,4634,4634,0.4666666666666667,0.0006337072149355621,0,0
"1.0, 1.0, [2015.153792959163,2029.04], [-2.7250000000000005,6.7250000000000005], 2.0, 3.0, [4.69,15.309999999999999], [15.033374999999998,38.826625], [79473.54440000001,460430.3556], 0.0, [51.585,68.415], 0.0, 3.0","region, company_size, company_founding_year, company_age, ai_adoption_stage, num_ai_tools_used, ai_projects_active, ai_failure_rate, ai_investment_per_employee, ai_ethics_committee, ai_risk_management_score, survey_source, data_collection_method",2.0,0.1,1.0,1,2.0,4635,4635,0.43333333333333335,0.0008449429532474161,0,0
"1.0, [-5.3950000000000005,9.395], 5.0, 5.0, 1.0, [-3005.385,4655.385], [-1719.90765,1975.90765], 0.0, [6.493799999999997,45.6862], [-1.4500000000000002,5.45], 1.0, 1.0, [-4.475500000000004,30.295500000000004], [4.112,10.688], [0.14706249999999998,0.42493749999999997], [27.035050000000002,40.944950000000006], [40.57,79.43], 0.0, 1.0, 3.0, 0.0","quarter, country, region, industry, company_size, num_employees, annual_revenue_usd_millions, company_age_group, ai_adoption_rate, years_using_ai, ai_primary_tool, num_ai_tools_used, ai_training_hours, ai_budget_percentage, ai_maturity_score, ai_failure_rate, regulatory_compliance_score, data_privacy_level, ai_ethics_committee, survey_source, data_collection_method",2.0,0.1,1.0,1,1.0,4636,4636,0.7,0.00042247147662370806,0,0
"[-5.3950000000000005,9.395], 5.0, 5.0, 1.0, [-1719.90765,1975.90765], 0.0, [-1.4500000000000002,5.45], 1.0, 1.0, [-4.475500000000004,30.295500000000004], [4.112,10.688], [0.14706249999999998,0.42493749999999997], [27.035050000000002,40.944950000000006], [40.57,79.43], 0.0, 1.0, 3.0, 0.0","country, region, industry, company_size, annual_revenue_usd_millions, company_age_group, years_using_ai, ai_primary_tool, num_ai_tools_used, ai_training_hours, ai_budget_percentage, ai_maturity_score, ai_failure_rate, regulatory_compliance_score, data_privacy_level, ai_ethics_committee, survey_source, data_collection_method",2.0,0.1,1.0,1,1.0,4636,4636,0.6,0.00042247147662370806,0,0
"0.0, [10.5,31.5], 1.0, [18.336799999999997,72.6032], 2.0, 0.0, 3.0, [6.75,11.25], [7.3212,18.9388], 0.0, [48.68,81.32]","region, company_age, company_age_group, ai_adoption_rate, ai_adoption_stage, ai_primary_tool, ai_use_case, ai_projects_active, ai_budget_percentage, ai_ethics_committee, ai_risk_management_score",2.0,1.0,1.0,1,1.0,4639,4639,0.36666666666666664,0.00042247147662370806,1,1
"2.0, 8.0, 1.0, [-2091.8050000000003,3211.8050000000003], [24.074899999999996,58.745099999999994], 4.0, 2.0, [5.04,12.96], [-159071.89880000002,245208.7988], [57.37,84.63], 3.0","quarter, industry, company_size, num_employees, ai_adoption_rate, ai_primary_tool, num_ai_tools_used, ai_projects_active, ai_investment_per_employee, regulatory_compliance_score, survey_source",0.0,1.0,1.0,1,1.0,4640,4640,0.36666666666666664,0.00042247147662370806,1,1
"3.0, [18.36,27.64], 1.0, [-1629.1800000000003,8585.18], [14.65,29.35], 2.0, [7.5,10.5], 2.0, 3.0, [3.8599999999999994,12.14], [21.716899999999995,66.6031], [0.357875,0.600125], [12.738249999999999,38.36175], [15.338,33.342], 0.0","quarter, country, region, num_employees, company_age, ai_adoption_stage, years_using_ai, ai_primary_tool, ai_use_case, ai_projects_active, ai_training_hours, ai_maturity_score, ai_failure_rate, task_automation_rate, survey_source",1.0,0.1,1.0,1,1.0,4641,4641,0.5,0.00042247147662370806,0,0
"3.0, 1.0, [-1629.1800000000003,8585.18], [14.65,29.35], [41.736000000000004,71.884], 2.0, [7.5,10.5], 2.0, 3.0, [3.8599999999999994,12.14], [21.716899999999995,66.6031], [0.357875,0.600125], [12.738249999999999,38.36175], 0.0","quarter, region, num_employees, company_age, ai_adoption_rate, ai_adoption_stage, years_using_ai, ai_primary_tool, ai_use_case, ai_projects_active, ai_training_hours, ai_maturity_score, ai_failure_rate, survey_source",1.0,0.1,1.0,1,1.0,4641,4641,0.4666666666666667,0.00042247147662370806,0,0
"[12.56,33.44], 1.0, [-3563.955,3703.955], [-3615.72185,3676.02185], [12.425,29.575], 1.0, 1.0, 0.0, [-3.76,7.76], [-223015.4672,266786.1472], [77.85,98.15], 2.0, [48.095,63.905], [1.9884999999999993,15.491500000000002]","country, region, num_employees, annual_revenue_usd_millions, company_age, company_age_group, ai_adoption_stage, ai_primary_tool, ai_projects_active, ai_investment_per_employee, regulatory_compliance_score, data_privacy_level, ai_risk_management_score, task_automation_rate",0.0,1.0,1.0,1,1.0,4642,4642,0.4666666666666667,0.00042247147662370806,1,1
"2023.0, 2.0, [3.8499999999999996,24.15], 1.0, [1982.56,2001.44], [24.875,37.125], 2.0, 2.0, [3.4999999999999996,10.5], 1.0, [2.5948,16.185200000000002], [0.08506250000000004,0.4769375], [13.002699999999999,32.0373], 0.0, 2.0, 2.0","survey_year, quarter, country, company_size, company_founding_year, company_age, company_age_group, ai_adoption_stage, years_using_ai, ai_use_case, ai_budget_percentage, ai_maturity_score, ai_failure_rate, ai_ethics_committee, survey_source, data_collection_method",1.0,0.1,1.0,1,1.5,4643,4643,0.5333333333333333,0.0006337072149355621,0,0
"2024.0, 2.0, 2.0, [-5556.255000000001,5640.255000000001], [2004.36,2021.64], [4.874999999999999,17.125], 3.0, 3.0, 3.0, [-0.17581249999999998,0.3158125], [28.7211,41.898900000000005], [-242519.8912,325028.0112], [68.59,85.41], 0.0, [25.445,56.555], 3.0, 1.0","survey_year, quarter, company_size, num_employees, company_founding_year, company_age, company_age_group, ai_adoption_stage, num_ai_tools_used, ai_maturity_score, ai_failure_rate, ai_investment_per_employee, regulatory_compliance_score, ai_ethics_committee, ai_risk_management_score, survey_source, data_collection_method",1.0,0.1,1.0,1,1.0,4644,4644,0.5666666666666667,0.00042247147662370806,0,0
"2.0, [1980.28,2001.72], [21.85,42.15], 2.0, [2.1499999999999995,13.850000000000001], [4.046399999999998,18.5136], [0.32243750000000004,0.5575625], [-137435.96719999998,157999.9272], 1.0, [54.015,77.985], 3.0","region, company_founding_year, company_age, ai_adoption_stage, ai_projects_active, ai_budget_percentage, ai_maturity_score, ai_investment_per_employee, ai_ethics_committee, ai_risk_management_score, survey_source",1.0,1.0,1.0,1,1.0,4645,4645,0.36666666666666664,0.00042247147662370806,1,1
"2026.0, [-1.9750000000000005,13.975000000000001], 0.0, [8349.55,14242.45], [-221.57045000000016,5871.53045], [2014.92,2027.08], 0.0, [8.811599999999999,57.0484], [0.7,3.3], 2.0, [19.462799999999998,52.337199999999996], [0.3379375,0.6300625], [54.14,73.86], 0.0, 1.0, [65.86,80.14]","survey_year, country, company_size, num_employees, annual_revenue_usd_millions, company_founding_year, company_age_group, ai_adoption_rate, years_using_ai, ai_use_case, ai_training_hours, ai_maturity_score, regulatory_compliance_score, data_privacy_level, ai_ethics_committee, ai_risk_management_score",0.0,1.0,1.0,1,1.0,4646,4646,0.5333333333333333,0.00042247147662370806,1,1
"2026.0, [-1.6550000000000002,9.655000000000001], [2624.7529999999997,8617.967], [10.051200000000001,46.2288], 4.0, 2.0, 7.0, [3.7699999999999996,12.23], [2.8263999999999996,17.2936], [0.16774999999999998,0.65225], [-42627.604400000004,159512.7444], 0.0, 1.0, [51.21,80.78999999999999], 3.0","survey_year, country, annual_revenue_usd_millions, ai_adoption_rate, ai_primary_tool, num_ai_tools_used, ai_use_case, ai_projects_active, ai_budget_percentage, ai_maturity_score, ai_investment_per_employee, data_privacy_level, ai_ethics_committee, ai_risk_management_score, data_collection_method",1.0,0.1,1.0,1,3.0,4647,4647,0.5,0.0012674144298711243,0,0
"2.0, [-2.6550000000000002,8.655000000000001], 2.0, 0.0, [6797.09,21332.91], 3.0, [46.64545,105.69198299037326], 2.0, [2.75,9.25], [36.2752,79.26480000000001], [4.887599999999998,20.0124], [1.607574999999997,22.472425], [-90133.35320000001,127556.2532], 2.0, 1.0","quarter, country, industry, company_size, num_employees, company_age_group, ai_adoption_rate, ai_adoption_stage, years_using_ai, ai_training_hours, ai_budget_percentage, ai_failure_rate, ai_investment_per_employee, data_privacy_level, survey_source",2.0,0.1,1.0,1,2.0,4648,4648,0.5,0.0008449429532474161,0,0
"2025.0, 0.0, [5.04,18.96], 2.0, [-2194.36525,2300.54525], [2002.2,2019.8], 2.0, 0.0, 2.0, [20.914499999999993,55.685500000000005], [65.47,98.53], [68.21000000000001,97.78999999999999], [16.9179,35.822100000000006]","survey_year, quarter, country, region, annual_revenue_usd_millions, company_founding_year, ai_adoption_stage, ai_primary_tool, ai_use_case, ai_training_hours, regulatory_compliance_score, ai_risk_management_score, task_automation_rate",2.0,1.0,1.0,1,1.0,4649,4649,0.43333333333333335,0.00042247147662370806,1,1
"2023.0, 0.0, [-6.73,14.73], 1.0, [-6612.125,8120.125], [-3122.7415000000005,3869.341500000001], [-2.55,17.325656789950923], [-0.1499999999999999,4.15], [45.4292,63.1308], [0.42781250000000004,0.6201875], [50.47,83.53], 0.0, [20.467,47.473], 1.0","survey_year, quarter, country, industry, num_employees, annual_revenue_usd_millions, company_age, years_using_ai, ai_training_hours, ai_maturity_score, regulatory_compliance_score, ai_ethics_committee, task_automation_rate, survey_source",2.0,0.1,1.0,1,1.3333333333333333,4650,4650,0.4666666666666667,0.000563295302164944,0,0
"2023.0, [-6.73,14.73], 1.0, [-6612.125,8120.125], [-3122.7415000000005,3869.341500000001], [-2.55,6.55], [-0.1499999999999999,4.15], [45.4292,63.1308], [0.42781250000000004,0.6201875], [50.47,83.53], 0.0, [50.055,69.945], [20.467,47.473], 1.0","survey_year, country, industry, num_employees, annual_revenue_usd_millions, company_age, years_using_ai, ai_training_hours, ai_maturity_score, regulatory_compliance_score, ai_ethics_committee, ai_risk_management_score, task_automation_rate, survey_source",2.0,0.1,1.0,1,1.3333333333333333,4650,4650,0.4666666666666667,0.000563295302164944,0,0
"2025.0, 3.0, 0.0, [2000.28,2013.72], [7.5,28.5], [49.91893064419416,51.841950000000004], 5.0, 0.0, [18.197574999999997,39.062425000000005], [47.28,86.72], 0.0, [4.676499999999997,36.1835]","survey_year, quarter, company_size, company_founding_year, company_age, ai_adoption_rate, ai_primary_tool, ai_use_case, ai_failure_rate, regulatory_compliance_score, data_privacy_level, task_automation_rate",0.0,0.1,1.0,1,1.6,4653,4653,0.4,0.0006759543625979329,0,0
"2.0, [-13023.820039723376,6409.975], [-4.110932962860343,13.275], 0.0, [24.6871,50.3129], 2.0, 5.0, [19.060899999999997,38.6591], [9.0732,16.3068], 0.0, 0.0, 0.0, 1.0","region, num_employees, company_age, company_age_group, ai_adoption_rate, num_ai_tools_used, ai_use_case, ai_training_hours, ai_budget_percentage, data_privacy_level, ai_ethics_committee, survey_source, data_collection_method",1.0,0.1,1.0,1,1.0,4654,4654,0.43333333333333335,0.00042247147662370806,0,0
"2.0, [-6357.975,6409.975], [-4.110932962860343,13.275], 0.0, [24.6871,50.3129], 2.0, 5.0, [19.060899999999997,38.6591], [9.0732,16.3068], [-20485.471999999994,212753.392], 0.0, 0.0, 0.0, 1.0","region, num_employees, company_age, company_age_group, ai_adoption_rate, num_ai_tools_used, ai_use_case, ai_training_hours, ai_budget_percentage, ai_investment_per_employee, data_privacy_level, ai_ethics_committee, survey_source, data_collection_method",1.0,0.1,1.0,1,1.0,4654,4654,0.4666666666666667,0.00042247147662370806,0,0
"[-5.99,11.99], 3.0, 7.0, [-6444.1900000000005,6520.1900000000005], [7.65,22.35], 3.0, [3.236799999999999,57.50320000000001], 3.0, 2.0, 0.0, [1.04,8.96], [7.948899999999998,40.191100000000006], 0.0, 1.0, 2.0","country, region, industry, num_employees, company_age, company_age_group, ai_adoption_rate, ai_adoption_stage, num_ai_tools_used, ai_use_case, ai_projects_active, ai_training_hours, data_privacy_level, ai_ethics_committee, survey_source",0.0,1.0,1.0,1,1.0,4658,4658,0.5,0.00042247147662370806,1,1
"3.0, [-3.8000000000000007,7.800000000000001], 8.0, [-2585.7994,2608.3194000000003], [18.59285,47.98715], 3.0, 3.0, [-0.4900000000000002,10.49], [21.208199999999998,45.2318], [-239704.98559999999,335617.54559999995]","quarter, country, industry, annual_revenue_usd_millions, ai_adoption_rate, ai_primary_tool, num_ai_tools_used, ai_projects_active, ai_training_hours, ai_investment_per_employee",1.0,0.1,1.0,1,1.5,4660,4660,0.3333333333333333,0.0006337072149355621,0,0
"1.0, [11.735,28.265], 1.0, [-7.025,15.025], 0.0, 1.0, 2.0, 5.0, [5.6000000000000005,16.4], [-1.9408000000000012,15.760800000000001], [0.036312500000000025,0.38199832541963574], [21.41455,42.645450000000004], [-154340.91840000002,319911.4384], [64.02,99.98], 0.0, 1.0, 2.0","quarter, country, company_size, company_age, company_age_group, ai_primary_tool, num_ai_tools_used, ai_use_case, ai_projects_active, ai_training_hours, ai_maturity_score, ai_failure_rate, ai_investment_per_employee, regulatory_compliance_score, data_privacy_level, ai_ethics_committee, data_collection_method",2.0,0.1,1.0,1,1.0,4661,4661,0.5666666666666667,0.00042247147662370806,0,0
"1.0, [11.735,28.265], 2.0, 0.0, 1.0, [-7.025,15.025], 0.0, 1.0, 2.0, 5.0, [5.6000000000000005,16.4], [-1.9408000000000012,15.760800000000001], [1.0732,8.3068], [0.036312500000000025,0.5136875000000001], [21.41455,42.645450000000004], [-154340.91840000002,319911.4384], [64.02,99.98], 0.0, 1.0, 2.0","quarter, country, region, industry, company_size, company_age, company_age_group, ai_primary_tool, num_ai_tools_used, ai_use_case, ai_projects_active, ai_training_hours, ai_budget_percentage, ai_maturity_score, ai_failure_rate, ai_investment_per_employee, regulatory_compliance_score, data_privacy_level, ai_ethics_committee, data_collection_method",2.0,0.1,1.0,1,1.0,4661,4661,0.6666666666666666,0.00042247147662370806,0,0
"2024.0, [15.925,26.075], [-3469.481500000001,3522.6015000000007], [1984.4,1995.6], [28.225,39.775], [-1.2292000000000005,22.889200000000002], [6.25,9.75], 1.0, [-3.3999999999999995,7.3999999999999995], [20.455475,42.784525], [-221522.59480000002,299377.5348], 1.0, 0.0, [-9.962800000000001,15.242800000000003]","survey_year, country, annual_revenue_usd_millions, company_founding_year, company_age, ai_adoption_rate, years_using_ai, num_ai_tools_used, ai_projects_active, ai_failure_rate, ai_investment_per_employee, data_privacy_level, ai_ethics_committee, task_automation_rate",0.0,0.1,1.0,1,2.0,4662,4662,0.4666666666666667,0.0008449429532474161,0,0
"3.0, [-0.9300000000000006,8.93], 1.0, [-3047.83425,3444.8142500000004], [2005.0,2013.0], [2.575000000000001,27.424999999999997], 3.0, 3.0, [-1.1400000000000006,7.140000000000001], [4.2355,32.6845], [0.0016875000000000084,0.3223125], [19.052449999999997,41.747550000000004], [-148141.7104,170618.0704], 2.0, 0.0, [41.21,70.78999999999999], 1.0","quarter, country, company_size, annual_revenue_usd_millions, company_founding_year, company_age, company_age_group, ai_use_case, ai_projects_active, ai_training_hours, ai_maturity_score, ai_failure_rate, ai_investment_per_employee, data_privacy_level, ai_ethics_committee, ai_risk_management_score, survey_source",1.0,0.1,1.0,1,1.0,4663,4663,0.5666666666666667,0.00042247147662370806,0,0
"2026.0, 0.0, [13.625,36.375], 1.0, [22.257349999999995,74.26265000000001], 4.0, 1.0, 3.0, [-3.398900000000001,27.5789], [0.2059375,0.3840625], [70.59,87.41], 2.0, [39.17,72.83]","survey_year, quarter, company_age, company_age_group, ai_adoption_rate, ai_primary_tool, num_ai_tools_used, ai_use_case, ai_training_hours, ai_maturity_score, regulatory_compliance_score, data_privacy_level, ai_risk_management_score",0.0,0.1,1.0,1,3.0,4664,4664,0.43333333333333335,0.0012674144298711243,0,0
"2026.0, 0.0, [15.285,34.715], [-2819.2349999999997,8418.367138782356], [-3574.5284,3617.3284000000003], [13.625,36.375], 1.0, [7.75,12.25], 4.0, 1.0, [-0.47999999999999954,12.48], [-10.037000000000003,34.217], [4.612799999999998,17.1072], [0.2059375,0.3840625], [19.775299999999998,30.0247], [70.59,87.41], 2.0, [39.17,72.83]","survey_year, quarter, country, num_employees, annual_revenue_usd_millions, company_age, company_age_group, years_using_ai, ai_primary_tool, num_ai_tools_used, ai_projects_active, ai_training_hours, ai_budget_percentage, ai_maturity_score, ai_failure_rate, regulatory_compliance_score, data_privacy_level, ai_risk_management_score",0.0,0.1,1.0,1,3.0,4664,4664,0.6,0.0012674144298711243,0,0
"2025.0, 0.0, [22.185,35.815], 1.0, 1.0, [-4401.18,5813.18], [1988.44,2001.56], [7.25,10.75], 1.0, 2.0, 2.0, [7.949599999999997,48.4104], [1.1791999999999998,11.700800000000001], [-0.01062499999999994,0.5166249999999999], [15.0827,21.330052238256055], 1.0, [35.385000000000005,72.615]","survey_year, quarter, country, region, company_size, num_employees, company_founding_year, years_using_ai, ai_primary_tool, num_ai_tools_used, ai_use_case, ai_training_hours, ai_budget_percentage, ai_maturity_score, ai_failure_rate, ai_ethics_committee, ai_risk_management_score",0.0,0.1,1.0,1,1.0,4666,4666,0.5666666666666667,0.00042247147662370806,0,0
"2025.0, 0.0, [22.185,35.815], 1.0, 1.0, [-4401.18,5813.18], [1988.44,2001.56], [6.563399999999998,33.696600000000004], [7.25,10.75], 1.0, 2.0, 2.0, [7.949599999999997,48.4104], [1.1791999999999998,11.700800000000001], [-0.01062499999999994,0.5166249999999999], [15.0827,34.1173], 1.0, [35.385000000000005,72.615]","survey_year, quarter, country, region, company_size, num_employees, company_founding_year, ai_adoption_rate, years_using_ai, ai_primary_tool, num_ai_tools_used, ai_use_case, ai_training_hours, ai_budget_percentage, ai_maturity_score, ai_failure_rate, ai_ethics_committee, ai_risk_management_score",0.0,0.1,1.0,1,1.0,4666,4666,0.6,0.00042247147662370806,0,0
"0.0, 1.0, 3.0, 0.0, 1.0, 7.0, [-2.866500000000002,38.2265], [0.058000000000000024,0.4], [23.07615,50.16385], [-161365.5096,297337.5896], 1.0, 2.0","quarter, company_size, ai_adoption_stage, ai_primary_tool, num_ai_tools_used, ai_use_case, ai_training_hours, ai_maturity_score, ai_failure_rate, ai_investment_per_employee, data_privacy_level, survey_source",0.0,1.0,1.0,1,1.0,4668,4668,0.4,0.00042247147662370806,1,1
"2024.0, 2.0, [12.575,31.425], 0.0, 8.0, [-2201.375,2709.375], [-2850.82045,3242.28045], [-2.5249999999999995,12.524999999999999], 0.0, 2.0, [1.9500000000000002,8.05], 3.0, [5.33,16.67], [25.318199999999997,49.3418], [50.66,85.34], 1.0, 1.0","survey_year, quarter, country, region, industry, num_employees, annual_revenue_usd_millions, company_age, company_age_group, ai_adoption_stage, years_using_ai, num_ai_tools_used, ai_projects_active, ai_training_hours, ai_risk_management_score, survey_source, data_collection_method",2.0,1.0,1.0,1,1.0,4669,4669,0.5666666666666667,0.00042247147662370806,1,1
"2023.0, 4.0, [-3718.17,3746.17], [10.525,23.475], [2.25,7.75], 0.0, 5.0, [-1.9224,7.7224], [19.423624999999994,39.556375], [-96686.53520000001,367799.66497805674], 0.0, 0.0, [37.505,62.495], [5.273149999999999,21.92685], 2.0","survey_year, industry, num_employees, company_age, years_using_ai, ai_primary_tool, ai_use_case, ai_budget_percentage, ai_failure_rate, ai_investment_per_employee, data_privacy_level, ai_ethics_committee, ai_risk_management_score, task_automation_rate, data_collection_method",0.0,0.1,1.0,1,1.0,4670,4670,0.5,0.00042247147662370806,0,0
"2023.0, 4.0, [-3718.17,3746.17], [10.525,23.475], 1.0, [2.25,7.75], 0.0, 5.0, [19.423624999999994,39.556375], [-96686.53520000001,159876.2152], 0.0, 0.0, [37.505,62.495], [5.273149999999999,18.360865279536515], 2.0","survey_year, industry, num_employees, company_age, company_age_group, years_using_ai, ai_primary_tool, ai_use_case, ai_failure_rate, ai_investment_per_employee, data_privacy_level, ai_ethics_committee, ai_risk_management_score, task_automation_rate, data_collection_method",1,0.1,1.0,1,1.0,4670,4670,0.5,0.00042247147662370806,0,0
"3.0, [21.46,36.54], 7.0, 2.0, [-6000.33,6178.33], [-3119.2373500000003,3173.63735], [1997.52,2006.48], 3.0, [0.050000000000000266,5.949999999999999], 2.0, 0.0, [-1.87,5.87], [10.970400000000001,33.729600000000005], [0.012750000000000039,0.38325], [52.56,73.44], [39.935,72.065], 2.0","quarter, country, industry, company_size, num_employees, annual_revenue_usd_millions, company_founding_year, ai_adoption_stage, years_using_ai, ai_primary_tool, ai_use_case, ai_projects_active, ai_training_hours, ai_maturity_score, regulatory_compliance_score, ai_risk_management_score, survey_source",0.0,1.0,1.0,1,1.0,4672,4672,0.5666666666666667,0.00042247147662370806,1,1
"2025.0, 0.0, [11461.98,16962.02], 0.0, 5.0, [6.1499999999999995,17.85], [48.6299,74.5501], [7.779199999999999,18.3008], [0.40912500000000007,0.8508749999999999], [38.25,81.75], 0.0, [44.68,77.32], [11.366999999999999,38.373000000000005]","survey_year, company_size, num_employees, ai_primary_tool, ai_use_case, ai_projects_active, ai_training_hours, ai_budget_percentage, ai_maturity_score, regulatory_compliance_score, ai_ethics_committee, ai_risk_management_score, task_automation_rate",2.0,1.0,1.0,1,1.0,4673,4673,0.43333333333333335,0.00042247147662370806,1,1
"1.0, [-5976.835000000001,7576.835000000001], [1978.48,2001.52], [3.4000000000000004,10.6], 2.0, 5.0, [0.7600000000000002,7.24], [2.2083999999999993,12.2916], [13.839674999999998,33.240325], [-130143.02400000002,141968.98400000003], [58.269999999999996,79.73], 1.0, [7.446699999999998,37.1533], 1.0","region, num_employees, company_founding_year, years_using_ai, ai_primary_tool, ai_use_case, ai_projects_active, ai_budget_percentage, ai_failure_rate, ai_investment_per_employee, regulatory_compliance_score, ai_ethics_committee, task_automation_rate, data_collection_method",1.0,1.0,1.0,1,1.0,4674,4674,0.4666666666666667,0.00042247147662370806,1,1
"2025.0, 2.0, 6.0, [-6645.620000000001,6711.620000000001], [18.46765,41.83235], [1.75,8.25], 2.0, 5.0, [25.844299999999997,49.2357], [-2.831200000000001,12.9512], [14.381525,35.978475], [-36075.45880000001,173839.51880000002], 1.0, [-2.176498630388485,39.27855], 2.0, 3.0","survey_year, region, industry, num_employees, ai_adoption_rate, years_using_ai, num_ai_tools_used, ai_use_case, ai_training_hours, ai_budget_percentage, ai_failure_rate, ai_investment_per_employee, ai_ethics_committee, task_automation_rate, survey_source, data_collection_method",0.0,0.1,1.0,1,1.5,4675,4675,0.5333333333333333,0.0006337072149355621,0,0
"2025.0, 1.0, 2.0, 6.0, [-6645.620000000001,6711.620000000001], [1.75,8.25], 2.0, 5.0, [5.390000000000001,10.61], [25.844299999999997,49.2357], [-2.831200000000001,20.853419601152858], [14.381525,35.978475], [-36075.45880000001,173839.51880000002], 1.0, [-2.176498630388485,39.27855]","survey_year, quarter, region, industry, num_employees, years_using_ai, num_ai_tools_used, ai_use_case, ai_projects_active, ai_training_hours, ai_budget_percentage, ai_failure_rate, ai_investment_per_employee, ai_ethics_committee, task_automation_rate",0.0,0.1,1.0,1,1.5,4675,4675,0.5,0.0006337072149355621,0,0
"[-6.135,12.135], 0.0, [1984.2,2001.8], 2.0, [25.361049999999995,75.85895000000001], 2.0, [4.4,7.6], 1.0, 2.0, [4.59,13.41], [0.35250000000000004,0.8654999999999999], [-0.5361250000000011,15.936125], [39.120000000000005,80.88], [53.075,70.925], 1.0","country, company_size, company_founding_year, company_age_group, ai_adoption_rate, ai_adoption_stage, years_using_ai, ai_primary_tool, num_ai_tools_used, ai_projects_active, ai_maturity_score, ai_failure_rate, regulatory_compliance_score, ai_risk_management_score, data_collection_method",2.0,0.1,1.0,1,1.0,4677,4677,0.5,0.00042247147662370806,0,0
"[-6.135,12.135], 0.0, [1984.2,2001.8], 2.0, [25.361049999999995,75.85895000000001], 2.0, [4.4,7.6], 1.0, 2.0, [4.59,13.41], [0.35250000000000004,0.8654999999999999], [-0.5361250000000011,15.936125], 1.0, [53.075,70.925], 1.0","country, company_size, company_founding_year, company_age_group, ai_adoption_rate, ai_adoption_stage, years_using_ai, ai_primary_tool, num_ai_tools_used, ai_projects_active, ai_maturity_score, ai_failure_rate, ai_ethics_committee, ai_risk_management_score, data_collection_method",2.0,0.1,1.0,1,1.0,4677,4677,0.5,0.00042247147662370806,0,0
"0.0, 3.0, 0.0, [4389.327499999999,9383.6725], [2008.08,2027.92], 3.0, [-2.9429000000000016,22.6829], [-2.15,2.15], 1.0, 2.0, [-2.307700000000004,33.727700000000006], [0.048125,0.37587499999999996], 2.0, 0.0","quarter, region, company_size, annual_revenue_usd_millions, company_founding_year, company_age_group, ai_adoption_rate, years_using_ai, num_ai_tools_used, ai_use_case, ai_training_hours, ai_maturity_score, data_privacy_level, ai_ethics_committee",0.0,0.1,1.0,1,3.0,4679,4679,0.4666666666666667,0.0012674144298711243,0,0
"0.0, 0.0, [-5.725000000000001,17.725], 3.0, [-2.9429000000000016,22.6829], [-2.15,2.15], 1.0, 2.0, [-0.7799999999999998,6.779999999999999], [0.048125,0.37587499999999996], 2.0, 0.0","quarter, company_size, company_age, company_age_group, ai_adoption_rate, years_using_ai, num_ai_tools_used, ai_use_case, ai_projects_active, ai_maturity_score, data_privacy_level, ai_ethics_committee",1,0.1,1.0,1,1.6666666666666667,4679,4679,0.4,0.0007041191277061802,0,0
"2.0, 3.0, [-4623.32,4805.32], [-1737.2507500000004,1758.7907500000003], [1986.36,1995.64], [20.799999999999997,43.2], [8.62435,45.55565], [3.6999999999999997,8.3], 3.0, 2.0, 3.0, [3.41,12.59], [-2.3531000000000013,42.533100000000005], [2.3676000000000004,12.0124], [27.792025,42.067975000000004], 1.0, [52.31,71.69], 2.0","region, industry, num_employees, annual_revenue_usd_millions, company_founding_year, company_age, ai_adoption_rate, years_using_ai, ai_primary_tool, num_ai_tools_used, ai_use_case, ai_projects_active, ai_training_hours, ai_budget_percentage, ai_failure_rate, ai_ethics_committee, ai_risk_management_score, survey_source",0.0,0.1,1.0,1,1.6666666666666667,4680,4680,0.6,0.0007041191277061802,0,0
"2.0, [-3.0600000000000005,5.0600000000000005], 4.0, 8.0, [505.90499999999975,6988.095], [2109.3178499999995,6804.00215], [1989.56,2000.44], 2.0, 2.0, [7.3,12.7], 5.0, 2.0, 6.0, [1.7699999999999996,10.23], [8.985199999999999,22.794800000000002], [0.23412500000000006,0.675875], [-59744.38160000002,437831.8616], 0.0, 0.0, 2.0, 0.0","quarter, country, region, industry, num_employees, annual_revenue_usd_millions, company_founding_year, company_age_group, ai_adoption_stage, years_using_ai, ai_primary_tool, num_ai_tools_used, ai_use_case, ai_projects_active, ai_budget_percentage, ai_maturity_score, ai_investment_per_employee, data_privacy_level, ai_ethics_committee, survey_source, data_collection_method",1,0.1,1.0,1,3.0,4681,4681,0.7,0.0012674144298711243,0,0
"2.0, [-3.0600000000000005,5.0600000000000005], 4.0, [505.90499999999975,6988.095], [1989.56,2000.44], [27.251749999999998,61.16825], 2.0, [7.3,12.7], 5.0, 2.0, 6.0, [1.7699999999999996,10.23], [12.6391,56.26090000000001], [0.23412500000000006,0.675875], [-1434.6656000000075,379522.1456], 0.0, 0.0, [5.942249999999998,30.697750000000003], 2.0, 0.0","quarter, country, region, num_employees, company_founding_year, ai_adoption_rate, ai_adoption_stage, years_using_ai, ai_primary_tool, num_ai_tools_used, ai_use_case, ai_projects_active, ai_training_hours, ai_maturity_score, ai_investment_per_employee, data_privacy_level, ai_ethics_committee, task_automation_rate, survey_source, data_collection_method",2.0,0.1,1.0,1,2.0,4681,4681,0.6666666666666666,0.0008449429532474161,0,0
"2025.0, [11.315,26.685000000000002], [-3987.3199999999997,5441.32], 3.0, 3.0, 6.0, [2.8055000000000003,31.2545], [7.654,15.326], [-124026.1984,155860.43839999998], [54.34,85.66], 0.0, [29.404999999999998,64.595], [1.8630499999999994,19.41695], 2.0, 1.0","survey_year, country, num_employees, ai_adoption_stage, ai_primary_tool, ai_use_case, ai_training_hours, ai_budget_percentage, ai_investment_per_employee, regulatory_compliance_score, ai_ethics_committee, ai_risk_management_score, task_automation_rate, survey_source, data_collection_method",1.0,1.0,1.0,1,2.0,4682,4682,0.5,0.0008449429532474161,1,1
"0.0, 4.0, [16.524350000000002,53.455650000000006], [4.4,9.6], 0.0, 2.0, [1.0237639553208484,10.3736], [20.881775,38.818225], [74.08,101.92], 1.0, [54.935,87.065], [8.581449999999998,40.53855], 1.0","quarter, region, ai_adoption_rate, years_using_ai, ai_primary_tool, num_ai_tools_used, ai_budget_percentage, ai_failure_rate, regulatory_compliance_score, ai_ethics_committee, ai_risk_management_score, task_automation_rate, survey_source",2.0,0.1,1.0,1,1.5,4684,4684,0.43333333333333335,0.0006337072149355621,0,0
"[-6384.1900000000005,6580.1900000000005], [1991.16,2016.56], [-14.010450000000006,28.950450000000004], [7.1030999999999995,25.4369], [59.47,72.86], [5.047499999999999,27.552500000000002], 0.0","num_employees, company_founding_year, ai_adoption_rate, ai_training_hours, regulatory_compliance_score, task_automation_rate, data_collection_method",0.0,1.0,1.0,1,3.8,4892,4685,0.23333333333333334,0.0016053916111700905,5,5
"2.0, [16.735,33.265], [-5803.975,6963.975], [-2823.9608000000003,3568.8008000000004], [21.593399999999995,48.7266], 2.0, [27.6892,45.3908], [0.064,0.52], [18.524124999999998,31.335875], 0.0, [59.015,82.985], 2.0","quarter, country, num_employees, annual_revenue_usd_millions, ai_adoption_rate, ai_adoption_stage, ai_training_hours, ai_maturity_score, ai_failure_rate, data_privacy_level, ai_risk_management_score, data_collection_method",1,0.003125,0.5,1,6.0,4686,4686,0.4,0.0025348288597422486,0,0
"[14.445,31.555], 1.0, 3.0, 1.0, [10.274999999999999,33.725], [-4.235100000000001,30.4351], 3.0, [0.10000000000000009,5.9], 3.0, [-1.2100000000000009,11.21], [-2.5196000000000005,20.2396], [2.0976,11.7424], [-0.05062499999999995,0.47662499999999997], [67.95,94.05], 2.0, 0.0, [55.505,80.495], 3.0, 2.0","country, region, industry, company_size, company_age, ai_adoption_rate, ai_adoption_stage, years_using_ai, ai_use_case, ai_projects_active, ai_training_hours, ai_budget_percentage, ai_maturity_score, regulatory_compliance_score, data_privacy_level, ai_ethics_committee, ai_risk_management_score, survey_source, data_collection_method",0.0,1.0,1.0,1,1.0,4687,4687,0.6333333333333333,0.00042247147662370806,1,1
"0.0, 1.0, [-5.200000000000001,17.200000000000003], [1.5,6.5], [-2.950000000000001,13.49], [0.15143750000000003,0.38656250000000003], [75.69,98.31], 2.0, [56.605000000000004,71.395], 3.0, 3.0","quarter, company_size, company_age, years_using_ai, ai_budget_percentage, ai_maturity_score, regulatory_compliance_score, data_privacy_level, ai_risk_management_score, survey_source, data_collection_method",0.0,0.1,1.0,1,1.0,4689,4689,0.36666666666666664,0.00042247147662370806,0,0
"2.0, 6.0, [-1483.375,3427.375], [2008.16,2031.84], [4.268450000000001,51.75155], [4.441199999999999,10.578800000000001], [0.029750000000000026,0.40025], [48.6,83.4], 1.0, [47.68,80.32], 3.0","region, industry, num_employees, company_founding_year, ai_adoption_rate, ai_budget_percentage, ai_maturity_score, regulatory_compliance_score, ai_ethics_committee, ai_risk_management_score, data_collection_method",0.0,0.1,1.0,1,1.0,4690,4690,0.36666666666666664,0.00042247147662370806,0,0
"2.0, 6.0, [-1483.375,3427.375], [2008.16,2035.7393458378347], [4.268450000000001,51.75155], [4.441199999999999,10.578800000000001], [0.029750000000000026,0.40025], [48.6,83.4], 1.0, [47.68,80.32], 0.0, 3.0","region, industry, num_employees, company_founding_year, ai_adoption_rate, ai_budget_percentage, ai_maturity_score, regulatory_compliance_score, ai_ethics_committee, ai_risk_management_score, survey_source, data_collection_method",0.0,0.1,1.0,1,1.0,4690,4690,0.4,0.00042247147662370806,0,0
"[-2559.6494000000002,2634.4694], [1994.12,2007.88], 1.0, [1.7999999999999998,6.2], 4.0, 3.0, [2.39,7.609999999999999], [0.09887500000000005,0.569125], 2.0, 0.0, [44.015,67.985], [6.35135,39.208650000000006]","annual_revenue_usd_millions, company_founding_year, company_age_group, years_using_ai, ai_primary_tool, num_ai_tools_used, ai_projects_active, ai_maturity_score, data_privacy_level, ai_ethics_committee, ai_risk_management_score, task_automation_rate",1.0,1.0,1.0,1,1.0,4691,4691,0.4,0.00042247147662370806,1,1
"1.0, 3.0, [0.9500000000000002,7.05], 5.0, 2.0, [19.833125000000003,47.286875], [60.76,93.24000000000001], 2.0, 1.0","company_size, company_age_group, years_using_ai, ai_primary_tool, num_ai_tools_used, ai_failure_rate, regulatory_compliance_score, data_privacy_level, survey_source",1.0,0.1,1.0,1,1.0,4692,4692,0.3,0.00042247147662370806,0,0
"1.0, 3.0, [0.9500000000000002,7.05], 5.0, 2.0, 3.0, [0.15525000000000003,0.46875], [19.833125000000003,47.286875], [60.76,93.24000000000001], 2.0, 1.0","company_size, company_age_group, years_using_ai, ai_primary_tool, num_ai_tools_used, ai_use_case, ai_maturity_score, ai_failure_rate, regulatory_compliance_score, data_privacy_level, survey_source",1.0,0.1,1.0,1,1.0,4692,4692,0.36666666666666664,0.00042247147662370806,0,0
"2024.0, 2.0, 1.0, [1994.04,2003.96], [13.1,36.9], 1.0, [-0.75,6.75], 0.0, 2.0, [3.2247999999999992,16.8152], [0.33431249999999996,0.8116874999999999], [57.15,92.85], [10.946599999999997,41.5534]","survey_year, region, company_size, company_founding_year, company_age, company_age_group, years_using_ai, ai_primary_tool, ai_use_case, ai_budget_percentage, ai_maturity_score, ai_risk_management_score, task_automation_rate",2.0,1.0,1.0,1,1.0,4693,4693,0.43333333333333335,0.00042247147662370806,1,1
"2024.0, [-4061.1050000000005,5171.1050000000005], [2006.52,2015.48], [7.225,18.775], 3.0, [11.677349999999997,63.68265], 2.0, 2.0, 4.0, [24.210899999999995,43.8091], [5.0527999999999995,17.547200000000004], [0.23525000000000004,0.54875], [-173886.354,292591.374], 0.0, 0.0","survey_year, num_employees, company_founding_year, company_age, company_age_group, ai_adoption_rate, ai_adoption_stage, ai_primary_tool, ai_use_case, ai_training_hours, ai_budget_percentage, ai_maturity_score, ai_investment_per_employee, ai_ethics_committee, data_collection_method",0.0,0.1,1.0,1,1.0,4694,4694,0.5,0.00042247147662370806,0,0
"2024.0, [-4061.1050000000005,5171.1050000000005], [2006.52,2025.2352048228297], [7.225,18.775], 3.0, [11.677349999999997,63.68265], 2.0, [4.65,11.35], 2.0, 4.0, [24.210899999999995,43.8091], [5.0527999999999995,17.547200000000004], [0.23525000000000004,0.54875], [-173886.354,292591.374], 0.0, 0.0","survey_year, num_employees, company_founding_year, company_age, company_age_group, ai_adoption_rate, ai_adoption_stage, years_using_ai, ai_primary_tool, ai_use_case, ai_training_hours, ai_budget_percentage, ai_maturity_score, ai_investment_per_employee, ai_ethics_committee, data_collection_method",0.0,0.1,1.0,1,1.0,4694,4694,0.5333333333333333,0.00042247147662370806,0,0
"3.0, 2.0, [-8893.716034157565,7217.535], [2002.92,2023.08], [6.525,19.475], 2.0, [8.05,11.95], 0.0, 2.0, 5.0, [7.1499999999999995,18.85], [-1.600851816004174,18.17367709875449], [0.45375,0.7102499999999999], [8.008249999999999,33.631750000000004], [-68799.16519999999,382129.3052], 2.0, 1.0, [19.9882,36.1918], 1.0","quarter, region, num_employees, company_founding_year, company_age, ai_adoption_stage, years_using_ai, ai_primary_tool, num_ai_tools_used, ai_use_case, ai_projects_active, ai_budget_percentage, ai_maturity_score, ai_failure_rate, ai_investment_per_employee, data_privacy_level, ai_ethics_committee, task_automation_rate, survey_source",2.0,0.1,1.0,1,1.3333333333333333,4695,4695,0.6333333333333333,0.000563295302164944,0,0
"3.0, 2.0, [-8893.716034157565,7217.535], [2002.92,2023.08], [6.525,19.475], 2.0, [8.05,11.95], 0.0, 2.0, 5.0, [7.1499999999999995,18.85], [-1.600851816004174,18.3064], [0.45375,0.7102499999999999], [8.008249999999999,33.631750000000004], [-68799.16519999999,382129.3052], 2.0, 1.0, [19.9882,36.1918], 1.0","quarter, region, num_employees, company_founding_year, company_age, ai_adoption_stage, years_using_ai, ai_primary_tool, num_ai_tools_used, ai_use_case, ai_projects_active, ai_budget_percentage, ai_maturity_score, ai_failure_rate, ai_investment_per_employee, data_privacy_level, ai_ethics_committee, task_automation_rate, survey_source",2.0,0.1,1.0,1,1.3333333333333333,4695,4695,0.6333333333333333,0.000563295302164944,0,0
"2026.0, [11.865,30.134999999999998], 1.0, 1.0, [-2329.0950000000003,4153.095], [-3198.77495,3893.19495], [33.06325,74.51675], 2.0, 3.0, 3.0, [6.49,13.51], [0.3480625,0.6259375], [16.650175,28.729825], [-78057.2096,149562.9016209765], 1.0","survey_year, country, region, company_size, num_employees, annual_revenue_usd_millions, ai_adoption_rate, ai_adoption_stage, ai_primary_tool, ai_use_case, ai_projects_active, ai_maturity_score, ai_failure_rate, ai_investment_per_employee, ai_ethics_committee",1.0,0.1,1.0,1,1.0,4696,4696,0.5,0.00042247147662370806,0,0
"[7.199999999999999,18.8], 1.0, [-6385.050000000001,7365.050000000001], [17.125,32.875], [12.425449999999998,44.83455], 3.0, [2.300399999999999,13.479600000000001], [30.580849999999998,47.41915], [-76775.13880000002,133139.8388], [47.05,78.95], 2.0, 1.0, [-2.643500000000003,28.863500000000002]","country, region, num_employees, company_age, ai_adoption_rate, ai_adoption_stage, ai_budget_percentage, ai_failure_rate, ai_investment_per_employee, regulatory_compliance_score, data_privacy_level, ai_ethics_committee, task_automation_rate",0.0,1.0,1.0,1,1.0,4697,4697,0.43333333333333335,0.00042247147662370806,1,1
"2026.0, [-0.27999999999999936,18.28], 1.0, [-2591.6963000000005,2802.1963000000005], [3.8,8.2], 0.0, [1.6000000000000005,12.399999999999999], [6.5607999999999995,17.9592], [72.37,99.63], 2.0, [35.15,70.85], [-2.6878500000000027,22.967850000000006], 2.0, 0.0","survey_year, country, company_size, annual_revenue_usd_millions, years_using_ai, ai_primary_tool, ai_projects_active, ai_budget_percentage, regulatory_compliance_score, data_privacy_level, ai_risk_management_score, task_automation_rate, survey_source, data_collection_method",1.0,1.0,1.0,1,1.0,4698,4698,0.4666666666666667,0.00042247147662370806,1,1
"2025.0, 3.0, 2.0, [6058.798199999999,10453.8218], 4.0, 3.0, [8.879999999999999,21.12], [35.7982,59.8218], [16.314400000000003,24.2056], [-172898.6156,402423.91559999995], [55.89,90.11], [82.075,99.925], [14.167399999999999,37.5726]","survey_year, quarter, region, annual_revenue_usd_millions, ai_primary_tool, num_ai_tools_used, ai_projects_active, ai_training_hours, ai_budget_percentage, ai_investment_per_employee, regulatory_compliance_score, ai_risk_management_score, task_automation_rate",2.0,0.1,1.0,1,1.3333333333333333,4699,4699,0.43333333333333335,0.000563295302164944,0,0
"2025.0, 3.0, 2.0, [6058.798199999999,10453.8218], [12.850000000000001,33.15], 2.0, 4.0, 3.0, [8.879999999999999,21.12], [35.7982,59.8218], [16.314400000000003,24.2056], [-172898.6156,402423.91559999995], [55.89,90.11], 1.0, [82.075,99.925], [14.167399999999999,37.5726]","survey_year, quarter, region, annual_revenue_usd_millions, company_age, ai_adoption_stage, ai_primary_tool, num_ai_tools_used, ai_projects_active, ai_training_hours, ai_budget_percentage, ai_investment_per_employee, regulatory_compliance_score, ai_ethics_committee, ai_risk_management_score, task_automation_rate",2.0,0.1,1.0,1,1.3333333333333333,4699,4699,0.5333333333333333,0.000563295302164944,0,0
"2024.0, 2.0, 5.0, 1.0, [-2285.8050000000003,3017.8050000000003], [-3512.71875,3978.79875], [2006.48,2029.52], [-1.3499999999999996,13.35], [5.190499999999997,57.9495], 3.0, 2.0, 7.0, [1.5699999999999998,6.43], [4.1452,12.474800000000002], [0.15875,0.41524999999999995], [-75361.75520000001,181200.9952], [45.120000000000005,86.88], 0.0, [47.72,76.28]","survey_year, region, industry, company_size, num_employees, annual_revenue_usd_millions, company_founding_year, company_age, ai_adoption_rate, ai_adoption_stage, num_ai_tools_used, ai_use_case, ai_projects_active, ai_budget_percentage, ai_maturity_score, ai_investment_per_employee, regulatory_compliance_score, data_privacy_level, ai_risk_management_score",0.0,0.1,1.0,1,1.0,4700,4700,0.6333333333333333,0.00042247147662370806,0,0
"2024.0, 2.0, 1.0, [-2285.8050000000003,3017.8050000000003], [-3512.71875,3978.79875], [2006.48,2029.52], [-1.3499999999999996,13.35], [5.190499999999997,57.9495], 3.0, [0.49999999999999956,7.5], 2.0, [1.5699999999999998,6.43], [4.1452,12.474800000000002], [0.15875,0.41524999999999995], [-75361.75520000001,181200.9952], [45.120000000000005,86.88], 0.0, [47.72,76.28]","survey_year, region, company_size, num_employees, annual_revenue_usd_millions, company_founding_year, company_age, ai_adoption_rate, ai_adoption_stage, years_using_ai, num_ai_tools_used, ai_projects_active, ai_budget_percentage, ai_maturity_score, ai_investment_per_employee, regulatory_compliance_score, data_privacy_level, ai_risk_management_score",0.0,0.1,1.0,1,1.0,4700,4700,0.6,0.00042247147662370806,0,0
"[18.27,39.730000000000004], 0.0, [7.325000000000001,28.674999999999997], [35.71915,66.62085], [5.15,8.85], 3.0, 4.0, [22.577,41.543000000000006], [0.14162500000000003,0.640375], [53.25,96.75], 1.0, [12.66195,40.118050000000004], 3.0, 3.0","country, company_size, company_age, ai_adoption_rate, years_using_ai, ai_primary_tool, ai_use_case, ai_training_hours, ai_maturity_score, regulatory_compliance_score, ai_ethics_committee, task_automation_rate, survey_source, data_collection_method",2.0,0.1,1.0,1,1.0,4701,4701,0.4666666666666667,0.00042247147662370806,0,0
"[6.879999999999999,23.12], 6.0, [-4172.245,4274.245], [-2277.8387000000002,2316.9587], [2005.0,2029.0], [2.05,13.95], [5.949999999999999,10.05], 3.0, [-1.0344000000000007,7.514400000000001], [-0.06274999999999997,0.36474999999999996], 0.0, 0.0","country, industry, num_employees, annual_revenue_usd_millions, company_founding_year, company_age, years_using_ai, ai_primary_tool, ai_budget_percentage, ai_maturity_score, ai_ethics_committee, survey_source",0.0,1.0,1.0,1,1.0,4702,4702,0.4,0.00042247147662370806,1,1
"2026.0, [7.49,18.509999999999998], [-5727.6849999999995,5861.6849999999995], [-2519.0759500000004,2575.1559500000003], [2006.56,2025.44], [22.401749999999996,56.318250000000006], 2.0, 0.0, [0.4344000000000001,13.8056], [0.211375,0.510625], [15.496225,26.843775], [73.69,96.31], [9.403349999999996,24.25665], 2.0","survey_year, country, num_employees, annual_revenue_usd_millions, company_founding_year, ai_adoption_rate, num_ai_tools_used, ai_use_case, ai_budget_percentage, ai_maturity_score, ai_failure_rate, regulatory_compliance_score, task_automation_rate, data_collection_method",1.0,0.1,1.0,1,1.0,4703,4703,0.4666666666666667,0.00042247147662370806,0,0
"2024.0, 1.0, [-3857.535,5767.535], [21.975,44.025], 2.0, [12.286949999999997,52.23305], 3.0, [-0.5999999999999996,6.6], 0.0, [1.959999999999999,12.040000000000001], [-16.527500000000003,30.887500000000003], [0.5843999999999996,13.9556], [24.279,38.92100000000001], [58.15,95.85], [39.425,72.575], [8.742449999999998,31.69755], 2.0","survey_year, quarter, num_employees, company_age, company_age_group, ai_adoption_rate, ai_adoption_stage, years_using_ai, ai_primary_tool, ai_projects_active, ai_training_hours, ai_budget_percentage, ai_failure_rate, regulatory_compliance_score, ai_risk_management_score, task_automation_rate, data_collection_method",2.0,0.1,1.0,1,3.0,4704,4704,0.5666666666666667,0.0012674144298711243,0,0
"2024.0, 1.0, [-4.860000000000001,14.860000000000001], [-3857.535,5767.535], [1986.52,1995.48], [21.975,44.025], 2.0, 3.0, 0.0, 5.0, [-16.527500000000003,30.887500000000003], [0.029250000000000026,0.45675], [8.742449999999998,31.69755], 2.0","survey_year, quarter, country, num_employees, company_founding_year, company_age, company_age_group, ai_adoption_stage, ai_primary_tool, ai_use_case, ai_training_hours, ai_maturity_score, task_automation_rate, data_collection_method",2.0,0.1,1.0,1,1.6666666666666667,4704,4704,0.4666666666666667,0.0007041191277061802,0,0
"2025.0, 0.0, [17.939999999999998,26.060000000000002], 1.0, [-3024.955,4242.955], 1.0, 3.0, 1.0, [2.57,7.43], [18.190800000000003,63.7092], [13.044799999999997,30.6152], [-133138.6928,154522.5728], 1.0, [42.425,75.575], [11.6963,45.0037], 1.0","survey_year, quarter, country, company_size, num_employees, company_age_group, ai_adoption_stage, num_ai_tools_used, ai_projects_active, ai_training_hours, ai_failure_rate, ai_investment_per_employee, ai_ethics_committee, ai_risk_management_score, task_automation_rate, data_collection_method",2.0,1.0,1.0,1,1.0,4706,4706,0.5333333333333333,0.00042247147662370806,1,1
"2025.0, [12.01,29.990000000000002], 5.0, [7376.98,12877.02], [-10.125,16.125], 0.0, 3.0, [1.2515999999999998,7.6084], [-102366.69880000001,107548.2788], [50.120000000000005,91.88], 1.0, [55.37,68.63], 3.0","survey_year, country, industry, num_employees, company_age, ai_primary_tool, num_ai_tools_used, ai_budget_percentage, ai_investment_per_employee, regulatory_compliance_score, data_privacy_level, ai_risk_management_score, data_collection_method",1.0,1.0,1.0,1,1.0,4707,4707,0.43333333333333335,0.00042247147662370806,1,1
"2025.0, [-0.005000000000000782,20.005000000000003], 0.0, [20.25,37.75], 1.0, 3.0, [4.1,7.9], 1.0, 3.0, 3.0, [5.3332999999999995,35.0467], [0.08068750000000002,0.5153125], [21.961100000000002,35.1389], [-124834.33959999999,333868.7596], [31.44,68.56], 0.0, 1.0, [55.29,76.71], 0.0","survey_year, country, company_size, company_age, company_age_group, ai_adoption_stage, years_using_ai, ai_primary_tool, num_ai_tools_used, ai_use_case, ai_training_hours, ai_maturity_score, ai_failure_rate, ai_investment_per_employee, regulatory_compliance_score, data_privacy_level, ai_ethics_committee, ai_risk_management_score, data_collection_method",0.0,1.0,1.0,1,1.0,4708,4708,0.6333333333333333,0.00042247147662370806,1,1
"2024.0, [-0.5849999999999991,20.585], [-3320.22495,3771.7449500000002], [-2.75,14.75], 3.0, [7.747349999999997,59.75265], [0.5499999999999998,5.45], [2.67,9.33], [7.2433,36.956700000000005], [46.18,79.82], 2.0, 0.0, 3.0","survey_year, country, annual_revenue_usd_millions, company_age, company_age_group, ai_adoption_rate, years_using_ai, ai_projects_active, ai_training_hours, regulatory_compliance_score, data_privacy_level, ai_ethics_committee, survey_source",0.0,0.1,1.0,1,2.0,4709,4709,0.43333333333333335,0.0008449429532474161,0,0
"[-3.135,15.135], 0.0, [-3912.675,4926.675], [-2249.9221500000003,2444.7621500000005], 1.0, 7.0, [42.15,76.95], 0.0, 1.0, [51.66,86.34], 3.0","country, industry, num_employees, annual_revenue_usd_millions, ai_primary_tool, ai_use_case, regulatory_compliance_score, data_privacy_level, ai_ethics_committee, ai_risk_management_score, survey_source",0.0,0.1,1.0,1,3.4000000000000004,4710,4710,0.36666666666666664,0.0014364030205206075,0,0
"1.0, [4.085,11.915], 2.0, 1.0, [2008.16,2031.84], [-0.9500000000000002,10.95], 0.0, [17.742700000000003,61.457300000000004], 2.0, [-1.0,3.0], 0.0, [1.0771999999999986,15.982800000000001], [0.28412500000000007,0.7258749999999999], [10.080349999999997,34.239650000000005], [68.5,97.5], 1.0, 1.0, [9.022649999999999,30.177350000000004], 0.0","quarter, country, industry, company_size, company_founding_year, company_age, company_age_group, ai_adoption_rate, ai_adoption_stage, years_using_ai, ai_primary_tool, ai_budget_percentage, ai_maturity_score, ai_failure_rate, regulatory_compliance_score, data_privacy_level, ai_ethics_committee, task_automation_rate, survey_source",2.0,1.0,1.0,1,1.0,4711,4711,0.6333333333333333,0.00042247147662370806,1,1
"2024.0, 1.0, 0.0, [5919.419199999998,12312.1808], [14.6,31.4], [33.140100000000004,73.8399], 2.0, 1.0, 3.0, 6.0, [0.42075,0.79125], [12.938500000000001,34.9015], [-28354.65400000001,438123.074], 0.0, [23.057899999999997,41.9621]","survey_year, quarter, company_size, annual_revenue_usd_millions, company_age, ai_adoption_rate, ai_adoption_stage, ai_primary_tool, num_ai_tools_used, ai_use_case, ai_maturity_score, ai_failure_rate, ai_investment_per_employee, data_privacy_level, task_automation_rate",2.0,1.0,1.0,1,1.0,4712,4712,0.5,0.00042247147662370806,1,1
"0.0, 8.0, 0.0, [11165.53,22558.47], [26.7,39.3], [16.368999999999996,61.590999999999994], [3.1499999999999995,8.850000000000001], 1.0, 0.0, [2.39,7.609999999999999], [8.2516,14.6084], [0.2581875,0.5218125], [54.15,91.85], 2.0, 0.0, [58.035,79.965], [-1.448450000000003,29.608450000000005]","region, industry, company_size, num_employees, company_age, ai_adoption_rate, years_using_ai, ai_primary_tool, ai_use_case, ai_projects_active, ai_budget_percentage, ai_maturity_score, regulatory_compliance_score, data_privacy_level, ai_ethics_committee, ai_risk_management_score, task_automation_rate",0.0,0.1,1.0,1,1.6,4713,4713,0.5666666666666667,0.0006759543625979329,0,0
"2025.0, [-6.25,8.25], 4.0, 8.0, [-2513.797,3479.417], [11.625,20.375], 2.0, 0.0, 0.0, [8.320799999999998,14.2392], [0.239,0.581], [320039.372,669897.6680000001], [60.08,87.92], 1.0, [16.4385,29.9415]","survey_year, country, region, industry, annual_revenue_usd_millions, company_age, ai_adoption_stage, ai_primary_tool, ai_use_case, ai_budget_percentage, ai_maturity_score, ai_investment_per_employee, regulatory_compliance_score, ai_ethics_committee, task_automation_rate",2.0,1.0,1.0,1,1.0,4714,4714,0.5,0.00042247147662370806,1,1
"1.0, 5.0, 2.0, [-6340.975,6426.975], [1986.96,2001.04], 1.0, [11.474899999999998,46.1451], 3.0, 2.0, [6.751999999999999,13.328], [-154801.518,195056.77800000002], 0.0, [36.64,73.36], 1.0","quarter, region, company_size, num_employees, company_founding_year, company_age_group, ai_adoption_rate, ai_primary_tool, num_ai_tools_used, ai_budget_percentage, ai_investment_per_employee, data_privacy_level, ai_risk_management_score, survey_source",0.0,0.1,1.0,1,1.3333333333333333,4715,4715,0.4666666666666667,0.000563295302164944,0,0
"1.0, 5.0, 2.0, [1986.96,2001.04], 1.0, 3.0, 2.0, [-21.1692,24.3492], [6.751999999999999,13.328], 0.0, [-11.4237,21.8837], 1.0","quarter, region, company_size, company_founding_year, company_age_group, ai_primary_tool, num_ai_tools_used, ai_training_hours, ai_budget_percentage, data_privacy_level, task_automation_rate, survey_source",0.0,0.1,1.0,1,2.0,4715,4715,0.4,0.0008449429532474161,0,0
"3.0, [3.705,24.295], 5.0, [4.35,17.65], 3.0, [-0.1499999999999999,5.5], [-0.018812499999999982,0.6080912358880474], [25.413375000000002,49.206625], [-157290.46080000003,285863.38080000004], 2.0, [42.585,59.415]","quarter, country, industry, company_age, ai_adoption_stage, years_using_ai, ai_maturity_score, ai_failure_rate, ai_investment_per_employee, data_privacy_level, ai_risk_management_score",0.0,0.1,1.0,1,2.0,4716,4716,0.36666666666666664,0.0008449429532474161,0,0
"2024.0, 3.0, 5.0, 2.0, [2007.4,2018.6], 3.0, [0.5,6.15], [-0.874800000000004,42.1148], 2.0, 0.0","survey_year, quarter, industry, company_size, company_founding_year, ai_adoption_stage, years_using_ai, ai_training_hours, data_privacy_level, survey_source",2,0.1,1.0,1,3.0,4716,4716,0.3333333333333333,0.0012674144298711243,0,0
"2023.0, [-4185.245,4261.245], [-2292.5187,2302.2787000000003], [8.3,23.7], 1.0, [-7.837299999999999,35.8773], 3.0, [-1.4500000000000002,5.45], 1.0, [0.1379000000000019,38.7021], [0.9303999999999997,6.6296], [19.373125,46.826875], [56.56,77.44], 0.0, 0.0","survey_year, num_employees, annual_revenue_usd_millions, company_age, company_age_group, ai_adoption_rate, ai_adoption_stage, years_using_ai, num_ai_tools_used, ai_training_hours, ai_budget_percentage, ai_failure_rate, regulatory_compliance_score, data_privacy_level, survey_source",1.0,0.1,1.0,1,1.0,4717,4717,0.5,0.00042247147662370806,0,0
"2023.0, [-4185.245,4261.245], [-2292.5187,2302.2787000000003], [8.3,23.7], 1.0, [-7.837299999999999,35.8773], 3.0, [-1.4500000000000002,5.45], 1.0, [-22.92519587133434,38.7021], [0.9303999999999997,6.6296], [19.373125,46.826875], [56.56,77.44], 0.0, 1.0, 0.0","survey_year, num_employees, annual_revenue_usd_millions, company_age, company_age_group, ai_adoption_rate, ai_adoption_stage, years_using_ai, num_ai_tools_used, ai_training_hours, ai_budget_percentage, ai_failure_rate, regulatory_compliance_score, data_privacy_level, ai_ethics_committee, survey_source",1.0,0.1,1.0,1,1.0,4717,4717,0.5333333333333333,0.00042247147662370806,0,0
"0.0, [-8.845,8.845], 5.0, 2.0, 2.0, [-1527.29695,1569.19695], [1997.88,2016.12], [18.938049999999997,54.36195], [2.85,7.15], 3.0, [2.2299999999999995,11.77], [9.150899999999998,28.7491], [2.0683999999999996,17.6316], [0.19518750000000004,0.45881249999999996], 0.0, 0.0, [37.21,66.78999999999999], [17.4777,38.1823]","quarter, country, region, industry, company_size, annual_revenue_usd_millions, company_founding_year, ai_adoption_rate, years_using_ai, ai_use_case, ai_projects_active, ai_training_hours, ai_budget_percentage, ai_maturity_score, data_privacy_level, ai_ethics_committee, ai_risk_management_score, task_automation_rate",2.0,1.0,1.0,1,1.0,4718,4718,0.6,0.00042247147662370806,1,1
"3.0, [17.33,30.67], 2.0, [-2603.8050000000003,2699.8050000000003], [21.95,38.05], 1.0, 3.0, 2.0, 0.0, [-2.2300000000000004,6.23], [-3.8199000000000023,33.4799], [0.04081250000000003,0.3471875], [-223731.4572,12335.955435062235], [-1.302200000000001,18.502200000000002]","quarter, country, region, num_employees, company_age, company_age_group, ai_primary_tool, num_ai_tools_used, ai_use_case, ai_projects_active, ai_training_hours, ai_maturity_score, ai_investment_per_employee, task_automation_rate",0.0,0.1,1.0,1,1.0,4719,4719,0.4666666666666667,0.00042247147662370806,0,0
"0.0, [-8.555,8.555], 2.0, [-6285.975,6481.975], [-2986.967,3006.247], [-2.0325000000000024,35.6525], 1.0, [-8.553300000000004,24.953300000000002], [-4.220000000000001,12.22], [-0.058937499999999976,0.3329375], [56.82,81.18], 1.0, [54.095,69.905]","quarter, country, company_size, num_employees, annual_revenue_usd_millions, ai_adoption_rate, num_ai_tools_used, ai_training_hours, ai_budget_percentage, ai_maturity_score, regulatory_compliance_score, data_privacy_level, ai_risk_management_score",1,0.1,1.0,1,2.0,4720,4720,0.43333333333333335,0.0008449429532474161,0,0
"0.0, [-2246.7721500000002,2447.9121500000006], 3.0, [1.65,6.35], 0.0, [0.5800000000000001,7.42], [-0.07593749999999999,0.4299375], [16.043374999999997,39.836625000000005], [57.75,72.25], [-9.15855,22.79855]","region, annual_revenue_usd_millions, company_age_group, years_using_ai, ai_use_case, ai_projects_active, ai_maturity_score, ai_failure_rate, regulatory_compliance_score, task_automation_rate",0.0,0.013168724279835387,0.6666666666666666,1,2.0,4721,4721,0.3333333333333333,0.0008449429532474161,0,0
"0.0, [-2246.7721500000002,2447.9121500000006], 3.0, [1.65,6.35], 3.0, 0.0, [0.5800000000000001,7.42], [-0.07593749999999999,0.4299375], [16.043374999999997,39.836625000000005], [57.75,72.25], [-9.15855,22.79855], 1.0","region, annual_revenue_usd_millions, company_age_group, years_using_ai, num_ai_tools_used, ai_use_case, ai_projects_active, ai_maturity_score, ai_failure_rate, regulatory_compliance_score, task_automation_rate, data_collection_method",0.0,0.013168724279835387,0.6666666666666666,1,2.0,4721,4721,0.4,0.0008449429532474161,0,0
"0.0, [-3426.7480500000006,3465.4480500000004], [-3.7750000000000004,21.775], [-0.4500000000000002,6.45], 6.0, [-1.523200000000001,13.163200000000002], [-0.08262499999999995,0.33062499999999995], [-214637.91160000002,282938.33160000003], 2.0, 0.0, [50.015,73.985], 1.0","quarter, annual_revenue_usd_millions, company_age, years_using_ai, ai_use_case, ai_budget_percentage, ai_maturity_score, ai_investment_per_employee, data_privacy_level, ai_ethics_committee, ai_risk_management_score, data_collection_method",0.0,0.1,1.0,1,1.0,4723,4723,0.4,0.00042247147662370806,0,0
"2026.0, 1.0, 1.0, [5320.09,19855.91], [3817.36305,6913.856949999999], [2004.16,2019.84], 0.0, 4.0, [8.39,13.61], [43.579899999999995,69.5001], [-193073.38040000002,320052.1204], [42.730000000000004,79.27], [56.075,73.925], [11.616699999999996,41.3233], 2.0, 3.0","survey_year, quarter, region, num_employees, annual_revenue_usd_millions, company_founding_year, ai_primary_tool, num_ai_tools_used, ai_projects_active, ai_training_hours, ai_investment_per_employee, regulatory_compliance_score, ai_risk_management_score, task_automation_rate, survey_source, data_collection_method",2.0,0.1,1.0,1,1.0,4724,4724,0.5333333333333333,0.00042247147662370806,0,0
"2026.0, 1.0, [5320.09,19855.91], [2004.16,2019.84], [49.6619,69.2581], 0.0, 4.0, 7.0, [43.579899999999995,69.5001], [-193073.38040000002,320052.1204], [42.730000000000004,79.27], [56.075,73.925], [11.616699999999996,41.3233], 2.0, 3.0","survey_year, quarter, num_employees, company_founding_year, ai_adoption_rate, ai_primary_tool, num_ai_tools_used, ai_use_case, ai_training_hours, ai_investment_per_employee, regulatory_compliance_score, ai_risk_management_score, task_automation_rate, survey_source, data_collection_method",2.0,0.1,1.0,1,1.0,4724,4724,0.5,0.00042247147662370806,0,0
"2023.0, 2.0, [1.9399999999999995,10.06], 7.0, 1.0, [-4975.9,6809.9], [2009.04,2018.96], [2.5250000000000004,15.475], 3.0, [24.795999999999996,54.944], 2.0, [-0.3500000000000001,6.35], 0.0, [0.1731875,0.6648125], [-202421.20640000002,232958.0064], [50.72,79.28], [7.321849999999998,35.67815], 2.0","survey_year, quarter, country, industry, company_size, num_employees, company_founding_year, company_age, company_age_group, ai_adoption_rate, ai_adoption_stage, years_using_ai, ai_primary_tool, ai_maturity_score, ai_investment_per_employee, ai_risk_management_score, task_automation_rate, data_collection_method",1.0,1.0,1.0,1,1.0,4725,4725,0.6,0.00042247147662370806,1,1
"[-3.96,9.96], 3.0, [-6346.264999999999,7600.264999999999], [8.8882,29.991800000000005], [4.1,9.9], 3.0, 2.0, 6.0, [40.445,71.555], [-2.5183500000000016,27.638350000000003], 2.0","country, region, num_employees, ai_adoption_rate, years_using_ai, ai_primary_tool, num_ai_tools_used, ai_use_case, ai_risk_management_score, task_automation_rate, survey_source",0.0,0.1,1.0,1,2.0,4726,4726,0.36666666666666664,0.0008449429532474161,0,0
"2.0, [-5.525,7.525], 6.0, [-3475.7015000000006,3516.381500000001], 0.0, 5.0, 3.0, 0.0, [2.7699999999999996,11.23], [-155639.8432,256415.48320000002], [52.95,79.05], 2.0, 1.0, [61.84,78.16], [14.222449999999998,37.17755], 0.0","quarter, country, industry, annual_revenue_usd_millions, company_age_group, ai_primary_tool, num_ai_tools_used, ai_use_case, ai_projects_active, ai_investment_per_employee, regulatory_compliance_score, data_privacy_level, ai_ethics_committee, ai_risk_management_score, task_automation_rate, survey_source",1.0,0.1,1.0,1,1.3333333333333333,4727,4727,0.5333333333333333,0.000563295302164944,0,0
"2.0, [-5.525,7.525], 6.0, [-3475.7015000000006,3516.381500000001], 0.0, 5.0, 0.0, [2.7699999999999996,11.23], [-155639.8432,256415.48320000002], 1.0, [61.84,78.16], [14.222449999999998,37.17755], 0.0","quarter, country, industry, annual_revenue_usd_millions, company_age_group, ai_primary_tool, ai_use_case, ai_projects_active, ai_investment_per_employee, ai_ethics_committee, ai_risk_management_score, task_automation_rate, survey_source",1.0,0.1,1.0,1,1.3333333333333333,4727,4727,0.43333333333333335,0.000563295302164944,0,0
"2026.0, [-15233.847278604984,6473.975], [2004.32,2027.68], [30.729699999999994,59.3703], 2.0, 0.0, 3.0, 3.0, [23.180899999999994,42.7791], [0.29200000000000004,0.52], 2.0, [8.738099999999998,25.841900000000003], 1.0, 2.0","survey_year, num_employees, company_founding_year, ai_adoption_rate, ai_adoption_stage, ai_primary_tool, num_ai_tools_used, ai_use_case, ai_training_hours, ai_maturity_score, data_privacy_level, task_automation_rate, survey_source, data_collection_method",1.0,0.1,1.0,1,1.25,4728,4728,0.4666666666666667,0.0005280893457796351,0,0
"2026.0, [3.0549999999999997,14.945], 2.0, [-6293.975,6473.975], [2004.32,2027.68], [30.729699999999994,59.3703], 2.0, 0.0, 3.0, 3.0, [23.180899999999994,42.7791], 2.0, [8.738099999999998,25.841900000000003], 1.0, 2.0","survey_year, country, company_size, num_employees, company_founding_year, ai_adoption_rate, ai_adoption_stage, ai_primary_tool, num_ai_tools_used, ai_use_case, ai_training_hours, data_privacy_level, task_automation_rate, survey_source, data_collection_method",0,0.1,1.0,1,1.25,4728,4728,0.5,0.0005280893457796351,0,0
"[14.139999999999999,33.86], 7.0, [7654.3150000000005,19243.684999999998], [7215.86025,12709.63975], 1.0, [6.4,11.6], 1.0, [1.3872292277546556,2.3099999999999996], [8.200099999999999,45.499900000000004], [0.20406250000000004,0.4819375], 1.0","country, industry, num_employees, annual_revenue_usd_millions, company_age_group, years_using_ai, ai_primary_tool, ai_projects_active, ai_training_hours, ai_maturity_score, ai_ethics_committee",1.0,0.1,1.0,1,1.0,4729,4729,0.36666666666666664,0.00042247147662370806,0,0
"2.0, [14.139999999999999,33.86], 2.0, 7.0, [7654.3150000000005,19243.684999999998], [7215.86025,12709.63975], 1.0, 3.0, [6.4,11.6], 1.0, [2.3099999999999996,9.690000000000001], [0.20406250000000004,0.4819375], 1.0","quarter, country, region, industry, num_employees, annual_revenue_usd_millions, company_age_group, ai_adoption_stage, years_using_ai, ai_primary_tool, ai_projects_active, ai_maturity_score, ai_ethics_committee",1.0,0.1,1.0,1,1.0,4729,4729,0.43333333333333335,0.00042247147662370806,0,0
"2025.0, 1.0, [-1961.8050000000003,3341.8050000000003], [-2886.567,3106.647], [9.6,26.4], 1.0, [4.021049999999995,54.518950000000004], 3.0, [3.15,6.85], 6.0, [1.1552999999999987,18.2247], [-0.06706249999999997,0.6382252334283575], 2.0, 0.0, [39.875,78.125]","survey_year, company_size, num_employees, annual_revenue_usd_millions, company_age, company_age_group, ai_adoption_rate, ai_adoption_stage, years_using_ai, ai_use_case, ai_training_hours, ai_maturity_score, data_privacy_level, ai_ethics_committee, ai_risk_management_score",1.0,0.1,1.0,1,1.3333333333333333,4731,4731,0.5,0.000563295302164944,0,0
"2.0, 1.0, 1.0, 2.0, [19.175,32.825], 1.0, 3.0, [2.1,5.9], 2.0, [4.4236,11.8764], [0.09693750000000001,0.6170625], [22.7553,33.0047], [-129241.954,337235.774], [48.980000000000004,71.02], 1.0","quarter, region, industry, company_size, company_age, company_age_group, ai_adoption_stage, years_using_ai, num_ai_tools_used, ai_budget_percentage, ai_maturity_score, ai_failure_rate, ai_investment_per_employee, regulatory_compliance_score, data_privacy_level",2.0,1.0,1.0,1,2.0,4733,4733,0.5,0.0008449429532474161,1,1
"2026.0, 8.0, [10863.54,19506.46], [2002.72,2013.28], [51.1471,76.7729], 0.0, 3.0, 2.0, [32.7679,71.3321], [10.244399999999999,23.6156], [3.9087499999999995,22.21125], [-241235.586,264115.286], [57.625,70.375], [21.2671,47.3729], 0.0","survey_year, industry, num_employees, company_founding_year, ai_adoption_rate, ai_primary_tool, num_ai_tools_used, ai_use_case, ai_training_hours, ai_budget_percentage, ai_failure_rate, ai_investment_per_employee, ai_risk_management_score, task_automation_rate, survey_source",2.0,1.0,1.0,1,1.0,4734,4734,0.5,0.00042247147662370806,1,1
"8.0, 1.0, [2001.04,2006.0833860708296], [9.7,22.3], 0.0, [8.23,17.77], [19.871299999999994,62.2287], [-107973.93160000001,389602.3116], [71.3,88.7], 1.0, [13.071249999999996,46.82875], 0.0","industry, company_size, company_founding_year, company_age, ai_primary_tool, ai_projects_active, ai_training_hours, ai_investment_per_employee, regulatory_compliance_score, ai_ethics_committee, task_automation_rate, survey_source",2.0,0.1,1.0,1,1.0,4735,4735,0.4,0.00042247147662370806,0,0
"5.0, 2.0, [13.799999999999999,36.2], 1.0, [15.829149999999998,46.730850000000004], 3.0, 5.0, 0.0, [1.1399999999999997,10.86], [19.993499999999997,61.0865], [7.0920000000000005,13.668000000000001], [12.903374999999999,36.696625000000004], 2.0, [48.015,71.985], 1.0, 1.0","industry, company_size, company_age, company_age_group, ai_adoption_rate, ai_adoption_stage, ai_primary_tool, ai_use_case, ai_projects_active, ai_training_hours, ai_budget_percentage, ai_failure_rate, data_privacy_level, ai_risk_management_score, survey_source, data_collection_method",0.0,1.0,1.0,1,1.0,4736,4736,0.5333333333333333,0.00042247147662370806,1,1
"2.0, 5.0, 6.0, [1559.54,10202.46], [5.449999999999999,31.253124859252637], [2.55,5.45], 3.0, [9.03,14.97], [42.5335,83.6265], [11.459999999999999,27.9], [0.5806874999999999,0.8443124999999999], [-4.177550000000002,18.51755], [-97900.05920000002,430774.69920000003], 0.0","quarter, region, industry, num_employees, company_age, years_using_ai, num_ai_tools_used, ai_projects_active, ai_training_hours, ai_budget_percentage, ai_maturity_score, ai_failure_rate, ai_investment_per_employee, survey_source",2.0,0.1,1.0,1,2.5,4737,4737,0.4666666666666667,0.0010561786915592702,0,0
"2.0, 5.0, 6.0, [1559.54,10202.46], [5.449999999999999,28.55], [2.55,5.45], 0.0, 3.0, [9.03,14.97], [42.5335,83.6265], [11.459999999999999,27.9], [0.5806874999999999,0.8443124999999999], [-4.177550000000002,18.51755], [-97900.05920000002,430774.69920000003], 0.0","quarter, region, industry, num_employees, company_age, years_using_ai, ai_primary_tool, num_ai_tools_used, ai_projects_active, ai_training_hours, ai_budget_percentage, ai_maturity_score, ai_failure_rate, ai_investment_per_employee, survey_source",2.0,0.1,1.0,1,2.5,4737,4737,0.5,0.0010561786915592702,0,0
"2026.0, 3.0, [-6.584999999999999,14.584999999999999], 5.0, 5.0, 1.0, [3.204749999999997,31.392104074163118], 3.0, 1.0, 0.0, [8.777324999999998,33.302675], 1.0, 3.0","survey_year, quarter, country, region, industry, company_age_group, ai_adoption_rate, ai_adoption_stage, num_ai_tools_used, ai_use_case, ai_failure_rate, survey_source, data_collection_method",1.0,0.1,1.0,1,2.5,4738,4738,0.43333333333333335,0.0010561786915592702,0,0
"2026.0, 1.0, [2818.0200000000004,5405.104252269211], [-2125.26835,2169.86835], [29.225,40.775], 2.0, [20.360249999999994,46.73975], 3.0, 2.0, [6.31,13.690000000000001], [19.009399999999996,48.090599999999995], [14.9922,41.34780000000001], [-240679.7048,280220.42480000004], [62.47,95.53], [43.68,76.32], [4.0368999999999975,31.9431], 1.0","survey_year, region, num_employees, annual_revenue_usd_millions, company_age, company_age_group, ai_adoption_rate, ai_adoption_stage, ai_primary_tool, ai_projects_active, ai_training_hours, ai_failure_rate, ai_investment_per_employee, regulatory_compliance_score, ai_risk_management_score, task_automation_rate, data_collection_method",1.0,0.1,1.0,1,1.0,4739,4739,0.5666666666666667,0.00042247147662370806,0,0
"2026.0, 1.0, 2.0, [-2682.0200000000004,2818.0200000000004], [-2125.26835,2169.86835], [29.225,40.775], [20.360249999999994,46.73975], 3.0, 2.0, [6.31,13.690000000000001], [19.009399999999996,48.090599999999995], [14.9922,41.34780000000001], [-240679.7048,280220.42480000004], [62.47,95.53], [43.68,76.32], [4.0368999999999975,31.9431], 1.0","survey_year, region, company_size, num_employees, annual_revenue_usd_millions, company_age, ai_adoption_rate, ai_adoption_stage, ai_primary_tool, ai_projects_active, ai_training_hours, ai_failure_rate, ai_investment_per_employee, regulatory_compliance_score, ai_risk_management_score, task_automation_rate, data_collection_method",1.0,0.1,1.0,1,1.0,4739,4739,0.5666666666666667,0.00042247147662370806,0,0
"2025.0, [21.490000000000002,32.51], 2.0, 1.0, [-5434.6849999999995,6154.6849999999995], [36.9523,68.6077], 0.0, [2.58,9.42], [-0.3836000000000013,14.0836], [0.09262499999999999,0.477375], [16.546225,27.893774999999998], [-111936.1948,214598.21480000002], [51.25,94.75], 0.0, 0.0, [41.31,60.69], [23.90365,36.05635], 2.0","survey_year, country, region, company_size, num_employees, ai_adoption_rate, ai_primary_tool, ai_projects_active, ai_budget_percentage, ai_maturity_score, ai_failure_rate, ai_investment_per_employee, regulatory_compliance_score, data_privacy_level, ai_ethics_committee, ai_risk_management_score, task_automation_rate, survey_source",1.0,0.1,1.0,1,1.5,4741,4741,0.6,0.0006337072149355621,0,0
"2025.0, 1.0, 1.0, [-1784.8050000000003,3518.8050000000003], [1994.4,2005.6], 1.0, [22.285850000000003,66.75415000000001], 2.0, [0.12081250000000004,0.6551875], [-160077.43800000002,189780.858], [37.525,60.475], [29.248299999999997,44.5517], 1.0","survey_year, quarter, company_size, num_employees, company_founding_year, company_age_group, ai_adoption_rate, ai_adoption_stage, ai_maturity_score, ai_investment_per_employee, ai_risk_management_score, task_automation_rate, survey_source",2.0,1.0,1.0,1,2.0,4742,4742,0.43333333333333335,0.0008449429532474161,1,1
"1.0, 7.0, [-2551.8050000000003,2751.8050000000003], [-2747.8173500000003,3545.05735], [2010.72,2029.28], 0.0, [6.124749999999999,55.11525], [1.35,8.65], 1.0, 1.0, 3.0, [-1.79,3.79], [1.7896,18.0104], [59.01,76.99], 2.0, 3.0","region, industry, num_employees, annual_revenue_usd_millions, company_founding_year, company_age_group, ai_adoption_rate, years_using_ai, ai_primary_tool, num_ai_tools_used, ai_use_case, ai_projects_active, ai_budget_percentage, regulatory_compliance_score, data_privacy_level, data_collection_method",2.0,0.1,1.0,1,1.0,4744,4744,0.5333333333333333,0.00042247147662370806,0,0
"[1.1549999999999994,18.845], 1.0, 7.0, [-2551.8050000000003,2751.8050000000003], [2010.72,2029.28], 0.0, [6.124749999999999,55.11525], [1.35,8.65], 1.0, 1.0, 3.0, [-1.79,3.79], [1.7896,18.0104], [59.01,76.99], 2.0, 3.0","country, region, industry, num_employees, company_founding_year, company_age_group, ai_adoption_rate, years_using_ai, ai_primary_tool, num_ai_tools_used, ai_use_case, ai_projects_active, ai_budget_percentage, regulatory_compliance_score, data_privacy_level, data_collection_method",2.0,0.1,1.0,1,1.0,4744,4744,0.5333333333333333,0.00042247147662370806,0,0
"2023.0, 4.0, 0.0, [-1422.2294000000002,3771.8894], [2000.68,2017.32], 3.0, 2.0, [3.4999999999999996,10.5], 4.0, 3.0, 0.0, [8.5076,18.1524], 0.0, 2.0","survey_year, region, company_size, annual_revenue_usd_millions, company_founding_year, company_age_group, ai_adoption_stage, years_using_ai, ai_primary_tool, num_ai_tools_used, ai_use_case, ai_budget_percentage, ai_ethics_committee, data_collection_method",1.0,0.1,1.0,1,1.4,4745,4745,0.4666666666666667,0.0005914600672731913,0,0
"2023.0, 0.0, [-3822.1293388014137,3771.8894], [2000.68,2017.32], 3.0, 2.0, [3.4999999999999996,10.5], 4.0, 3.0, 0.0, [8.5076,18.1524], 0.0, [58.86,73.14], 0.0, 2.0","survey_year, company_size, annual_revenue_usd_millions, company_founding_year, company_age_group, ai_adoption_stage, years_using_ai, ai_primary_tool, num_ai_tools_used, ai_use_case, ai_budget_percentage, ai_ethics_committee, ai_risk_management_score, survey_source, data_collection_method",1.0,0.1,1.0,1,1.4,4745,4745,0.5,0.0005914600672731913,0,0
"1.0, [9.46,24.54], 4.0, 2.0, [25.549999999999997,44.45], 2.0, [8.58,15.42], [18.6262,55.293800000000005], [8.121525000000002,29.718475], [53.37,66.63], 2.0","quarter, country, region, industry, company_age, ai_adoption_stage, ai_projects_active, ai_training_hours, ai_failure_rate, ai_risk_management_score, data_collection_method",1.0,1.0,1.0,1,1.0,4746,4746,0.36666666666666664,0.00042247147662370806,1,1
"2023.0, 7.0, 1.0, [-2679.5539,3513.4339], 1.0, 3.0, [1.7,4.3], 2.0, 0.0, [3.13,10.870000000000001], [24.70035,48.85965], [56.34,87.66], 2.0, 0.0, [20.2273,44.532700000000006], 3.0","survey_year, industry, company_size, annual_revenue_usd_millions, company_age_group, ai_adoption_stage, years_using_ai, num_ai_tools_used, ai_use_case, ai_projects_active, ai_failure_rate, regulatory_compliance_score, data_privacy_level, ai_ethics_committee, task_automation_rate, data_collection_method",0.0,0.1,1.0,1,1.5,4747,4747,0.5333333333333333,0.0006337072149355621,0,0
"1.0, 0.0, [-3616.955,3650.955], [-2.9499999999999993,22.95], 3.0, 4.0, 3.0, [3.2299999999999995,12.77], [25.547824999999996,42.752175], [38.47,71.53], 0.0, [37.17,70.83], 1.0","quarter, region, num_employees, company_age, company_age_group, ai_primary_tool, ai_use_case, ai_projects_active, ai_failure_rate, regulatory_compliance_score, ai_ethics_committee, ai_risk_management_score, survey_source",1.0,0.1,1.0,1,1.3333333333333333,4748,4748,0.43333333333333335,0.000563295302164944,0,0
"2023.0, 1.0, 0.0, 2.0, [-3616.955,3650.955], [2004.68,2021.32], [-2.9499999999999993,22.95], 3.0, 4.0, 3.0, [-234089.91600000003,271260.956], 0.0, 1.0","survey_year, quarter, region, company_size, num_employees, company_founding_year, company_age, company_age_group, ai_primary_tool, ai_use_case, ai_investment_per_employee, ai_ethics_committee, survey_source",0,0.1,1.0,1,2.0,4748,4748,0.43333333333333335,0.0008449429532474161,0,0
"2023.0, 0.0, [7152.52,21295.48], [2004.24,2023.76], 2.0, [1.1,4.9], 3.0, [4.095599999999998,18.1244], 0.0","survey_year, company_size, num_employees, company_founding_year, ai_adoption_stage, years_using_ai, ai_use_case, ai_budget_percentage, data_collection_method",2.0,0.018593443208187066,0.7142857142857143,1,2.2960000000000003,4749,4749,0.3,0.0009699945103280338,0,0
"2.0, 7.0, [-1991.0880000000002,2004.3880000000004], [2001.2,2018.8], [9.399999999999999,20.6], 3.0, [5.95,12.05], 1.0, 3.0, 1.0, [0.7800000000000002,11.219999999999999], [3.2684000000000006,18.8316], [0.14512500000000003,0.5868749999999999], [2.362199999999998,28.7178], [-228971.7328,253055.25280000002], 0.0, [51.35,66.65], 1.0","region, industry, annual_revenue_usd_millions, company_founding_year, company_age, company_age_group, years_using_ai, ai_primary_tool, num_ai_tools_used, ai_use_case, ai_projects_active, ai_budget_percentage, ai_maturity_score, ai_failure_rate, ai_investment_per_employee, ai_ethics_committee, ai_risk_management_score, data_collection_method",2.0,1.0,1.0,1,1.0,4750,4750,0.6,0.00042247147662370806,1,1
"[6.91,19.09], 1.0, 2.0, [-1218.11625,1279.05625], [1987.64,2002.36], [18.275,41.725], [44.7008,68.8192], [4.6,7.4], 3.0, 4.0, [0.4299999999999997,13.57], [8.076799999999999,22.7632], [0.2811875,0.6588125], [1.8531249999999986,29.306875], [47949.4216,327836.0584], 0.0, [34.17,67.83], 0.0","country, region, company_size, annual_revenue_usd_millions, company_founding_year, company_age, ai_adoption_rate, years_using_ai, num_ai_tools_used, ai_use_case, ai_projects_active, ai_budget_percentage, ai_maturity_score, ai_failure_rate, ai_investment_per_employee, data_privacy_level, ai_risk_management_score, survey_source",2.0,1.0,1.0,1,1.0,4751,4751,0.6,0.00042247147662370806,1,1
"2026.0, 8.0, 0.0, [6705.656150000001,10001.923850000001], [1999.68,2016.32], [5.4,30.6], 1.0, [41.872699999999995,85.5873], [2.1999999999999997,7.800000000000001], 6.0, [0.474,0.702], [0.9203499999999973,25.07965], [-48434.04880000002,355846.64879999997], 0.0, [53.075,70.925], 1.0, 2.0","survey_year, industry, company_size, annual_revenue_usd_millions, company_founding_year, company_age, company_age_group, ai_adoption_rate, years_using_ai, ai_use_case, ai_maturity_score, ai_failure_rate, ai_investment_per_employee, ai_ethics_committee, ai_risk_management_score, survey_source, data_collection_method",2.0,0.1,1.0,1,1.0,4752,4752,0.5666666666666667,0.00042247147662370806,0,0
"3.0, [1988.08,1999.92], [24.0,38.0], 3.0, [1.55,4.45], 2.0, 2.0, [4.12,9.879999999999999], [0.09568750000000004,0.5303125], [20.101525,25.668997739409], [73.18,106.82], 1.0, [41.25,66.75], [18.21345,32.16655], 1.0, 0.0","region, company_founding_year, company_age, ai_adoption_stage, years_using_ai, ai_primary_tool, num_ai_tools_used, ai_projects_active, ai_maturity_score, ai_failure_rate, regulatory_compliance_score, data_privacy_level, ai_risk_management_score, task_automation_rate, survey_source, data_collection_method",1.0,0.1,1.0,1,1.0,4753,4753,0.5333333333333333,0.00042247147662370806,0,0
"2.0, [11250.455,23625.545], [-164.11834999999996,4131.01835], [1984.0,2008.0], [22.625,31.375], [15.224749999999997,64.21525], 2.0, 5.0, 2.0, 2.0, [0.94,7.0600000000000005], [3.4803999999999995,26.2396], [0.12468749999999998,0.4453125], [16.026399999999995,39.4536], [56.4,79.6], 2.0, 0.0, [55.37,68.63], 2.0, 3.0","industry, num_employees, annual_revenue_usd_millions, company_founding_year, company_age, ai_adoption_rate, ai_adoption_stage, ai_primary_tool, num_ai_tools_used, ai_use_case, ai_projects_active, ai_training_hours, ai_maturity_score, ai_failure_rate, regulatory_compliance_score, data_privacy_level, ai_ethics_committee, ai_risk_management_score, survey_source, data_collection_method",0.0,0.1,1.0,1,1.6666666666666667,4754,4754,0.6666666666666666,0.0007041191277061802,0,0
"[-164.11834999999996,4131.01835], [1984.0,2004.606635533254], [22.625,31.375], [15.224749999999997,64.21525], 2.0, [3.05,6.95], 5.0, 2.0, 2.0, [7.0600000000000005,7.066431476578924], [3.4803999999999995,26.2396], [0.12468749999999998,0.4453125], [16.026399999999995,39.4536], [56.4,79.6], 2.0, 0.0, [55.37,68.63], 2.0, 3.0","annual_revenue_usd_millions, company_founding_year, company_age, ai_adoption_rate, ai_adoption_stage, years_using_ai, ai_primary_tool, num_ai_tools_used, ai_use_case, ai_projects_active, ai_training_hours, ai_maturity_score, ai_failure_rate, regulatory_compliance_score, data_privacy_level, ai_ethics_committee, ai_risk_management_score, survey_source, data_collection_method",0.0,0.1,1.0,1,1.6666666666666667,4754,4754,0.6333333333333333,0.0007041191277061802,0,0
"2023.0, 0.0, 3.0, [-7270.125,7462.125], 3.0, [14.504499999999998,37.1155], 3.0, [1.4,6.6], 0.0, [-10.7392,34.7792], [0.0894375,0.3245625], [33.462275000000005,44.077725], [-198076.1484,276176.2084], [56.28,95.72], 2.0, 1.0, 0.0","survey_year, quarter, industry, num_employees, company_age_group, ai_adoption_rate, ai_adoption_stage, years_using_ai, ai_primary_tool, ai_training_hours, ai_maturity_score, ai_failure_rate, ai_investment_per_employee, regulatory_compliance_score, data_privacy_level, ai_ethics_committee, data_collection_method",1.0,1.0,1.0,1,2.0,4755,4755,0.5666666666666667,0.0008449429532474161,1,1
"2024.0, [-4227.18,5987.18], [-1497.0707500000003,1998.9707500000004], [1987.2,2004.8], [18.9,37.1], 1.0, [52.07875,70.92125], [3.5,8.5], [0.4303125,0.7936875], [13.494375,22.645625000000003], 0.0, [12.9076,34.5124], 3.0","survey_year, num_employees, annual_revenue_usd_millions, company_founding_year, company_age, company_age_group, ai_adoption_rate, years_using_ai, ai_maturity_score, ai_failure_rate, data_privacy_level, task_automation_rate, data_collection_method",2.0,1.0,1.0,1,1.0,4756,4756,0.43333333333333335,0.00042247147662370806,1,1
"2023.0, 0.0, 5.0, 2.0, [1491.3050000000003,15830.695], [2705.5622999999996,9298.0977], [19.05,44.95], [7.749699999999999,36.3903], 3.0, 1.0, 3.0, [-1.3899999999999997,11.39], [4.0291999999999994,21.730800000000002], [-0.00043749999999997957,0.4484375], 0.0, 0.0, [31.78,54.22]","survey_year, quarter, region, industry, num_employees, annual_revenue_usd_millions, company_age, ai_adoption_rate, ai_adoption_stage, ai_primary_tool, num_ai_tools_used, ai_projects_active, ai_training_hours, ai_maturity_score, data_privacy_level, ai_ethics_committee, ai_risk_management_score",0.0,1.0,1.0,1,1.0,4758,4758,0.5666666666666667,0.00042247147662370806,1,1
"2025.0, 1.0, [4.9399999999999995,13.06], 2.0, 5.0, [1996.4,2007.6], 1.0, [4.987899999999996,54.7321], 3.0, [0.050000000000000266,5.949999999999999], [-3.6,3.6], [0.04568750000000005,0.4803125], [23.485974999999996,38.494025], [56.31,91.69], 1.0, 3.0","survey_year, quarter, country, region, industry, company_founding_year, company_age_group, ai_adoption_rate, ai_adoption_stage, years_using_ai, ai_projects_active, ai_maturity_score, ai_failure_rate, regulatory_compliance_score, ai_ethics_committee, data_collection_method",1.0,0.1,1.0,1,1.3333333333333333,4759,4759,0.5333333333333333,0.000563295302164944,0,0
"2025.0, 1.0, [4.9399999999999995,13.06], 2.0, [1996.4,2007.6], 1.0, 3.0, [0.050000000000000266,5.949999999999999], 5.0, [23.485974999999996,38.494025], [56.31,91.69], 1.0, 3.0","survey_year, quarter, country, region, company_founding_year, company_age_group, ai_adoption_stage, years_using_ai, ai_use_case, ai_failure_rate, regulatory_compliance_score, ai_ethics_committee, data_collection_method",1.0,0.1,1.0,1,2.0,4759,4759,0.43333333333333335,0.0008449429532474161,0,0
"2.0, 0.0, [-358.3199999999997,9070.32], [1981.92,2002.08], 2.0, [8.6216,56.8584], [2.55,9.45], 1.0, 2.0, 6.0, [4.384,42.316], [39.79,68.21], [8.67175,37.928250000000006], 0.0","industry, company_size, num_employees, company_founding_year, company_age_group, ai_adoption_rate, years_using_ai, ai_primary_tool, num_ai_tools_used, ai_use_case, ai_training_hours, regulatory_compliance_score, task_automation_rate, data_collection_method",1.0,0.1,1.0,1,1.2,4760,4760,0.4666666666666667,0.0005069657719484497,0,0
"2.0, 0.0, [-358.3199999999997,9070.32], [1981.92,2002.08], [2.55,9.45], 1.0, 2.0, 6.0, [4.384,42.316], [39.79,68.21], [8.67175,37.928250000000006], 0.0","industry, company_size, num_employees, company_founding_year, years_using_ai, ai_primary_tool, num_ai_tools_used, ai_use_case, ai_training_hours, regulatory_compliance_score, task_automation_rate, data_collection_method",1.0,0.1,1.0,1,1.2,4760,4760,0.4,0.0005069657719484497,0,0
"2.0, 0.0, [-2561.255000000001,8635.255000000001], [1994.8,2017.2], [5.449999999999999,28.55], 2.0, 4.0, [21.8714,38.3086], [21.32135,54.178650000000005], 2.0","region, company_size, num_employees, company_founding_year, company_age, ai_adoption_stage, ai_use_case, ai_training_hours, task_automation_rate, survey_source",2.0,0.1,1.0,1,1.0,4761,4761,0.3333333333333333,0.00042247147662370806,0,0
"2.0, 0.0, [1994.8,2017.2], [5.449999999999999,28.55], [-0.8500000000000005,4.8500000000000005], 4.0, [21.8714,38.3086], [16.672275,27.287725000000002], [57.19,88.81], [21.32135,54.178650000000005], 2.0","region, company_size, company_founding_year, company_age, years_using_ai, ai_use_case, ai_training_hours, ai_failure_rate, ai_risk_management_score, task_automation_rate, survey_source",2.0,0.1,1.0,1,1.0,4761,4761,0.36666666666666664,0.00042247147662370806,0,0
"2023.0, [-2834.2349999999997,2862.2349999999997], [-2529.00595,2565.2259500000005], [3.875,30.125], 3.0, [-1.2000000000000002,5.2], 3.0, 1.0, [21.9527,40.9873], 0.0, 1.0, 1.0","survey_year, num_employees, annual_revenue_usd_millions, company_age, ai_adoption_stage, years_using_ai, ai_primary_tool, num_ai_tools_used, ai_failure_rate, data_privacy_level, ai_ethics_committee, survey_source",0.0,0.1,1.0,1,2.0,4762,4762,0.4,0.0008449429532474161,0,0
"2.0, 1.0, [-4637.32,7298.91], [2007.92,2028.08], [5.1,11.425], [2.5200000000000005,15.48], [-0.4460000000000006,12.706], 2.0","region, company_size, num_employees, company_founding_year, company_age, ai_projects_active, ai_budget_percentage, data_privacy_level",2.0,0.0,0.0,1,3.0,4763,4763,0.26666666666666666,0.0012674144298711243,0,1
"0.0, [-4.99,12.99], 5.0, 2.0, [-3372.5250000000005,3502.5250000000005], [2007.56,2018.44], [6.45,15.55], 3.0, [28.196550000000002,46.70742565868274], 2.0, [3.0,9.0], 1.0, [0.8051999999999992,14.6148], [0.03543750000000004,0.4985625], [13.188249999999998,38.81175], [-147361.7112,225820.4712], [47.25,90.75], 0.0, [63.23,90.77], [22.468400000000003,36.8716], 2.0","quarter, country, region, company_size, num_employees, company_founding_year, company_age, company_age_group, ai_adoption_rate, ai_adoption_stage, years_using_ai, ai_primary_tool, ai_budget_percentage, ai_maturity_score, ai_failure_rate, ai_investment_per_employee, regulatory_compliance_score, data_privacy_level, ai_risk_management_score, task_automation_rate, data_collection_method",1.0,0.1,1.0,1,2.0,4764,4764,0.7,0.0008449429532474161,0,0
"5.0, [2012.52,2021.48], [-3.0999999999999996,15.1], 3.0, [28.997500000000002,66.6825], 2.0, 4.0, 0.0, [2.2299999999999995,11.77], [-140627.1616,162583.3616], 1.0, 0.0","region, company_founding_year, company_age, company_age_group, ai_adoption_rate, ai_adoption_stage, num_ai_tools_used, ai_use_case, ai_projects_active, ai_investment_per_employee, data_privacy_level, ai_ethics_committee",2.0,0.1,1.0,1,3.0,4766,4766,0.4,0.0012674144298711243,0,0
"2023.0, 5.0, [-4029.0299999999997,4221.03], [-3.0999999999999996,15.1], [28.997500000000002,66.6825], 2.0, 0.0, [21.969399999999997,51.0506], 1.0, 0.0","survey_year, region, num_employees, company_age, ai_adoption_rate, ai_adoption_stage, ai_use_case, ai_training_hours, data_privacy_level, ai_ethics_committee",2.0,0.1,1.0,1,2.3333333333333335,4766,4766,0.3333333333333333,0.0009857667787886522,0,0
"5.0, [4.125,19.875], 2.0, 2.0, 4.0, 2.0, [26.536199999999997,65.38550000000001], [0.26606250000000004,0.7719374999999999], [10.701350000000001,26.752175], 0.0, [9.097299999999997,33.4027]","region, company_age, ai_adoption_stage, ai_primary_tool, num_ai_tools_used, ai_use_case, ai_training_hours, ai_maturity_score, ai_failure_rate, ai_ethics_committee, task_automation_rate",2.0,0.1,1.0,1,1.5,4767,4767,0.36666666666666664,0.0006337072149355621,0,0
"2025.0, [-1910.2680000000003,2085.208], [40.97695,80.92305], 2.0, 2.0, [24.292499999999997,71.70750000000001], [8.1356,16.6844], [9.547824999999998,20.21865], [-99181.0676,126283.1676], 0.0, [55.035,76.965], 0.0","survey_year, annual_revenue_usd_millions, ai_adoption_rate, ai_adoption_stage, ai_use_case, ai_training_hours, ai_budget_percentage, ai_failure_rate, ai_investment_per_employee, ai_ethics_committee, ai_risk_management_score, survey_source",2.0,0.1,1.0,1,2.0,4767,4767,0.4,0.0008449429532474161,0,0
"[23.36,32.64], [-6927.264999999999,7019.264999999999], [-5.025,17.025], 1.0, [-3.7,3.7], 5.0, [-1.1930000000000014,17.773], [-0.8244000000000007,13.204400000000001], [30.07295,45.44705], [53.15,90.85], 1.0","country, num_employees, company_age, ai_adoption_stage, years_using_ai, ai_primary_tool, ai_training_hours, ai_budget_percentage, ai_failure_rate, regulatory_compliance_score, survey_source",1.0,1.0,1.0,1,1.0,4768,4768,0.36666666666666664,0.00042247147662370806,1,1
"2023.0, 0.0, [5.85,26.15], [2001.48,2015.5732570166447], [4.199999999999999,23.8], [-4.289900000000003,36.4099], [4.85,9.15], 1.0, 1.0, [-1.2300000000000004,7.23], [1.1867999999999999,10.3932], [-553821.9198075535,219054.60760000002], [80.53,105.47], 0.0, [38.15,73.85], [-13.463500000000003,18.0435], 3.0","survey_year, quarter, country, company_founding_year, company_age, ai_adoption_rate, years_using_ai, ai_primary_tool, ai_use_case, ai_projects_active, ai_budget_percentage, ai_investment_per_employee, regulatory_compliance_score, ai_ethics_committee, ai_risk_management_score, task_automation_rate, survey_source",1.0,0.1,1.0,1,1.0,4770,4770,0.5666666666666667,0.00042247147662370806,0,0
"2023.0, 0.0, [5.85,26.15], 3.0, [2001.48,2016.52], [4.199999999999999,23.8], [-4.289900000000003,36.4099], 3.0, [4.85,9.15], 1.0, 1.0, [-1.2300000000000004,7.23], [9.877699999999997,37.0623], [1.1867999999999999,10.3932], [23.049,37.691], [-553821.9198075535,219054.60760000002], [80.53,105.47], 0.0, [38.15,73.85], [-13.463500000000003,9.378320013292884], 3.0","survey_year, quarter, country, industry, company_founding_year, company_age, ai_adoption_rate, ai_adoption_stage, years_using_ai, ai_primary_tool, ai_use_case, ai_projects_active, ai_training_hours, ai_budget_percentage, ai_failure_rate, ai_investment_per_employee, regulatory_compliance_score, ai_ethics_committee, ai_risk_management_score, task_automation_rate, survey_source",1.0,0.1,1.0,1,1.0,4770,4770,0.7,0.00042247147662370806,0,0
"2024.0, 1.0, 3.0, [-6959.48,7183.48], 1.0, 0.0, [-1.7927999999999997,28.5528], [-4.7804,11.4404], [-0.03262499999999997,0.266625], [23.0653,33.3147], 1.0, [42.21,71.78999999999999], 1.0, 3.0","survey_year, quarter, region, num_employees, company_age_group, ai_primary_tool, ai_training_hours, ai_budget_percentage, ai_maturity_score, ai_failure_rate, data_privacy_level, ai_risk_management_score, survey_source, data_collection_method",0.0,0.1,1.0,1,1.3333333333333333,4771,4771,0.4666666666666667,0.000563295302164944,0,0
"2024.0, 1.0, 3.0, [-6959.48,7183.48], 1.0, 1.0, 0.0, 1.0, [-2.96,4.96], [-1.7927999999999997,28.5528], [-4.7804,11.4404], [63.21,92.79], 1.0, [42.21,71.78999999999999], 1.0, 3.0","survey_year, quarter, region, num_employees, company_age_group, ai_adoption_stage, ai_primary_tool, num_ai_tools_used, ai_projects_active, ai_training_hours, ai_budget_percentage, regulatory_compliance_score, data_privacy_level, ai_risk_management_score, survey_source, data_collection_method",0.0,0.1,1.0,1,1.3333333333333333,4771,4771,0.5333333333333333,0.000563295302164944,0,0
"2026.0, [-5.09,7.09], 0.0, [-5997.33,6181.33], [2001.84,2018.16], 1.0, [1.4,4.6], 3.0, [4.220000000000001,11.78], [27.070400000000003,49.8296], [2.9155999999999986,16.9444], [21.924124999999997,34.735875], 2.0, 1.0, [13.361249999999995,47.118750000000006]","survey_year, country, industry, num_employees, company_founding_year, company_age_group, years_using_ai, num_ai_tools_used, ai_projects_active, ai_training_hours, ai_budget_percentage, ai_failure_rate, data_privacy_level, ai_ethics_committee, task_automation_rate",1.0,0.1,1.0,1,1.2,4772,4772,0.5,0.0005069657719484497,0,0
"2026.0, [-5.09,7.09], 0.0, [-5997.33,6181.33], [2001.84,2018.16], 1.0, [1.4,4.6], 0.0, 3.0, [27.070400000000003,49.8296], [2.9155999999999986,16.9444], [21.924124999999997,34.735875], [43.95,70.05], 2.0, 1.0, [13.361249999999995,47.118750000000006]","survey_year, country, industry, num_employees, company_founding_year, company_age_group, years_using_ai, ai_primary_tool, num_ai_tools_used, ai_training_hours, ai_budget_percentage, ai_failure_rate, regulatory_compliance_score, data_privacy_level, ai_ethics_committee, task_automation_rate",1.0,0.1,1.0,1,1.2,4772,4772,0.5333333333333333,0.0005069657719484497,0,0
"2024.0, 1.0, 0.0, [1999.16,2022.84], [8.45,17.55], 3.0, [21.479950000000002,76.50005], 1.0, [27.657,46.623000000000005], [-154781.18000000002,428315.98], [52.6,87.4], 2.0, 1.0, [54.505,79.495], 3.0","survey_year, region, industry, company_founding_year, company_age, company_age_group, ai_adoption_rate, num_ai_tools_used, ai_training_hours, ai_investment_per_employee, regulatory_compliance_score, data_privacy_level, ai_ethics_committee, ai_risk_management_score, survey_source",2.0,1.0,1.0,1,1.0,4776,4776,0.5,0.00042247147662370806,1,1
"1.0, 5.0, [12388.970000000001,20639.03], [5957.6116,13149.468400000002], [2008.76,2029.24], [-0.8000000000000003,4.800000000000001], 2.0, [-1.12,11.120000000000001], [-1.4512,14.3312], [0.01175000000000001,0.49624999999999997], [33.4111,46.5889], 2.0, 1.0, 2.0","region, industry, num_employees, annual_revenue_usd_millions, company_founding_year, years_using_ai, num_ai_tools_used, ai_projects_active, ai_budget_percentage, ai_maturity_score, ai_failure_rate, data_privacy_level, ai_ethics_committee, data_collection_method",0.0,0.1,1.0,1,1.0,4777,4777,0.4666666666666667,0.00042247147662370806,0,0
"1.0, 5.0, [12388.970000000001,20639.03], [5957.6116,13149.468400000002], [2008.76,2029.24], 0.0, [-0.8000000000000003,0.9183195384739826], 2.0, [-1.12,11.120000000000001], [-1.4512,14.3312], [0.01175000000000001,0.49624999999999997], [33.4111,46.5889], 2.0, 1.0, 1.0, 2.0","region, industry, num_employees, annual_revenue_usd_millions, company_founding_year, company_age_group, years_using_ai, num_ai_tools_used, ai_projects_active, ai_budget_percentage, ai_maturity_score, ai_failure_rate, data_privacy_level, ai_ethics_committee, survey_source, data_collection_method",0.0,0.1,1.0,1,1.0,4777,4777,0.5333333333333333,0.00042247147662370806,0,0
"2026.0, 0.0, [16.345,27.655], 0.0, 2.0, [-2810.2349999999997,2886.2349999999997], [1999.64,2014.36], [7.975,30.025], 1.0, [21.09735,73.10265000000001], 2.0, [2.25,7.75], 4.0, [4.12,9.879999999999999], [0.09437500000000004,0.6216249999999999], [17.6269,33.7331], [-124607.73839999999,155278.89839999998], 0.0","survey_year, quarter, country, industry, company_size, num_employees, company_founding_year, company_age, company_age_group, ai_adoption_rate, ai_adoption_stage, years_using_ai, ai_primary_tool, ai_projects_active, ai_maturity_score, ai_failure_rate, ai_investment_per_employee, ai_ethics_committee",1.0,1.0,1.0,1,1.0,4778,4778,0.6,0.00042247147662370806,1,1
"3.0, [6972.78765,7638.2634919361535], [1987.28,2008.72], [19.425,36.575], 2.0, [4.55,11.45], [1.8599999999999994,10.14], [17.3172,47.662800000000004], [47.86,86.14], [46.894999999999996,83.105], 1.0","quarter, annual_revenue_usd_millions, company_founding_year, company_age, ai_adoption_stage, years_using_ai, ai_projects_active, ai_training_hours, regulatory_compliance_score, ai_risk_management_score, survey_source",2.0,0.1,1.0,1,1.0,4779,4779,0.36666666666666664,0.00042247147662370806,0,0
"2026.0, 3.0, [3276.97235,6972.78765], [1987.28,2008.72], [19.425,36.575], 2.0, [4.55,11.45], [1.8599999999999994,10.14], [17.3172,47.662800000000004], [47.86,86.14], [46.894999999999996,83.105], 1.0","survey_year, quarter, annual_revenue_usd_millions, company_founding_year, company_age, ai_adoption_stage, years_using_ai, ai_projects_active, ai_training_hours, regulatory_compliance_score, ai_risk_management_score, survey_source",2.0,0.1,1.0,1,1.0,4779,4779,0.4,0.00042247147662370806,0,0
"2023.0, 2.0, 8.0, [2004.2,2013.8], [6.824999999999999,21.175], 3.0, 2.0, [3.5999999999999996,10.4], 2.0, [20.850399999999997,43.6096], [8.224,21.376], [0.28318750000000004,0.5468124999999999], [11.960849999999997,28.79915], [324969.9635999999,760349.1764], 0.0, [63.25,88.75], [17.2079,36.1121]","survey_year, quarter, industry, company_founding_year, company_age, company_age_group, ai_adoption_stage, years_using_ai, ai_primary_tool, ai_training_hours, ai_budget_percentage, ai_maturity_score, ai_failure_rate, ai_investment_per_employee, ai_ethics_committee, ai_risk_management_score, task_automation_rate",1.0,1.0,1.0,1,1.0,4780,4780,0.5666666666666667,0.00042247147662370806,1,1
"[18.085,25.915], 0.0, 5.0, 1.0, [-3535.2287499999998,3956.28875], 3.0, 3.0, 4.0, 1.0, [11.249399999999998,40.330600000000004], [-202332.7952,248595.6752], [55.28,94.72], 0.0, [48.35,63.65]","country, region, industry, company_size, annual_revenue_usd_millions, company_age_group, ai_adoption_stage, ai_primary_tool, ai_use_case, ai_training_hours, ai_investment_per_employee, regulatory_compliance_score, data_privacy_level, ai_risk_management_score",0.0,1.0,1.0,1,1.0,4781,4781,0.4666666666666667,0.00042247147662370806,1,1
"0.0, [-3009.1800000000003,7205.18], [1995.96,2010.04], [16.45,25.55], 1.0, [1.3499999999999999,4.65], 2.0, 3.0, [1.7800000000000002,12.219999999999999], [21.627699999999997,48.8123], [12.142,18.718], [0.233875,0.7041249999999999], [24.648325,34.531675], [-146693.11480000004,374207.0148], 2.0, 0.0, [52.78,75.22], [-2.6336000000000013,29.773600000000002], 1.0","company_size, num_employees, company_founding_year, company_age, company_age_group, years_using_ai, num_ai_tools_used, ai_use_case, ai_projects_active, ai_training_hours, ai_budget_percentage, ai_maturity_score, ai_failure_rate, ai_investment_per_employee, data_privacy_level, ai_ethics_committee, ai_risk_management_score, task_automation_rate, data_collection_method",2.0,0.1,1.0,1,1.0,4782,4782,0.6333333333333333,0.00042247147662370806,0,0
"0.0, [-3009.1800000000003,7205.18], [1995.96,2010.04], [16.45,25.55], 1.0, [1.3499999999999999,4.65], 2.0, 3.0, [1.7800000000000002,12.219999999999999], [21.627699999999997,48.8123], [12.142,18.718], [0.233875,0.7041249999999999], [24.648325,34.531675], [-146693.11480000004,374207.0148], 2.0, 0.0, [52.78,75.22], [-2.6336000000000013,29.773600000000002]","company_size, num_employees, company_founding_year, company_age, company_age_group, years_using_ai, num_ai_tools_used, ai_use_case, ai_projects_active, ai_training_hours, ai_budget_percentage, ai_maturity_score, ai_failure_rate, ai_investment_per_employee, data_privacy_level, ai_ethics_committee, ai_risk_management_score, task_automation_rate",2.0,0.1,1.0,1,1.0,4782,4782,0.6,0.00042247147662370806,0,0
"0.0, [9.33,22.67], 2.0, 0.0, [2215.3899999999994,12822.61], [1984.96,2007.04], 1.0, [11.288049999999998,46.71195], 3.0, [5.5,10.5], 0.0, [0.20762500000000003,0.592375], [25.300849999999997,42.13915], 1.0, 3.0","quarter, country, region, company_size, num_employees, company_founding_year, company_age_group, ai_adoption_rate, ai_adoption_stage, years_using_ai, ai_use_case, ai_maturity_score, ai_failure_rate, data_privacy_level, data_collection_method",1.0,0.1,1.0,1,1.0,4785,4785,0.5,0.00042247147662370806,0,0
"0.0, [9.33,22.67], 2.0, 0.0, [2215.3899999999994,12822.61], [1984.96,2007.04], 1.0, [11.288049999999998,46.71195], 3.0, [5.5,10.5], 0.0, [0.20762500000000003,0.592375], [7.050709740924244,42.13915], 1.0","quarter, country, region, company_size, num_employees, company_founding_year, company_age_group, ai_adoption_rate, ai_adoption_stage, years_using_ai, ai_use_case, ai_maturity_score, ai_failure_rate, data_privacy_level",1.0,0.1,1.0,1,1.0,4785,4785,0.4666666666666667,0.00042247147662370806,0,0
"2024.0, 2.0, 1.0, 2.0, 1.0, [-5582.975,7184.975], [1988.32,2011.68], 1.0, 3.0, [4.75,11.25], [-4.140000000000001,4.140000000000001], [-0.6376000000000008,11.6376], [-0.10137499999999999,0.283375], [46.41,87.59], 0.0, [26.485,53.515], 0.0, 2.0","survey_year, quarter, region, industry, company_size, num_employees, company_founding_year, company_age_group, ai_adoption_stage, years_using_ai, ai_projects_active, ai_budget_percentage, ai_maturity_score, regulatory_compliance_score, data_privacy_level, ai_risk_management_score, survey_source, data_collection_method",0.0,1.0,1.0,1,1.0,4787,4787,0.6,0.00042247147662370806,1,1
"2025.0, [3.3000000000000007,20.7], 2.0, 7.0, 1.0, [-6450.050000000001,7300.050000000001], [11.45,34.55], 1.0, [-40.36666377377928,23.1725], 1.0, 1.0, [-2.59,6.59], [-2.719400000000002,31.419400000000003], [-0.7848000000000006,7.5448], [-0.12562499999999993,0.40162499999999995], [27.080849999999998,43.91915], [-249025.72559999998,326296.80559999996], [46.989999999999995,109.1473684317111], 0.0, 0.0, 0.0","survey_year, country, region, industry, company_size, num_employees, company_age, company_age_group, ai_adoption_rate, ai_adoption_stage, num_ai_tools_used, ai_projects_active, ai_training_hours, ai_budget_percentage, ai_maturity_score, ai_failure_rate, ai_investment_per_employee, regulatory_compliance_score, ai_ethics_committee, survey_source, data_collection_method",0.0,0.1,1.0,1,2.0,4788,4788,0.7,0.0008449429532474161,0,0
"2024.0, 8.0, [-2472.0950000000003,4010.0950000000003], [6.6,9.4], 4.0, 2.0, [-2.3000000000000007,10.3], [7.906199999999998,44.5738], [0.03450000000000003,0.5474999999999999], [19.579250000000002,30.56075], [-262998.92000000004,320098.24], 1.0, [65.37,78.63]","survey_year, industry, num_employees, years_using_ai, ai_primary_tool, num_ai_tools_used, ai_projects_active, ai_training_hours, ai_maturity_score, ai_failure_rate, ai_investment_per_employee, ai_ethics_committee, ai_risk_management_score",1.0,1.0,1.0,1,1.0,4789,4789,0.43333333333333335,0.00042247147662370806,1,1
"2.0, [18.46,33.54], [-1095.14625,1402.0262500000001], [1995.92,2016.08], [39.78529999999999,86.5147], [6.1,9.9], 0.0, 3.0, 7.0, [9.66,15.14], [0.27056250000000004,0.7194375], [8.319174999999998,35.040825], [-82828.0188,127086.95880000001], [57.43,76.57], 0.0, [35.17,68.83], 0.0","quarter, country, annual_revenue_usd_millions, company_founding_year, ai_adoption_rate, years_using_ai, ai_primary_tool, num_ai_tools_used, ai_use_case, ai_budget_percentage, ai_maturity_score, ai_failure_rate, ai_investment_per_employee, regulatory_compliance_score, data_privacy_level, ai_risk_management_score, data_collection_method",2.0,1.0,1.0,1,1.0,4790,4790,0.5666666666666667,0.00042247147662370806,1,1
"[15.085,22.915], 0.0, [-2692.88,3592.88], [-2038.5556000000001,2756.0156], [17.735449999999997,50.144549999999995], 1.0, 1.0, [2.5,11.5], [6.1304,17.309600000000003], [18.8753,29.1247], [64.98,87.02], 1.0, [1.6032499999999992,17.35675], 2.0, 1.0","country, industry, num_employees, annual_revenue_usd_millions, ai_adoption_rate, ai_primary_tool, num_ai_tools_used, ai_projects_active, ai_budget_percentage, ai_failure_rate, regulatory_compliance_score, ai_ethics_committee, task_automation_rate, survey_source, data_collection_method",1.0,1.0,1.0,1,1.0,4791,4791,0.5,0.00042247147662370806,1,1
"2023.0, 3.0, 4.0, [-6135.545,6239.545], [-2098.59835,2196.53835], [2015.0,2023.0], [-6.85,14.85], 0.0, [-0.3500000000000001,6.35], 5.0, 2.0, 2.0, [2.7699999999999996,11.23], [24.667399999999997,66.3926], [0.22700000000000004,0.683], 0.0, 0.0","survey_year, quarter, industry, num_employees, annual_revenue_usd_millions, company_founding_year, company_age, company_age_group, years_using_ai, ai_primary_tool, num_ai_tools_used, ai_use_case, ai_projects_active, ai_training_hours, ai_maturity_score, data_privacy_level, ai_ethics_committee",2.0,0.1,1.0,1,3.0,4792,4792,0.5666666666666667,0.0012674144298711243,0,0
"2023.0, 3.0, 4.0, [2015.0,2023.0], [-6.85,14.85], 0.0, [28.336550000000003,56.22345], [-0.3500000000000001,6.35], 5.0, 2.0, 2.0, [2.7699999999999996,11.23], [24.667399999999997,66.3926], [6.6464,15.633600000000001], [64.24,89.76], 0.0, 0.0","survey_year, quarter, industry, company_founding_year, company_age, company_age_group, ai_adoption_rate, years_using_ai, ai_primary_tool, num_ai_tools_used, ai_use_case, ai_projects_active, ai_training_hours, ai_budget_percentage, regulatory_compliance_score, data_privacy_level, ai_ethics_committee",2.0,0.1,1.0,1,3.0,4792,4792,0.5666666666666667,0.0012674144298711243,0,0
"[-9.715,9.715], [-1229.2362500000002,1267.93625], [2006.76,2027.24], [-2.2750000000000004,16.275], 4.0, 3.0, [-0.040562499999999974,0.42256249999999995], [22.987825,40.192175], [-223876.52240000002,328122.1224], 2.0, 0.0, [34.78,57.22], [-4.507550000000001,18.44755], 2.0","country, annual_revenue_usd_millions, company_founding_year, company_age, ai_primary_tool, ai_use_case, ai_maturity_score, ai_failure_rate, ai_investment_per_employee, data_privacy_level, ai_ethics_committee, ai_risk_management_score, task_automation_rate, data_collection_method",0.0,0.1,1.0,1,1.0,4793,4793,0.4666666666666667,0.00042247147662370806,0,0
"2026.0, 0.0, [-2259.0146000000004,4533.2946], 0.0, 3.0, [-1.25,5.25], 1.0, 2.0, [5.12,10.879999999999999], [19.1877,46.3723], [0.22543750000000004,0.5745625], [11.1206,31.619400000000002], [-134113.58839999998,145773.0484], [54.4,77.6], 1.0, 1.0","survey_year, company_size, annual_revenue_usd_millions, company_age_group, ai_adoption_stage, years_using_ai, ai_primary_tool, num_ai_tools_used, ai_projects_active, ai_training_hours, ai_maturity_score, ai_failure_rate, ai_investment_per_employee, regulatory_compliance_score, data_privacy_level, ai_ethics_committee",2.0,0.1,1.0,1,1.8,4794,4794,0.5333333333333333,0.0007604486579226745,0,0
"2024.0, 3.0, [-4.4399999999999995,16.439999999999998], 6.0, 1.0, [-4375.610000000001,6231.610000000001], [-1323.2004000000002,1873.1804000000002], [1995.92,2008.08], [11.15,32.85], [6.382849999999998,35.77715], 4.0, 0.0, [-3.33,3.33], [-10.606000000000002,27.326], [2.928,12.792000000000002], [0.04025000000000002,0.23975000000000002], 0.0, [46.505,71.495], [11.8386,24.4414], 1.0","survey_year, quarter, country, industry, company_size, num_employees, annual_revenue_usd_millions, company_founding_year, company_age, ai_adoption_rate, ai_primary_tool, ai_use_case, ai_projects_active, ai_training_hours, ai_budget_percentage, ai_maturity_score, ai_ethics_committee, ai_risk_management_score, task_automation_rate, survey_source",0.0,0.1,1.0,1,1.0,4796,4796,0.6666666666666666,0.00042247147662370806,0,0
"0.0, 2.0, 1.0, [27.5182,48.6218], 2.0, [2.3499999999999996,5.65], 3.0, 2.0, [-0.3099999999999996,10.309999999999999], [0.2750625,0.5529375], [9.076899999999998,25.1831], [576.0372000000207,288237.3028], [50.055,69.945], 2.0","industry, company_size, company_age_group, ai_adoption_rate, ai_adoption_stage, years_using_ai, ai_primary_tool, num_ai_tools_used, ai_projects_active, ai_maturity_score, ai_failure_rate, ai_investment_per_employee, ai_risk_management_score, data_collection_method",1.0,0.1,1.0,1,2.4,4798,4798,0.4666666666666667,0.0010139315438968993,0,0
"3.0, 6.0, 1.0, [-5563.545,6811.545], [6.3,21.7], 2.0, [4.25,7.75], 5.0, 3.0, [2.6999999999999993,15.3], [3.4963999999999995,17.9636], [0.13675,0.62125], [15.281775,33.218225000000004], [-171176.29,217555.15], [50.66,77.34], 1.0, 0.0, 1.0","quarter, industry, company_size, num_employees, company_age, ai_adoption_stage, years_using_ai, ai_primary_tool, num_ai_tools_used, ai_projects_active, ai_budget_percentage, ai_maturity_score, ai_failure_rate, ai_investment_per_employee, regulatory_compliance_score, ai_ethics_committee, survey_source, data_collection_method",1.0,1.0,1.0,1,2.0,4799,4799,0.6,0.0008449429532474161,1,1
"1.0, [12352.38,25709.620000000003], [1105.6547,8497.2853], [2002.72,2021.28], [3.8249999999999993,18.175], [21.40025,47.77975000000001], 2.0, [22.262275,32.877725], [75.72,94.28], 0.0, 0.0, 1.0","region, num_employees, annual_revenue_usd_millions, company_founding_year, company_age, ai_adoption_rate, ai_primary_tool, ai_failure_rate, regulatory_compliance_score, data_privacy_level, survey_source, data_collection_method",0.0,1.0,1.0,1,1.0,4800,4800,0.4,0.00042247147662370806,1,1
"2026.0, 2.0, [9.375,16.625], 1.0, [-3708.17,3756.17], [1978.32,2001.68], [30.575,41.425], 2.0, [10.810499999999994,63.569500000000005], 2.0, 0.0, [-95348.2388,114566.7388], [71.88,88.12], 0.0, [60.37,73.63]","survey_year, quarter, country, region, num_employees, company_founding_year, company_age, company_age_group, ai_adoption_rate, ai_adoption_stage, ai_use_case, ai_investment_per_employee, regulatory_compliance_score, ai_ethics_committee, ai_risk_management_score",2.0,1.0,1.0,1,4.0,4802,4802,0.5,0.0016898859064948322,1,1
"0.0, [15030.755000000001,23477.245], [4.874999999999999,17.125], 3.0, [27.60765,60.649869975623375], 2.0, [5.2,8.8], 1.0, [4.5200000000000005,17.48], [12.61150381222617,38.6596], [5.141999999999999,17.198], [0.19306250000000003,0.6989375], [15.889174999999998,42.610825000000006], [12.61205,39.167950000000005], 2.0","company_size, num_employees, company_age, company_age_group, ai_adoption_rate, ai_adoption_stage, years_using_ai, num_ai_tools_used, ai_projects_active, ai_training_hours, ai_budget_percentage, ai_maturity_score, ai_failure_rate, task_automation_rate, data_collection_method",1.0,0.1,1.0,1,1.6,4803,4803,0.5,0.0006759543625979329,0,0
"3.0, [-7057.48,2949.8050000000003], [7.625,16.375], 0.0, [0.1358125,0.5561875], [63.5,92.5], 0.0, [51.37,64.63], [6.971849999999996,34.71795], 2.0","industry, num_employees, company_age, ai_use_case, ai_maturity_score, regulatory_compliance_score, ai_ethics_committee, ai_risk_management_score, task_automation_rate, data_collection_method",2,0.1,1.0,1,3.0,4804,4804,0.3333333333333333,0.0012674144298711243,0,0
"1.0, 2.0, [-3329.385,4331.385], [1990.32,2013.68], [26.52065,64.95935], 2.0, 4.0, 0.0, [6.869999999999999,17.130000000000003], [9.7176,19.3624], [0.32400000000000007,0.78], 1.0, 0.0","quarter, region, num_employees, company_founding_year, ai_adoption_rate, ai_adoption_stage, ai_primary_tool, ai_use_case, ai_projects_active, ai_budget_percentage, ai_maturity_score, data_privacy_level, data_collection_method",2.0,1.0,1.0,1,1.0,4805,4805,0.43333333333333335,0.00042247147662370806,1,1
"0.0, 0.0, [5863.40545,9758.99455], [2010.92,2031.08], [-16.85167553207439,12.275], 0.0, [-8.22635,45.28635], 3.0, 2.0, 0.0, [-5.0472,27.8272], [-3.5912000000000006,12.1912], [-0.3901028261199073,0.42137499999999994], [51.72,70.28], 0.0, 1.0, [31.15,66.85]","industry, company_size, annual_revenue_usd_millions, company_founding_year, company_age, company_age_group, ai_adoption_rate, ai_primary_tool, num_ai_tools_used, ai_use_case, ai_training_hours, ai_budget_percentage, ai_maturity_score, regulatory_compliance_score, data_privacy_level, ai_ethics_committee, ai_risk_management_score",1.0,0.1,1.0,1,2.0,4806,4806,0.5666666666666667,0.0008449429532474161,0,0
"2.0, [-0.9900000000000002,16.990000000000002], 2.0, [-5754.975,7012.975], [1985.52,2002.48], 2.0, [-0.8726500000000037,51.13265], 3.0, [7.6,12.4], 0.0, 6.0, [-0.14006249999999998,0.38006249999999997], [26.629424999999998,49.690574999999995], [-188353.37080000003,254800.4708], [48.66,75.34], 0.0, 0.0, [31.64,68.36], [9.806699999999998,39.5133], 3.0, 0.0","quarter, country, industry, num_employees, company_founding_year, company_age_group, ai_adoption_rate, ai_adoption_stage, years_using_ai, ai_primary_tool, ai_use_case, ai_maturity_score, ai_failure_rate, ai_investment_per_employee, regulatory_compliance_score, data_privacy_level, ai_ethics_committee, ai_risk_management_score, task_automation_rate, survey_source, data_collection_method",0.0,0.1,1.0,1,1.0,4807,4807,0.7,0.00042247147662370806,0,0
"3.0, [-0.10499999999999954,14.105], 0.0, 7.0, 2.0, [20.2,39.8], [-10.8277,20.8277], 1.0, [-3.7700000000000005,5.7700000000000005], [6.127499999999999,21.9325], [24.62455,45.855450000000005], 0.0, [39.585,56.415], [2.772649999999997,23.927350000000004], 1.0","quarter, country, region, industry, company_size, company_age, ai_adoption_rate, ai_adoption_stage, ai_projects_active, ai_training_hours, ai_failure_rate, ai_ethics_committee, ai_risk_management_score, task_automation_rate, data_collection_method",0.0,0.1,1.0,1,2.0,4808,4808,0.5,0.0008449429532474161,0,0
"3.0, [-0.10499999999999954,14.105], 0.0, 7.0, 2.0, [20.2,39.8], 1.0, 1.0, [-0.001062499999999994,0.17706249999999998], [24.62455,45.855450000000005], [63.59,80.41], 0.0, [2.772649999999997,23.927350000000004], 1.0","quarter, country, region, industry, company_size, company_age, ai_adoption_stage, num_ai_tools_used, ai_maturity_score, ai_failure_rate, regulatory_compliance_score, ai_ethics_committee, task_automation_rate, data_collection_method",0.0,0.1,1.0,1,1.2,4808,4808,0.4666666666666667,0.0005069657719484497,0,0
"2023.0, 1.0, 5.0, 0.0, [3526.6895999999997,6723.0704000000005], [1991.12,2004.88], 3.0, 0.0, [11.3994,40.4806], [11.714,19.386000000000003], [0.278,0.62], [14.2853,24.5347], [54.92,85.08], 0.0, 1.0, [57.055,76.945]","survey_year, quarter, region, company_size, annual_revenue_usd_millions, company_founding_year, num_ai_tools_used, ai_use_case, ai_training_hours, ai_budget_percentage, ai_maturity_score, ai_failure_rate, regulatory_compliance_score, data_privacy_level, ai_ethics_committee, ai_risk_management_score",2.0,1.0,1.0,1,1.0,4809,4809,0.5333333333333333,0.00042247147662370806,1,1
"2023.0, 4.0, [-1127.5250000000005,5747.525000000001], [1999.92,2020.08], [3.549999999999999,22.450000000000003], 2.0, [6.029999999999999,11.97], [10.176799999999998,24.8632], [0.23074999999999998,0.8131875], [274604.36640000006,811053.7536], 0.0, [16.301249999999996,50.05875]","survey_year, industry, num_employees, company_founding_year, company_age, ai_adoption_stage, ai_projects_active, ai_budget_percentage, ai_maturity_score, ai_investment_per_employee, data_privacy_level, task_automation_rate",2.0,0.1,1.0,1,1.0,4810,4810,0.4,0.00042247147662370806,0,0
"2023.0, 4.0, [-1127.5250000000005,5747.525000000001], [4658.9175,9653.2625], [3.549999999999999,22.450000000000003], 2.0, [0.8999999999999999,5.1], [6.029999999999999,11.97], [10.176799999999998,24.8632], [0.23074999999999998,0.8131875], [7.722199999999997,34.077799999999996], [392774.89576077275,811053.7536], 0.0, [16.301249999999996,50.05875]","survey_year, industry, num_employees, annual_revenue_usd_millions, company_age, ai_adoption_stage, years_using_ai, ai_projects_active, ai_budget_percentage, ai_maturity_score, ai_failure_rate, ai_investment_per_employee, data_privacy_level, task_automation_rate",2.0,0.1,1.0,1,1.0,4810,4810,0.4666666666666667,0.00042247147662370806,0,0
"2026.0, 3.0, 3.0, 4.0, [-6162.835000000001,7390.835000000001], [17.15,38.85], 1.0, [7.2,10.8], [6.66,11.34], [11.65,17.130000000000003], [0.37206249999999996,0.7639374999999999], [-32432.1072,263003.7872], 0.0, [51.485,78.515], 3.0","survey_year, quarter, region, industry, num_employees, company_age, company_age_group, years_using_ai, ai_projects_active, ai_budget_percentage, ai_maturity_score, ai_investment_per_employee, data_privacy_level, ai_risk_management_score, data_collection_method",2.0,0.1,1.0,1,1.0,4811,4811,0.5,0.00042247147662370806,0,0
"1.0, 1.0, [1.7249999999999996,20.275], 2.0, 3.0, [44.7,75.3], 3.0","quarter, region, company_age, ai_adoption_stage, num_ai_tools_used, ai_risk_management_score, survey_source",1.0,1.0,1.0,1,1.0,4812,4812,0.23333333333333334,0.00042247147662370806,1,1
"2025.0, [-6.279999999999999,12.28], [-3366.385,4294.385], [-1552.8211000000001,2242.8811], 0.0, 2.0, [3.03,8.97], [3.507199999999999,33.8528], [-97569.87520000001,158992.8752], [10.243749999999999,21.49625], 1.0","survey_year, country, num_employees, annual_revenue_usd_millions, ai_primary_tool, num_ai_tools_used, ai_projects_active, ai_training_hours, ai_investment_per_employee, task_automation_rate, survey_source",1,0.1,1.0,1,2.3333333333333335,4813,4813,0.36666666666666664,0.0009857667787886522,0,0
"2025.0, [1.7249999999999996,20.275], 0.0, 2.0, [-3.6290542418941967,8.97], [3.507199999999999,33.8528], [-2.884400000000001,11.144400000000001], [-253062.4512,314485.4512], [46.82,65.8970560786666], [10.243749999999999,21.49625]","survey_year, company_age, ai_primary_tool, num_ai_tools_used, ai_projects_active, ai_training_hours, ai_budget_percentage, ai_investment_per_employee, ai_risk_management_score, task_automation_rate",0.0,0.1,1.0,1,3.0,4813,4813,0.3333333333333333,0.0012674144298711243,0,0
"[-4.22,6.22], 4.0, 0.0, 2.0, [-4837.200349327773,2285.95525], 2.0, 2.0, 5.0, [4.58,11.42], [7.604399999999999,20.9756], [-41031.9008,207756.2208], [66.89,101.11], 0.0, [49.37,62.63], [10.451249999999995,44.20875], 1.0, 1.0","country, region, industry, company_size, annual_revenue_usd_millions, ai_adoption_stage, num_ai_tools_used, ai_use_case, ai_projects_active, ai_budget_percentage, ai_investment_per_employee, regulatory_compliance_score, ai_ethics_committee, ai_risk_management_score, task_automation_rate, survey_source, data_collection_method",1.0,0.1,1.0,1,1.5,4814,4814,0.5666666666666667,0.0006337072149355621,0,0
"[-4.22,6.22], 4.0, 0.0, 2.0, [37.446,67.59400000000001], [2.6999999999999997,7.300000000000001], 2.0, 5.0, [66.89,101.11], 0.0, [10.451249999999995,44.20875], 1.0, 1.0","country, region, industry, company_size, ai_adoption_rate, years_using_ai, num_ai_tools_used, ai_use_case, regulatory_compliance_score, ai_ethics_committee, task_automation_rate, survey_source, data_collection_method",1.0,0.1,1.0,1,2.0,4814,4814,0.43333333333333335,0.0008449429532474161,0,0
"1.0, [-1890.5911,1905.1111], [5.575,16.425], 3.0, 2.0, [6.6,9.4], 3.0, [14.596499999999999,36.7235], [16.443374999999996,40.236625000000004], [-225333.22280000002,256693.7628], [56.879999999999995,73.12], 2.0, 1.0, [48.35,57.53240969495551], [9.3079,28.212100000000003]","region, annual_revenue_usd_millions, company_age, company_age_group, ai_adoption_stage, years_using_ai, ai_primary_tool, ai_training_hours, ai_failure_rate, ai_investment_per_employee, regulatory_compliance_score, data_privacy_level, ai_ethics_committee, ai_risk_management_score, task_automation_rate",1.0,0.1,1.0,1,1.3333333333333333,4815,4815,0.5,0.000563295302164944,0,0
"2.0, [18.345,29.655], 2.0, [-5056.18,5158.18], [-2335.0721500000004,2359.6121500000004], [1981.92,2002.08], 3.0, [0.75,5.25], 3.0, [-12.011800000000001,12.011800000000001], [0.8255999999999988,9.374400000000001], [-0.045875,0.281875], [20.518262184463563,48.4194], [59.46,74.54], 1.0, 0.0, [39.625,52.375], [-9.227050000000002,9.227050000000002], 1.0, 2.0","quarter, country, region, num_employees, annual_revenue_usd_millions, company_founding_year, ai_adoption_stage, years_using_ai, num_ai_tools_used, ai_training_hours, ai_budget_percentage, ai_maturity_score, ai_failure_rate, regulatory_compliance_score, data_privacy_level, ai_ethics_committee, ai_risk_management_score, task_automation_rate, survey_source, data_collection_method",0.0,0.1,1.0,1,2.0,4817,4817,0.6666666666666666,0.0008449429532474161,0,0
"2.0, [18.345,29.655], 2.0, [-5056.18,5158.18], [-2335.0721500000004,2359.6121500000004], [1981.92,2002.08], 3.0, [-3.3000000000000007,9.3], [-12.011800000000001,12.011800000000001], [0.8255999999999988,9.374400000000001], [-0.045875,0.281875], [20.518262184463563,48.4194], [59.46,74.54], 1.0, [39.625,52.375], [-9.227050000000002,9.227050000000002], 1.0, 2.0","quarter, country, region, num_employees, annual_revenue_usd_millions, company_founding_year, num_ai_tools_used, ai_projects_active, ai_training_hours, ai_budget_percentage, ai_maturity_score, ai_failure_rate, regulatory_compliance_score, data_privacy_level, ai_risk_management_score, task_automation_rate, survey_source, data_collection_method",0.0,0.1,1.0,1,2.0,4817,4817,0.6,0.0008449429532474161,0,0
"[1991.16,2016.56], [18.875,31.125], [-14.010450000000006,28.950450000000004], 1.0, [-1.25,3.25], [7.1030999999999995,25.4369], [-0.08418749999999997,0.45018749999999996], [59.47,72.86], [5.047499999999999,27.552500000000002], 0.0","company_founding_year, company_age, ai_adoption_rate, num_ai_tools_used, ai_projects_active, ai_training_hours, ai_maturity_score, regulatory_compliance_score, task_automation_rate, data_collection_method",0.0,1.0,1.0,1,6.0,4892,4818,0.3333333333333333,0.0025348288597422486,2,2
"2.0, 2.0, [-5376.825000000001,5426.825000000001], [-3053.3139,3139.6739], [1986.32,2001.68], [25.225,36.775], 2.0, [14.206399999999999,56.4136], 2.0, [2.3,7.7], 1.0, 4.0, [0.7899999999999991,13.21], [11.39615,38.483850000000004], 1.0, [6.328099999999999,23.431900000000002]","region, company_size, num_employees, annual_revenue_usd_millions, company_founding_year, company_age, company_age_group, ai_adoption_rate, ai_adoption_stage, years_using_ai, num_ai_tools_used, ai_use_case, ai_projects_active, ai_failure_rate, ai_ethics_committee, task_automation_rate",1.0,0.1,1.0,1,1.0,4820,4820,0.5333333333333333,0.00042247147662370806,0,0
"7.0, 2.0, [-1801.18765,1894.6276500000001], [16.7,29.3], 1.0, [-8.397850000000002,37.57785], [0.6023999999999994,12.877600000000001], [30.021775,47.958225], [71.01,88.99], 1.0, [29.425,62.575], [1.322549999999998,23.377450000000003], 1.0, 2.0","industry, company_size, annual_revenue_usd_millions, company_age, company_age_group, ai_adoption_rate, ai_budget_percentage, ai_failure_rate, regulatory_compliance_score, data_privacy_level, ai_risk_management_score, task_automation_rate, survey_source, data_collection_method",0.0,1.0,1.0,1,1.0,4821,4821,0.4666666666666667,0.00042247147662370806,1,1
"2024.0, 2.0, 4.0, 1.0, [-6226.835000000001,7326.835000000001], [-1249.9966000000002,1546.8366000000003], [1994.28,2015.72], 1.0, 2.0, [2.0,6.0], 1.0, [2.9699999999999998,15.030000000000001], [0.311875,0.554125], [62.47,95.53], 1.0, [43.995,70.005], [14.938099999999997,32.0419], 1.0","survey_year, quarter, industry, company_size, num_employees, annual_revenue_usd_millions, company_founding_year, company_age_group, ai_adoption_stage, years_using_ai, ai_primary_tool, ai_projects_active, ai_maturity_score, regulatory_compliance_score, ai_ethics_committee, ai_risk_management_score, task_automation_rate, survey_source",1.0,0.1,1.0,1,1.0,4822,4822,0.6,0.00042247147662370806,0,0
"2023.0, 0.0, [-6669.125,8063.125], [-3228.1080500000007,3664.0880500000003], [2010.04,2019.96], [-3.9000000000000004,19.9], 3.0, [1.8536499999999982,55.36635], 3.0, 0.0, 2.0, 0.0, [0.18518750000000003,0.44881249999999995], [46.6,81.4], 1.0, [34.19,65.81], [23.098399999999998,37.5016], 1.0","survey_year, region, num_employees, annual_revenue_usd_millions, company_founding_year, company_age, company_age_group, ai_adoption_rate, ai_adoption_stage, ai_primary_tool, num_ai_tools_used, ai_use_case, ai_maturity_score, regulatory_compliance_score, data_privacy_level, ai_risk_management_score, task_automation_rate, survey_source",2.0,0.1,1.0,1,1.2,4823,4823,0.6,0.0005069657719484497,0,0
"2024.0, 3.0, [22.91,35.09], 1.0, [-2338.665,3750.665], 1.0, [8.389,53.611000000000004], 3.0, [-1.4500000000000002,5.45], 6.0, [6.2299999999999995,15.77], [-1.2808000000000002,14.7208], [0.21912500000000001,0.432875], [28.854549999999996,50.08545], [-239792.7672,250008.84720000002], [45.730000000000004,82.27], 0.0, [-6.778126609517104,17.55685], 0.0","survey_year, quarter, country, company_size, num_employees, company_age_group, ai_adoption_rate, ai_adoption_stage, years_using_ai, ai_use_case, ai_projects_active, ai_budget_percentage, ai_maturity_score, ai_failure_rate, ai_investment_per_employee, regulatory_compliance_score, ai_ethics_committee, task_automation_rate, survey_source",1.0,0.1,1.0,1,1.25,4824,4824,0.6333333333333333,0.0005280893457796351,0,0
"2024.0, 3.0, 1.0, [-2338.665,3750.665], 1.0, [8.389,53.611000000000004], 3.0, [-1.4500000000000002,5.45], 2.0, 6.0, [-1.2808000000000002,14.7208], [0.21912500000000001,0.432875], [-239792.7672,250008.84720000002], [45.730000000000004,82.27], [0.9031500000000001,17.55685], 0.0","survey_year, quarter, company_size, num_employees, company_age_group, ai_adoption_rate, ai_adoption_stage, years_using_ai, ai_primary_tool, ai_use_case, ai_budget_percentage, ai_maturity_score, ai_investment_per_employee, regulatory_compliance_score, task_automation_rate, survey_source",1.0,0.1,1.0,1,1.25,4824,4824,0.5333333333333333,0.0005280893457796351,0,0
"2026.0, 1.0, 2.0, 0.0, [5078.09,19613.91], [2817.0274999999997,7811.3724999999995], [2007.84,2024.16], 3.0, [-1.2682500000000037,32.648250000000004], [4.6,7.4], 0.0, [51.76,84.24000000000001], 1.0, 2.0","survey_year, region, industry, company_size, num_employees, annual_revenue_usd_millions, company_founding_year, company_age_group, ai_adoption_rate, years_using_ai, ai_use_case, regulatory_compliance_score, survey_source, data_collection_method",0.0,1.0,1.0,1,1.0,4825,4825,0.4666666666666667,0.00042247147662370806,1,1
"0.0, [16.705,37.295], 2.0, [-1844.21765,1851.5976500000002], [1999.52,2016.48], [5.225,30.775], 1.0, 2.0, 1.0, [12.548699999999998,33.411300000000004], [25.86925,36.85075], [-122226.35960000001,142111.0196], [67.4,90.6]","quarter, country, region, annual_revenue_usd_millions, company_founding_year, company_age, company_age_group, ai_adoption_stage, num_ai_tools_used, ai_training_hours, ai_failure_rate, ai_investment_per_employee, regulatory_compliance_score",0.0,0.1,1.0,1,1.0,4826,4826,0.43333333333333335,0.00042247147662370806,0,0
"3.0, [1996.0,2012.0], 1.0, 2.0, 7.0, [2.88,23.487670103497237], [0.17225000000000004,0.48575], [-260078.6768,299694.5968], 0.0, [4.131349999999998,36.98865], 0.0","region, company_founding_year, company_age_group, ai_primary_tool, ai_use_case, ai_projects_active, ai_maturity_score, ai_investment_per_employee, ai_ethics_committee, task_automation_rate, data_collection_method",0.0,0.1,1.0,1,1.0,4827,4827,0.36666666666666664,0.00042247147662370806,0,0
"[-3728.1050000000005,5504.1050000000005], [1996.0,2012.0], 1.0, 2.0, 7.0, [2.88,15.120000000000001], [0.17225000000000004,0.48575], [-260078.6768,299694.5968], 0.0, [4.131349999999998,36.98865], 0.0","num_employees, company_founding_year, company_age_group, ai_primary_tool, ai_use_case, ai_projects_active, ai_maturity_score, ai_investment_per_employee, ai_ethics_committee, task_automation_rate, data_collection_method",0.0,0.1,1.0,1,1.0,4827,4827,0.36666666666666664,0.00042247147662370806,0,0
"1.0, [16.415,37.585], 2.0, 0.0, [1979.92,2000.08], [5.15,8.85], 3.0, [0.22981250000000003,0.5361875], [7.428749999999997,25.73125], [-151969.89200000002,275634.69200000004], [56.629999999999995,87.37], [5.78135,38.63865], 1.0, 2.0","quarter, country, region, company_size, company_founding_year, years_using_ai, ai_use_case, ai_maturity_score, ai_failure_rate, ai_investment_per_employee, regulatory_compliance_score, task_automation_rate, survey_source, data_collection_method",0.0,1.0,1.0,1,1.0,4830,4830,0.4666666666666667,0.00042247147662370806,1,1
"[9.415000000000001,30.585], 3.0, 1.0, [-2410.3201,3383.1201], [2006.36,2023.64], [-0.5749999999999993,16.575], [20.566,50.714], 1.0, 3.0, [2.41,11.59], [30.295500000000004,58.7445], [-1.9847750000000008,24.004775000000002], [-106697.7292,227611.30920000002], 0.0, [58.115,71.885], [-3.0781500000000026,25.278150000000004], 1.0","country, industry, company_size, annual_revenue_usd_millions, company_founding_year, company_age, ai_adoption_rate, ai_primary_tool, ai_use_case, ai_projects_active, ai_training_hours, ai_failure_rate, ai_investment_per_employee, data_privacy_level, ai_risk_management_score, task_automation_rate, data_collection_method",0,0.1,1.0,1,2.75,4831,4831,0.5666666666666667,0.0011617965607151972,0,0
"[6.6049999999999995,22.625], [-121.29150000000072,6870.791500000001], [15.5,36.5], 0.0, [0.8390999999999948,44.4609], [0.21493749999999998,0.6210625], [-199502.35160000002,298073.89160000003], [37.120000000000005,78.88], 1.0, 1.0","country, annual_revenue_usd_millions, company_age, ai_primary_tool, ai_training_hours, ai_maturity_score, ai_investment_per_employee, regulatory_compliance_score, ai_ethics_committee, data_collection_method",2.0,0.0,0.0,1,2.0,4832,4832,0.3333333333333333,0.0008449429532474161,0,1
"2024.0, 2.0, 1.0, 1.0, 3.0, 0.0, 2.0, 2.0, 1.0, [58.585,75.415], [16.7379,35.6421], 2.0, 1.0","survey_year, quarter, region, company_age_group, ai_adoption_stage, ai_primary_tool, num_ai_tools_used, data_privacy_level, ai_ethics_committee, ai_risk_management_score, task_automation_rate, survey_source, data_collection_method",2.0,0.1,1.0,1,2.0,4832,4832,0.43333333333333335,0.0008449429532474161,0,0
"2.0, 0.0, [-6.890000000000327,9028.89], [3030.2551,7225.5049], 1.0, [33.3601,74.0599], 2.0, 3.0, 3.0, [2.94,9.06], [29.378899999999998,61.6211], [0.2959375,0.4740625], [54.019999999999996,89.98], 2.0, [20.397100000000002,46.502900000000004]","industry, company_size, num_employees, annual_revenue_usd_millions, company_age_group, ai_adoption_rate, ai_adoption_stage, ai_primary_tool, num_ai_tools_used, ai_projects_active, ai_training_hours, ai_maturity_score, regulatory_compliance_score, data_privacy_level, task_automation_rate",2.0,0.1,1.0,1,1.0,4834,4834,0.5,0.00042247147662370806,0,0
"[-1.4100000000000001,15.41], 2.0, 0.0, [-6.890000000000327,9028.89], [3030.2551,7225.5049], [33.3601,74.0599], 2.0, 3.0, 3.0, [2.94,9.06], [0.2959375,0.4740625], [54.019999999999996,89.98], 2.0, [20.397100000000002,46.502900000000004]","country, industry, company_size, num_employees, annual_revenue_usd_millions, ai_adoption_rate, ai_adoption_stage, ai_primary_tool, num_ai_tools_used, ai_projects_active, ai_maturity_score, regulatory_compliance_score, data_privacy_level, task_automation_rate",2.0,0.1,1.0,1,1.0,4834,4834,0.4666666666666667,0.00042247147662370806,0,0
"2024.0, [6.720000000000001,25.28], 2.0, [-4724.535,4900.535], [-1291.9197000000001,1305.1397], 2.0, [3.9,10.1], 1.0, [6.2299999999999995,15.77], [0.332375,0.631625], [25.590175,37.669825], 1.0, 3.0, 2.0","survey_year, country, region, num_employees, annual_revenue_usd_millions, ai_adoption_stage, years_using_ai, ai_primary_tool, ai_projects_active, ai_maturity_score, ai_failure_rate, ai_ethics_committee, survey_source, data_collection_method",2.0,1.0,1.0,1,1.0,4835,4835,0.4666666666666667,0.00042247147662370806,1,1
"3.0, [19.46,34.54], 2.0, 4.0, [-2881.1901,2912.2501], [2004.12,2017.88], 3.0, [4.35,9.65], 3.0, 4.0, [-1.06,5.0600000000000005], [3.5764999999999993,25.703500000000002], [2.4719999999999986,14.528000000000002], [0.05837500000000001,0.35762499999999997], [-104991.05080000001,143797.07080000002], 2.0, 0.0, [40.23,70.59706926783774], 0.0","quarter, country, region, industry, annual_revenue_usd_millions, company_founding_year, company_age_group, years_using_ai, num_ai_tools_used, ai_use_case, ai_projects_active, ai_training_hours, ai_budget_percentage, ai_maturity_score, ai_investment_per_employee, data_privacy_level, ai_ethics_committee, ai_risk_management_score, survey_source",0.0,0.1,1.0,1,1.5,4836,4836,0.6333333333333333,0.0006337072149355621,0,0
"3.0, 2.0, [-2881.1901,2912.2501], [2004.12,2017.88], 3.0, [4.35,9.65], 3.0, [-1.06,5.0600000000000005], [3.5764999999999993,25.703500000000002], [17.480349999999994,41.63965], [-104991.05080000001,143797.07080000002], [70.56,91.44], 2.0, [40.23,70.59706926783774], 0.0","quarter, region, annual_revenue_usd_millions, company_founding_year, company_age_group, years_using_ai, num_ai_tools_used, ai_projects_active, ai_training_hours, ai_failure_rate, ai_investment_per_employee, regulatory_compliance_score, data_privacy_level, ai_risk_management_score, survey_source",0.0,0.1,1.0,1,1.5,4836,4836,0.5,0.0006337072149355621,0,0
"2026.0, 0.0, [10.3,27.7], 2.0, [-2504.58595,2589.6459500000005], 3.0, 0.0, 3.0, [0.41000000000000014,9.59], [0.05237500000000006,0.579625], [9.874799999999999,27.4452], [-89211.22080000001,353942.62080000003], [26.12,67.88], 1.0, 0.0, [44.29,65.71], [3.157899999999998,22.0621], 1.0, 1.0","survey_year, quarter, country, company_size, annual_revenue_usd_millions, ai_adoption_stage, ai_primary_tool, ai_use_case, ai_projects_active, ai_maturity_score, ai_failure_rate, ai_investment_per_employee, regulatory_compliance_score, data_privacy_level, ai_ethics_committee, ai_risk_management_score, task_automation_rate, survey_source, data_collection_method",0.0,0.1,1.0,1,1.0,4837,4837,0.6333333333333333,0.00042247147662370806,0,0
"2026.0, 0.0, [10.3,27.7], [-2504.58595,2589.6459500000005], 3.0, 0.0, 3.0, [0.41000000000000014,9.59], [0.05237500000000006,0.579625], [9.874799999999999,27.4452], [-89211.22080000001,353942.62080000003], [26.12,67.88], 1.0, [44.29,65.71], [3.157899999999998,22.0621], 1.0, 1.0","survey_year, quarter, country, annual_revenue_usd_millions, ai_adoption_stage, ai_primary_tool, ai_use_case, ai_projects_active, ai_maturity_score, ai_failure_rate, ai_investment_per_employee, regulatory_compliance_score, data_privacy_level, ai_risk_management_score, task_automation_rate, survey_source, data_collection_method",0.0,0.1,1.0,1,1.0,4837,4837,0.5666666666666667,0.00042247147662370806,0,0
"[17.055,28.945], 3.0, 2.0, [-2965.027,3028.187], 3.0, 2.0, [5.77,14.23], [5.3472,20.2528], [51.565,70.435], [4.906299999999998,38.2137], 3.0","country, industry, company_size, annual_revenue_usd_millions, company_age_group, num_ai_tools_used, ai_projects_active, ai_budget_percentage, ai_risk_management_score, task_automation_rate, data_collection_method",2.0,1.0,1.0,1,1.0,4838,4838,0.36666666666666664,0.00042247147662370806,1,1
"2026.0, 0.0, 0.0, 2.0, 2.0, [2004.48,2027.52], [-2.9499999999999993,22.95], 3.0, [21.048999999999996,66.271], 3.0, [-0.3099999999999996,10.309999999999999], [37.6875,53.49250000000001], [-59594.8064,181418.6864], 2.0, [56.84,73.16], [19.003749999999997,30.25625], 0.0","survey_year, quarter, region, industry, company_size, company_founding_year, company_age, company_age_group, ai_adoption_rate, num_ai_tools_used, ai_projects_active, ai_training_hours, ai_investment_per_employee, data_privacy_level, ai_risk_management_score, task_automation_rate, survey_source",2.0,1.0,1.0,1,1.0,4839,4839,0.5666666666666667,0.00042247147662370806,1,1
"2026.0, 1.0, [-4317.610000000001,6289.610000000001], [-2.6500000000000004,10.65], 2.0, [-2.4000000000000004,4.4], [0.4134999999999991,41.5065], [3.8376,13.4824], [0.24612499999999998,0.459875], [25.328325,35.211675], [-76637.32759999999,148826.9076], [66.37,93.63], 0.0, 0.0, [39.565,58.435]","survey_year, company_size, num_employees, company_age, ai_adoption_stage, years_using_ai, ai_training_hours, ai_budget_percentage, ai_maturity_score, ai_failure_rate, ai_investment_per_employee, regulatory_compliance_score, data_privacy_level, ai_ethics_committee, ai_risk_management_score",0.0,1.0,1.0,1,1.0,4840,4840,0.5,0.00042247147662370806,1,1
"5.0, [-3214.76,9356.76], [-9.674999999999999,11.674999999999999], 2.0, 5.0, [5.869999999999999,16.130000000000003], [17.459899999999998,43.380100000000006], 2.0, 2.0","region, num_employees, company_age, num_ai_tools_used, ai_use_case, ai_projects_active, ai_training_hours, data_privacy_level, data_collection_method",2.0,1.0,1.0,1,1.0,4841,4841,0.3,0.00042247147662370806,1,1
"[15.72,34.28], 2.0, 4.0, [-6365.975,6401.975], [-2829.0066500000003,2864.54665], 3.0, [-3.9063499999999998,49.606350000000006], 5.0, 1.0, [3.2787999999999986,13.5812], [45.730000000000004,82.27], 0.0, [11.858099999999999,28.9619], 3.0","country, region, industry, num_employees, annual_revenue_usd_millions, company_age_group, ai_adoption_rate, ai_primary_tool, num_ai_tools_used, ai_budget_percentage, regulatory_compliance_score, ai_ethics_committee, task_automation_rate, data_collection_method",1.0,0.1,1.0,1,1.6,4842,4842,0.4666666666666667,0.0006759543625979329,0,0
"2026.0, 1.0, 5.0, [-3692.385,3968.385], 1.0, [3.9499999999999997,8.05], [6.32,15.68], [47.57,86.43]","survey_year, quarter, region, num_employees, company_age_group, years_using_ai, ai_projects_active, regulatory_compliance_score",1.0,0.1,1.0,1,1.0,4843,4843,0.26666666666666666,0.00042247147662370806,0,0
"2026.0, 1.0, 5.0, 4.0, [-3692.385,3968.385], 1.0, [3.9499999999999997,8.05], [6.32,15.68], [-2.7604000000000006,13.4604], [47.57,86.43], 0.0","survey_year, quarter, region, industry, num_employees, company_age_group, years_using_ai, ai_projects_active, ai_budget_percentage, regulatory_compliance_score, data_collection_method",1.0,0.1,1.0,1,1.0,4843,4843,0.36666666666666664,0.00042247147662370806,0,0
"[13.995,34.005], 2.0, [-4885.75,4935.75], [2008.28,2029.72], [22.014749999999996,88.60180991539555], 2.0, 4.0, 2.0, [0.306125,0.633875], [-10240.825600000011,370715.9856], [64.88,81.12], 0.0, [45.68,78.32], [9.717999999999998,27.722], 2.0, 3.0","country, company_size, num_employees, company_founding_year, ai_adoption_rate, ai_adoption_stage, ai_primary_tool, num_ai_tools_used, ai_maturity_score, ai_investment_per_employee, regulatory_compliance_score, ai_ethics_committee, ai_risk_management_score, task_automation_rate, survey_source, data_collection_method",2.0,0.1,1.0,1,1.0,4844,4844,0.5333333333333333,0.00042247147662370806,0,0
"[17.43,36.57], 2.0, [-2320.06215,2374.6221500000006], [1994.68,2003.32], 0.0, 3.0, [2.57,7.43], [2.8004,13.979600000000001], [16.944125,29.755875000000003], 0.0, 1.0","country, company_size, annual_revenue_usd_millions, company_founding_year, ai_primary_tool, ai_use_case, ai_projects_active, ai_budget_percentage, ai_failure_rate, ai_ethics_committee, data_collection_method",1.0,0.1,1.0,1,1.0,4845,4845,0.36666666666666664,0.00042247147662370806,0,0
"[17.43,36.57], 2.0, [-2320.06215,2374.6221500000006], [1994.68,2003.32], 0.0, 3.0, [2.57,7.43], [2.8004,13.979600000000001], [16.944125,29.755875000000003], [60.76,93.24000000000001], 0.0, 1.0","country, company_size, annual_revenue_usd_millions, company_founding_year, ai_primary_tool, ai_use_case, ai_projects_active, ai_budget_percentage, ai_failure_rate, regulatory_compliance_score, ai_ethics_committee, data_collection_method",2,0.1,1.0,1,1.0,4845,4845,0.4,0.00042247147662370806,0,0
"0.0, 4.0, 1.0, [-6747.91,7787.91], [1994.32,2017.68], 1.0, 3.0, 5.0, [24.3908,69.9092], [23.53505,37.44495], [-121685.59680000003,243721.9568], [49.019999999999996,84.98], 0.0, [21.5387,33.2413], 3.0","quarter, industry, company_size, num_employees, company_founding_year, company_age_group, ai_primary_tool, ai_use_case, ai_training_hours, ai_failure_rate, ai_investment_per_employee, regulatory_compliance_score, ai_ethics_committee, task_automation_rate, data_collection_method",2.0,0.1,1.0,1,1.0,4846,4846,0.5,0.00042247147662370806,0,0
"[-8.555,8.555], 2.0, [-6285.975,6481.975], [-2986.967,3006.247], 1.0, [-8.553300000000004,24.953300000000002], [56.82,81.18]","country, company_size, num_employees, annual_revenue_usd_millions, num_ai_tools_used, ai_training_hours, regulatory_compliance_score",0.0,1.0,1.0,1,3.25,4914,4847,0.23333333333333334,0.0013730322990270513,4,4
"3.0, [-8.555,8.555], 2.0, [-6285.975,6481.975], [1994.24,2013.76], 1.0, [-2.0325000000000024,35.6525], 3.0, 1.0, [-8.553300000000004,24.953300000000002], [-4.220000000000001,12.22], [-0.058937499999999976,0.3329375], [56.82,81.18], [54.095,69.905]","quarter, country, company_size, num_employees, company_founding_year, company_age_group, ai_adoption_rate, ai_adoption_stage, num_ai_tools_used, ai_training_hours, ai_budget_percentage, ai_maturity_score, regulatory_compliance_score, ai_risk_management_score",0.0,0.1,1.0,1,3.0,4847,4847,0.4666666666666667,0.0012674144298711243,0,0
"2024.0, 2.0, 1.0, [-4974.965,5042.965], [-3398.2680500000006,3493.9280500000004], [2003.32,2026.68], [13.57025,39.94975], 3.0, 1.0, 3.0, [-1.1144000000000007,7.434400000000001], [-243194.72559999998,332127.80559999996], [61.72,80.28], 0.0, [39.76,64.24], 0.0","survey_year, quarter, region, num_employees, annual_revenue_usd_millions, company_founding_year, ai_adoption_rate, ai_adoption_stage, num_ai_tools_used, ai_use_case, ai_budget_percentage, ai_investment_per_employee, regulatory_compliance_score, ai_ethics_committee, ai_risk_management_score, data_collection_method",0.0,1.0,1.0,1,1.0,4848,4848,0.5333333333333333,0.00042247147662370806,1,1
"0.0, 0.0, [-1208.7562500000001,3368.8883965931545], [1998.96,2013.04], 1.0, [23.473799999999997,62.6662], [1.4500000000000002,6.55], 2.0, [9.6112,15.7488], [-78618.26400000002,193493.744], [63.37,90.63], 1.0, [62.505,87.495], [0.9318499999999972,29.28815], 3.0","quarter, industry, annual_revenue_usd_millions, company_founding_year, company_age_group, ai_adoption_rate, years_using_ai, num_ai_tools_used, ai_budget_percentage, ai_investment_per_employee, regulatory_compliance_score, ai_ethics_committee, ai_risk_management_score, task_automation_rate, data_collection_method",1.0,0.1,1.0,1,2.0,4849,4849,0.5,0.0008449429532474161,0,0
"2025.0, [17.939999999999998,26.060000000000002], 0.0, 1.0, [-3046.8150000000005,5006.8150000000005], [1983.64,2006.36], 1.0, [-3.15,3.15], 4.0, 1.0, 0.0, [-1.232800000000001,13.6728], [-170028.228,179830.06800000003], [59.879999999999995,76.12]","survey_year, country, region, company_size, num_employees, company_founding_year, company_age_group, years_using_ai, ai_primary_tool, num_ai_tools_used, ai_use_case, ai_budget_percentage, ai_investment_per_employee, regulatory_compliance_score",0.0,1.0,1.0,1,1.0,4850,4850,0.4666666666666667,0.00042247147662370806,1,1
"2.0, [10.415000000000001,31.585], 3.0, 2.0, [-5915.115,6067.115], [2003.24,2014.76], 1.0, 2.0, [8.4,11.6], 3.0, [-0.96,6.96], [18.6594,47.7406], [4.6588,20.441200000000002], [9.490349999999998,33.64965], [-148738.2048,177796.2048], 0.0, [40.625,53.375], 0.0","quarter, country, industry, company_size, num_employees, company_founding_year, company_age_group, ai_adoption_stage, years_using_ai, ai_use_case, ai_projects_active, ai_training_hours, ai_budget_percentage, ai_failure_rate, ai_investment_per_employee, ai_ethics_committee, ai_risk_management_score, survey_source",1.0,0.1,1.0,1,1.0,4851,4851,0.6,0.00042247147662370806,0,0
"[-8.555,8.555], 2.0, [-6285.975,6481.975], [-2986.967,3006.247], [-8.553300000000004,24.953300000000002], [56.82,81.18], 0.0","country, company_size, num_employees, annual_revenue_usd_millions, ai_training_hours, regulatory_compliance_score, data_privacy_level",0.0,1.0,1.0,1,2.5,4977,4852,0.23333333333333334,0.0010561786915592702,2,2
"2024.0, [16.2,27.8], 2.0, 1.0, [-2751.9601000000002,3041.4800999999998], [0.875,27.125], 3.0, [1.6999999999999997,8.3], 0.0, 2.0, 6.0, [9.876699999999996,43.383300000000006], [6.7028,13.717200000000002], [0.17956249999999999,0.5144375], [-151783.93680000002,213623.61680000002], [51.24,76.76], [39.485,66.515], [5.8417499999999976,35.09825], 0.0","survey_year, country, industry, company_size, annual_revenue_usd_millions, company_age, company_age_group, years_using_ai, ai_primary_tool, num_ai_tools_used, ai_use_case, ai_training_hours, ai_budget_percentage, ai_maturity_score, ai_investment_per_employee, regulatory_compliance_score, ai_risk_management_score, task_automation_rate, survey_source",1.0,0.1,1.0,1,1.0,4853,4853,0.6333333333333333,0.00042247147662370806,0,0
"2.0, 2.0, [279.2399999999998,12850.76], 1.0, 3.0, [6.6,9.4], 0.0, 4.0, [5.148,15.012], [0.08581250000000001,0.5061875], [16.063125,43.516875], [-36063.594800000006,290470.8148], 0.0, [41.015,64.985], 2.0","quarter, region, num_employees, company_age_group, ai_adoption_stage, years_using_ai, ai_primary_tool, ai_use_case, ai_budget_percentage, ai_maturity_score, ai_failure_rate, ai_investment_per_employee, data_privacy_level, ai_risk_management_score, survey_source",1.0,0.1,1.0,1,1.3333333333333333,4854,4854,0.5,0.000563295302164944,0,0
"2025.0, 1.0, 5.0, [-7137.125,7595.125], [-1246.00695,1850.48695], [1988.28,2001.72], [-15.651950000000001,19.77195], 1.0, 0.0, 1.0, [-1.1400000000000006,7.140000000000001], [-3.1389000000000014,27.838900000000002], [2.3167999999999997,11.5232], [-9693.114400000006,192447.23440000002], 2.0, [49.21,78.78999999999999], 0.0","survey_year, region, industry, num_employees, annual_revenue_usd_millions, company_founding_year, ai_adoption_rate, ai_adoption_stage, ai_primary_tool, ai_use_case, ai_projects_active, ai_training_hours, ai_budget_percentage, ai_investment_per_employee, data_privacy_level, ai_risk_management_score, data_collection_method",0.0,1.0,1.0,1,1.0,4855,4855,0.5666666666666667,0.00042247147662370806,1,1
"3.0, [3.3149999999999995,18.685000000000002], 0.0, [3244.465,12869.535], [-628.9073000000001,2767.2473], 2.0, 2.0, 5.0, [7.21,12.79], [28.9401,66.2399], [3.603200000000001,16.3168], [0.30562500000000004,0.690375], [-130618.72279999999,157042.5428], [48.95,75.05], 0.0, 1.0, [12.261249999999997,46.018750000000004], 3.0","quarter, country, company_size, num_employees, annual_revenue_usd_millions, ai_adoption_stage, num_ai_tools_used, ai_use_case, ai_projects_active, ai_training_hours, ai_budget_percentage, ai_maturity_score, ai_investment_per_employee, regulatory_compliance_score, data_privacy_level, ai_ethics_committee, task_automation_rate, survey_source",2.0,0.1,1.0,1,1.0,4856,4856,0.6,0.00042247147662370806,0,0
"2024.0, 6.0, 2.0, [1994.48,2009.52], 1.0, [26.59765,49.96235], [-0.8000000000000003,4.800000000000001], [0.15875,0.52925], [20.51925,31.500750000000004], [-199244.972,228359.61200000002], [56.18,89.82], 2.0, 0.0, [37.505,62.495], [9.962149999999996,35.617850000000004], 2.0","survey_year, industry, company_size, company_founding_year, company_age_group, ai_adoption_rate, years_using_ai, ai_maturity_score, ai_failure_rate, ai_investment_per_employee, regulatory_compliance_score, data_privacy_level, ai_ethics_committee, ai_risk_management_score, task_automation_rate, survey_source",2.0,0.1,1.0,1,1.0,4857,4857,0.5333333333333333,0.00042247147662370806,0,0
"2024.0, 6.0, 2.0, [-2882.45,3010.45], [9.05,34.95], 1.0, [26.59765,49.96235], [-0.8000000000000003,4.800000000000001], [0.15875,0.52925], [20.51925,31.500750000000004], [-105949.4264,135064.0664], [56.18,89.82], 2.0, 0.0, [37.505,62.495], [9.962149999999996,35.617850000000004], 2.0","survey_year, industry, company_size, num_employees, company_age, company_age_group, ai_adoption_rate, years_using_ai, ai_maturity_score, ai_failure_rate, ai_investment_per_employee, regulatory_compliance_score, data_privacy_level, ai_ethics_committee, ai_risk_management_score, task_automation_rate, survey_source",2.0,0.1,1.0,1,1.0,4857,4857,0.5666666666666667,0.00042247147662370806,0,0
"2026.0, 0.0, [3.3149999999999995,18.685000000000002], 1.0, [-1545.42695,1551.06695], [30.75,41.25], [15.41025,41.789750000000005], 2.0, 5.0, [3.2486999999999977,24.1113], [4.0936,11.5464], 1.0, [51.055,70.945], 2.0","survey_year, quarter, country, region, annual_revenue_usd_millions, company_age, ai_adoption_rate, num_ai_tools_used, ai_use_case, ai_training_hours, ai_budget_percentage, data_privacy_level, ai_risk_management_score, data_collection_method",1.0,0.1,1.0,1,1.0,4858,4858,0.4666666666666667,0.00042247147662370806,0,0
"1.0, [-4296.1050000000005,4936.1050000000005], [-3128.1108000000004,3264.6508000000003], [28.125,43.875], 2.0, 4.0, [-0.6699999999999999,10.67], [2.990899999999998,22.589100000000002], [-0.03960000000000097,11.139600000000002], [0.075625,0.346375], 0.0, 0.0, [37.66,72.34]","company_size, num_employees, annual_revenue_usd_millions, company_age, company_age_group, ai_primary_tool, ai_projects_active, ai_training_hours, ai_budget_percentage, ai_maturity_score, data_privacy_level, ai_ethics_committee, ai_risk_management_score",0.0,1.0,1.0,1,1.0,4860,4860,0.43333333333333335,0.00042247147662370806,1,1
"3.0, [-6384.1900000000005,6580.1900000000005], [1991.16,2016.56], [-14.010450000000006,28.950450000000004], [7.1030999999999995,25.4369], [59.47,72.86], [5.047499999999999,27.552500000000002], 0.0","quarter, num_employees, company_founding_year, ai_adoption_rate, ai_training_hours, regulatory_compliance_score, task_automation_rate, data_collection_method",0.0,0.1,1.0,1,2.6666666666666665,4861,4861,0.26666666666666666,0.001126590604329888,0,0
"2025.0, 2.0, [-5646.469999999999,5746.469999999999], [-1223.9962500000001,1273.17625], [0.7452999999999967,47.4747], [5.949999999999999,10.05], 2.0, 6.0, [-0.41000000000000014,8.41], [-0.6472000000000016,32.227199999999996], [51.66,78.34], 1.0, 1.0, 3.0","survey_year, company_size, num_employees, annual_revenue_usd_millions, ai_adoption_rate, years_using_ai, num_ai_tools_used, ai_use_case, ai_projects_active, ai_training_hours, regulatory_compliance_score, data_privacy_level, ai_ethics_committee, survey_source",1.0,0.1,1.0,1,1.5,4862,4862,0.4666666666666667,0.0006337072149355621,0,0
"2.0, [-5646.469999999999,5746.469999999999], [-5242.742090213072,1273.17625], [0.7452999999999967,47.4747], [5.949999999999999,10.05], 2.0, 6.0, [-0.41000000000000014,8.41], [-0.6472000000000016,32.227199999999996], [51.66,78.34], 1.0, 3.0","company_size, num_employees, annual_revenue_usd_millions, ai_adoption_rate, years_using_ai, num_ai_tools_used, ai_use_case, ai_projects_active, ai_training_hours, regulatory_compliance_score, data_privacy_level, survey_source",1.0,0.1,1.0,1,1.5,4862,4862,0.4,0.0006337072149355621,0,0
"[18.475,31.525], 2.0, 8.0, 2.0, [-4565.1050000000005,4667.1050000000005], [-1.5384000000000029,46.6984], [5.1,10.9], 2.0, [1.21,6.79], [-6.180900000000003,37.440900000000006], [0.013625000000000026,0.512375], [33.81529999999999,44.0647], [-197224.37559999997,378098.1556], [72.82,97.18], 2.0, [6.493649999999999,18.64635], 1.0","country, region, industry, company_size, num_employees, ai_adoption_rate, years_using_ai, ai_use_case, ai_projects_active, ai_training_hours, ai_maturity_score, ai_failure_rate, ai_investment_per_employee, regulatory_compliance_score, data_privacy_level, task_automation_rate, survey_source",1.0,0.1,1.0,1,1.0,4863,4863,0.5666666666666667,0.00042247147662370806,0,0
"2025.0, 2.0, [7.215,16.785], 2.0, 3.0, [3.3,6.7], 3.0, 2.0, [-2.58,8.58], [29.724499999999995,64.4955], [5.614400000000001,18.9856], [50.08704767194491,85.72], 0.0, [41.68,74.32]","survey_year, quarter, country, region, company_age_group, years_using_ai, num_ai_tools_used, ai_use_case, ai_projects_active, ai_training_hours, ai_budget_percentage, regulatory_compliance_score, ai_ethics_committee, ai_risk_management_score",0.0,0.1,1.0,1,1.0,4864,4864,0.4666666666666667,0.00042247147662370806,0,0
"2026.0, 0.0, 2.0, [2004.32,2019.68], [6.824999999999999,21.175], 3.0, [16.559549999999994,59.520450000000004], 4.0, 3.0, [53.4,76.6], 1.0, [50.425,83.575], [0.702149999999996,26.357850000000003], 2.0, 0.0","survey_year, quarter, region, company_founding_year, company_age, company_age_group, ai_adoption_rate, ai_primary_tool, num_ai_tools_used, regulatory_compliance_score, data_privacy_level, ai_risk_management_score, task_automation_rate, survey_source, data_collection_method",1.0,1.0,1.0,1,1.0,4867,4867,0.5,0.00042247147662370806,1,1
"3.0, [-6487.405000000001,6673.405000000001], [1999.04,2008.96], [17.45,26.55], 1.0, 3.0, [6.199999999999999,11.8], 5.0, 2.0, [0.2200000000000002,7.779999999999999], [-12.960100000000002,12.960100000000002], [-0.06612499999999996,0.40412499999999996], [-156041.74240000002,201591.18240000002], [67.73,104.27], 0.0, 0.0, 1.0, 0.0","quarter, num_employees, company_founding_year, company_age, company_age_group, ai_adoption_stage, years_using_ai, ai_primary_tool, num_ai_tools_used, ai_projects_active, ai_training_hours, ai_maturity_score, ai_investment_per_employee, regulatory_compliance_score, data_privacy_level, ai_ethics_committee, survey_source, data_collection_method",0.0,0.1,1.0,1,1.3333333333333333,4868,4868,0.6,0.000563295302164944,0,0
"[4.33,17.67], [6543.137149999999,11837.14285], [2004.08,2015.92], [3.549999999999999,22.450000000000003], 3.0, [0.254,0.482], [42.4,65.6], [4.672749999999999,24.92725], 0.0, 2.0","country, annual_revenue_usd_millions, company_founding_year, company_age, ai_adoption_stage, ai_maturity_score, regulatory_compliance_score, task_automation_rate, survey_source, data_collection_method",1.0,0.1,1.0,1,1.5,4869,4869,0.3333333333333333,0.0006337072149355621,0,0
"[4.33,17.67], [6543.137149999999,11837.14285], [3.549999999999999,22.450000000000003], [17.380249999999997,43.759750000000004], 3.0, 2.0, 0.0, [-256805.79559999998,318516.7356], 2.0, 0.0","country, annual_revenue_usd_millions, company_age, ai_adoption_rate, ai_adoption_stage, num_ai_tools_used, ai_use_case, ai_investment_per_employee, data_privacy_level, survey_source",1.0,0.1,1.0,1,2.0,4869,4869,0.3333333333333333,0.0008449429532474161,0,0
"3.0, 1.0, 7.0, 0.0, [16249.477829796884,24920.91], [6791.5050999999985,10986.7549], 0.0, [1.5499999999999998,6.45], 5.0, 1.0, 0.0, [4.6000000000000005,15.399999999999999], [8.362,14.938], [49.41,90.59], 2.0, [13.148499999999999,26.6515]","quarter, region, industry, company_size, num_employees, annual_revenue_usd_millions, company_age_group, years_using_ai, ai_primary_tool, num_ai_tools_used, ai_use_case, ai_projects_active, ai_budget_percentage, regulatory_compliance_score, data_privacy_level, task_automation_rate",0.0,0.1,1.0,1,1.5,4870,4870,0.5333333333333333,0.0006337072149355621,0,0
"2024.0, 0.0, [-2954.3199999999997,6474.32], [0.34999999999999987,3.6500000000000004], 4.0, 6.0, [3.21,8.79], [35.699099999999994,79.3209], [641406.8759999999,913518.8840000001], 1.0, 0.0","survey_year, company_size, num_employees, years_using_ai, ai_primary_tool, ai_use_case, ai_projects_active, ai_training_hours, ai_investment_per_employee, survey_source, data_collection_method",2.0,0.1,1.0,1,1.0,4871,4871,0.36666666666666664,0.00042247147662370806,0,0
"2023.0, 3.0, 5.0, 1.0, [-1716.8080000000002,2278.668], [21.575,32.425], 1.0, [20.636,50.784000000000006], [2.75,9.25], 4.0, [9.602099999999998,34.2579], [0.15850000000000003,0.6715], [19.590175,31.669825], [8401.541199999992,218316.51880000002], [51.95,78.05], 0.0, 1.0, [15.257299999999997,39.56270000000001], 0.0","survey_year, quarter, region, company_size, annual_revenue_usd_millions, company_age, company_age_group, ai_adoption_rate, years_using_ai, ai_use_case, ai_training_hours, ai_maturity_score, ai_failure_rate, ai_investment_per_employee, regulatory_compliance_score, data_privacy_level, ai_ethics_committee, task_automation_rate, data_collection_method",1.0,0.1,1.0,1,2.4,4872,4872,0.6333333333333333,0.0010139315438968993,0,0
"2023.0, 3.0, [-2.120000000000001,14.120000000000001], 5.0, 1.0, [-1716.8080000000002,2278.668], [21.575,32.425], [20.636,50.784000000000006], [2.75,9.25], 4.0, [9.602099999999998,34.2579], [0.15850000000000003,0.6715], [19.590175,31.669825], [8401.541199999992,218316.51880000002], [51.95,78.05], 0.0, 1.0, [15.257299999999997,39.56270000000001], 0.0","survey_year, quarter, country, region, company_size, annual_revenue_usd_millions, company_age, ai_adoption_rate, years_using_ai, ai_use_case, ai_training_hours, ai_maturity_score, ai_failure_rate, ai_investment_per_employee, regulatory_compliance_score, data_privacy_level, ai_ethics_committee, task_automation_rate, data_collection_method",1.0,0.1,1.0,1,2.4,4872,4872,0.6333333333333333,0.0010139315438968993,0,0
"0.0, 4.0, 1.0, [-1582.07455,2313.51455], [10.825,25.175], 1.0, 2.0, 4.0, [39.3331,57.6669], [0.3285,0.6134999999999999], 0.0, 2.0","quarter, region, company_size, annual_revenue_usd_millions, company_age, company_age_group, ai_adoption_stage, ai_primary_tool, ai_training_hours, ai_maturity_score, ai_ethics_committee, survey_source",2.0,0.1,1.0,1,2.0,4873,4873,0.4,0.0008449429532474161,0,0
"2024.0, 0.0, 4.0, 1.0, [1996.56,2015.44], [10.825,25.175], 1.0, 2.0, 4.0, [2.2299999999999995,11.77], [39.3331,57.6669], [0.3285,0.6134999999999999], [8.49925,19.48075], 0.0, 2.0","survey_year, quarter, region, company_size, company_founding_year, company_age, company_age_group, ai_adoption_stage, ai_primary_tool, ai_projects_active, ai_training_hours, ai_maturity_score, ai_failure_rate, ai_ethics_committee, survey_source",2.0,0.1,1.0,1,1.3333333333333333,4873,4873,0.5,0.000563295302164944,0,0
"2026.0, [2.17,17.83], 2.0, [-4662.32,4766.32], [-1291.8797,1305.1797000000001], [28.992849999999997,58.38715], 3.0, [2.3,9.7], 2.0, [0.16756250000000003,0.7732455828738265], [-37829.78719999999,257606.1072], 0.0, [20.50891125730714,68.28], 1.0","survey_year, country, company_size, num_employees, annual_revenue_usd_millions, ai_adoption_rate, ai_adoption_stage, years_using_ai, ai_primary_tool, ai_maturity_score, ai_investment_per_employee, ai_ethics_committee, ai_risk_management_score, survey_source",0.0,0.1,1.0,1,1.0,4874,4874,0.4666666666666667,0.00042247147662370806,0,0
"2026.0, [2.17,17.83], [-4662.32,4766.32], [-1291.8797,1305.1797000000001], [28.992849999999997,58.38715], 3.0, [2.3,9.7], 2.0, [-2.78,4.779999999999999], [0.16756250000000003,0.5024375], [-37829.78719999999,257606.1072], 0.0, [20.50891125730714,68.28], 1.0","survey_year, country, num_employees, annual_revenue_usd_millions, ai_adoption_rate, ai_adoption_stage, years_using_ai, ai_primary_tool, ai_projects_active, ai_maturity_score, ai_investment_per_employee, ai_ethics_committee, ai_risk_management_score, survey_source",0.0,0.1,1.0,1,1.0,4874,4874,0.4666666666666667,0.00042247147662370806,0,0
"[-0.7300000000000004,20.73], 0.0, [4839.744999999999,16036.255000000001], 3.0, [24.29135,46.148649999999996], 3.0, [17.810899999999997,37.4091], [76.63,107.37], 0.0, 0.0","country, company_size, num_employees, company_age_group, ai_adoption_rate, ai_use_case, ai_training_hours, regulatory_compliance_score, data_privacy_level, survey_source",1.0,1.0,1.0,1,1.0,4875,4875,0.3333333333333333,0.00042247147662370806,1,1
"2026.0, 1.0, [27.449,72.671], 2.0, 2.0, 2.0, [2.6900000000000004,13.309999999999999], [25.604,63.536], [9.972399999999999,22.2476], [0.29887500000000006,0.7691250000000001], [-1.4578000000000007,24.897800000000004], 0.0, [14.3885,27.8915], 1.0","survey_year, quarter, ai_adoption_rate, ai_adoption_stage, ai_primary_tool, num_ai_tools_used, ai_projects_active, ai_training_hours, ai_budget_percentage, ai_maturity_score, ai_failure_rate, data_privacy_level, task_automation_rate, survey_source",0.0,1.0,1.0,1,1.0,4876,4876,0.4666666666666667,0.00042247147662370806,1,1
"2023.0, 2.0, 5.0, 2.0, [1993.2,2010.8], [13.825,28.175], [12.89875,31.74125], 3.0, 2.0, 7.0, [-0.6888000000000005,10.9288], [28.83875,47.14125], [47.980000000000004,70.02], 0.0, [39.915,74.08500000000001], [13.913749999999999,25.166249999999998], 3.0","survey_year, region, industry, company_size, company_founding_year, company_age, ai_adoption_rate, ai_adoption_stage, num_ai_tools_used, ai_use_case, ai_budget_percentage, ai_failure_rate, regulatory_compliance_score, ai_ethics_committee, ai_risk_management_score, task_automation_rate, survey_source",0.0,1.0,1.0,1,1.0,4878,4878,0.5666666666666667,0.00042247147662370806,1,1
"2026.0, [6.154999999999999,23.845], 1.0, 0.0, [3374.3899499999998,6271.11005], [6.3,21.7], 5.0, 1.0, [2.3455999999999992,10.894400000000001], [0.19293749999999998,0.37106249999999996], [-217743.0928,264283.89280000003], 2.0, 0.0, [40.129999999999995,77.87], 2.0","survey_year, country, region, company_size, annual_revenue_usd_millions, company_age, ai_primary_tool, num_ai_tools_used, ai_budget_percentage, ai_maturity_score, ai_investment_per_employee, data_privacy_level, ai_ethics_committee, ai_risk_management_score, data_collection_method",1.0,0.1,1.0,1,1.0,4879,4879,0.5,0.00042247147662370806,0,0
"2026.0, 1.0, 0.0, [3374.3899499999998,6271.11005], [6.3,21.7], 1.0, 0.0, [2.3455999999999992,10.894400000000001], [0.19293749999999998,0.37106249999999996], [-217743.0928,264283.89280000003], 2.0, 0.0, [40.129999999999995,77.87], 2.0","survey_year, region, company_size, annual_revenue_usd_millions, company_age, num_ai_tools_used, ai_use_case, ai_budget_percentage, ai_maturity_score, ai_investment_per_employee, data_privacy_level, ai_ethics_committee, ai_risk_management_score, data_collection_method",1.0,0.1,1.0,1,1.0,4879,4879,0.4666666666666667,0.00042247147662370806,0,0
"0.0, 1.0, [-4081.1050000000005,5151.1050000000005], [-2128.5525000000002,2865.7925], [1981.88,2000.12], 2.0, [-0.10000000000000009,4.1], 5.0, [2.6000000000000005,13.399999999999999], [14.753999999999998,52.686], [15.28295,30.657049999999998], [48.115,61.885], 0.0, 2.0","quarter, region, num_employees, annual_revenue_usd_millions, company_founding_year, ai_adoption_stage, years_using_ai, ai_primary_tool, ai_projects_active, ai_training_hours, ai_failure_rate, ai_risk_management_score, survey_source, data_collection_method",1.0,1.0,1.0,1,1.0,4880,4880,0.4666666666666667,0.00042247147662370806,1,1
"2025.0, 0.0, [-3326.3653000000004,4065.2653], [2012.16,2027.84], [-5.324999999999999,15.325], [-7.584149999999999,36.88415], 2.0, 2.0, [-0.7823291812787296,27.925], [-2.6660000000000004,10.486], [25.176650000000002,44.94335], 0.0, 1.0, [-10.007250000000003,10.247250000000001], 3.0, 0.0","survey_year, quarter, annual_revenue_usd_millions, company_founding_year, company_age, ai_adoption_rate, num_ai_tools_used, ai_use_case, ai_training_hours, ai_budget_percentage, ai_failure_rate, data_privacy_level, ai_ethics_committee, task_automation_rate, survey_source, data_collection_method",0.0,0.1,1.0,1,1.0,4881,4881,0.5333333333333333,0.00042247147662370806,0,0
"[1991.16,2016.56], [18.875,31.125], [-14.010450000000006,28.950450000000004], [-1.25,3.25], [7.1030999999999995,25.4369], [-0.08418749999999997,0.45018749999999996], [59.47,72.86], 0.0, 0.0, [5.047499999999999,27.552500000000002], 0.0","company_founding_year, company_age, ai_adoption_rate, ai_projects_active, ai_training_hours, ai_maturity_score, regulatory_compliance_score, data_privacy_level, ai_ethics_committee, task_automation_rate, data_collection_method",0.0,1.0,1.0,1,8.0,4892,4882,0.36666666666666664,0.0033797718129896645,1,1
"1.0, [18.560000000000002,39.44], 1.0, 2.0, [-4667.32,4761.32], [-3054.0639,3138.9239], [7.1,30.9], 1.0, 2.0, [6.6,11.4], 4.0, 4.0, [6.7856,15.334400000000002], [0.276125,0.489875], [8.693349999999999,23.546650000000003], 1.0","quarter, country, industry, company_size, num_employees, annual_revenue_usd_millions, company_age, company_age_group, ai_adoption_stage, years_using_ai, ai_primary_tool, num_ai_tools_used, ai_budget_percentage, ai_maturity_score, task_automation_rate, survey_source",2.0,1.0,1.0,1,2.0,4883,4883,0.5333333333333333,0.0008449429532474161,1,1
"[10.125,31.875], 4.0, 0.0, [6362.530000000001,17755.47], [1171.21195,8063.408050000001], [-1.6000000000000005,9.600000000000001], 0.0, [18.342700000000004,62.0573], 2.0, 5.0, [16.0092,33.7108], [11.884549999999999,33.11545], [50.24,75.76], 0.0, 0.0","country, industry, company_size, num_employees, annual_revenue_usd_millions, company_age, company_age_group, ai_adoption_rate, num_ai_tools_used, ai_use_case, ai_training_hours, ai_failure_rate, regulatory_compliance_score, data_privacy_level, data_collection_method",1.0,0.1,1.0,1,1.0,4884,4884,0.5,0.00042247147662370806,0,0
"2.0, 2.0, [-5880.9,5904.9], [19.9,38.1], 3.0, 3.0, [0.15220677393822132,0.3930625], [31.618325000000002,41.501675000000006], 2.0, 1.0, [45.64,82.36]","region, company_size, num_employees, company_age, ai_adoption_stage, ai_use_case, ai_maturity_score, ai_failure_rate, data_privacy_level, ai_ethics_committee, ai_risk_management_score",0.0,0.1,1.0,1,2.0,4885,4885,0.36666666666666664,0.0008449429532474161,0,0
"2024.0, 1.0, [-2177.32905,2717.12905], [-5.550000000000001,17.55], 3.0, [16.91365,70.42635], 3.0, [6.985999999999999,15.754], [10.518999999999998,25.161], [-74178.48320000002,143511.1232], 1.0, [41.915,76.08500000000001], 0.0","survey_year, company_size, annual_revenue_usd_millions, company_age, company_age_group, ai_adoption_rate, num_ai_tools_used, ai_budget_percentage, ai_failure_rate, ai_investment_per_employee, ai_ethics_committee, ai_risk_management_score, survey_source",2.0,0.1,1.0,1,1.5,4886,4886,0.43333333333333335,0.0006337072149355621,0,0
"[4.765,17.235], [2008.48,2031.52], 3.0, 4.0, 3.0, 2.0, [8.442799999999998,15.4572], [14.660174999999999,26.739825], 1.0, [45.935,78.065], [9.27375,20.52625], 0.0, 1.0","country, company_founding_year, company_age_group, ai_primary_tool, num_ai_tools_used, ai_use_case, ai_budget_percentage, ai_failure_rate, ai_ethics_committee, ai_risk_management_score, task_automation_rate, survey_source, data_collection_method",2.0,0.1,1.0,1,1.5,4887,4887,0.43333333333333335,0.0006337072149355621,0,0
"2.0, [7.608430237031262,26.365000000000002], 1.0, 1.0, [-3260.74,3810.74], [2.4750000000000005,17.525], 3.0, 2.0, [5.8,10.2], 4.0, [6.300000000000001,11.7], [12.5532,19.786800000000003], [0.36724999999999997,0.79475], [-1.6031000000000004,14.5031], [61606.81799999997,489211.402], [45.129999999999995,82.87], [27.477399999999996,50.882600000000004], 3.0","quarter, country, region, company_size, num_employees, company_age, company_age_group, ai_adoption_stage, years_using_ai, num_ai_tools_used, ai_projects_active, ai_budget_percentage, ai_maturity_score, ai_failure_rate, ai_investment_per_employee, ai_risk_management_score, task_automation_rate, data_collection_method",2.0,0.1,1.0,1,1.0,4888,4888,0.6,0.00042247147662370806,0,0
"2.0, [15.635,26.365000000000002], 1.0, 1.0, [-3260.74,3810.74], [2.4750000000000005,17.525], 2.0, [5.8,10.2], 4.0, [6.300000000000001,11.7], [12.5532,19.786800000000003], [0.36724999999999997,0.79475], [61606.81799999997,489211.402], [45.129999999999995,82.87], [27.477399999999996,50.882600000000004], 3.0","quarter, country, region, company_size, num_employees, company_age, ai_adoption_stage, years_using_ai, num_ai_tools_used, ai_projects_active, ai_budget_percentage, ai_maturity_score, ai_investment_per_employee, ai_risk_management_score, task_automation_rate, data_collection_method",2.0,0.1,1.0,1,1.0,4888,4888,0.5333333333333333,0.00042247147662370806,0,0
"0.0, 7.0, 1.0, [-6384.1900000000005,6678.1900000000005], [2.8249999999999993,17.175], [-0.75,4.75], 2.0, [-2.1272000000000006,4.8872], [59.47,72.86], 2.0","quarter, industry, company_size, num_employees, company_age, years_using_ai, ai_primary_tool, ai_budget_percentage, regulatory_compliance_score, data_privacy_level",0.0,0.1,1.0,1,2.75,4889,4889,0.3333333333333333,0.0011617965607151972,0,0
"0.0, [-6286.1900000000005,6580.1900000000005], [1991.16,2016.56], [0.375,19.625], [-14.010450000000006,28.950450000000004], 2.0, [4.741099999999999,35.718900000000005], [-0.05993749999999998,0.3319375], [-166414.84680000003,198992.7068], 0.0, [43.464999999999996,72.535], [-8.63855,27.552500000000002], 1.0, 0.0","region, num_employees, company_founding_year, company_age, ai_adoption_rate, num_ai_tools_used, ai_training_hours, ai_maturity_score, ai_investment_per_employee, ai_ethics_committee, ai_risk_management_score, task_automation_rate, survey_source, data_collection_method",0.0,0.1,1.0,1,1.8,4889,4889,0.4666666666666667,0.0007604486579226745,0,0
"[14.01,21.625], [2005.28,2018.72], [2.6750000000000007,23.325], 3.0, 0.0, 2.0, [1.4799999999999995,11.940000000000001], [33.28,86.85], 2.0, 0.0, [25.464999999999996,66.575]","country, company_founding_year, company_age, company_age_group, ai_primary_tool, num_ai_tools_used, ai_projects_active, regulatory_compliance_score, data_privacy_level, ai_ethics_committee, ai_risk_management_score",0.0,0.1,1.0,1,2.25,4890,4890,0.36666666666666664,0.0009505608224033432,0,0
"[18.78,29.22], [2010.2,2027.8], [2.1479999999999997,13.631547858250627], [63.496175033831214,92.5], 1.0","country, company_founding_year, ai_budget_percentage, regulatory_compliance_score, ai_ethics_committee",2,0.010240000000000003,0.4,1,2.6,4937,4891,0.16666666666666666,0.001098425839221641,2,5
"[18.78,29.22], 0.0, [2010.2,2027.8], [32.3979,70.96209999999999], [63.496175033831214,92.5], 1.0","country, company_size, company_founding_year, ai_training_hours, regulatory_compliance_score, ai_ethics_committee",2,1.0,1.0,2,3.0,4966,4891,0.2,0.0025348288597422486,2,2
"2.0, [1991.16,2016.56], [18.875,31.125], 0.0, [7.1030999999999995,25.4369], [-0.08418749999999997,0.45018749999999996], 0.0, 0.0, [5.047499999999999,27.552500000000002], 1.0, 0.0","company_size, company_founding_year, company_age, ai_use_case, ai_training_hours, ai_maturity_score, data_privacy_level, ai_ethics_committee, task_automation_rate, survey_source, data_collection_method",0.0,0.1,1.0,1,8.0,4892,4892,0.36666666666666664,0.0033797718129896645,0,0
"2026.0, 0.0, [7.085,14.915], 2.0, 2.0, [-0.5749999999999993,16.575], 3.0, [18.363649999999996,71.87635], 2.0, 2.0, [2.3546999999999976,48.505300000000005], [0.6027999999999984,13.0972], [-94193.25200000001,139045.612], [60.019999999999996,95.98], 3.0, 0.0","survey_year, quarter, country, industry, company_size, company_age, company_age_group, ai_adoption_rate, ai_adoption_stage, ai_primary_tool, ai_training_hours, ai_budget_percentage, ai_investment_per_employee, regulatory_compliance_score, survey_source, data_collection_method",2.0,0.1,1.0,1,1.0,4893,4893,0.5333333333333333,0.00042247147662370806,0,0
"2026.0, 0.0, [7.085,14.915], 2.0, 2.0, [2013.84,2022.16], [-0.5749999999999993,16.575], 3.0, [18.363649999999996,71.87635], 2.0, 2.0, 0.0, [2.3546999999999976,48.505300000000005], [0.6027999999999984,13.0972], [-94193.25200000001,139045.612], [60.019999999999996,95.98], 3.0, 0.0","survey_year, quarter, country, industry, company_size, company_founding_year, company_age, company_age_group, ai_adoption_rate, ai_adoption_stage, ai_primary_tool, ai_use_case, ai_training_hours, ai_budget_percentage, ai_investment_per_employee, regulatory_compliance_score, survey_source, data_collection_method",2.0,0.1,1.0,1,1.0,4893,4893,0.6,0.00042247147662370806,0,0
"2023.0, [4.36,13.64], 2.0, 7.0, 2.0, [1995.24,2014.76], [5.225,30.775], 3.0, 2.0, 1.0, [-0.33999999999999986,4.34], [0.6327999999999991,7.6472], [-0.0071874999999999994,0.1851875], [24.423125,51.876875], [-266784.548,277439.46800000005], [53.05,84.95], [29.485,56.515], [9.037299999999998,33.34270000000001], 0.0","survey_year, country, region, industry, company_size, company_founding_year, company_age, ai_primary_tool, num_ai_tools_used, ai_use_case, ai_projects_active, ai_budget_percentage, ai_maturity_score, ai_failure_rate, ai_investment_per_employee, regulatory_compliance_score, ai_risk_management_score, task_automation_rate, survey_source",1.0,1.0,1.0,1,1.0,4894,4894,0.6333333333333333,0.00042247147662370806,1,1
"5.0, 3.0, 1.0, [-1464.9704000000002,1731.4104000000002], [1999.68,2008.32], [14.05,25.95], 1.0, [-2.302100000000003,47.4421], 3.0, 2.0, 1.0, [-9.483,9.483], [6.919599999999999,17.615650299521857], [24.836150000000004,51.92385], 2.0, 0.0, [53.37,66.63], 3.0, 0.0","region, industry, company_size, annual_revenue_usd_millions, company_founding_year, company_age, company_age_group, ai_adoption_rate, ai_adoption_stage, num_ai_tools_used, ai_use_case, ai_training_hours, ai_budget_percentage, ai_failure_rate, data_privacy_level, ai_ethics_committee, ai_risk_management_score, survey_source, data_collection_method",1.0,0.1,1.0,1,1.4,4895,4895,0.6333333333333333,0.0005914600672731913,0,0
"5.0, 3.0, 1.0, [-1464.9704000000002,1731.4104000000002], [14.05,25.95], [-2.302100000000003,47.4421], 3.0, 2.0, 1.0, [5.49,12.51], [-9.483,9.483], [6.919599999999999,17.6604], [24.836150000000004,51.92385], [45.11,68.89], 2.0, 0.0, [53.37,66.63], 0.0","region, industry, company_size, annual_revenue_usd_millions, company_age, ai_adoption_rate, ai_adoption_stage, num_ai_tools_used, ai_use_case, ai_projects_active, ai_training_hours, ai_budget_percentage, ai_failure_rate, regulatory_compliance_score, data_privacy_level, ai_ethics_committee, ai_risk_management_score, data_collection_method",1.0,0.1,1.0,1,1.4,4895,4895,0.6,0.0005914600672731913,0,0
"1.0, [-3.7300000000000004,17.73], 0.0, [-6244.76,6326.76], [-2244.87525,2250.03525], [1984.04,2001.96], [25.825,40.175], 2.0, 3.0, 3.0, [9.024,16.696], [0.20331250000000003,0.5666875], [5.359674999999999,24.760325], [47.46,62.54], 0.0, 0.0, 3.0, 0.0","quarter, country, region, num_employees, annual_revenue_usd_millions, company_founding_year, company_age, company_age_group, num_ai_tools_used, ai_use_case, ai_budget_percentage, ai_maturity_score, ai_failure_rate, regulatory_compliance_score, data_privacy_level, ai_ethics_committee, survey_source, data_collection_method",2.0,0.1,1.0,1,1.0,4896,4896,0.6,0.00042247147662370806,0,0
"1.0, [-3.7300000000000004,17.73], 0.0, [-6244.76,6326.76], [-2244.87525,2250.03525], [1984.04,2001.96], 2.0, [23.545049999999996,43.89495], 3.0, 3.0, [9.024,16.696], [5.359674999999999,24.760325], [47.46,62.54], 0.0, 3.0, 0.0","quarter, country, region, num_employees, annual_revenue_usd_millions, company_founding_year, company_age_group, ai_adoption_rate, num_ai_tools_used, ai_use_case, ai_budget_percentage, ai_failure_rate, regulatory_compliance_score, data_privacy_level, survey_source, data_collection_method",2.0,0.1,1.0,1,1.0,4896,4896,0.5333333333333333,0.00042247147662370806,0,0
"[-9.584999999999999,11.584999999999999], 1.0, [-5803.975,6963.975], [-2823.9608000000003,4859.587656874257], [-8.025,14.025], 2.0, [0.064,0.52], 0.0, [59.015,82.985]","country, company_size, num_employees, annual_revenue_usd_millions, company_age, ai_adoption_stage, ai_maturity_score, data_privacy_level, ai_risk_management_score",1,0.0,0.0,1,7.0,4897,4897,0.3,0.0029573003363659563,0,3
"[-9.584999999999999,11.584999999999999], 1.0, [-5803.975,6963.975], [-579.5599091923691,3568.8008000000004], 2.0, [0.064,0.52], [-4718.402799999982,282942.8628], 0.0, [59.015,82.985]","country, company_size, num_employees, annual_revenue_usd_millions, ai_adoption_stage, ai_maturity_score, ai_investment_per_employee, data_privacy_level, ai_risk_management_score",1,0.03125,0.5,1,6.5,4996,4897,0.3,0.0027460645980541027,2,4
"1.0, [14.445,31.555], 1.0, [-1917.12525,2577.78525], [9.7,22.3], 1.0, 1.0, 1.0, [-4.300000000000001,8.3], [-19.9143,19.9143], [31.804375,40.955625000000005], [-221631.8236,314817.5636], [72.01,89.99], 0.0","quarter, country, company_size, annual_revenue_usd_millions, company_age, company_age_group, ai_primary_tool, num_ai_tools_used, ai_projects_active, ai_training_hours, ai_failure_rate, ai_investment_per_employee, regulatory_compliance_score, ai_ethics_committee",1.0,1.0,1.0,1,1.0,4899,4899,0.4666666666666667,0.00042247147662370806,1,1
"[-8.555,8.555], 2.0, [-6285.975,6481.975], [-866.246378602722,3006.247], 2.0, [-8.553300000000004,24.953300000000002], [56.82,81.18]","country, company_size, num_employees, annual_revenue_usd_millions, ai_primary_tool, ai_training_hours, regulatory_compliance_score",0.0,0.1,1.0,1,1.0,4900,4900,0.23333333333333334,0.00042247147662370806,0,0
"2026.0, [-3170.0299999999997,5080.03], [-2095.2856,2699.2856], [1997.48,2020.52], 1.0, 2.0, 4.0, 3.0, 6.0, [0.7800000000000002,11.219999999999999], [6.26,17.22], [62.17,77.83], 1.0, [44.21,73.78999999999999], [2.5312499999999964,36.28875000000001], 2.0","survey_year, num_employees, annual_revenue_usd_millions, company_founding_year, company_age_group, ai_adoption_stage, ai_primary_tool, num_ai_tools_used, ai_use_case, ai_projects_active, ai_budget_percentage, regulatory_compliance_score, ai_ethics_committee, ai_risk_management_score, task_automation_rate, data_collection_method",0.0,1.0,1.0,1,4.0,4903,4903,0.5333333333333333,0.0016898859064948322,1,1
"2025.0, 2.0, [-6285.975,5475.825000000001], [3.002299999999998,34.6577], 1.0, [-8.553300000000004,24.953300000000002], [23.1985,45.161500000000004], [-232682.43679999997,327090.8368], [56.82,74.31]","survey_year, region, num_employees, ai_adoption_rate, num_ai_tools_used, ai_training_hours, ai_failure_rate, ai_investment_per_employee, regulatory_compliance_score",0.0,0.1,1.0,1,4.0,4904,4904,0.3,0.0016898859064948322,0,0
"2024.0, [12.72,25.996936432760403], 0.0, [14042.045,21309.955], [1982.44,2003.56], [20.5,41.5], 3.0, [3.6999999999999997,10.3], [0.5699999999999998,5.43], [16.955724999999997,35.624275], [46.76,79.24000000000001], 1.0, 1.0","survey_year, country, region, num_employees, company_founding_year, company_age, ai_adoption_stage, years_using_ai, ai_projects_active, ai_failure_rate, regulatory_compliance_score, ai_ethics_committee, data_collection_method",0.0,0.1,1.0,1,1.0,4905,4905,0.43333333333333335,0.00042247147662370806,0,0
"2024.0, 0.0, [10.72,29.28], 2.0, [2013.0,2021.0], 3.0, [21.796550000000003,49.68345], 2.0, [-0.3500000000000001,4.35], 0.0, [29.3453,46.4147], [3.628799999999999,19.4112], [6.3763999999999985,29.803600000000003], [-241992.76559999998,333329.7656], 2.0, 1.0, [40.015,63.985], [14.85315,31.50685], 3.0, 3.0","survey_year, quarter, country, company_size, company_founding_year, company_age_group, ai_adoption_rate, ai_adoption_stage, years_using_ai, ai_use_case, ai_training_hours, ai_budget_percentage, ai_failure_rate, ai_investment_per_employee, data_privacy_level, ai_ethics_committee, ai_risk_management_score, task_automation_rate, survey_source, data_collection_method",1.0,1.0,1.0,1,2.0,4906,4906,0.6666666666666666,0.0008449429532474161,1,1
"[15.865,34.135], 4.0, [762.748912202067,5927.610000000001], [2005.36,2016.9359333551233], [5.15,26.85], [26.36215,72.33785], 2.0, [1.722999999999999,45.977000000000004], [13.121274999999997,38.378725], [61.08,88.92], 1.0, [56.8,77.2], [18.60345,32.55655], 1.0","country, industry, num_employees, company_founding_year, company_age, ai_adoption_rate, ai_adoption_stage, ai_training_hours, ai_failure_rate, regulatory_compliance_score, ai_ethics_committee, ai_risk_management_score, task_automation_rate, survey_source",2.0,0.0014458261438686259,0.42857142857142855,1,2.536,4907,4907,0.4666666666666667,0.0010713876647177236,0,0
"[-2582.9701,3210.4701], [1985.76,2006.24], [22.225,33.775], 2.0, 5.0, 4.0, [5.42,16.58], [19.7186,66.5014], [1.8288000000000002,17.6112], [0.3825625,0.6034375], 0.0, [18.836599999999997,49.443400000000004], 0.0","annual_revenue_usd_millions, company_founding_year, company_age, ai_adoption_stage, ai_primary_tool, num_ai_tools_used, ai_projects_active, ai_training_hours, ai_budget_percentage, ai_maturity_score, data_privacy_level, task_automation_rate, survey_source",2.0,1.0,1.0,1,1.0,4908,4908,0.43333333333333335,0.00042247147662370806,1,1
"0.0, 2.0, 1.0, [-6219.405000000001,6941.405000000001], [-1100.2466000000002,1696.5866000000003], [-2.2249999999999996,14.225], 3.0, [-13.797850000000002,32.17785], [-2.55,2.55], 1.0, 6.0, [-8.694800000000004,34.29480000000001], [-0.04593749999999999,0.4599375], [19.182199999999998,45.537800000000004], [45.14,64.86], 0.0, 1.0","quarter, industry, company_size, num_employees, annual_revenue_usd_millions, company_age, company_age_group, ai_adoption_rate, years_using_ai, num_ai_tools_used, ai_use_case, ai_training_hours, ai_maturity_score, ai_failure_rate, regulatory_compliance_score, ai_ethics_committee, survey_source",0.0,1.0,1.0,1,3.0,4909,4909,0.5666666666666667,0.0012674144298711243,1,1
"2.0, [-6285.975,6481.975], [-1615.0438500000002,3006.247], 5.0, [-8.553300000000004,38.493300000000005], [56.82,78.57], 1.0, 1.0, 3.0","company_size, num_employees, annual_revenue_usd_millions, ai_use_case, ai_training_hours, regulatory_compliance_score, data_privacy_level, ai_ethics_committee, survey_source",0.0,0.1,1.0,1,1.5,4910,4910,0.3,0.0006337072149355621,0,0
"1.0, [-5291.545,7083.545], [1996.0,2020.0], [2.575000000000001,27.424999999999997], 3.0, 5.0, 2.0, [-0.3099999999999996,10.309999999999999], [35.058324999999996,44.941675000000004], [-144627.11920000002,189681.9192], [62.43,81.57], 0.0, 0.0, [56.84,73.16], [-5.352100000000002,13.552100000000001], 0.0","company_size, num_employees, company_founding_year, company_age, ai_adoption_stage, ai_primary_tool, ai_use_case, ai_projects_active, ai_failure_rate, ai_investment_per_employee, regulatory_compliance_score, data_privacy_level, ai_ethics_committee, ai_risk_management_score, task_automation_rate, data_collection_method",0.0,0.1,1.0,1,2.0,4911,4911,0.5333333333333333,0.0008449429532474161,0,0
"1.0, [-4306.89,4728.89], [1.7000000000000002,14.3], [24.814899999999998,59.4851], 0.0, 1.0, 2.0, [3.12,8.879999999999999], [33.215,64.825], [8.9312,15.0688], [6.169924999999998,21.910075], [-14635.502400000027,342997.42240000004], 1.0, 2.0","industry, num_employees, company_age, ai_adoption_rate, ai_primary_tool, num_ai_tools_used, ai_use_case, ai_projects_active, ai_training_hours, ai_budget_percentage, ai_failure_rate, ai_investment_per_employee, ai_ethics_committee, survey_source",2.0,0.1,1.0,1,2.0,4912,4912,0.4666666666666667,0.0008449429532474161,0,0
"[-2.09,11.584999999999999], 1.0, [-5803.975,6963.975], [1993.16,2008.84], [17.525,30.475], [24.982300000000002,56.6377], 2.0, [5.85,12.15], 5.0, 6.0, [0.203,0.52], 0.0, [59.015,82.985], [5.876999999999997,32.883]","country, industry, num_employees, company_founding_year, company_age, ai_adoption_rate, ai_adoption_stage, years_using_ai, ai_primary_tool, ai_use_case, ai_maturity_score, data_privacy_level, ai_risk_management_score, task_automation_rate",1.0,0.1,1.0,1,2.6666666666666665,4913,4913,0.4666666666666667,0.001126590604329888,0,0
"2023.0, 0.0, 1.0, 7.0, 1.0, [26.108249999999998,51.731750000000005], [-181923.06679999997,377850.2068], 1.0, 1.0","survey_year, quarter, region, industry, ai_adoption_stage, ai_failure_rate, ai_investment_per_employee, ai_ethics_committee, data_collection_method",0.0,0.1,1.0,1,2.5,4914,4914,0.3,0.0010561786915592702,0,0
"2023.0, 0.0, 1.0, 7.0, 2.0, [6.05,17.95], 3.0, 1.0, [-1.45,1.45], 3.0, [26.108249999999998,51.731750000000005], [-189697.69559999998,385624.8356], 2.0, [23.875,62.125], [-15.303400000000003,15.303400000000003], 1.0","survey_year, quarter, region, industry, company_size, company_age, company_age_group, ai_adoption_stage, years_using_ai, ai_primary_tool, ai_failure_rate, ai_investment_per_employee, data_privacy_level, ai_risk_management_score, task_automation_rate, data_collection_method",0.0,0.1,1.0,1,1.75,4914,4914,0.5333333333333333,0.0007393250840914891,0,0
"2026.0, 0.0, [7063.465897137534,21495.825], [-2070.9208000000003,4321.8408], [20.799999999999997,43.2], 2.0, [6.25,9.200180218445874], 2.0, [5.85,12.15], [7.942299999999996,43.977700000000006], [-158468.1392,175840.8992], 1.0, 1.0","survey_year, region, num_employees, annual_revenue_usd_millions, company_age, company_age_group, years_using_ai, ai_primary_tool, ai_projects_active, ai_training_hours, ai_investment_per_employee, data_privacy_level, ai_ethics_committee",2.0,0.1,1.0,1,1.5,4915,4915,0.43333333333333335,0.0006337072149355621,0,0
"2026.0, 0.0, [10692.175,21495.825], [-2070.9208000000003,4321.8408], [1982.32,2005.68], [20.799999999999997,43.2], 2.0, [6.25,11.75], 2.0, [5.85,12.15], [33.151295572550794,43.977700000000006], [5.515199999999999,19.3248], [-158468.1392,175840.8992], 1.0, 1.0","survey_year, region, num_employees, annual_revenue_usd_millions, company_founding_year, company_age, company_age_group, years_using_ai, ai_primary_tool, ai_projects_active, ai_training_hours, ai_budget_percentage, ai_investment_per_employee, data_privacy_level, ai_ethics_committee",2.0,0.1,1.0,1,1.5,4915,4915,0.5,0.0006337072149355621,0,0
"[-5.83,9.83], 5.0, 3.0, 1.0, [16.2,35.8], 1.0, [26.653649999999995,80.16635], 2.0, 1.0, [9.0724,21.3476], 0.0, [58.15,93.85], [-1.4324000000000012,20.1724], 0.0","country, region, industry, company_size, company_age, company_age_group, ai_adoption_rate, num_ai_tools_used, ai_use_case, ai_budget_percentage, data_privacy_level, ai_risk_management_score, task_automation_rate, data_collection_method",1.0,1.0,1.0,1,1.0,4916,4916,0.4666666666666667,0.00042247147662370806,1,1
"7.0, [-2655.6397500000003,2838.1397500000003], 3.0, 0.0, [2.03,7.970000000000001], [2.3219999999999983,14.378], [0.07937500000000003,0.378625], [54.879999999999995,71.12], 1.0, 0.0, [38.66,73.34], [13.778699999999997,25.4813], 0.0","industry, annual_revenue_usd_millions, num_ai_tools_used, ai_use_case, ai_projects_active, ai_budget_percentage, ai_maturity_score, regulatory_compliance_score, data_privacy_level, ai_ethics_committee, ai_risk_management_score, task_automation_rate, survey_source",0.0,1.0,1.0,1,1.0,4917,4917,0.43333333333333335,0.00042247147662370806,1,1
"2025.0, 1.0, 0.0, [1325.0249999999996,14092.975], 1.0, [33.694900000000004,68.3651], [2.7,5.3], 0.0, [-112580.326,198404.826], [36.019999999999996,71.98], 1.0","survey_year, quarter, region, num_employees, company_age_group, ai_adoption_rate, years_using_ai, ai_primary_tool, ai_investment_per_employee, regulatory_compliance_score, ai_ethics_committee",1.0,0.1,1.0,1,1.5,4918,4918,0.36666666666666664,0.0006337072149355621,0,0
"2025.0, 1.0, 0.0, [1325.0249999999996,14092.975], 1.0, [33.694900000000004,68.3651], [2.7,5.3], 0.0, [4.645474999999999,26.974525], [-112580.326,198404.826], [36.019999999999996,71.98], 1.0, [56.545,77.455], 1.0","survey_year, quarter, region, num_employees, company_age_group, ai_adoption_rate, years_using_ai, ai_primary_tool, ai_failure_rate, ai_investment_per_employee, regulatory_compliance_score, ai_ethics_committee, ai_risk_management_score, data_collection_method",1.0,0.1,1.0,1,1.5,4918,4918,0.4666666666666667,0.0006337072149355621,0,0
"2023.0, 0.0, 2.0, 7.0, 0.0, [6401.419199999998,12794.1808], 0.0, [8.32,17.68], [27.2992,45.0008], [8.988399999999999,24.5516], [0.469875,0.712125], [14.661774999999999,32.598225], [58.019999999999996,93.98], 0.0, [57.425,90.575], [27.042749999999998,47.297250000000005], 2.0","survey_year, quarter, region, industry, company_size, annual_revenue_usd_millions, ai_primary_tool, ai_projects_active, ai_training_hours, ai_budget_percentage, ai_maturity_score, ai_failure_rate, regulatory_compliance_score, data_privacy_level, ai_risk_management_score, task_automation_rate, data_collection_method",2.0,0.1,1.0,1,3.0,4919,4919,0.5666666666666667,0.0012674144298711243,0,0
"[-3.205,5.205], 4.0, 3.0, [-3642.0299999999997,4608.03], [-3353.03185,3938.71185], [-8.95,16.95], 2.0, 0.0, 2.0, 1.0, [-3.3200000000000003,5.32], [5.993600000000001,18.9264], 0.0, 0.0, [44.7,75.3], [16.0078,35.812200000000004]","country, region, industry, num_employees, annual_revenue_usd_millions, company_age, ai_adoption_stage, ai_primary_tool, num_ai_tools_used, ai_use_case, ai_projects_active, ai_budget_percentage, data_privacy_level, ai_ethics_committee, ai_risk_management_score, task_automation_rate",2.0,1.0,1.0,1,8.0,4920,4920,0.5333333333333333,0.0033797718129896645,1,1
"2023.0, 2.0, [22.375,29.625], 1.0, 0.0, [1991.88,2002.12], [0.9499999999999997,5.050000000000001], 0.0, 3.0, [20.261400000000002,36.6986], [11.479425,34.540575000000004], [49.85,70.15], 0.0, [40.269999999999996,63.730000000000004], 1.0","survey_year, quarter, country, region, industry, company_founding_year, years_using_ai, ai_primary_tool, num_ai_tools_used, ai_training_hours, ai_failure_rate, regulatory_compliance_score, ai_ethics_committee, ai_risk_management_score, survey_source",2.0,1.0,1.0,1,1.0,4921,4921,0.5,0.00042247147662370806,1,1
"[9.415000000000001,30.585], 2.0, 0.0, 1.0, [1997.4714441145998,2028.24], [9.82545,42.23455], 3.0, [0.3500000000000001,7.65], [-5.12,7.12], [1.8863999999999992,10.8736], [-0.0566875,0.4206875], [-22952.91320000001,194736.6932], 0.0, [41.075,58.925], 2.0, 3.0","country, region, industry, company_size, company_founding_year, ai_adoption_rate, ai_adoption_stage, years_using_ai, ai_projects_active, ai_budget_percentage, ai_maturity_score, ai_investment_per_employee, ai_ethics_committee, ai_risk_management_score, survey_source, data_collection_method",1.0,0.1,1.0,1,2.0,4922,4922,0.5333333333333333,0.0008449429532474161,0,0
"[9.415000000000001,30.585], 2.0, 0.0, 1.0, [2007.76,2028.24], [9.82545,42.23455], 3.0, [0.3500000000000001,7.65], 5.0, [-5.12,7.12], [1.8863999999999992,10.8736], [-0.0566875,0.4206875], [-22952.91320000001,194736.6932], [41.075,58.925], 2.0, 3.0","country, region, industry, company_size, company_founding_year, ai_adoption_rate, ai_adoption_stage, years_using_ai, ai_use_case, ai_projects_active, ai_budget_percentage, ai_maturity_score, ai_investment_per_employee, ai_risk_management_score, survey_source, data_collection_method",1.0,0.1,1.0,1,2.0,4922,4922,0.5333333333333333,0.0008449429532474161,0,0
"2026.0, [13.139999999999999,32.86], 4.0, [-2696.74,4374.74], [2006.4,2017.6], [8.75,19.25], 3.0, [9.6479,59.392100000000006], 0.0, [3.94,10.06], [4.520099999999999,41.819900000000004], [0.17793750000000003,0.4700625], [-104510.1676,120954.0676], [50.625,63.375], [2.5121499999999966,28.16785], 0.0","survey_year, country, industry, num_employees, company_founding_year, company_age, company_age_group, ai_adoption_rate, ai_primary_tool, ai_projects_active, ai_training_hours, ai_maturity_score, ai_investment_per_employee, ai_risk_management_score, task_automation_rate, survey_source",1.0,1.0,1.0,1,1.0,4923,4923,0.5333333333333333,0.00042247147662370806,1,1
"2026.0, [-1409.1634999999999,1587.4435], 3.0, 2.0, 1.0, 3.0, [0.41000000000000014,9.59], [-220927.0772,268874.5372], [48.28,87.72], 0.0, 1.0, 1.0, 1.0","survey_year, annual_revenue_usd_millions, company_age_group, ai_adoption_stage, ai_primary_tool, num_ai_tools_used, ai_projects_active, ai_investment_per_employee, regulatory_compliance_score, data_privacy_level, ai_ethics_committee, survey_source, data_collection_method",2.0,1.0,1.0,1,1.0,4924,4924,0.43333333333333335,0.00042247147662370806,1,1
"2.0, [-6408.1900000000005,6556.1900000000005], [-1281.5397,1315.5197], [1991.88,2002.12], [16.025,35.975], [28.9305,81.68950000000001], [2.6999999999999997,9.3], 3.0, 3.0, [7.85,14.15], [14.490599999999997,48.629400000000004], [0.36012500000000003,0.573875], [51.5,80.5], 1.0, 0.0, 1.0","company_size, num_employees, annual_revenue_usd_millions, company_founding_year, company_age, ai_adoption_rate, years_using_ai, num_ai_tools_used, ai_use_case, ai_projects_active, ai_training_hours, ai_maturity_score, regulatory_compliance_score, data_privacy_level, ai_ethics_committee, data_collection_method",2.0,1.0,1.0,1,1.0,4925,4925,0.5333333333333333,0.00042247147662370806,1,1
"1.0, 1.0, 2.0, [2001.8,2024.2], 3.0, [-5.4799999999999995,7.4799999999999995], [42.6243,90.71518099498638], [3.1896749999999994,22.590325], [43.54,86.46000000000001]","quarter, region, company_size, company_founding_year, company_age_group, ai_projects_active, ai_training_hours, ai_failure_rate, regulatory_compliance_score",2.0,0.1,1.0,1,2.0,4926,4926,0.3,0.0008449429532474161,0,0
"1.0, [3.4299999999999997,22.57], 1.0, 2.0, [-3741.385,3919.385], [-1668.3673000000001,1727.7873000000002], 3.0, [43.4582,64.5618], 2.0, [3.1896749999999994,22.590325], [13.701249999999995,47.45875]","quarter, country, region, company_size, num_employees, annual_revenue_usd_millions, company_age_group, ai_adoption_rate, ai_adoption_stage, ai_failure_rate, task_automation_rate",2.0,0.1,1.0,1,2.0,4926,4926,0.36666666666666664,0.0008449429532474161,0,0
"2026.0, 0.0, [-6250.405000000001,6910.405000000001], [-1208.7562500000001,3368.8883965931545], [1998.96,2013.04], 1.0, [23.473799999999997,62.6662], [1.4500000000000002,6.55], 2.0, 0.0, [9.6112,15.7488], [63.37,90.63], 1.0, [62.505,87.495], [0.9318499999999972,29.28815], 3.0","survey_year, quarter, num_employees, annual_revenue_usd_millions, company_founding_year, company_age_group, ai_adoption_rate, years_using_ai, num_ai_tools_used, ai_use_case, ai_budget_percentage, regulatory_compliance_score, ai_ethics_committee, ai_risk_management_score, task_automation_rate, data_collection_method",1.0,0.1,1.0,1,1.5,4927,4927,0.5333333333333333,0.0006337072149355621,0,0
"0.0, [-1208.7562500000001,3368.8883965931545], [1998.96,2013.04], 1.0, [23.473799999999997,62.6662], 2.0, [9.6112,15.7488], [-78618.26400000002,193493.744], [63.37,90.63], 2.0, 1.0, [62.505,87.495], [0.9318499999999972,29.28815]","quarter, annual_revenue_usd_millions, company_founding_year, company_age_group, ai_adoption_rate, num_ai_tools_used, ai_budget_percentage, ai_investment_per_employee, regulatory_compliance_score, data_privacy_level, ai_ethics_committee, ai_risk_management_score, task_automation_rate",1.0,0.1,1.0,1,1.5,4927,4927,0.43333333333333335,0.0006337072149355621,0,0
"2023.0, [12.575,31.425], 0.0, [-3683.5153,3708.1153000000004], [-9.200000000000001,13.200000000000001], 0.0, 1.0, 2.0, [-6.945000000000002,24.665], [12.555974999999997,27.564025], [-178669.3476,241160.60760000002], 0.0, 2.0","survey_year, country, region, annual_revenue_usd_millions, company_age, company_age_group, ai_primary_tool, ai_use_case, ai_training_hours, ai_failure_rate, ai_investment_per_employee, ai_ethics_committee, data_collection_method",1.0,0.1,1.0,1,1.0,4928,4928,0.43333333333333335,0.00042247147662370806,0,0
"2024.0, [-4.22,6.22], 0.0, [16306.195,21609.805], [6017.3123,12609.8477], [1988.8,2011.2], [19.275,28.725], [5.616949999999999,45.563050000000004], 3.0, [0.7827645327427,7.9], 2.0, 1.0, 7.0, [0.04999999999999982,9.95], [-1.6542999999999992,38.1743], [-248254.09679999997,311519.17679999996], 0.0, 2.0, 1.0","survey_year, country, company_size, num_employees, annual_revenue_usd_millions, company_founding_year, company_age, ai_adoption_rate, ai_adoption_stage, years_using_ai, ai_primary_tool, num_ai_tools_used, ai_use_case, ai_projects_active, ai_training_hours, ai_investment_per_employee, data_privacy_level, survey_source, data_collection_method",0.0,0.1,1.0,1,1.3333333333333333,4929,4929,0.6333333333333333,0.000563295302164944,0,0
"2025.0, 1.0, 0.0, [5441.439199999999,11834.2008], [33.0142,84.2658], 0.0, [-111970.00880000001,292310.6888], 2.0, 2.0, 0.0","survey_year, quarter, company_size, annual_revenue_usd_millions, ai_adoption_rate, ai_primary_tool, ai_investment_per_employee, data_privacy_level, survey_source, data_collection_method",2.0,1.0,1.0,1,1.0,4930,4930,0.3333333333333333,0.00042247147662370806,1,1
"2023.0, [16.185,29.815], 2.0, [1998.4,2017.6], [22.89765,46.26235], [3.8,8.2], 2.0, [0.13999999999999968,9.86], [-11.808200000000003,27.3882], [18.721525,40.318475], [56.75,71.25], 0.0, [32.68,65.32], 2.0","survey_year, country, company_size, company_founding_year, ai_adoption_rate, years_using_ai, ai_primary_tool, ai_projects_active, ai_training_hours, ai_failure_rate, regulatory_compliance_score, ai_ethics_committee, ai_risk_management_score, data_collection_method",1.0,1.0,1.0,1,1.0,4931,4931,0.4666666666666667,0.00042247147662370806,1,1
"2025.0, 5.0, [-1929.375,2981.375], [25.05065,63.48935], 2.0, [4.6,8.7], [7.220000000000001,12.05], [27.929899999999996,53.850100000000005], [24.92335,39.776650000000004]","survey_year, region, num_employees, ai_adoption_rate, ai_adoption_stage, years_using_ai, ai_projects_active, ai_training_hours, task_automation_rate",2.0,0.1,1.0,1,1.5,4932,4932,0.3,0.0006337072149355621,0,0
"2026.0, 2.0, [9.925,20.075], 1.0, [-3645.17,3819.17], [2.85,7.15], [2.34,15.66], [3.5717999999999996,42.76820000000001], [10.738,20.602], [0.22800000000000004,0.6839999999999999], [14.032025,28.307975000000003], [58.47,91.53], 1.0, [60.37,73.63], 1.0","survey_year, quarter, country, region, num_employees, years_using_ai, ai_projects_active, ai_training_hours, ai_budget_percentage, ai_maturity_score, ai_failure_rate, regulatory_compliance_score, ai_ethics_committee, ai_risk_management_score, survey_source",2.0,1.0,1.0,1,1.0,4933,4933,0.5,0.00042247147662370806,1,1
"2026.0, 1.0, [19.634999999999998,30.365000000000002], 3.0, [2007.12,2028.88], 3.0, [-0.7341499999999996,43.73415], 1.0, 4.0, 2.0, [-6.75,6.75], [11.913299999999998,41.6267], [-0.06174999999999997,0.36574999999999996], [9.582649999999997,30.737350000000003], 1.0, 1.0","survey_year, quarter, country, industry, company_founding_year, company_age_group, ai_adoption_rate, ai_primary_tool, num_ai_tools_used, ai_use_case, ai_projects_active, ai_training_hours, ai_maturity_score, task_automation_rate, survey_source, data_collection_method",0.0,0.1,1.0,1,1.0,4934,4934,0.5333333333333333,0.00042247147662370806,0,0
"2026.0, 1.0, [-3338.6000000000004,4518.6], [-1580.2838500000003,1715.98385], [10.575,21.425], 1.0, [31.121049999999993,81.61895], [4.8,9.2], 1.0, 3.0, [33.5728,66.4472], [1.5638749999999995,18.036125000000002], [55.4,78.6], 0.0, [53.7,84.3], 1.0","survey_year, company_size, num_employees, annual_revenue_usd_millions, company_age, company_age_group, ai_adoption_rate, years_using_ai, ai_primary_tool, num_ai_tools_used, ai_training_hours, ai_failure_rate, regulatory_compliance_score, data_privacy_level, ai_risk_management_score, survey_source",2.0,1.0,1.0,1,1.0,4935,4935,0.5333333333333333,0.00042247147662370806,1,1
"0.0, 1.0, 5.0, 1.0, [-3622.0299999999997,4628.03], [3.239549999999994,46.200450000000004], 1.0, 0.0, [0.6699999999999999,7.33], [64.34,95.66], 2.0, 1.0, [42.31,61.69], [9.438699999999997,21.1413], 0.0","quarter, region, industry, company_size, num_employees, ai_adoption_rate, num_ai_tools_used, ai_use_case, ai_projects_active, regulatory_compliance_score, data_privacy_level, ai_ethics_committee, ai_risk_management_score, task_automation_rate, survey_source",0.0,0.1,1.0,1,3.0,4936,4936,0.5,0.0012674144298711243,0,0
"0.0, 1.0, 5.0, 1.0, [-3622.0299999999997,4628.03], [-3006.7346000000002,3785.5746000000004], [1.5250000000000004,14.475], 1.0, 0.0, [0.6699999999999999,7.33], [62.6,97.4], 2.0, [42.31,61.69], 0.0","quarter, region, industry, company_size, num_employees, annual_revenue_usd_millions, company_age, num_ai_tools_used, ai_use_case, ai_projects_active, regulatory_compliance_score, data_privacy_level, ai_risk_management_score, survey_source",0.0,0.1,1.0,1,2.0,4936,4936,0.4666666666666667,0.0008449429532474161,0,0
"[18.78,29.22], [2010.2,2027.8], [2.1479999999999997,13.631547858250627], [63.496175033831214,92.5], 0.0, 1.0","country, company_founding_year, ai_budget_percentage, regulatory_compliance_score, data_privacy_level, ai_ethics_committee",2,0.0,0.0,1,3.0,4937,4937,0.2,0.0012674144298711243,0,1
"[18.78,29.22], [2010.2,2027.8], 3.0, [2.1479999999999997,13.631547858250627], [63.496175033831214,92.5], 1.0","country, company_founding_year, company_age_group, ai_budget_percentage, regulatory_compliance_score, ai_ethics_committee",2,0.03125,0.5,1,3.0,4937,4937,0.2,0.0012674144298711243,1,2
"2026.0, [8.07,17.93], 2.0, [-3021.84045,3071.26045], [1999.24,2010.76], [12.075,29.925], [-0.3500000000000001,6.35], 1.0, 2.0, 2.0, [14.144999999999998,45.755], [17.489925,33.230075], [-208093.69280000002,273933.2928], [63.57,102.43], 0.0, [30.8686,43.4714], 1.0, 2.0","survey_year, country, company_size, annual_revenue_usd_millions, company_founding_year, company_age, years_using_ai, ai_primary_tool, num_ai_tools_used, ai_use_case, ai_training_hours, ai_failure_rate, ai_investment_per_employee, regulatory_compliance_score, ai_ethics_committee, task_automation_rate, survey_source, data_collection_method",2.0,1.0,1.0,1,1.0,4938,4938,0.6,0.00042247147662370806,1,1
"2024.0, 0.0, 2.0, 1.0, 2.0, [1984.16,1999.84], [16.73365,70.24635], 2.0, 0.0, 2.0, 3.0, [1.6999999999999993,14.3], [5.045999999999999,19.294], [72.37,99.63], 0.0, 0.0, 0.0","survey_year, quarter, region, industry, company_size, company_founding_year, ai_adoption_rate, ai_adoption_stage, ai_primary_tool, num_ai_tools_used, ai_use_case, ai_projects_active, ai_budget_percentage, regulatory_compliance_score, data_privacy_level, survey_source, data_collection_method",1.0,1.0,1.0,1,1.0,4939,4939,0.5666666666666667,0.00042247147662370806,1,1
"[1.795,10.205], 0.0, [24.05,35.95], 1.0, 2.0, [-10.807500000000003,36.6075], [-241091.44160000002,256484.8016], [55.019999999999996,90.98], 0.0, [42.66,77.34], [3.8219499999999993,31.27805]","country, industry, company_age, company_age_group, ai_use_case, ai_training_hours, ai_investment_per_employee, regulatory_compliance_score, ai_ethics_committee, ai_risk_management_score, task_automation_rate",0.0,1.0,1.0,1,1.0,4940,4940,0.36666666666666664,0.00042247147662370806,1,1
"2025.0, 2.0, 0.0, [-2153.8050000000003,3149.8050000000003], [14.175,27.825], 1.0, [37.861200000000004,74.03880000000001], 4.0, 7.0, [0.3756875,0.5823125], [-58622.4388,151292.5388], [10.7981,27.901900000000005], 2.0, 2.0","survey_year, quarter, industry, num_employees, company_age, company_age_group, ai_adoption_rate, num_ai_tools_used, ai_use_case, ai_maturity_score, ai_investment_per_employee, task_automation_rate, survey_source, data_collection_method",2.0,1.0,1.0,1,1.0,4941,4941,0.4666666666666667,0.00042247147662370806,1,1
"2026.0, 1.0, [3.994999999999999,24.005000000000003], 2.0, [-6620.620000000001,6736.620000000001], [-1465.6634999999999,1530.9435], [2008.4,2027.6], 3.0, 3.0, 5.0, [0.9983999999999993,11.081600000000002], [-0.004249999999999976,0.36624999999999996], [-74851.5032,142838.1032], [51.11,74.89], [2.7029499999999977,21.15705]","survey_year, quarter, country, company_size, num_employees, annual_revenue_usd_millions, company_founding_year, company_age_group, ai_adoption_stage, ai_use_case, ai_budget_percentage, ai_maturity_score, ai_investment_per_employee, regulatory_compliance_score, task_automation_rate",0.0,0.1,1.0,1,1.0,4942,4942,0.5,0.00042247147662370806,0,0
"2026.0, 2.0, [15.33,28.67], 4.0, [1984.44,1997.56], 3.0, 1.0, 4.0, [-4.41,4.41], [3.7868000000000004,12.993200000000002], [23.76665,43.53335], 0.0, [35.64,72.36], 2.0, 2.0","survey_year, quarter, country, industry, company_founding_year, ai_adoption_stage, ai_primary_tool, ai_use_case, ai_projects_active, ai_budget_percentage, ai_failure_rate, ai_ethics_committee, ai_risk_management_score, survey_source, data_collection_method",0.0,0.1,1.0,1,1.0,4943,4943,0.5,0.00042247147662370806,0,0
"2026.0, 2.0, [15.33,28.67], 4.0, [1984.44,1997.56], [23.975,46.025], 3.0, 1.0, 4.0, [-4.41,4.41], [3.7868000000000004,12.993200000000002], [23.76665,43.53335], [35.64,72.36], 2.0, 2.0","survey_year, quarter, country, industry, company_founding_year, company_age, ai_adoption_stage, ai_primary_tool, ai_use_case, ai_projects_active, ai_budget_percentage, ai_failure_rate, ai_risk_management_score, survey_source, data_collection_method",0.0,0.1,1.0,1,1.0,4943,4943,0.5,0.00042247147662370806,0,0
"2.0, [-7.584999999999999,13.584999999999999], 3.0, 2.0, [-3607.88185,3683.86185], [2004.76,2025.24], [2.5999999999999996,19.4], [24.63695,64.58305], [1.25,6.75], 2.0, [9.7216,16.078400000000002], [0.257875,0.614125], [14.403624999999996,34.536375], [-183432.5504,329692.95040000003], [44.82,69.18], 1.0, [52.505,77.495], 2.0","quarter, country, region, company_size, annual_revenue_usd_millions, company_founding_year, company_age, ai_adoption_rate, years_using_ai, num_ai_tools_used, ai_budget_percentage, ai_maturity_score, ai_failure_rate, ai_investment_per_employee, regulatory_compliance_score, ai_ethics_committee, ai_risk_management_score, survey_source",1.0,1.0,1.0,1,1.0,4944,4944,0.6,0.00042247147662370806,1,1
"2024.0, 0.0, 0.0, 0.0, [1171.9668499999998,3868.9131500000003], [1983.48,2006.52], [20.775,37.225], 1.0, [32.515049999999995,52.86495], 2.0, 3.0, 0.0, [6.24,17.759999999999998], [69.63,100.37], 1.0, [49.7,80.3], 1.0","survey_year, quarter, industry, company_size, annual_revenue_usd_millions, company_founding_year, company_age, company_age_group, ai_adoption_rate, ai_adoption_stage, num_ai_tools_used, ai_use_case, ai_projects_active, regulatory_compliance_score, ai_ethics_committee, ai_risk_management_score, data_collection_method",1.0,0.1,1.0,1,2.0,4945,4945,0.5666666666666667,0.0008449429532474161,0,0
"2024.0, 0.0, [8.65,17.35], 0.0, 0.0, [1171.9668499999998,3868.9131500000003], [1983.48,2006.52], [20.775,37.225], 1.0, 2.0, 0.0, [6.24,17.759999999999998], [-161744.11440000002,234761.9544], 1.0, [49.7,80.3], 1.0, 1.0","survey_year, quarter, country, industry, company_size, annual_revenue_usd_millions, company_founding_year, company_age, company_age_group, ai_adoption_stage, ai_use_case, ai_projects_active, ai_investment_per_employee, ai_ethics_committee, ai_risk_management_score, survey_source, data_collection_method",1.0,0.1,1.0,1,1.25,4945,4945,0.5666666666666667,0.0005280893457796351,0,0
"[5.27,26.73], 2.0, [-11372.532763190211,6629.975], [-4.949999999999999,20.95], 2.0, 0.0, [1.67,8.33], [-6.615500000000004,28.155500000000004], [2.582799999999999,15.077200000000001], [-3159.988400000002,276726.64839999995], [57.92,88.08], 0.0, 1.0, [5.931849999999997,34.28815]","country, region, num_employees, company_age, num_ai_tools_used, ai_use_case, ai_projects_active, ai_training_hours, ai_budget_percentage, ai_investment_per_employee, regulatory_compliance_score, data_privacy_level, ai_ethics_committee, task_automation_rate",2.0,0.1,1.0,1,1.0,4946,4946,0.4666666666666667,0.00042247147662370806,0,0
"2.0, [-11372.532763190211,6629.975], [-4.949999999999999,20.95], 2.0, 0.0, [1.67,8.33], [-6.615500000000004,28.155500000000004], [2.582799999999999,15.077200000000001], [57.92,88.08], 0.0, 1.0, [5.931849999999997,34.28815]","region, num_employees, company_age, num_ai_tools_used, ai_use_case, ai_projects_active, ai_training_hours, ai_budget_percentage, regulatory_compliance_score, data_privacy_level, ai_ethics_committee, task_automation_rate",2.0,0.1,1.0,1,1.0,4946,4946,0.4,0.00042247147662370806,0,0
"2023.0, 3.0, [3.3449999999999998,14.655000000000001], 7.0, [8661.735,22608.265], [-893.4525000000001,4100.8925], [1998.08,2009.92], 1.0, [9.531350000000002,31.38865], 3.0, [2.3,7.7], 3.0, [0.040000000000000036,7.96], [3.320899999999998,22.9191], [3.1588000000000003,18.941200000000002], [24.402275,35.017725], [-252998.12920000002,275676.6292], 2.0, 0.0, [45.269999999999996,68.73], [12.956699999999996,42.6633], 0.0","survey_year, quarter, country, industry, num_employees, annual_revenue_usd_millions, company_founding_year, company_age_group, ai_adoption_rate, ai_adoption_stage, years_using_ai, ai_use_case, ai_projects_active, ai_training_hours, ai_budget_percentage, ai_failure_rate, ai_investment_per_employee, data_privacy_level, ai_ethics_committee, ai_risk_management_score, task_automation_rate, data_collection_method",2.0,0.1,1.0,1,1.4,4948,4948,0.7333333333333333,0.0005914600672731913,0,0
"0.0, [-1129.50695,2218.5168224022705], [1990.96,2013.04], [16.95,42.65310684656181], 2.0, [3.25,16.75], [16.856699999999996,50.3633], [0.31118750000000006,0.5748125], [-61497.018800000005,148417.95880000002], 2.0, 2.0","quarter, annual_revenue_usd_millions, company_founding_year, company_age, ai_adoption_stage, ai_projects_active, ai_training_hours, ai_maturity_score, ai_investment_per_employee, data_privacy_level, data_collection_method",1,0.007775999999999998,0.6,1,3.4,4950,4950,0.36666666666666664,0.0014364030205206073,0,0
"0.0, [-1129.50695,2218.5168224022705], 2.0, [3.25,16.75], [16.856699999999996,50.3633], [-61497.018800000005,148417.95880000002], 2.0, 2.0","quarter, annual_revenue_usd_millions, ai_adoption_stage, ai_projects_active, ai_training_hours, ai_investment_per_employee, data_privacy_level, data_collection_method",1,0.003125,0.5,1,4.5,4950,4950,0.26666666666666666,0.0019011216448066863,0,0
"2026.0, [7.445,24.555], 0.0, [1990.96,2005.04], [22.75,33.25], 1.0, [0.3999999999999999,7.6], [-5.027000000000001,39.227000000000004], [-0.054778443534523456,0.35175], 0.0, [-7.792700000000003,16.512700000000002], 3.0","survey_year, country, industry, company_founding_year, company_age, company_age_group, ai_projects_active, ai_training_hours, ai_maturity_score, ai_ethics_committee, task_automation_rate, survey_source",0.0,0.1,1.0,1,1.0,4951,4951,0.4,0.00042247147662370806,0,0
"2026.0, [7.445,24.555], 0.0, [1994.9974004797182,2005.04], [22.75,33.25], 1.0, [0.3999999999999999,7.6], [-5.027000000000001,39.227000000000004], [-0.07574999999999996,0.35175], [23.775724999999998,42.444275000000005], 0.0, [-7.792700000000003,16.512700000000002], 3.0","survey_year, country, industry, company_founding_year, company_age, company_age_group, ai_projects_active, ai_training_hours, ai_maturity_score, ai_failure_rate, ai_ethics_committee, task_automation_rate, survey_source",0.0,0.1,1.0,1,1.0,4951,4951,0.43333333333333335,0.00042247147662370806,0,0
"2.0, 1.0, 1.0, [1.6939499999999992,26.566050000000004], 3.0, 2.0, 1.0, 3.0, [3.5223999999999998,10.3176], [-0.05849999999999994,0.45449999999999996], [-186688.33,202043.11000000002], [65.41,106.59], [-5.816650000000001,9.036650000000002], 1.0, 2.0","region, company_size, company_age_group, ai_adoption_rate, ai_adoption_stage, ai_primary_tool, num_ai_tools_used, ai_use_case, ai_budget_percentage, ai_maturity_score, ai_investment_per_employee, regulatory_compliance_score, task_automation_rate, survey_source, data_collection_method",0.0,0.1,1.0,1,1.0,4952,4952,0.5,0.00042247147662370806,0,0
"[7.154999999999999,39.08255369373297], 2.0, 1.0, 1.0, [1.6939499999999992,26.566050000000004], 3.0, 2.0, 1.0, 3.0, [3.5223999999999998,10.3176], [-0.05849999999999994,0.45449999999999996], [-186688.33,202043.11000000002], [65.41,106.59], [-5.816650000000001,9.036650000000002], 2.0","country, region, company_size, company_age_group, ai_adoption_rate, ai_adoption_stage, ai_primary_tool, num_ai_tools_used, ai_use_case, ai_budget_percentage, ai_maturity_score, ai_investment_per_employee, regulatory_compliance_score, task_automation_rate, data_collection_method",0.0,0.1,1.0,1,1.0,4952,4952,0.5,0.00042247147662370806,0,0
"2024.0, [-9.125,17.125], 2.0, 3.0, [-0.41999999999999993,6.42], [5.257199999999999,35.6028], [0.1690625,0.4469375], [24.269925,40.010075], [40.66,67.34], [1.5574999999999992,24.0625], 2.0, 1.0","survey_year, company_age, ai_primary_tool, ai_use_case, ai_projects_active, ai_training_hours, ai_maturity_score, ai_failure_rate, regulatory_compliance_score, task_automation_rate, survey_source, data_collection_method",1.0,0.1,1.0,1,2.0,4953,4953,0.4,0.0008449429532474161,0,0
"2024.0, [2.8100999999999985,43.5099], [-2.1,4.1], 2.0, 3.0, [-0.41999999999999993,6.42], [8.102099999999998,32.7579], [7.8088,18.111200000000004], 2.0, 1.0","survey_year, ai_adoption_rate, years_using_ai, ai_primary_tool, ai_use_case, ai_projects_active, ai_training_hours, ai_budget_percentage, survey_source, data_collection_method",1.0,0.1,1.0,1,2.0,4953,4953,0.3333333333333333,0.0008449429532474161,0,0
"2023.0, 8.0, 2.0, [-2279.6587000000004,2315.1387], 1.0, [50.28505,70.63495], 3.0, [2.8617749999999997,20.798225000000002], 3.0, 0.0","survey_year, industry, company_size, annual_revenue_usd_millions, company_age_group, ai_adoption_rate, num_ai_tools_used, ai_failure_rate, survey_source, data_collection_method",2.0,1.0,1.0,1,1.0,4956,4956,0.3333333333333333,0.00042247147662370806,1,1
"2026.0, 0.0, 1.0, 1.0, 2.0, [-0.04999999999999982,6.05], 3.0, 0.0, [62.56,83.44], 0.0, 1.0, 2.0","survey_year, quarter, industry, company_size, ai_adoption_stage, years_using_ai, ai_primary_tool, ai_use_case, regulatory_compliance_score, data_privacy_level, ai_ethics_committee, data_collection_method",2.0,0.1,1.0,1,3.0,4957,4957,0.4,0.0012674144298711243,0,0
"2023.0, [3.75,18.25], 1.0, [23.0,37.0], 1.0, 3.0, 3.0, 2.0, [18.8331,37.1669], [1.251599999999999,3.8223004053329124], [0.12568750000000004,0.3323125], [24.102275,34.717725], [41.68,74.32], [2.912349999999998,26.767650000000003], 3.0","survey_year, country, region, company_age, company_age_group, ai_adoption_stage, ai_primary_tool, ai_use_case, ai_training_hours, ai_budget_percentage, ai_maturity_score, ai_failure_rate, ai_risk_management_score, task_automation_rate, survey_source",0,0.1,1.0,1,1.3333333333333333,4958,4958,0.5,0.000563295302164944,0,0
"2.0, 8.0, 2.0, [-3180.0950000000003,3302.0950000000003], [-2421.57905,2472.87905], [2004.0,2012.0], [11.129950000000001,66.15005], [7.7,10.3], 2.0, [4.789999999999999,17.21], [1.2420999999999989,25.8979], [19.005225,44.994775000000004], [56.05,87.95], 2.0, [59.37,72.63], [9.342649999999999,30.497350000000004], 1.0","quarter, industry, company_size, num_employees, annual_revenue_usd_millions, company_founding_year, ai_adoption_rate, years_using_ai, ai_use_case, ai_projects_active, ai_training_hours, ai_failure_rate, regulatory_compliance_score, data_privacy_level, ai_risk_management_score, task_automation_rate, data_collection_method",2.0,0.1,1.0,1,2.0,4959,4959,0.5666666666666667,0.0008449429532474161,0,0
"2.0, [24.375,31.625], 2.0, [-3180.0950000000003,3302.0950000000003], [2004.0,2012.0], 5.0, [4.789999999999999,17.21], [19.005225,44.994775000000004], [56.05,87.95], 2.0, [59.37,72.63], [9.342649999999999,30.497350000000004], 1.0","quarter, country, company_size, num_employees, company_founding_year, ai_primary_tool, ai_projects_active, ai_failure_rate, regulatory_compliance_score, data_privacy_level, ai_risk_management_score, task_automation_rate, data_collection_method",2.0,0.1,1.0,1,1.3333333333333333,4959,4959,0.43333333333333335,0.000563295302164944,0,0
"2.0, 2.0, 3.0, 2.0, 2.0, [7.9,12.1], 4.0, 2.0, [9.278399999999998,44.6816], [0.28725,0.48675], [19.068749999999998,37.37125], 0.0, 1.0","quarter, region, industry, company_size, company_age_group, years_using_ai, ai_primary_tool, ai_use_case, ai_training_hours, ai_maturity_score, ai_failure_rate, survey_source, data_collection_method",1.0,1.0,1.0,1,1.0,4960,4960,0.43333333333333335,0.00042247147662370806,1,1
"2026.0, [12.285,31.715], 0.0, 6.0, [-1236.8769499999999,1859.61695], [1995.24,2014.76], [18.926399999999997,61.1336], 0.0, [2.6776,11.564646877197857], [-172078.57640000002,263300.6364], [59.75,68.3714038219039], [47.995,74.005]","survey_year, country, region, industry, annual_revenue_usd_millions, company_founding_year, ai_adoption_rate, ai_primary_tool, ai_budget_percentage, ai_investment_per_employee, regulatory_compliance_score, ai_risk_management_score",1.0,0.1,1.0,1,2.0,4961,4961,0.4,0.0008449429532474161,0,0
"2026.0, [12.285,31.715], 0.0, 6.0, [-1236.8769499999999,1859.61695], [1995.24,2014.76], [18.926399999999997,61.1336], 0.0, [-172078.57640000002,263300.6364], [59.75,74.25], [47.995,74.005]","survey_year, country, region, industry, annual_revenue_usd_millions, company_founding_year, ai_adoption_rate, ai_primary_tool, ai_investment_per_employee, regulatory_compliance_score, ai_risk_management_score",1.0,0.1,1.0,1,2.0,4961,4961,0.36666666666666664,0.0008449429532474161,0,0
"[-2.715,16.715], 0.0, 2.0, 1.0, [-5855.975,6911.975], [2006.12,2019.88], [17.85435,54.785650000000004], 3.0, [7.157,26.123], [18.916150000000002,46.00385], 2.0, [51.31,70.69], [14.33325,30.086750000000002], 2.0","country, region, industry, company_size, num_employees, company_founding_year, ai_adoption_rate, num_ai_tools_used, ai_training_hours, ai_failure_rate, data_privacy_level, ai_risk_management_score, task_automation_rate, survey_source",1.0,1.0,1.0,1,1.0,4962,4962,0.4666666666666667,0.00042247147662370806,1,1
"2025.0, 3.0, 3.0, [-2027.4214500000003,2067.9414500000003], [1989.0,1997.0], 2.0, 2.0, [5.85,12.15], 1.0, [8.748399999999998,18.8316], [0.366875,0.609125], 2.0, 0.0","survey_year, quarter, industry, annual_revenue_usd_millions, company_founding_year, company_age_group, ai_adoption_stage, years_using_ai, ai_primary_tool, ai_budget_percentage, ai_maturity_score, data_privacy_level, data_collection_method",2.0,1.0,1.0,1,1.0,4964,4964,0.43333333333333335,0.00042247147662370806,1,1
"2024.0, 3.0, [18.490000000000002,29.509999999999998], 2.0, 1.0, 1.0, [-4250.535,5374.535], 2.0, 0.0, [6.41,15.59], [39.497,58.462999999999994], [10.194374999999999,19.345625], [55.879999999999995,72.12], 2.0","survey_year, quarter, country, region, industry, company_size, num_employees, ai_primary_tool, ai_use_case, ai_projects_active, ai_training_hours, ai_failure_rate, regulatory_compliance_score, data_privacy_level",2.0,0.1,1.0,1,1.0,4965,4965,0.4666666666666667,0.00042247147662370806,0,0
"3.0, [18.490000000000002,29.509999999999998], 1.0, 1.0, [-4250.535,5374.535], [1982.48,1997.52], 2.0, 0.0, [7.016399999999999,16.0036], [10.194374999999999,19.345625], [55.879999999999995,72.12], 2.0","quarter, country, industry, company_size, num_employees, company_founding_year, ai_primary_tool, ai_use_case, ai_budget_percentage, ai_failure_rate, regulatory_compliance_score, data_privacy_level",2.0,0.1,1.0,1,1.0,4965,4965,0.4,0.00042247147662370806,0,0
"[18.78,29.22], 0.0, [2001.5604913008149,2027.8], [32.3979,70.96209999999999], [63.496175033831214,92.5], 0.0, 1.0","country, company_size, company_founding_year, ai_training_hours, regulatory_compliance_score, data_privacy_level, ai_ethics_committee",2,0.1,1.0,1,3.0,4966,4966,0.23333333333333334,0.0012674144298711243,0,0
"2026.0, [19.46,34.54], 5.0, [-4949.965,5067.965], [2002.8,2017.2], 1.0, [41.38655,69.27345], 2.0, 2.0, 7.0, [0.2360625,0.6279375], [-161470.9412,211711.2412], 0.0, 1.0, [14.702949999999998,33.15705], 2.0","survey_year, country, industry, num_employees, company_founding_year, company_age_group, ai_adoption_rate, ai_adoption_stage, num_ai_tools_used, ai_use_case, ai_maturity_score, ai_investment_per_employee, data_privacy_level, ai_ethics_committee, task_automation_rate, data_collection_method",0.0,1.0,1.0,1,1.0,4967,4967,0.5333333333333333,0.00042247147662370806,1,1
"2025.0, 2.0, [-3.96,9.96], 3.0, 1.0, [-1822.375,3088.375], [-2252.7356,2541.8356000000003], [2003.28,2024.72], 3.0, [28.57875,47.42125], [2.05,5.95], [5.5308,16.9292], [17.822950000000002,33.197050000000004], [-188147.51200000002,239457.07200000001], [44.629999999999995,75.37], 0.0, 0.0, [56.035,77.965], [3.5613499999999974,36.41865], 0.0","survey_year, quarter, country, region, company_size, num_employees, annual_revenue_usd_millions, company_founding_year, company_age_group, ai_adoption_rate, years_using_ai, ai_budget_percentage, ai_failure_rate, ai_investment_per_employee, regulatory_compliance_score, data_privacy_level, ai_ethics_committee, ai_risk_management_score, task_automation_rate, data_collection_method",2.0,0.1,1.0,1,4.0,4969,4969,0.6666666666666666,0.0016898859064948322,0,0
"2025.0, 2.0, [-3.96,9.96], 3.0, 1.0, [-2252.7356,2541.8356000000003], [2003.28,2030.451863085182], 3.0, [28.57875,47.42125], [2.05,5.95], [17.822950000000002,33.197050000000004], [-188147.51200000002,239457.07200000001], [44.629999999999995,75.37], 0.0, 0.0, [56.035,77.965], 0.0","survey_year, quarter, country, region, company_size, annual_revenue_usd_millions, company_founding_year, company_age_group, ai_adoption_rate, years_using_ai, ai_failure_rate, ai_investment_per_employee, regulatory_compliance_score, data_privacy_level, ai_ethics_committee, ai_risk_management_score, data_collection_method",2.0,0.1,1.0,1,4.0,4969,4969,0.5666666666666667,0.0016898859064948322,0,0
"2023.0, 7.0, 2.0, [-6813.050000000001,6937.050000000001], [-1207.7462500000001,1289.42625], [-3.0250000000000004,19.025], 3.0, 2.0, 1.0, [-3.615000000000002,27.995], [2.3196000000000003,13.060400000000001], [-155399.3332,256655.99320000003], [59.43,78.57], 2.0","survey_year, industry, company_size, num_employees, annual_revenue_usd_millions, company_age, ai_primary_tool, num_ai_tools_used, ai_use_case, ai_training_hours, ai_budget_percentage, ai_investment_per_employee, regulatory_compliance_score, data_collection_method",0.0,0.1,1.0,1,4.0,4970,4970,0.4666666666666667,0.0016898859064948322,0,0
"2.0, [0.5899999999999999,17.41], 2.0, 4.0, 1.0, 0.0, 2.0, [0.9599999999999991,11.040000000000001], [19.940599999999996,54.0794], [9.6428,16.6572], [8.511524999999999,30.108475], [10.8074,34.2126], 2.0","quarter, country, region, industry, company_age_group, ai_primary_tool, num_ai_tools_used, ai_projects_active, ai_training_hours, ai_budget_percentage, ai_failure_rate, task_automation_rate, data_collection_method",2.0,1.0,1.0,1,3.0,4971,4971,0.43333333333333335,0.0012674144298711243,1,1
"0.0, [-6804.050000000001,6946.050000000001], [-2975.907,3017.307], 1.0, [1.8478999999999957,51.5921], 3.0, 7.0, [0.005625000000000019,0.504375], [17.20245,39.89755], [67.02,102.98], 2.0, 1.0, [51.625,64.375], [8.338399999999998,22.7416], 0.0, 1.0","quarter, num_employees, annual_revenue_usd_millions, company_age_group, ai_adoption_rate, ai_adoption_stage, ai_use_case, ai_maturity_score, ai_failure_rate, regulatory_compliance_score, data_privacy_level, ai_ethics_committee, ai_risk_management_score, task_automation_rate, survey_source, data_collection_method",0.0,1.0,1.0,1,1.0,4972,4972,0.5333333333333333,0.00042247147662370806,1,1
"1.0, [-2988.7439,3204.2439], 3.0, [11.462150000000001,57.437850000000005], 0.0, 3.0, [5.58,12.42], [22.6325,70.04750000000001], [2.353999999999999,15.506], [13.139425000000001,36.200575], [49.83,92.17], 2.0","company_size, annual_revenue_usd_millions, company_age_group, ai_adoption_rate, ai_primary_tool, ai_use_case, ai_projects_active, ai_training_hours, ai_budget_percentage, ai_failure_rate, regulatory_compliance_score, survey_source",2.0,1.0,1.0,1,1.0,4973,4973,0.4,0.00042247147662370806,1,1
"2.0, [6.6049999999999995,21.395], 0.0, [-121.29150000000072,6870.791500000001], 1.0, 2.0, 0.0, 2.0, [0.8390999999999948,44.4609], [0.32606250000000003,0.6039375], [12.566224999999998,23.913775], [-191491.04200000002,236113.54200000002], 1.0","quarter, country, company_size, annual_revenue_usd_millions, company_age_group, ai_adoption_stage, ai_primary_tool, num_ai_tools_used, ai_training_hours, ai_maturity_score, ai_failure_rate, ai_investment_per_employee, ai_ethics_committee",1,0.1,1.0,1,1.6666666666666667,4974,4974,0.43333333333333335,0.0007041191277061802,0,0
"2.0, [6.6049999999999995,21.395], 0.0, [-121.29150000000072,6870.791500000001], 1.0, 0.0, 2.0, 2.0, [0.8390999999999948,44.4609], [-191491.04200000002,236113.54200000002], 1.0","quarter, country, company_size, annual_revenue_usd_millions, company_age_group, ai_primary_tool, num_ai_tools_used, ai_use_case, ai_training_hours, ai_investment_per_employee, ai_ethics_committee",2.0,0.1,1.0,1,1.6666666666666667,4974,4974,0.36666666666666664,0.0007041191277061802,0,0
"[-0.23500000000000032,12.235], 1.0, 2.0, [1.7999999999999998,8.2], 2.0, [-1.2300000000000004,7.23], [21.653200000000002,33.366800000000005], [196466.73119999998,406381.70879999996], [44.57,83.43], 0.0, 1.0, 1.0","country, company_size, ai_adoption_stage, years_using_ai, ai_use_case, ai_projects_active, ai_failure_rate, ai_investment_per_employee, regulatory_compliance_score, data_privacy_level, ai_ethics_committee, data_collection_method",2.0,0.1,1.0,1,3.5,4975,4975,0.4,0.0014786501681829782,0,0
"[-0.23500000000000032,12.235], 1.0, [19.906799999999997,74.17320000000001], 2.0, [1.7999999999999998,8.2], 2.0, [-1.2300000000000004,7.23], [21.653200000000002,33.366800000000005], [196466.73119999998,406381.70879999996], [44.57,83.43], 0.0, 1.0","country, company_size, ai_adoption_rate, ai_adoption_stage, years_using_ai, ai_use_case, ai_projects_active, ai_failure_rate, ai_investment_per_employee, regulatory_compliance_score, data_privacy_level, data_collection_method",2.0,0.1,1.0,1,3.5,4975,4975,0.4,0.0014786501681829782,0,0
"2024.0, [-1641.5900000000001,3465.59], [-1965.6921500000003,2728.9921500000005], [24.525,37.475], 2.0, [7.275850000000002,51.744150000000005], 3.0, 0.0, 2.0, [0.1179375,0.5240625], [22.004799999999996,39.5752], [57.01,74.99], 0.0, 0.0, [58.585,75.415], 1.0, 0.0","survey_year, num_employees, annual_revenue_usd_millions, company_age, company_age_group, ai_adoption_rate, ai_adoption_stage, ai_primary_tool, num_ai_tools_used, ai_maturity_score, ai_failure_rate, regulatory_compliance_score, data_privacy_level, ai_ethics_committee, ai_risk_management_score, survey_source, data_collection_method",0.0,1.0,1.0,1,1.0,4976,4976,0.5666666666666667,0.00042247147662370806,1,1
"2023.0, [-6285.975,6951.050000000001], 1.0, 3.0, [-8.553300000000004,24.953300000000002], [0.095875,0.338125]","survey_year, num_employees, company_age_group, ai_use_case, ai_training_hours, ai_maturity_score",0.0,0.1,1.0,1,4.0,4977,4977,0.2,0.0016898859064948322,0,0
"0.0, [-8.555,8.555], 2.0, [-6799.050000000001,6481.975], [-3027.4704500000003,3065.63045], [1993.52,2010.48], [8.4,33.6], [0.44999999999999996,3.55], [-4.481100000000001,27.761100000000003], [8.544799999999999,16.6552], [56.82,81.18], 0.0, [36.68,69.32], [18.8582,35.061800000000005]","quarter, country, company_size, num_employees, annual_revenue_usd_millions, company_founding_year, company_age, years_using_ai, ai_training_hours, ai_budget_percentage, regulatory_compliance_score, data_privacy_level, ai_risk_management_score, task_automation_rate",0.0,0.1,1.0,1,2.5,4977,4977,0.4666666666666667,0.0010561786915592702,0,0
"5.0, [-4486.395,5924.395], [-1032.1035,1964.5035], [25.75,36.25], [-0.5,4.5], 1.0, 0.0, 0.0, [43.625,56.375], 2.0","industry, num_employees, annual_revenue_usd_millions, company_age, years_using_ai, ai_use_case, data_privacy_level, ai_ethics_committee, ai_risk_management_score, data_collection_method",2.0,0.1,1.0,1,2.0,4978,4978,0.3333333333333333,0.0008449429532474161,0,0
"2.0, [-3489.74,3581.74], [1985.64,2000.36], [27.608599999999996,60.7714], 2.0, 1.0, 6.0, [0.25825,0.57175], [-202762.21640000003,232616.9964], 1.0, 0.0, [12.938199999999998,29.1418], 0.0, 0.0","quarter, num_employees, company_founding_year, ai_adoption_rate, ai_adoption_stage, ai_primary_tool, ai_use_case, ai_maturity_score, ai_investment_per_employee, data_privacy_level, ai_ethics_committee, task_automation_rate, survey_source, data_collection_method",2.0,0.1,1.0,1,2.0,4979,4979,0.4666666666666667,0.0008449429532474161,0,0
"[-5.99,11.99], [-3489.74,3581.74], [27.608599999999996,60.7714], 2.0, [0.8999999999999999,7.1], 1.0, [0.25825,0.57175], [17.5527,36.5873], [-202762.21640000003,232616.9964], 1.0, 0.0, 0.0","country, num_employees, ai_adoption_rate, ai_adoption_stage, years_using_ai, ai_primary_tool, ai_maturity_score, ai_failure_rate, ai_investment_per_employee, data_privacy_level, ai_ethics_committee, survey_source",2.0,0.1,1.0,1,2.0,4979,4979,0.4,0.0008449429532474161,0,0
"[16.314999999999998,31.685000000000002], 2.0, [5638.2644,10432.8356], [1994.92,2007.08], [17.7,30.3], 1.0, [41.92585,86.39415], 2.0, 3.0, [3.42,14.58], [22.9562,59.6238], [330491.5864,672575.2535999999], [48.6,83.4], 1.0, [55.935,88.065], [19.37305,36.92695], 3.0, 2.0","country, region, annual_revenue_usd_millions, company_founding_year, company_age, company_age_group, ai_adoption_rate, ai_adoption_stage, num_ai_tools_used, ai_projects_active, ai_training_hours, ai_investment_per_employee, regulatory_compliance_score, ai_ethics_committee, ai_risk_management_score, task_automation_rate, survey_source, data_collection_method",2.0,0.1,1.0,1,1.0,4980,4980,0.6,0.00042247147662370806,0,0
"2025.0, 7.0, 2.0, 0.0, [-197187.76880000002,207092.9288], [43.21,72.79], 1.0, 0.0, [6.4724499999999985,29.42755], 3.0","survey_year, industry, ai_adoption_stage, ai_primary_tool, ai_investment_per_employee, regulatory_compliance_score, data_privacy_level, ai_ethics_committee, task_automation_rate, data_collection_method",0.0,0.1,1.0,1,1.6,4981,4981,0.3333333333333333,0.0006759543625979329,0,0
"2025.0, [0.33000000000000007,13.67], 7.0, [-3937.8150000000005,4115.8150000000005], [1991.4,2010.6], [11.05,36.95], 2.0, 0.0, [-0.2928000000000006,14.6128], [0.17681250000000004,0.4831875], [15.624549999999997,36.85545], 1.0, 0.0, 3.0","survey_year, country, industry, num_employees, company_founding_year, company_age, ai_adoption_stage, ai_primary_tool, ai_budget_percentage, ai_maturity_score, ai_failure_rate, data_privacy_level, ai_ethics_committee, data_collection_method",0.0,0.1,1.0,1,2.0,4981,4981,0.4666666666666667,0.0008449429532474161,0,0
"0.0, 4.0, 0.0, [-1293.6949999999997,13045.695], 2.0, [5.1499999999999995,10.850000000000001], 2.0, 2.0, 2.0, [8.17,13.65], [-0.0011249999999999594,0.469125], 2.0, [4.936999999999999,31.943000000000005], 1.0","region, industry, company_size, num_employees, ai_adoption_stage, years_using_ai, ai_primary_tool, num_ai_tools_used, ai_use_case, ai_budget_percentage, ai_maturity_score, data_privacy_level, task_automation_rate, data_collection_method",2.0,1.0,1.0,1,1.0,4982,4982,0.4666666666666667,0.00042247147662370806,1,1
"2025.0, [-5.73,15.73], 1.0, 2.0, 1.0, [-3012.6280500000003,3879.5680500000008], [13.9,32.1], [-11.142100000000003,38.60210000000001], [2.35,9.65], 4.0, [-7.8548000000000044,35.134800000000006], [-21787.309600000008,242550.06960000002], 0.0, 0.0, [39.525,62.475], 1.0","survey_year, country, region, industry, company_size, annual_revenue_usd_millions, company_age, ai_adoption_rate, years_using_ai, ai_primary_tool, ai_training_hours, ai_investment_per_employee, data_privacy_level, ai_ethics_committee, ai_risk_management_score, survey_source",0.0,0.1,1.0,1,1.25,4983,4983,0.5333333333333333,0.0005280893457796351,0,0
"2025.0, 3.0, [-5.73,15.73], 1.0, 2.0, 1.0, [-3099.0950000000003,3383.0950000000003], [-3012.6280500000003,3879.5680500000008], [13.9,32.1], [-11.142100000000003,38.60210000000001], [2.35,9.65], 4.0, 2.0, [-7.8548000000000044,35.134800000000006], [-21787.309600000008,242550.06960000002], 0.0, 0.0, [39.525,62.475], 1.0","survey_year, quarter, country, region, industry, company_size, num_employees, annual_revenue_usd_millions, company_age, ai_adoption_rate, years_using_ai, ai_primary_tool, num_ai_tools_used, ai_training_hours, ai_investment_per_employee, data_privacy_level, ai_ethics_committee, ai_risk_management_score, survey_source",0.0,0.1,1.0,1,1.25,4983,4983,0.6333333333333333,0.0005280893457796351,0,0
"2.0, [743.9988999999998,4539.7011], [7.625,30.375], 1.0, [-3.287700000000001,28.3677], [-3.1843000000000004,36.6443], [0.01618750000000002,0.5078125], [46.86,85.14], 0.0, 0.0, 2.0, 3.0","region, annual_revenue_usd_millions, company_age, company_age_group, ai_adoption_rate, ai_training_hours, ai_maturity_score, regulatory_compliance_score, data_privacy_level, ai_ethics_committee, survey_source, data_collection_method",0.0,0.1,1.0,1,1.4,4984,4984,0.4,0.0005914600672731913,0,0
"2024.0, 3.0, [-1446.9307500000004,2049.1107500000003], [1980.44,2001.56], [26.175,39.825], [27.383249999999997,68.83675], 2.0, [3.75,6.25], 1.0, [143155.58319999996,508563.1368], [62.17,77.83], [49.31,68.69], [9.951749999999997,39.20825], 1.0","survey_year, industry, annual_revenue_usd_millions, company_founding_year, company_age, ai_adoption_rate, ai_adoption_stage, years_using_ai, ai_primary_tool, ai_investment_per_employee, regulatory_compliance_score, ai_risk_management_score, task_automation_rate, data_collection_method",1.0,0.1,1.0,1,1.0,4986,4986,0.4666666666666667,0.00042247147662370806,0,0
"3.0, [-1446.9307500000004,2049.1107500000003], [1980.44,2001.56], [26.175,39.825], [27.383249999999997,68.83675], 2.0, [3.75,6.25], 1.0, [30.639200000000002,48.3408], [143155.58319999996,508563.1368], [62.17,77.83], [49.31,68.69], [9.951749999999997,39.20825], 1.0","industry, annual_revenue_usd_millions, company_founding_year, company_age, ai_adoption_rate, ai_adoption_stage, years_using_ai, ai_primary_tool, ai_training_hours, ai_investment_per_employee, regulatory_compliance_score, ai_risk_management_score, task_automation_rate, data_collection_method",2,0.1,1.0,1,1.0,4986,4986,0.4666666666666667,0.00042247147662370806,0,0
"3.0, 1.0, 3.0, [-3148.3100000000004,3530.3100000000004], [1989.24,2000.76], [-20.812100000000004,28.932100000000002], 1.0, [-2.8500000000000005,2.8500000000000005], 2.0, 1.0, 2.0, [4.1308,15.5292], [0.02300000000000002,0.479], 2.0, [47.565,66.435], [-6.982500000000002,15.5225], 0.0","quarter, region, industry, num_employees, company_founding_year, ai_adoption_rate, ai_adoption_stage, years_using_ai, ai_primary_tool, num_ai_tools_used, ai_use_case, ai_budget_percentage, ai_maturity_score, data_privacy_level, ai_risk_management_score, task_automation_rate, data_collection_method",1.0,0.1,1.0,1,1.6666666666666667,4987,4987,0.5666666666666667,0.0007041191277061802,0,0
"3.0, [6.91,19.09], 1.0, 3.0, [-3148.3100000000004,3530.3100000000004], [1989.24,2000.76], [-20.812100000000004,28.932100000000002], 1.0, [-2.8500000000000005,2.8500000000000005], 2.0, 1.0, 2.0, 0.0","quarter, country, region, industry, num_employees, company_founding_year, ai_adoption_rate, ai_adoption_stage, years_using_ai, ai_primary_tool, num_ai_tools_used, ai_use_case, data_collection_method",1.0,0.1,1.0,1,3.0,4987,4987,0.43333333333333335,0.0012674144298711243,0,0
"2026.0, 1.0, 7.0, [10.274999999999999,33.725], 1.0, 2.0, [0.4500000000000002,7.55], 2.0, 3.0, 3.0, [27.360400000000002,50.119600000000005], [6.4952,14.8248], [0.12775,0.61225], [12.86085,29.699150000000003], [48.85,69.15], 1.0, 1.0","survey_year, region, industry, company_age, company_age_group, ai_adoption_stage, years_using_ai, ai_primary_tool, num_ai_tools_used, ai_use_case, ai_training_hours, ai_budget_percentage, ai_maturity_score, ai_failure_rate, regulatory_compliance_score, data_privacy_level, survey_source",2.0,0.1,1.0,1,2.0,4988,4988,0.5666666666666667,0.0008449429532474161,0,0
"2026.0, 1.0, 7.0, [10.274999999999999,33.725], 1.0, 2.0, [0.4500000000000002,7.55], 2.0, 3.0, 3.0, 1.0, [19.6866,50.293400000000005], 1.0","survey_year, region, industry, company_age, company_age_group, ai_adoption_stage, years_using_ai, ai_primary_tool, num_ai_tools_used, ai_use_case, data_privacy_level, task_automation_rate, survey_source",2.0,0.1,1.0,1,2.0,4988,4988,0.43333333333333335,0.0008449429532474161,0,0
"[21.314999999999998,36.685], 1.0, 1.0, [-5285.115,6697.115], [1987.48,2002.52], [24.575,35.425], 3.0, [0.6999999999999997,7.300000000000001], 5.0, 2.0, 3.0, [2.8486999999999973,23.7113], [0.10375000000000004,0.36024999999999996], 1.0, 0.0","country, region, company_size, num_employees, company_founding_year, company_age, ai_adoption_stage, years_using_ai, ai_primary_tool, num_ai_tools_used, ai_use_case, ai_training_hours, ai_maturity_score, data_privacy_level, survey_source",0.0,0.1,1.0,1,1.5,4989,4989,0.5,0.0006337072149355621,0,0
"2023.0, 0.0, [-5.51,5.51], 5.0, 1.0, 3.0, 2.0, 1.0, [59.21,88.78999999999999]","survey_year, quarter, country, region, industry, ai_adoption_stage, num_ai_tools_used, ai_ethics_committee, ai_risk_management_score",0.0,0.1,1.0,1,1.0,4990,4990,0.3,0.00042247147662370806,0,0
"2025.0, 0.0, 2.0, [-4029.0299999999997,4221.03], [6.6,23.4], 3.0, [0.0,6.0], 2.0, 7.0, [2.05,11.95], [0.045562500000000006,0.3804375], [14.1269,30.2331], [62.37,89.63], 0.0, [35.23,62.77], [11.741949999999997,39.19805], 3.0","survey_year, quarter, company_size, num_employees, company_age, ai_adoption_stage, years_using_ai, num_ai_tools_used, ai_use_case, ai_projects_active, ai_maturity_score, ai_failure_rate, regulatory_compliance_score, ai_ethics_committee, ai_risk_management_score, task_automation_rate, survey_source",1.0,0.1,1.0,1,1.0,4991,4991,0.5666666666666667,0.00042247147662370806,0,0
"2025.0, [-4029.0299999999997,4221.03], [6.6,23.4], 3.0, [0.0,6.0], 2.0, 7.0, [2.05,11.95], [0.045562500000000006,0.3804375], [14.1269,30.2331], [62.37,89.63], 0.0, [11.741949999999997,39.19805], 3.0","survey_year, num_employees, company_age, ai_adoption_stage, years_using_ai, num_ai_tools_used, ai_use_case, ai_projects_active, ai_maturity_score, ai_failure_rate, regulatory_compliance_score, ai_ethics_committee, task_automation_rate, survey_source",1.0,0.1,1.0,1,1.0,4991,4991,0.4666666666666667,0.00042247147662370806,0,0
"3.0, [18.085,25.915], 0.0, 7.0, 0.0, [1683.045,8950.955], [2005.32,2028.68], 3.0, 2.0, [-1.0499999999999998,5.05], 1.0, [94167.7536,335181.2464], 0.0, 1.0","quarter, country, region, industry, company_size, num_employees, company_founding_year, company_age_group, ai_adoption_stage, years_using_ai, num_ai_tools_used, ai_investment_per_employee, data_privacy_level, data_collection_method",1.0,0.1,1.0,1,2.0,4992,4992,0.4666666666666667,0.0008449429532474161,0,0
"0.0, 3.0, 1.0, [-4957.9,6827.9], [-2641.8139,3551.1739], [2015.44,2028.56], [-9.674999999999999,11.674999999999999], [30.42175,64.33825], 2.0, 2.0, [0.15656250000000002,0.6054375], 1.0, [51.565,70.435], [13.638,31.642000000000003], 3.0","quarter, industry, company_size, num_employees, annual_revenue_usd_millions, company_founding_year, company_age, ai_adoption_rate, ai_adoption_stage, ai_primary_tool, ai_maturity_score, ai_ethics_committee, ai_risk_management_score, task_automation_rate, data_collection_method",1.0,0.1,1.0,1,2.5,4993,4993,0.5,0.0010561786915592702,0,0
"2023.0, 0.0, 3.0, 1.0, [-4957.9,6827.9], [-2641.8139,3551.1739], [2015.44,2028.56], [-9.674999999999999,11.674999999999999], [30.42175,64.33825], 2.0, 2.0, 2.0, [3.2856999999999985,43.1143], [0.15656250000000002,0.6054375], 1.0, [51.565,70.435], [11.16245,34.11755], 3.0","survey_year, quarter, industry, company_size, num_employees, annual_revenue_usd_millions, company_founding_year, company_age, ai_adoption_rate, ai_adoption_stage, ai_primary_tool, num_ai_tools_used, ai_training_hours, ai_maturity_score, ai_ethics_committee, ai_risk_management_score, task_automation_rate, data_collection_method",1.0,0.1,1.0,1,2.5,4993,4993,0.6,0.0010561786915592702,0,0
"1.0, [-3046.0950000000003,6580.1900000000005], [-2850.0001,2964.82355], [1991.16,2016.56], [-1.25,3.25], [-0.08418749999999997,0.45018749999999996], [20.455475,34.654700000000005], [-75017.28640000001,165996.2064], [59.47,92.53], [-8.743300000000001,20.963300000000004], 0.0","region, num_employees, annual_revenue_usd_millions, company_founding_year, ai_projects_active, ai_maturity_score, ai_failure_rate, ai_investment_per_employee, regulatory_compliance_score, task_automation_rate, survey_source",0.0,0.053888000000000005,0.8,1,4.19904,4994,4994,0.36666666666666664,0.0017739746292020151,0,0
"2023.0, [14.49,25.509999999999998], 2.0, 6.0, 0.0, [-4024.8999999999996,7760.9], [4952.8344,9747.4056], [1982.68,1999.32], [48.186400000000006,90.3936], [0.7999999999999998,5.2], 5.0, 5.0, [8.94,15.06], [6.4243999999999994,19.7956], [-1.1526750000000021,23.372675], [336910.76759999996,694543.6924], [39.92,70.08], 0.0, 2.0","survey_year, country, region, industry, company_size, num_employees, annual_revenue_usd_millions, company_founding_year, ai_adoption_rate, years_using_ai, ai_primary_tool, num_ai_tools_used, ai_projects_active, ai_budget_percentage, ai_failure_rate, ai_investment_per_employee, regulatory_compliance_score, data_privacy_level, data_collection_method",2.0,1.0,1.0,1,1.0,4995,4995,0.6333333333333333,0.00042247147662370806,1,1
"2.0, [-9.584999999999999,11.584999999999999], [-5803.975,6963.975], [-2823.9608000000003,3568.8008000000004], 2.0, [0.064,0.52], 0.0, [59.015,82.985]","quarter, country, num_employees, annual_revenue_usd_millions, ai_adoption_stage, ai_maturity_score, data_privacy_level, ai_risk_management_score",1,0.004205911717406287,0.4818181818181818,1,5.674048,4996,4996,0.26666666666666666,0.0023971234369937976,0,0
"1.0, [-8435.097428320456,6963.975], [-2823.9608000000003,3568.8008000000004], [21.593399999999995,48.7266], 2.0, 5.0, 0.0, [59.015,82.985]","company_size, num_employees, annual_revenue_usd_millions, ai_adoption_rate, ai_adoption_stage, ai_use_case, data_privacy_level, ai_risk_management_score",1,0.004205911717406287,0.4818181818181818,1,5.9394688,4996,4996,0.26666666666666666,0.0025092561542964433,0,0
"2024.0, 1.0, [-2623.0639,3569.9239], [5.1,28.9], 0.0, 5.0, [5.76,12.24], [-8.163100000000002,36.7231], [-0.4460000000000006,12.706], [-68380.1664,172633.32640000002], [49.11,72.89], 2.0, 0.0, [43.74,70.26], 2.0","survey_year, company_size, annual_revenue_usd_millions, company_age, ai_primary_tool, ai_use_case, ai_projects_active, ai_training_hours, ai_budget_percentage, ai_investment_per_employee, regulatory_compliance_score, data_privacy_level, ai_ethics_committee, ai_risk_management_score, survey_source",2.0,0.1,1.0,1,1.0,4997,4997,0.5,0.00042247147662370806,0,0
"2024.0, 1.0, [-2623.0639,3569.9239], [5.1,28.9], 1.0, 0.0, 5.0, [5.76,12.24], [-0.4460000000000006,12.706], [0.2019375,0.38006249999999997], [-68380.1664,172633.32640000002], 2.0, 0.0, [43.74,70.26], [4.0020500000000006,30.55795], 2.0, 2.0","survey_year, company_size, annual_revenue_usd_millions, company_age, company_age_group, ai_primary_tool, ai_use_case, ai_projects_active, ai_budget_percentage, ai_maturity_score, ai_investment_per_employee, data_privacy_level, ai_ethics_committee, ai_risk_management_score, task_automation_rate, survey_source, data_collection_method",2.0,0.1,1.0,1,1.0,4997,4997,0.5666666666666667,0.00042247147662370806,0,0
"2.0, 2.0, 1.0, [-1911.5900000000001,3195.59], [2000.44,2013.56], 1.0, 2.0, [4.55,7.45], 3.0, 5.0, [34.8077,61.9923], [8.480799999999999,14.3992], [0.23150000000000004,0.7444999999999999], 2.0, 0.0, 3.0, 3.0","quarter, region, company_size, num_employees, company_founding_year, company_age_group, ai_adoption_stage, years_using_ai, num_ai_tools_used, ai_use_case, ai_training_hours, ai_budget_percentage, ai_maturity_score, data_privacy_level, ai_ethics_committee, survey_source, data_collection_method",2.0,1.0,1.0,1,1.0,4998,4998,0.5666666666666667,0.00042247147662370806,1,1
"2025.0, 2.0, 2.0, 3.0, 2.0, [-6610.620000000001,6746.620000000001], [-1751.1442000000002,1844.7842], [1998.64,2025.9810329410714], [-0.40000000000000036,6.4], 0.0, 3.0, [-39990.230800000005,208797.8908], [57.11,80.89], [59.115,72.885], 2.0, 3.0","survey_year, quarter, region, industry, company_size, num_employees, annual_revenue_usd_millions, company_founding_year, years_using_ai, ai_primary_tool, ai_use_case, ai_investment_per_employee, regulatory_compliance_score, ai_risk_management_score, survey_source, data_collection_method",2.0,0.1,1.0,1,1.0,4999,4999,0.5333333333333333,0.00042247147662370806,0,0
"2025.0, 2.0, 2.0, 3.0, 2.0, [-6610.620000000001,6746.620000000001], [-1751.1442000000002,1844.7842], [1998.64,2021.36], [-0.40000000000000036,6.4], 0.0, 3.0, [22.790599999999998,56.9294], [-39990.230800000005,208797.8908], [57.11,80.89], [59.115,72.885], 2.0, 3.0","survey_year, quarter, region, industry, company_size, num_employees, annual_revenue_usd_millions, company_founding_year, years_using_ai, ai_primary_tool, ai_use_case, ai_training_hours, ai_investment_per_employee, regulatory_compliance_score, ai_risk_management_score, survey_source, data_collection_method",2.0,0.1,1.0,1,1.0,4999,4999,0.5666666666666667,0.00042247147662370806,0,0
