Specified Values,Specified Attribute Names,productivity_class,Fitness,Accuracy,Numerosity,Avg Match Set Size,TimeStamp GA,Iteration Initialized,Specificity,Deletion Probability,Correct Count,Match Count
"[33.6512,69.8288], [0.34475,0.60125], [25.382299999999994,61.4177], [17.88185,46.238150000000005], 2.0","ai_adoption_rate, ai_maturity_score, ai_training_hours, task_automation_rate, ai_adoption_stage",2.0,0.12151030204539778,0.6560283687943262,4,300.97660638314795,4998,0,0.7142857142857143,0.0001305772946472311,925,1410
"[0.07043750000000001,0.41956249999999995], [21.199675,40.600325], [11.08325,26.836750000000002], 1.0, 6.0","ai_maturity_score, ai_failure_rate, task_automation_rate, ai_adoption_stage, industry",1.0,0.011065393686294556,0.40625,1,299.675525551788,4443,1,0.7142857142857143,0.0004947096646986505,65,160
"[-5.343600000000002,27.0636]",task_automation_rate,0.0,0.010320693060121055,0.40062843676355064,5,299.0984182874389,4985,2,0.14285714285714285,0.012475427079668137,1530,3819
"[53.952850000000005,83.34715], [2.9692500000000006,13.950750000000001], 2.0, 5.0","ai_adoption_rate, ai_failure_rate, ai_adoption_stage, industry",2.0,0.13168724279835387,0.6666666666666666,1,163.54622281728,4926,5,0.5714285714285714,1.690130199837746e-05,10,15
"[35.3605,88.1195], [28.211100000000002,59.188900000000004], 2.0, 4.0","ai_adoption_rate, ai_training_hours, ai_adoption_stage, industry",2.0,0.2454868426366091,0.7551020408163265,2,320.9017654000862,4980,6,0.5714285714285714,6.632568524555711e-05,185,245
"[-10.985300000000002,35.1653], 1.0","ai_training_hours, industry",1.0,0.02407299349605685,0.4745762711864407,1,351.6056896850115,4953,8,0.2857142857142857,3.633586788704658e-05,140,295
"[33.3045,55.9155], [0.22837500000000002,0.413625], 2.0, 2.0","ai_adoption_rate, ai_maturity_score, ai_adoption_stage, industry",1.0,0.0069691719376256305,0.37037037037037035,2,320.3594403350257,4812,10,0.5714285714285714,0.0033587859479296146,50,135
"[13.23995,68.26005], [0.14212500000000003,0.5838749999999999], [7.029424999999998,30.090575], [4.657899999999998,23.5621]","ai_adoption_rate, ai_maturity_score, ai_failure_rate, task_automation_rate",2.0,0.0018420168205721364,0.2838302752293578,2,313.7380906315983,4973,12,0.5714285714285714,0.013272791975132332,495,1744
"[23.4623,55.1177], [5.152999999999999,49.407000000000004], [16.887999999999998,34.892], 2.0","ai_adoption_rate, ai_training_hours, task_automation_rate, ai_adoption_stage",1.0,0.009410682082579756,0.3933002481389578,1,317.1606968150986,4986,14,0.5714285714285714,0.0006366079054199146,634,1612
4.0,industry,2.0,0.007569620421234069,0.3765432098765432,3,315.05150913317203,4980,19,0.14285714285714285,0.006842518189011317,244,648
"[0.242625,0.513375], [4.925474999999999,27.254525], [1.5518499999999982,29.908150000000003], 2.0, 0.0","ai_maturity_score, ai_failure_rate, task_automation_rate, ai_adoption_stage, industry",1.0,0.03125,0.5,2,330.8759078321573,4906,23,0.7142857142857143,0.0007736438984507825,80,160
"[55.316950000000006,95.26305], [0.605625,0.8193749999999999], [-2.330075000000001,13.410075], [38.3125,85.7275], [22.262549999999997,44.31745]","ai_adoption_rate, ai_maturity_score, ai_failure_rate, ai_training_hours, task_automation_rate",2.0,0.7048340154031014,0.9324324324324325,3,230.9579864664676,4935,25,0.7142857142857143,7.16034392778622e-05,69,74
"[-9.759500000000003,42.999500000000005], [-6.712600000000004,35.012600000000006], [-4.248650000000001,28.60865], 1.0, 2.0","ai_adoption_rate, ai_training_hours, task_automation_rate, ai_adoption_stage, industry",1.0,0.008045820017865139,0.3811659192825112,2,278.22384844602203,4760,27,0.7142857142857143,0.002526678708601681,85,223
"[-5.343600000000002,31.75818470517367]",task_automation_rate,0.0,0.0054314588204966785,0.3523573200992556,4,302.29435884617726,4985,28,0.14285714285714285,0.015170293127757141,1562,4433
"[0.22512500000000002,0.438875], [23.4048,43.635200000000005], [24.912350000000004,48.76765], 2.0","ai_maturity_score, ai_training_hours, task_automation_rate, ai_adoption_stage",1.0,0.005273417009494786,0.3502824858757062,1,335.43963767244605,4944,30,0.5714285714285714,0.0011619521764836638,124,354
"[2.601849999999999,30.958150000000003], 1.0","task_automation_rate, industry",1.0,0.02766206861177848,0.4879518072289157,2,334.0232232436957,4953,31,0.2857142857142857,0.0008823034732220469,162,332
"[16.44055449960417,69.8288], [0.34475,0.60125], [25.382299999999994,61.4177], [17.88185,46.238150000000005], 2.0, 2.0","ai_adoption_rate, ai_maturity_score, ai_training_hours, task_automation_rate, ai_adoption_stage, industry",2.0,0.17359814762676115,0.7045454545454546,2,299.23883610222754,4886,34,0.8571428571428571,6.184827569215318e-05,93,132
1.0,ai_adoption_stage,1.0,0.007757230647465016,0.37839147286821706,3,303.8275973146925,4991,36,0.14285714285714285,0.006224064941888595,781,2064
"[0.08406250000000004,0.5899375], [12.090174999999999,24.169825], [20.329099999999997,63.950900000000004], [30.5486,43.1514], 1.0","ai_maturity_score, ai_failure_rate, ai_training_hours, task_automation_rate, ai_adoption_stage",2.0,1.0,1.0,2,71.6,4043,43,0.7142857142857143,1.4798669174228897e-05,5,5
"[33.3045,55.9155], [0.22837500000000002,0.413625], 2.0, 2.0","ai_adoption_rate, ai_maturity_score, ai_adoption_stage, industry",0,0.012093590046770077,0.41353383458646614,4,320.35944033502636,4903,46,0.5714285714285714,0.007742268981262237,55,133
"[0.37424999999999997,0.57375], [8.710349999999996,32.86965], [1.0963999999999992,33.503600000000006], 2.0","ai_maturity_score, ai_failure_rate, task_automation_rate, ai_adoption_stage",1.0,0.005590873049139781,0.3544018058690745,2,304.54001858765076,4986,57,0.5714285714285714,0.004334666293134152,471,1329
"[13.23995,68.26005], [0.14212500000000003,0.5838749999999999], [7.029424999999998,30.090575], [6.934699999999999,53.085300000000004], [4.657899999999998,23.5621]","ai_adoption_rate, ai_maturity_score, ai_failure_rate, ai_training_hours, task_automation_rate",2.0,0.0017689533884353722,0.28154205607476634,1,314.54713349557176,4973,59,0.7142857142857143,0.003467857306358471,482,1712
"[13.23995,38.113170007176535], [0.14212500000000003,0.5838749999999999], [7.029424999999998,30.090575], [4.657899999999998,23.5621]","ai_adoption_rate, ai_maturity_score, ai_failure_rate, task_automation_rate",2.0,0.00014921166712717997,0.1716961498439126,1,306.16532719885106,4973,59,0.5714285714285714,0.03820552490148659,165,961
"[7.01585,51.48415], 1.0","ai_adoption_rate, ai_adoption_stage",1.0,0.007784277539446281,0.3786549707602339,1,303.8275973146925,4991,70,0.2857142857142857,0.0006891403544299213,777,2052
"[-10.985300000000002,35.1653], 1.0","ai_training_hours, industry",0,0.0098061653567043,0.39655172413793105,1,351.6056896850115,4817,80,0.2857142857142857,0.0006549719046416094,115,290
"[0.37424999999999997,0.57375], [8.710349999999996,32.86965], [-3.726000000000001,34.206], [1.0963999999999992,33.503600000000006], 2.0","ai_maturity_score, ai_failure_rate, ai_training_hours, task_automation_rate, ai_adoption_stage",1.0,0.012558674125514407,0.4166666666666667,1,330.21021877488295,4897,86,0.7142857142857143,0.0005408546754022824,225,540
"[23.4623,55.1177], [0.22512500000000002,0.438875], [5.152999999999999,43.635200000000005], [24.912350000000004,34.892], 2.0","ai_adoption_rate, ai_maturity_score, ai_training_hours, task_automation_rate, ai_adoption_stage",1.0,0.014920888503658438,0.4312796208530806,1,346.8053933610324,4944,88,0.7142857142857143,0.0004245776675224862,182,422
"[23.4048,49.407000000000004], [16.887999999999998,48.76765]","ai_training_hours, task_automation_rate",1.0,0.004818598112264744,0.3440203562340967,1,301.7111649913069,4986,88,0.2857142857142857,0.0012009412251113858,676,1965
"[-2.835700000000001,20.5557], 1.0","ai_training_hours, ai_adoption_stage",1.0,0.003261195211454756,0.3181818181818182,1,318.4125505250061,4953,92,0.2857142857142857,0.0017648109372469158,357,1122
"[16.16875,35.011250000000004], [0.08406250000000004,0.5899375], [25.596899999999998,41.7031], [18.3775,34.182500000000005], [3.3917499999999983,32.648250000000004], 1.0, 6.0","ai_adoption_rate, ai_maturity_score, ai_failure_rate, ai_training_hours, task_automation_rate, ai_adoption_stage, industry",2.0,0.001039954939090475,0.25316455696202533,1,323.63694514117344,4968,93,1.0,0.0056847263091776325,20,79
"[0.13825,0.56575], [13.4664,45.8736], 8.0","ai_maturity_score, task_automation_rate, industry",2.0,0.03488001083845618,0.5111111111111111,2,296.87843096671213,4959,99,0.42857142857142855,0.0006219106805299452,230,450
"[21.519149999999996,52.42085], [2.503999999999998,40.436], 5.0","ai_adoption_rate, ai_training_hours, industry",1.0,0.008782150799823446,0.3879003558718861,1,259.11986350135146,4991,100,0.42857142857142855,0.0005389715052808515,109,281
"[-12.426200000000003,26.766200000000005], [21.785475,44.114525], [6.6279,45.192099999999996], 0.0","ai_adoption_rate, ai_failure_rate, ai_training_hours, ai_adoption_stage",1.0,0.0032047745118105506,0.3170731707317073,1,211.85980983006692,4987,101,0.5714285714285714,0.001207583274775484,39,123
"[0.22837500000000002,0.413625], 2.0, 2.0","ai_maturity_score, ai_adoption_stage, industry",0,0.009514061695186727,0.39416058394160586,1,320.1072382940343,4903,103,0.42857142857142855,0.0006146041952435271,54,137
"[8.373650000000001,61.88635000000001], [0.09387500000000004,0.564125], [14.598249999999998,40.22175], [30.6787,42.3813], 2.0, 6.0","ai_adoption_rate, ai_maturity_score, ai_failure_rate, task_automation_rate, ai_adoption_stage, industry",2.0,0.1823861694344157,0.7115384615384616,1,302.0784481525609,4938,108,0.8571428571428571,3.1217590913926016e-05,37,52
"[25.81655,53.70345], [26.228699999999996,37.9313], 2.0","ai_adoption_rate, task_automation_rate, ai_adoption_stage",2.0,0.07830992708602404,0.6008462623413258,1,313.88695889089684,4998,110,0.42857142857142855,3.240915768815248e-05,426,709
"[26.109924999999997,41.850075]",ai_failure_rate,0.0,0.029639526626358634,0.49473684210526314,4,313.32548177684254,4985,116,0.14285714285714285,0.0030564711846076333,1175,2375
"[-9.759500000000003,51.48415], [-4.248650000000001,28.60865], 1.0","ai_adoption_rate, task_automation_rate, ai_adoption_stage",1.0,0.007415771484375,0.375,1,303.79530974096065,4991,117,0.42857142857142855,0.0007231110173395495,738,1968
"[-6.712600000000004,35.012600000000006], 1.0, 2.0","ai_training_hours, ai_adoption_stage, industry",1.0,0.0075298581327189786,0.3761467889908257,2,278.22384844602203,4760,117,0.42857142857142855,0.0026998121045662135,82,218
"[-10.985300000000002,35.1653], [2.601849999999999,30.958150000000003], 1.0","ai_training_hours, task_automation_rate, industry",1.0,0.035151660700160806,0.5119047619047619,2,357.104408424771,4953,119,0.42857142857142855,0.0007422929647701986,129,252
"[0.1918125,0.49818749999999995], 1.0","ai_maturity_score, industry",1.0,0.04203078919686331,0.5305343511450382,1,340.32787899398255,4953,119,0.2857142857142857,3.517038891060721e-05,139,262
"[33.6512,69.8288], [0.34475,0.60125], [25.382299999999994,61.4177], [17.88185,46.238150000000005], 2.0","ai_adoption_rate, ai_maturity_score, ai_training_hours, task_automation_rate, ai_adoption_stage",1,0.002087743808929942,0.2910284463894967,2,300.97660638314795,4986,121,0.7142857142857143,0.011032685149969648,399,1371
"2.0, 6.0","ai_adoption_stage, industry",2.0,0.1193785953135939,0.6537102473498233,5,315.9804900466162,4938,133,0.2857142857142857,0.00017085488077688937,185,283
4.0,industry,0,0.002886521775667909,0.3105095541401274,2,315.05150913317203,4819,136,0.14285714285714285,0.007975037000173489,195,628
"[0.20018750000000002,0.6918124999999999], 4.0","ai_maturity_score, industry",2.0,0.016692108680227018,0.44106463878326996,1,315.9892653991464,4980,136,0.2857142857142857,0.000345801692649138,232,526
"[0.34475,0.60125], [25.382299999999994,61.4177], [17.88185,46.238150000000005], 2.0","ai_maturity_score, ai_training_hours, task_automation_rate, ai_adoption_stage",1,0.0020285325319737554,0.2893586005830904,1,300.97660638314795,4986,139,0.5714285714285714,0.0028388900848035446,397,1372
"[55.316950000000006,65.49558420569616], [0.605625,0.8193749999999999], [38.3125,85.7275], [22.262549999999997,44.31745]","ai_adoption_rate, ai_maturity_score, ai_training_hours, task_automation_rate",2.0,0.7048340154031014,0.9324324324324325,4,252.15552058631795,4935,147,0.5714285714285714,0.00010423369077129564,69,74
"[13.23995,68.26005], [7.029424999999998,30.090575], [6.934699999999999,53.085300000000004], [4.663549999999999,17.716450000000002]","ai_adoption_rate, ai_failure_rate, ai_training_hours, task_automation_rate",2.0,0.0006042085370317747,0.22711058263971462,1,307.89375569061565,4968,149,0.5714285714285714,0.009492926240762738,191,841
"[33.3045,55.9155], [0.22837500000000002,0.413625], [1.1076999999999995,21.8123], 2.0, 2.0","ai_adoption_rate, ai_maturity_score, task_automation_rate, ai_adoption_stage, industry",0,0.0286899592428037,0.4915254237288136,1,331.134403336492,4903,153,0.7142857142857143,3.4220310664681725e-05,29,59
"[63.048199999999994,84.1518], [8.76135,18.27865], [31.735,63.345], [14.777399999999998,38.1826], 3.0, 8.0","ai_adoption_rate, ai_failure_rate, ai_training_hours, task_automation_rate, ai_adoption_stage, industry",2.0,1.0,1.0,2,108.381696,4557,156,0.8571428571428571,2.2400905916841443e-05,10,10
"[10.515725,29.184275000000003], [0.4951999999999934,43.48480000000001], 2.0","ai_failure_rate, ai_training_hours, ai_adoption_stage",2.0,0.024238035985095812,0.4752252252252252,1,304.48576067398875,4980,161,0.42857142857142855,3.393337054687083e-05,844,1776
"[22.087650000000004,45.45235], [23.950174999999998,36.029825]","ai_adoption_rate, ai_failure_rate",2.0,0.00021130534452313892,0.18406961178045517,1,319.4862869985237,4973,168,0.2857142857142857,0.02794643732683568,275,1494
"[23.4623,55.1177], [16.887999999999998,22.252100000000002]","ai_adoption_rate, task_automation_rate",1.0,0.013076551370320755,0.4200477326968974,2,312.81208485698863,4939,181,0.2857142857142857,0.0017747261505558856,352,838
"[33.6512,69.8288], [0.34475,0.60125], [25.382299999999994,61.4177], [17.88185,34.43258982089557], 2.0, 6.0","ai_adoption_rate, ai_maturity_score, ai_training_hours, task_automation_rate, ai_adoption_stage, industry",1,0.0006544696506532578,0.23076923076923078,1,337.4371474300556,4944,186,0.8571428571428571,0.010672274658913577,33,143
"[33.6512,69.8288], [0.34475,0.60125], [25.382299999999994,61.4177], [17.88185,46.238150000000005]","ai_adoption_rate, ai_maturity_score, ai_training_hours, task_automation_rate",2.0,0.12239114081258282,0.6569767441860465,1,299.95059673123694,4998,186,0.5714285714285714,3.238545996919793e-05,904,1376
"[22.267575,43.132425000000005], [-6.712600000000004,35.012600000000006], [-4.248650000000001,28.60865], 1.0","ai_failure_rate, ai_training_hours, task_automation_rate, ai_adoption_stage",1.0,0.007280320741326085,0.3736199883788495,1,321.84701081988555,4960,206,0.5714285714285714,0.0008063874475401747,643,1721
"1.0, 2.0","ai_adoption_stage, industry",1.0,0.008416533573215765,0.38461538461538464,1,274.7374433062124,4760,206,0.2857142857142857,0.000596280464935932,90,234
"[7.01585,51.48415], [0.047125000000000056,0.48887499999999995]","ai_adoption_rate, ai_maturity_score",1.0,0.010205405437046284,0.3997293640054127,3,306.08790516891133,4991,212,0.2857142857142857,0.0048006851542467975,1477,3695
"[0.13262500000000002,0.40337500000000004], 1.0","ai_maturity_score, ai_adoption_stage",1.0,0.01041533838784845,0.4013605442176871,1,309.54109172076994,4991,212,0.2857142857142857,0.0005302124031002596,708,1764
"[-10.985300000000002,35.1653], [-5.343600000000002,27.0636]","ai_training_hours, task_automation_rate",0,0.0233977349174625,0.47188346883468835,4,293.19617563251205,4985,217,0.2857142857142857,0.003504636415242155,1393,2952
"[55.316950000000006,65.49558420569616], [0.605625,0.8193749999999999], [38.3125,85.7275], [22.262549999999997,44.31745], 7.0","ai_adoption_rate, ai_maturity_score, ai_training_hours, task_automation_rate, industry",2.0,1.0,1.0,1,134.75,4223,223,0.7142857142857143,1.3925423681755195e-05,4,4
"[0.047125000000000056,0.48887499999999995], 5.0","ai_maturity_score, industry",2,0.000541922809869769,0.2222222222222222,1,256.5612953935468,4998,226,0.2857142857142857,0.008587368508284229,76,342
"[13.23995,68.26005], [0.13825,0.5838749999999999], [6.934699999999999,53.085300000000004], [4.657899999999998,45.8736]","ai_adoption_rate, ai_maturity_score, ai_training_hours, task_automation_rate",2.0,0.005277279120165727,0.35033377837116153,2,299.7045182017821,4998,248,0.5714285714285714,0.004155048057386545,1312,3745
"[7.029424999999998,30.090575]",ai_failure_rate,2.0,0.016716711567281047,0.4411945812807882,3,286.7800917570835,4998,248,0.14285714285714285,0.0028134783948998623,1433,3248
"[-9.759500000000003,42.999500000000005], [-4.248650000000001,28.60865], 1.0, 2.0","ai_adoption_rate, task_automation_rate, ai_adoption_stage, industry",1.0,0.008308260570361124,0.38362068965517243,1,274.7374433062124,4760,263,0.5714285714285714,0.0006040511740916474,89,232
"[0.18906250000000002,0.4669375], [26.109924999999997,41.850075], 0.0","ai_maturity_score, ai_failure_rate, industry",0.0,0.020096714428879725,0.45774647887323944,1,329.94693965158325,4560,264,0.42857142857142855,3.523299343738787e-05,65,142
"[0.20018750000000002,0.6918124999999999], [25.382299999999994,61.4177]","ai_maturity_score, ai_training_hours",2.0,0.03755660389779631,0.5187250996015936,2,296.8993608294752,4998,268,0.2857142857142857,6.477778470965463e-05,1302,2510
"[33.6512,69.8288], [17.88185,46.238150000000005], 2.0, 4.0","ai_adoption_rate, task_automation_rate, ai_adoption_stage, industry",2.0,0.11617641968508759,0.6501650165016502,1,319.3235685701355,4980,268,0.5714285714285714,3.299974756147787e-05,197,303
"[33.3045,51.48415], [0.047125000000000056,0.48887499999999995], 2.0, 2.0","ai_adoption_rate, ai_maturity_score, ai_adoption_stage, industry",1.0,0.009287500908463432,0.39226519337016574,1,313.60365585933084,4812,276,0.5714285714285714,0.0006168054987974638,71,181
"[13.23995,68.26005], [0.14212500000000003,0.5838749999999999], [0.4951999999999934,53.085300000000004], [4.657899999999998,23.5621], 2.0","ai_adoption_rate, ai_maturity_score, ai_training_hours, task_automation_rate, ai_adoption_stage",2.0,0.006701555940767519,0.3674812030075188,2,307.7298974811464,4969,278,0.7142857142857143,0.003533450760130751,391,1064
"[46.6797,75.3203], [0.3591875,0.8508125], [17.456799999999998,46.2632], 2.0, 3.0","ai_adoption_rate, ai_maturity_score, task_automation_rate, ai_adoption_stage, industry",1.0,0.013513610749465199,0.4228187919463087,1,285.407444653552,4986,296,0.7142857142857143,0.0004012886682092192,63,149
"[0.34475,0.56575], [25.382299999999994,61.4177], [13.4664,46.238150000000005]","ai_maturity_score, ai_training_hours, task_automation_rate",2.0,0.07632504162980566,0.597769028871391,3,296.47907185075917,4998,297,0.42857142857142855,9.676902891568888e-05,911,1524
"[33.6512,69.8288], [0.13825,0.60125], [17.88185,45.8736], 2.0, 8.0","ai_adoption_rate, ai_maturity_score, task_automation_rate, ai_adoption_stage, industry",2.0,0.10789949540048838,0.640625,1,309.636705696212,4959,297,0.7142857142857143,3.199868136729272e-05,164,256
"[8.918049999999997,44.34195], [2.601849999999999,30.958150000000003], 1.0","ai_adoption_rate, task_automation_rate, industry",1.0,0.05357069740923159,0.556910569105691,2,339.1858400179634,4953,305,0.42857142857142855,7.01047351258208e-05,137,246
"[0.1918125,0.49818749999999995], 1.0, 1.0","ai_maturity_score, ai_adoption_stage, industry",1.0,0.08267999076445334,0.6074074074074074,2,343.06201178767304,4953,305,0.42857142857142855,7.090588294261435e-05,82,135
"[26.109924999999997,41.850075], [-10.985300000000002,35.1653]","ai_failure_rate, ai_training_hours",0.0,0.03805418709976853,0.5200923787528868,6,313.3046166346987,4985,311,0.2857142857142857,0.00535462323885444,1126,2165
"[31.617133365446698,68.26005], [0.14212500000000003,0.5838749999999999], [0.4951999999999934,53.085300000000004], [4.657899999999998,23.5621], 2.0","ai_adoption_rate, ai_maturity_score, ai_training_hours, task_automation_rate, ai_adoption_stage",2.0,0.006579303013849234,0.3661305581835383,1,307.7298974811464,4969,314,0.7142857142857143,0.0008997207335154064,387,1057
1.0,ai_adoption_stage,0,0.036214612524700124,0.5149638802889577,2,303.8275973146925,4972,350,0.14285714285714285,6.0994000750515385e-05,998,1938
"[28.2982,49.4018], [-10.985300000000002,35.1653]","ai_adoption_rate, ai_training_hours",0.0,0.002249933942275883,0.29541595925297115,1,303.9803076578929,4970,352,0.2857142857142857,0.0025937197763401475,522,1767
"[33.6512,69.8288], [25.382299999999994,61.4177], [17.88185,46.238150000000005], 2.0","ai_adoption_rate, ai_training_hours, task_automation_rate, ai_adoption_stage",2.0,0.11452885058710333,0.6483103879849812,1,304.1839883711624,4998,364,0.5714285714285714,3.3453550693426135e-05,1036,1598
"[0.34475,0.60125], [13.4664,46.238150000000005]","ai_maturity_score, task_automation_rate",2.0,0.06591644070086641,0.5804953560371517,1,293.67814016905584,4998,364,0.2857142857142857,3.224707195453619e-05,1125,1938
"[16.887999999999998,34.892], 2.0","task_automation_rate, ai_adoption_stage",2,0.04950987150086919,0.5481991525423728,1,304.98908208961274,4998,367,0.2857142857142857,3.2881607018481743e-05,1035,1888
"[-9.759500000000003,42.999500000000005], [0.235875,0.47812499999999997], [-6.712600000000004,35.012600000000006], [-4.248650000000001,28.60865], 1.0, 2.0","ai_adoption_rate, ai_maturity_score, ai_training_hours, task_automation_rate, ai_adoption_stage, industry",1.0,0.025782293865491277,0.4811320754716981,1,311.7674792286744,4760,371,0.8571428571428571,3.221888117589687e-05,51,106
"[0.16060469336958305,0.413625], [18.6553,35.7247], 2.0, 2.0","ai_maturity_score, ai_training_hours, ai_adoption_stage, industry",0,0.059969042185892045,0.569620253164557,2,336.51486243348853,4903,382,0.5714285714285714,6.955268325927856e-05,45,79
"[23.4623,51.48415], [0.047125000000000056,0.48887499999999995], [5.152999999999999,43.635200000000005], 2.0","ai_adoption_rate, ai_maturity_score, ai_training_hours, ai_adoption_stage",1.0,0.01815532981924809,0.4485396383866481,4,306.5643038262668,4986,401,0.5714285714285714,0.005162022578856283,645,1438
"[7.01585,55.1177], [23.833875,40.306125], [24.912350000000004,34.892]","ai_adoption_rate, ai_failure_rate, task_automation_rate",1.0,0.01335732140674703,0.4218362282878412,2,328.8631548200534,4944,401,0.42857142857142855,0.0017989613094985572,170,403
"[-10.985300000000002,35.1653], 1.0","ai_training_hours, ai_adoption_stage",0,0.04230116318592756,0.5312151616499443,2,305.9823952513672,4972,412,0.2857142857142857,6.168988373327899e-05,953,1794
"[0.26937500000000003,0.6826249999999999], 2.0, 6.0","ai_maturity_score, ai_adoption_stage, industry",2.0,0.14592645335603033,0.6804979253112033,2,313.5797543989211,4938,428,0.42857142857142855,6.756664477267489e-05,164,241
"[33.6512,69.8288], [14.383875,30.856125000000002], 2.0, 6.0","ai_adoption_rate, ai_failure_rate, ai_adoption_stage, industry",2.0,0.10533843631276776,0.6375545851528385,2,331.6032315669531,4938,431,0.5714285714285714,6.867203368366436e-05,146,229
"[0.26937500000000003,0.6826249999999999], [25.382299999999994,61.4177], [17.88185,46.238150000000005], 2.0","ai_maturity_score, ai_training_hours, task_automation_rate, ai_adoption_stage",2.0,0.11660978737766793,0.6506493506493507,1,303.9626762116266,4998,431,0.5714285714285714,3.339771332120436e-05,1002,1540
"[35.3605,88.1195], [0.328375,0.627625], [28.211100000000002,59.188900000000004], 2.0, 4.0","ai_adoption_rate, ai_maturity_score, ai_training_hours, ai_adoption_stage, industry",2.0,0.21105459072960753,0.732620320855615,2,311.80501035316723,4980,437,0.7142857142857143,6.444551948440696e-05,137,187
"[26.109924999999997,41.850075], [-10.985300000000002,35.1653], 0.0","ai_failure_rate, ai_training_hours, industry",0.0,0.0548696553630471,0.5595854922279793,1,318.0941399740524,4951,439,0.42857142857142855,3.3701868601352724e-05,108,193
"[0.18906250000000002,0.4669375]",ai_maturity_score,0.0,0.0025193581643198127,0.3021746186303148,1,302.6506063860737,4972,439,0.14285714285714285,0.002123728028845678,931,3081
"[26.109924999999997,41.850075], [-1.5062500000000005,9.74625]","ai_failure_rate, task_automation_rate",0.0,0.221679447521375,0.7398523985239852,6,318.5511956663087,4985,448,0.2857142857142857,0.00019093941229092703,401,542
1.0,industry,1.0,0.01721695047574351,0.4438040345821326,4,328.5014813010653,4953,454,0.14285714285714285,0.005576568918598287,154,347
"[0.1918125,0.49818749999999995], [-10.985300000000002,35.1653], 1.0","ai_maturity_score, ai_training_hours, industry",1.0,0.04997384682176831,0.5492227979274611,2,352.6655716768445,4953,454,0.42857142857142855,7.289079782661913e-05,106,193
"[55.316950000000006,95.26305], [0.605625,0.8193749999999999], [38.3125,85.7275]","ai_adoption_rate, ai_maturity_score, ai_training_hours",2.0,0.8180513178193847,0.9606299212598425,2,237.7845457484334,4935,463,0.42857142857142855,4.914657579993523e-05,122,127
"[39.681200000000004,75.8588], [0.605625,0.8193749999999999], [-2.330075000000001,13.410075], [38.3125,85.7275], [22.262549999999997,44.31745]","ai_adoption_rate, ai_maturity_score, ai_failure_rate, ai_training_hours, task_automation_rate",2.0,0.7411956096375363,0.9418604651162791,1,233.5922239195413,4935,463,0.7142857142857143,2.414004220291683e-05,81,86
"[0.26937500000000003,0.6826249999999999], [5.5136249999999976,25.646375000000003], 2.0, 6.0","ai_maturity_score, ai_failure_rate, ai_adoption_stage, industry",2.0,0.11969285041405986,0.654054054054054,1,313.52313087798177,4938,470,0.5714285714285714,3.377417922168725e-05,121,185
"[23.4623,55.1177], [1.5518499999999982,22.252100000000002], 2.0","ai_adoption_rate, task_automation_rate, ai_adoption_stage",1.0,0.011304445587105158,0.40799031476997577,2,318.33096846040144,4939,471,0.42857142857142855,0.002144772899634743,337,826
"[0.242625,0.513375], [4.925474999999999,27.254525], [16.923499999999997,58.0165], [16.887999999999998,29.908150000000003], 0.0","ai_maturity_score, ai_failure_rate, ai_training_hours, task_automation_rate, industry",1.0,0.028411057026862793,0.49056603773584906,1,338.95832252085484,4906,471,0.7142857142857143,3.5028855299146026e-05,52,106
"[7.01585,51.48415], [0.047125000000000056,0.48887499999999995], 1.0","ai_adoption_rate, ai_maturity_score, ai_adoption_stage",1.0,0.00781783619606983,0.37898089171974525,1,303.8275973146925,4991,475,0.42857142857142855,0.0006858837398446921,714,1884
"[-9.759500000000003,51.48415], [-4.248650000000001,28.60865], 1.0, 2.0","ai_adoption_rate, task_automation_rate, ai_adoption_stage, industry",1.0,0.008301868617617007,0.3835616438356164,1,274.7374433062124,4760,477,0.5714285714285714,0.0006045162581272619,84,219
"[0.047125000000000056,0.48887499999999995]",ai_maturity_score,1.0,0.00816442864299426,0.3822831531769048,6,302.57468663843576,4991,477,0.14285714285714285,0.022930612319194556,1450,3793
"[35.3605,88.1195], [28.211100000000002,59.188900000000004], [10.021949999999999,37.47805], 4.0","ai_adoption_rate, ai_training_hours, task_automation_rate, industry",2.0,0.21871664623665604,0.7378640776699029,1,321.36816276318535,4980,481,0.5714285714285714,3.321104136775228e-05,152,206
"[7.01585,55.1177], [23.833875,40.306125], [3.9307763477159057,34.892]","ai_adoption_rate, ai_failure_rate, task_automation_rate",1.0,0.010118569722666464,0.3990467937608319,1,313.32331227428375,4960,484,0.42857142857142855,0.0005764939026192569,921,2308
"[23.4048,49.407000000000004], [1.0963999999999992,48.76765], 2.0","ai_training_hours, task_automation_rate, ai_adoption_stage",1.0,0.004791125129112729,0.34362717574396406,1,300.48938277151115,4986,492,0.42857142857142855,0.001239567736654691,612,1781
"[0.37424999999999997,0.57375], [8.710349999999996,32.86965]","ai_maturity_score, ai_failure_rate",1.0,0.004835565814300198,0.3442622950819672,1,296.443231592267,4986,492,0.2857142857142857,0.0012295633091959958,525,1525
"[0.047125000000000056,0.48887499999999995], [3.9307763477159057,34.892], 1.0","ai_maturity_score, task_automation_rate, ai_adoption_stage",1.0,0.008634695365273093,0.3865889212827988,1,300.15628015650543,4991,502,0.42857142857142855,0.000608607706339346,663,1715
"[-3.785300000000003,42.365300000000005]",ai_training_hours,0.0,0.0065590049279916655,0.3659043659043659,1,294.08390485908586,4985,506,0.14285714285714285,0.0007887370775830926,1408,3848
"[0.047125000000000056,0.48887499999999995], 8.0","ai_maturity_score, industry",1.0,0.010017882639413368,0.3982494529540481,1,309.98531609895224,4867,518,0.2857142857142857,0.0005652377663523984,182,457
"[7.01585,55.1177], [0.047125000000000056,0.48887499999999995], [-5.010600000000002,24.0706]","ai_adoption_rate, ai_maturity_score, ai_training_hours",1.0,0.005797775503457208,0.3569868995633188,1,293.68672916270424,4991,530,0.42857142857142855,0.0008858861871862982,654,1832
"[7.01585,51.48415], [23.833875,40.306125], [24.912350000000004,34.892], 1.0","ai_adoption_rate, ai_failure_rate, task_automation_rate, ai_adoption_stage",1.0,0.011352046722286522,0.4083333333333333,1,291.964302297135,4594,530,0.5714285714285714,0.000469809261505412,49,120
"[14.383875,30.856125000000002], 2.0, 6.0","ai_failure_rate, ai_adoption_stage, industry",2.0,0.10634344500409693,0.6387665198237885,1,331.5970220104976,4938,536,0.42857142857142855,3.4335214701716044e-05,145,227
"[33.6512,69.8288], 2.0, 6.0","ai_adoption_rate, ai_adoption_stage, industry",2.0,0.10406042091417601,0.636,1,315.98288118555877,4938,536,0.42857142857142855,3.417136225953903e-05,159,250
"[0.34475,0.56575], [25.382299999999994,61.4177], [13.4664,32.84451616385092]","ai_maturity_score, ai_training_hours, task_automation_rate",2.0,0.054082678688207056,0.5579710144927537,1,316.1134247494308,4998,541,0.42857142857142855,3.3333140200881904e-05,693,1242
"[-10.985300000000002,35.1653]",ai_training_hours,0.0,0.013008033606814542,0.4196066187948798,3,293.336197549481,4985,545,0.14285714285714285,0.0035525694087289185,1344,3203
"[26.109924999999997,41.850075], [-1.5062500000000005,9.74625], 1.0","ai_failure_rate, task_automation_rate, ai_adoption_stage",0,0.17604660184775153,0.7065217391304348,3,347.3097932747275,4951,545,0.42857142857142855,0.00010661466874816327,260,368
"[8.76135,18.27865], [31.735,63.345], [14.777399999999998,38.1826], 3.0, 8.0","ai_failure_rate, ai_training_hours, task_automation_rate, ai_adoption_stage, industry",2.0,1.0,1.0,1,114.8288,4557,557,0.7142857142857143,1.1866713846883346e-05,8,8
"[55.316950000000006,95.26305], [0.605625,0.8193749999999999], [38.3125,85.7275]","ai_adoption_rate, ai_maturity_score, ai_training_hours",1,0.0,0.0,1,237.78454574844267,557,557,0.42857142857142855,0.0004343597899205909,0,123
"[33.3045,51.48415], [0.047125000000000056,0.48887499999999995], [19.7611,32.938900000000004], 2.0, 2.0","ai_adoption_rate, ai_maturity_score, ai_failure_rate, ai_adoption_stage, industry",1.0,0.018102008814815787,0.4482758620689655,1,320.39093499325656,4812,561,0.7142857142857143,3.311005204879246e-05,52,116
"[33.3045,51.48415], [0.047125000000000056,0.48887499999999995], [21.591350000000002,31.10865], 2.0","ai_adoption_rate, ai_maturity_score, ai_failure_rate, industry",1.0,0.003092258612450412,0.3148148148148148,1,329.24719226932166,4561,561,0.5714285714285714,0.0019449671092079059,34,108
"[21.785475,44.114525], [6.6279,45.192099999999996], 0.0","ai_failure_rate, ai_training_hours, ai_adoption_stage",1.0,0.0028506769513571015,0.30973451327433627,1,211.85980983020823,4987,575,0.42857142857142855,0.0013575835374995367,35,113
"[-12.426200000000003,26.766200000000005], [21.785475,44.114525], [6.6279,45.192099999999996], 0.0","ai_adoption_rate, ai_failure_rate, ai_training_hours, ai_adoption_stage",0,0.1567042575194927,0.6902654867256637,1,211.85980983020823,4788,575,0.5714285714285714,2.1894156682907114e-05,78,113
"[26.109924999999997,41.850075], [-10.985300000000002,35.1653], 1.0","ai_failure_rate, ai_training_hours, ai_adoption_stage",0.0,0.06251526153490572,0.5743772241992883,1,332.5714967733834,4972,581,0.42857142857142855,3.513836144005412e-05,807,1405
"[7.01585,55.1177], [0.07043750000000001,0.41956249999999995], [21.199675,40.600325], 1.0, 6.0","ai_adoption_rate, ai_maturity_score, ai_failure_rate, ai_adoption_stage, industry",0,0.029703281230934367,0.494949494949495,1,323.06018119118573,4929,586,0.7142857142857143,3.2405698589695144e-05,98,198
"[3.9307763477159057,34.892]",task_automation_rate,1.0,0.006037278016072877,0.35988872028325747,2,294.46876970470424,4991,586,0.14285714285714285,0.003327874466928532,1423,3954
"[55.316950000000006,95.26305], [0.605625,0.8193749999999999], [-2.330075000000001,13.410075], [38.3125,85.7275], [22.262549999999997,44.31745], 0.0","ai_adoption_rate, ai_maturity_score, ai_failure_rate, ai_training_hours, task_automation_rate, industry",2.0,0.26150027784488145,0.7647058823529411,1,181.3019520966656,4673,591,0.8571428571428571,1.873622632486347e-05,13,17
"[0.26937500000000003,0.6826249999999999], [5.5136249999999976,30.856125000000002], 2.0","ai_maturity_score, ai_failure_rate, ai_adoption_stage",2.0,0.050110942417266956,0.5495238095238095,1,295.87742246808136,4998,597,0.42857142857142855,3.311407515468405e-05,1154,2100
"[23.4623,55.1177], [23.7289,55.97110000000001], [3.347899999999999,22.252100000000002]","ai_adoption_rate, ai_training_hours, task_automation_rate",1.0,0.02048174672964537,0.4594871794871795,3,328.9926626654852,4960,600,0.42857142857142855,0.002763741918724367,448,975
"[15.725850000000001,60.19415], [10.139674999999999,29.540325000000003], [16.887999999999998,22.252100000000002]","ai_adoption_rate, ai_failure_rate, task_automation_rate",1.0,0.011119371113968659,0.40664556962025317,1,331.7028047050288,4939,600,0.42857142857142855,0.0005449227098012411,257,632
"[0.047125000000000056,0.48887499999999995], [1.5820999999999987,26.237900000000003], [-6.093400000000003,24.513400000000004], 4.0","ai_maturity_score, ai_training_hours, task_automation_rate, industry",1.0,0.018133251487416305,0.4484304932735426,1,294.45275689479774,4842,616,0.5714285714285714,3.04295316810458e-05,100,223
"[7.01585,51.48415], [3.9307763477159057,34.892], 1.0","ai_adoption_rate, task_automation_rate, ai_adoption_stage",1.0,0.008192570080794385,0.38254632396891813,1,300.15628015650543,4991,616,0.42857142857142855,0.0006413582032770815,640,1673
"[0.235875,0.47812499999999997], [23.833875,40.306125], [-6.712600000000004,59.47986844104285], [3.9307763477159057,28.60865], 2.0","ai_maturity_score, ai_failure_rate, ai_training_hours, task_automation_rate, industry",1.0,0.022132674897119342,0.4666666666666667,1,314.9453250810065,4760,624,0.7142857142857143,3.254728822516613e-05,84,180
"[-9.759500000000003,55.1177], [-4.248650000000001,34.892], 1.0","ai_adoption_rate, task_automation_rate, ai_adoption_stage",1.0,0.007253861319478502,0.3733480176211454,1,303.8275973146925,4991,624,0.42857142857142855,0.0007390629223319327,678,1816
"[34.93915,65.84085]",ai_adoption_rate,1.0,0.004477954154286345,0.33901266928789864,1,298.8185107182452,4986,632,0.14285714285714285,0.001274860657583566,776,2289
"[22.087650000000004,45.05292216198468], [23.950174999999998,36.029825]","ai_adoption_rate, ai_failure_rate",2.0,0.0002291429279345162,0.18707738542449287,1,319.4862869984828,4973,636,0.2857142857142857,0.02579892737354478,249,1331
"[-3.785300000000003,42.365300000000005], 2.0","ai_training_hours, ai_adoption_stage",0.0,0.00011559008555410755,0.16314888762122076,1,298.5103848585842,4970,640,0.2857142857142857,0.04902251506539998,286,1753
"[-5.343600000000002,24.376067317628646]",task_automation_rate,0.0,0.015012946807153392,0.43181049069373945,3,305.27767987766555,4985,640,0.14285714285714285,0.0032891179059689603,1276,2955
"[55.316950000000006,95.26305], [0.605625,0.8193749999999999], [-2.330075000000001,13.410075], [38.3125,85.7275], [22.262549999999997,44.31745], 2.0","ai_adoption_rate, ai_maturity_score, ai_failure_rate, ai_training_hours, task_automation_rate, industry",0,0.0,0.0,1,136.088,648,648,0.8571428571428571,1.406369616328535e-05,0,8
"[16.44055449960417,69.8288], [25.382299999999994,61.4177], [17.88185,46.238150000000005], 2.0, 2.0","ai_adoption_rate, ai_training_hours, task_automation_rate, ai_adoption_stage, industry",2.0,0.09671822359199059,0.6267605633802817,2,303.44149972460593,4886,652,0.7142857142857143,6.271690458318872e-05,89,142
"[-10.985300000000002,35.1653], 7.0","ai_training_hours, industry",0.0,0.02522363417964931,0.47902869757174393,3,293.2206228809776,4972,658,0.2857142857142857,0.0019179028468399096,217,453
"[26.109924999999997,41.850075], 1.0","ai_failure_rate, ai_adoption_stage",0.0,0.058736759892488555,0.5672597864768684,1,332.339396330539,4972,658,0.2857142857142857,3.510088350634201e-05,797,1405
"[0.047125000000000056,0.48887499999999995], [18.869425,41.930575]","ai_maturity_score, ai_failure_rate",1.0,0.008314803904320807,0.38368109623170354,1,299.14904475824017,4991,663,0.2857142857142857,0.0006231288782522334,1232,3211
"[0.26937500000000003,0.6826249999999999], 2.0","ai_maturity_score, ai_adoption_stage",2.0,0.05086615212631768,0.5511702615878844,1,295.8633512110138,4998,669,0.2857142857142857,3.3108527970080655e-05,1201,2179
"[5.5136249999999976,30.856125000000002], 2.0","ai_failure_rate, ai_adoption_stage",2.0,0.04705884406337797,0.5426605504587156,2,296.03420474879215,4998,669,0.2857142857142857,6.635176403477565e-05,1183,2180
"[7.01585,52.42085], [2.503999999999998,40.436]","ai_adoption_rate, ai_training_hours",1.0,0.01128946015055159,0.40788208907401474,1,304.03776856838397,4991,674,0.2857142857142857,0.00048391104055149994,1273,3121
"[35.3605,88.1195], 2.0, 4.0","ai_adoption_rate, ai_adoption_stage, industry",2.0,0.09251232717274617,0.6212121212121212,4,317.6525917389544,4980,677,0.42857142857142855,0.00013130825747154139,205,330
"[0.5128125,0.7051875], [28.211100000000002,59.188900000000004], [10.021949999999999,37.47805], 4.0","ai_maturity_score, ai_training_hours, task_automation_rate, industry",2.0,0.37398055637160105,0.8214285714285714,1,275.16952039245314,4810,677,0.5714285714285714,2.843675069217281e-05,46,56
"[1.8630499999999994,19.41695], 1.0","task_automation_rate, industry",1.0,0.01966922914076962,0.4557823129251701,1,333.655455117553,4953,682,0.2857142857142857,3.4480842866350874e-05,67,147
"[0.20018750000000002,0.6918124999999999], [20.332700000000003,39.3673], [25.382299999999994,61.4177]","ai_maturity_score, ai_failure_rate, ai_training_hours",2.0,0.012343633423346356,0.41522988505747127,1,312.9612132501703,4973,684,0.42857142857142855,0.00046314127848038337,578,1392
"[1.3963,34.7037], 2.0","task_automation_rate, ai_adoption_stage",1.0,0.005243239993561261,0.34988066825775654,1,301.5328118283122,4986,686,0.2857142857142857,0.0011180287034500383,733,2095
"[-3.785300000000003,42.365300000000005]",ai_training_hours,1,0.00723626966466213,0.37316675719717546,1,294.08390485908586,4991,694,0.14285714285714285,0.0007199563742133967,1374,3682
"[55.316950000000006,95.26305], [0.47024999999999995,0.9547499999999999], [38.3125,85.7275]","ai_adoption_rate, ai_maturity_score, ai_training_hours",2.0,0.5767287369604889,0.8957654723127035,2,260.0900870282415,4980,699,0.42857142857142855,5.397396270493694e-05,275,307
"[32.679,47.321], [-1.5062500000000005,9.74625], 1.0","ai_failure_rate, task_automation_rate, ai_adoption_stage",0.0,0.19840247175975598,0.7236180904522613,2,340.96958576828274,4951,715,0.42857142857142855,7.047340919355701e-05,144,199
"[0.37424999999999997,0.57375], [8.710349999999996,32.86965], [41.679899999999996,67.6001], [1.0963999999999992,33.503600000000006], 2.0","ai_maturity_score, ai_failure_rate, ai_training_hours, task_automation_rate, ai_adoption_stage",1.0,0.00038381444384579254,0.2074074074074074,1,271.6128643890974,4913,727,0.7142857142857143,0.012182554233323328,56,270
"[23.4623,55.1177], [-1.6896000000000004,21.0696], [16.887999999999998,22.252100000000002]","ai_adoption_rate, ai_training_hours, task_automation_rate",1.0,0.01734152991583261,0.4444444444444444,1,277.8530332578656,4731,731,0.42857142857142855,2.8503589747497204e-05,84,189
"[5.198999999999998,50.421], [0.34475,0.60125], [25.382299999999994,61.4177], [13.4664,46.238150000000005]","ai_adoption_rate, ai_maturity_score, ai_training_hours, task_automation_rate",2.0,0.037281912392640164,0.5179640718562875,1,317.8669582963315,4998,733,0.5714285714285714,3.368707540468472e-05,519,1002
"[0.34475,0.56575], [3.616999999999999,30.623000000000005], 1.0","ai_maturity_score, task_automation_rate, industry",2.0,0.010240000000000003,0.4,1,327.3766201083293,4733,733,0.42857142857142855,0.0005840011377194221,44,110
"[55.316950000000006,95.26305], [0.47024999999999995,0.9547499999999999], [-3.445450000000001,17.78545], [38.3125,85.7275]","ai_adoption_rate, ai_maturity_score, ai_failure_rate, ai_training_hours",2.0,0.7164427963651452,0.9354838709677419,2,251.24792905669437,4980,737,0.5714285714285714,5.111842476396285e-05,174,186
"[0.20018750000000002,0.6918124999999999], [25.382299999999994,61.4177], [18.13255,40.18745]","ai_maturity_score, ai_training_hours, task_automation_rate",2.0,0.07943580046357628,0.6025641025641025,2,310.2562232038478,4998,744,0.42857142857142855,6.593916726811134e-05,987,1638
"[0.20018750000000002,0.6918124999999999], [20.332700000000003,39.3673], [25.382299999999994,61.4177]","ai_maturity_score, ai_failure_rate, ai_training_hours",1,0.012641332950072784,0.41721371261852663,1,312.9612132501703,4987,744,0.42857142857142855,0.00045223444294684975,572,1371
"[26.109924999999997,41.850075], [12.2011,43.1789], 1.0","ai_failure_rate, ai_training_hours, ai_adoption_stage",0.0,0.039785996524009645,0.5247422680412371,1,326.36967625692535,4951,747,0.42857142857142855,3.4770888535793764e-05,509,970
"[0.22837500000000002,0.413625], 2.0","ai_maturity_score, industry",0,0.004393183976035622,0.33771929824561403,1,320.0864881579157,4903,754,0.2857142857142857,0.001330926094128483,77,228
"[23.4623,51.48415], [5.152999999999999,43.635200000000005], 2.0","ai_adoption_rate, ai_training_hours, ai_adoption_stage",1.0,0.013948096627299249,0.425503355704698,1,306.5286978717807,4986,764,0.42857142857142855,0.0004201730367335909,634,1490
"[0.20018750000000002,0.6918124999999999], [16.887999999999998,22.252100000000002]","ai_maturity_score, task_automation_rate",1.0,0.012605084548389782,0.41697416974169743,1,309.7296263872746,4939,769,0.2857142857142857,0.0004546424606528883,339,813
"[15.725850000000001,60.19415], [10.139674999999999,39.3673], [25.382299999999994,61.4177]","ai_adoption_rate, ai_failure_rate, ai_training_hours",1,0.008214768109202039,0.3827534039334342,1,310.1567638924874,4986,769,0.42857142857142855,0.0007350766784246234,759,1983
"[7.029424999999998,30.090575], [25.382299999999994,61.4177]","ai_failure_rate, ai_training_hours",2.0,0.044313717762492516,0.5361763296597988,3,300.4121031560997,4998,773,0.2857142857142857,0.0012042424069013938,1119,2087
"[0.20018750000000002,0.6918124999999999]",ai_maturity_score,2.0,0.009308725718558822,0.3924443191429377,1,293.464879452487,4998,773,0.14285714285714285,0.0005770375152656518,1392,3547
"[0.26937500000000003,0.6826249999999999], 6.0","ai_maturity_score, industry",2.0,0.0445761178666231,0.5368098159509203,1,313.2949992184576,4938,786,0.2857142857142857,3.37373421389635e-05,175,326
"[23.4623,55.1177], [0.063,0.5189999999999999], [23.7289,55.97110000000001], [3.347899999999999,22.252100000000002]","ai_adoption_rate, ai_maturity_score, ai_training_hours, task_automation_rate",1.0,0.02243664147848048,0.46794150731158607,1,329.50307517064186,4960,789,0.5714285714285714,3.543401242077487e-05,416,889
"[0.09837500000000002,0.283625], [26.109924999999997,41.850075]","ai_maturity_score, ai_failure_rate",0.0,0.13482251282595717,0.6698113207547169,2,326.6049768309705,4972,793,0.2857142857142857,6.572721872204784e-05,710,1060
2.0,ai_adoption_stage,2.0,0.04385775566117949,0.5350683722981915,4,293.11544377635227,4998,802,0.14285714285714285,0.002063358789987641,1213,2267
"[35.3605,88.1195], [7.029424999999998,30.090575], [25.382299999999994,61.4177], 4.0","ai_adoption_rate, ai_failure_rate, ai_training_hours, industry",2.0,0.16461188789100836,0.6970954356846473,2,334.2368874382994,4980,802,0.5714285714285714,6.9081859260103e-05,168,241
"[35.3605,95.26305], [0.47024999999999995,0.9547499999999999], [7.029424999999998,30.090575], [25.382299999999994,85.7275]","ai_adoption_rate, ai_maturity_score, ai_failure_rate, ai_training_hours",2.0,0.318411012084919,0.7954220314735336,1,284.3189747117695,4998,810,0.5714285714285714,3.0007918483895273e-05,556,699
"[-6.046900000000001,49.7269], [26.109924999999997,41.850075], [-1.5062500000000005,9.74625], 1.0","ai_adoption_rate, ai_failure_rate, task_automation_rate, ai_adoption_stage",0,0.18484963672435278,0.7134502923976608,1,347.3097932747275,4951,817,0.5714285714285714,3.553822291605442e-05,244,342
"[3.347899999999999,34.892]",task_automation_rate,0,0.00307898133386548,0.3145440042541877,1,294.46876970470424,4985,819,0.14285714285714285,0.0016203058235846476,1183,3761
"[0.1918125,0.49818749999999995], [-0.8023000000000025,26.3823], 1.0, 1.0","ai_maturity_score, ai_training_hours, ai_adoption_stage, industry",1.0,0.10227531488595103,0.6338028169014085,1,349.46153109563755,4953,824,0.5714285714285714,3.611428483103244e-05,45,71
"[8.710349999999996,32.86965], [41.679899999999996,67.6001], [1.0963999999999992,33.503600000000006], 2.0","ai_failure_rate, ai_training_hours, task_automation_rate, ai_adoption_stage",1.0,0.0002522646944860337,0.19070904645476772,1,263.48679437070206,4913,831,0.5714285714285714,0.01792625525128964,78,409
"[7.01585,51.48415], [23.4048,49.407000000000004]","ai_adoption_rate, ai_training_hours",1.0,0.014485220710401557,0.4287311347121297,1,319.6861958313597,4986,833,0.2857142857142857,0.00041750150740691594,767,1789
"[0.34475,0.60125], [25.382299999999994,61.4177], [17.88185,46.238150000000005], 2.0","ai_maturity_score, ai_training_hours, task_automation_rate, ai_adoption_stage",2.0,0.12331093040826138,0.6579612468407751,3,300.97660638314795,4998,839,0.5714285714285714,9.793297098542334e-05,781,1187
"[25.382299999999994,61.4177], [17.88185,46.238150000000005], 2.0","ai_training_hours, task_automation_rate, ai_adoption_stage",2.0,0.11486103546567906,0.648686030428769,1,304.1839883711624,4998,856,0.42857142857142855,3.3453550693426135e-05,938,1446
6.0,industry,2.0,0.007074763527179446,0.3714859437751004,2,307.3080786588294,4968,856,0.14285714285714285,0.0031519038413719714,185,498
"[0.09837500000000002,0.283625], [-1.5062500000000005,9.74625], 1.0","ai_maturity_score, task_automation_rate, ai_adoption_stage",0.0,0.2555505776547269,0.7611940298507462,6,347.66696348146445,4951,859,0.42857142857142855,0.000213506169395509,204,268
"[-6.046900000000001,49.7269], [26.109924999999997,41.850075]","ai_adoption_rate, ai_failure_rate",0,0.037054480583245404,0.5173305742369374,4,313.2984005808391,4985,859,0.2857142857142857,0.002443974849364992,1000,1933
"[23.4623,55.1177], [0.063,0.5189999999999999], [12.741525,34.338475], [23.7289,55.97110000000001], [3.347899999999999,22.252100000000002]","ai_adoption_rate, ai_maturity_score, ai_failure_rate, ai_training_hours, task_automation_rate",1.0,0.02257639466389042,0.4685230024213075,2,329.51226789959696,4960,867,0.7142857142857143,0.0011174148627421162,387,826
"[33.6512,95.26305], [0.47024999999999995,0.9547499999999999], [25.382299999999994,85.7275], [17.88185,46.238150000000005]","ai_adoption_rate, ai_maturity_score, ai_training_hours, task_automation_rate",2.0,0.41139467685826364,0.8372434017595308,1,289.82877155971244,4998,888,0.5714285714285714,3.112002214095702e-05,571,682
"[55.316950000000006,64.16437230038568], [25.451949999999997,52.90805]","ai_adoption_rate, task_automation_rate",2.0,0.6556084155844718,0.9190283400809717,4,281.2002215824019,4980,888,0.2857142857142857,0.00011719069301116533,227,247
"[-1.5062500000000005,9.74625], 1.0","task_automation_rate, ai_adoption_stage",0,0.1418908343164292,0.6766917293233082,3,346.7433966465288,4951,889,0.2857142857142857,0.00010639517024112475,270,399
"[-6.046900000000001,49.7269], [0.09837500000000002,0.283625], [26.109924999999997,41.850075], [-1.5062500000000005,9.74625], 1.0","ai_adoption_rate, ai_maturity_score, ai_failure_rate, task_automation_rate, ai_adoption_stage",0.0,0.28981236568539215,0.7805907172995781,3,347.71410766512963,4951,889,0.7142857142857143,0.00010677135471811633,185,237
"[7.01585,40.974848378336816], [0.047125000000000056,0.48887499999999995]","ai_adoption_rate, ai_maturity_score",1.0,0.009069398585599976,0.3904052936311001,1,298.7016269505262,4991,894,0.2857142857142857,0.0005833067720262846,944,2418
"[-10.985300000000002,35.1653], [-5.343600000000002,27.0636], 2.0","ai_training_hours, task_automation_rate, industry",0,0.02540874218622882,0.4797297297297297,1,279.0482788583117,4903,903,0.42857142857142855,2.883759191663496e-05,142,296
"[35.3605,88.1195]",ai_adoption_rate,2.0,0.04948836994704661,0.5481515289821999,3,293.1154515220911,4998,907,0.14285714285714285,0.0010282399578910924,1201,2191
"[0.34475,0.60125], [13.4664,46.238150000000005], 2.0, 4.0","ai_maturity_score, task_automation_rate, ai_adoption_stage, industry",2.0,0.1505198620788014,0.6847290640394089,2,320.51588180521844,4980,907,0.5714285714285714,6.624592876985585e-05,139,203
"[28.2864,51.7136], 1.0","ai_failure_rate, ai_adoption_stage",0,0.0760622488693349,0.5973568281938326,3,331.29164170600154,4972,911,0.2857142857142857,0.00010479509855724952,678,1135
"[1.8630499999999994,17.70205653126957], 1.0","task_automation_rate, industry",1.0,0.010033555168636505,0.3983739837398374,1,337.250389183197,4953,913,0.2857142857142857,0.000613993262764979,49,123
"[-3.161057505254142,69.8288], [0.34475,0.60125], [25.382299999999994,61.4177], [17.88185,46.238150000000005], 2.0","ai_adoption_rate, ai_maturity_score, ai_training_hours, task_automation_rate, ai_adoption_stage",2.0,0.1236734669269994,0.6583476764199656,1,300.97660638314795,4998,919,0.7142857142857143,3.264432366180778e-05,765,1162
"[35.3605,88.1195], [42.3082,66.3318]","ai_adoption_rate, ai_training_hours",2.0,0.3401462645011475,0.8059964726631393,2,257.6050904073218,4998,926,0.2857142857142857,5.039410940120013e-05,457,567
"[55.316950000000006,64.16437230038568], [25.451949999999997,52.90805], 8.0","ai_adoption_rate, task_automation_rate, industry",2.0,1.0,1.0,3,274.40125177389143,4935,935,0.42857142857142855,8.507206730438777e-05,57,57
"[13.23995,68.26005], [0.13825,0.5838749999999999], [6.934699999999999,53.085300000000004]","ai_adoption_rate, ai_maturity_score, ai_training_hours",2.0,0.004680499915024469,0.34202546998180716,2,300.4232922770089,4998,946,0.42857142857142855,0.00474129319032399,1128,3298
"[-3.161057505254142,69.8288], [0.34475,0.60125], [25.382299999999994,61.4177], [17.88185,46.238150000000005]","ai_adoption_rate, ai_maturity_score, ai_training_hours, task_automation_rate",2.0,0.11321750647777343,0.6468189233278956,1,299.95065912963054,4998,947,0.5714285714285714,3.238547571240127e-05,793,1226
"[-0.8023000000000025,26.3823], [1.8630499999999994,17.70205653126957], 1.0","ai_training_hours, task_automation_rate, industry",1.0,0.007132760395265189,0.37209302325581395,1,350.6253224387839,4953,953,0.42857142857142855,0.0008979489185970518,32,86
"[33.6512,69.8288], [0.13825,0.60125], [-1.6028000000000002,28.742800000000003], [17.88185,45.8736], 2.0","ai_adoption_rate, ai_maturity_score, ai_training_hours, task_automation_rate, ai_adoption_stage",2.0,0.006200860120066314,0.3618181818181818,1,313.00928340641,4969,959,0.7142857142857143,0.0009443917676860933,199,550
"[23.4623,51.48415], [0.047125000000000056,0.48887499999999995], [5.152999999999999,54.32737171763987], 2.0","ai_adoption_rate, ai_maturity_score, ai_training_hours, ai_adoption_stage",1.0,0.015121375320419057,0.43243243243243246,1,308.0138349394246,4986,962,0.5714285714285714,0.0003858386648571127,592,1369
"[0.34475,0.60125], [28.211100000000002,59.188900000000004], [13.4664,46.238150000000005], 2.0, 4.0","ai_maturity_score, ai_training_hours, task_automation_rate, ai_adoption_stage, industry",2.0,0.2400448973229144,0.7517241379310344,2,315.6731765192848,4980,971,0.7142857142857143,6.524501266043097e-05,109,145
7.0,industry,0.0,0.01083144315299191,0.40451745379876797,1,287.8195958453159,4972,981,0.14285714285714285,0.00048536953596363137,197,487
"[-6.046900000000001,49.7269], [26.109924999999997,41.850075], [-10.985300000000002,35.1653]","ai_adoption_rate, ai_failure_rate, ai_training_hours",0,0.04379796182238725,0.5349223946784922,1,313.2692028880788,4985,981,0.42857142857142855,3.202156389387347e-05,965,1804
"[25.382299999999994,61.4177], [-7.207550000000001,15.74755]","ai_training_hours, task_automation_rate",1,0.02733267290697121,0.486784140969163,1,302.39989789846334,4987,987,0.2857142857142857,3.193286931653737e-05,221,454
"[0.047125000000000056,0.6918124999999999], [18.869425,41.930575]","ai_maturity_score, ai_failure_rate",2,0.0011368608903481773,0.25771604938271603,1,299.1485981839206,4998,987,0.2857142857142857,0.004593981432423507,835,3240
"[7.01585,52.42085], [0.047125000000000056,0.48887499999999995], [2.503999999999998,40.436]","ai_adoption_rate, ai_maturity_score, ai_training_hours",1.0,0.012680026097719593,0.41746880570409983,1,304.03685938294643,4991,991,0.42857142857142855,0.00043089235513290626,1171,2805
"[21.519149999999996,51.48415], [0.9012999999999955,43.258700000000005], 5.0","ai_adoption_rate, ai_training_hours, industry",1.0,0.006101887959843197,0.36065573770491804,1,258.61729332842486,4991,991,0.42857142857142855,0.0007742109727561452,88,244
"[38.3125,92.3692173809539]",ai_training_hours,2.0,0.28584750495952904,0.7784431137724551,5,283.5227087680886,4998,995,0.14285714285714285,0.00014120340250252524,650,835
"[0.047125000000000056,0.48887499999999995], [16.887999999999998,22.252100000000002], 6.0","ai_maturity_score, task_automation_rate, industry",1.0,0.0036999038891417516,0.3263157894736842,1,297.72578171333987,4356,1001,0.42857142857142855,0.0014699142178335731,31,95
"[7.01585,55.1177]",ai_adoption_rate,1.0,0.007739273511740865,0.37821612349914235,1,306.08826586599633,4991,1001,0.14285714285714285,0.0007038958177871619,1323,3498
"[7.01585,52.42085], [2.503999999999998,35.1653]","ai_adoption_rate, ai_training_hours",1.0,0.011124047012177387,0.4066797642436149,1,300.8662757273079,4991,1015,0.2857142857142857,0.000493829518488901,1035,2545
"[0.047125000000000056,0.48887499999999995], [-10.985300000000002,40.436], [2.601849999999999,30.958150000000003], 1.0","ai_maturity_score, ai_training_hours, task_automation_rate, industry",1.0,0.04199136315761918,0.5304347826086957,1,361.3350512708216,4953,1015,0.5714285714285714,3.73413260112425e-05,122,230
"[7.01585,52.42085], [10.139674999999999,29.540325000000003], [2.4543,25.8457]","ai_adoption_rate, ai_failure_rate, ai_training_hours",1.0,0.019007808933708372,0.45267489711934156,1,269.5721711931975,4991,1027,0.42857142857142855,2.782141681933939e-05,330,729
"[2.503999999999998,35.1653], [3.347899999999999,22.252100000000002]","ai_training_hours, task_automation_rate",1.0,0.008653079695800384,0.38675340035481964,1,308.11422880682517,4987,1027,0.2857142857142857,0.0006499373758814555,654,1691
"0.0, 7.0","ai_adoption_stage, industry",0.0,0.5450900410543225,0.8857142857142857,1,185.28308218447086,4914,1039,0.2857142857142857,1.9147646905233576e-05,31,35
"[-6.046900000000001,49.7269], [26.109924999999997,41.850075], [-10.985300000000002,35.1653], [-3.1662500000000007,8.08625], 7.0","ai_adoption_rate, ai_failure_rate, ai_training_hours, task_automation_rate, industry",0,0.5450900410543225,0.8857142857142857,1,261.1794793858926,4914,1039,0.7142857142857143,2.69909826154271e-05,31,35
"[0.26937500000000003,0.5899375], [12.090174999999999,40.297632298524746], [27.62295,46.07705]","ai_maturity_score, ai_failure_rate, task_automation_rate",2.0,0.13430000343963408,0.6692913385826772,2,293.108299912068,4980,1043,0.42857142857142855,6.167187778528818e-05,425,635
"[0.08406250000000004,0.6826249999999999], [20.329099999999997,63.950900000000004], [30.5486,43.1514], 1.0, 6.0","ai_maturity_score, ai_training_hours, task_automation_rate, ai_adoption_stage, industry",2.0,1.0,1.0,2,105.33333333333333,4043,1043,0.7142857142857143,2.177085409244102e-05,3,3
"[7.01585,52.42085], [0.047125000000000056,0.48887499999999995], [5.152999999999999,40.436]","ai_adoption_rate, ai_maturity_score, ai_training_hours",1.0,0.013401689112290728,0.42211609110947834,1,304.0360608298587,4991,1046,0.42857142857142855,0.00040767529835080503,1149,2722
"[0.047125000000000056,0.48887499999999995], [2.503999999999998,43.635200000000005], [16.41375,27.666249999999998], 2.0","ai_maturity_score, ai_training_hours, task_automation_rate, ai_adoption_stage",1.0,0.016531061871155075,0.44021024967148487,1,315.66162223538385,4986,1046,0.5714285714285714,0.0003625744483406708,335,761
"[-6.046900000000001,49.7269], [26.109924999999997,51.7136], [-10.985300000000002,35.1653]","ai_adoption_rate, ai_failure_rate, ai_training_hours",0,0.043014548087063516,0.5329949238578681,2,313.2692028880788,4985,1053,0.42857142857142855,6.404312778774693e-05,945,1773
"[28.2864,41.850075], [4.966699999999996,38.4733], 1.0","ai_failure_rate, ai_training_hours, ai_adoption_stage",0,0.06271121095300441,0.5747368421052632,1,331.2912858112428,4972,1053,0.42857142857142855,3.4931642051721144e-05,546,950
"[10.139674999999999,39.3673], [3.347899999999999,22.252100000000002], 2.0","ai_failure_rate, task_automation_rate, ai_adoption_stage",1,0.009741395667015275,0.39602649006622515,1,313.6815662802477,4939,1057,0.42857142857142855,0.0006120416647855729,299,755
"[0.20018750000000002,0.6918124999999999], [20.332700000000003,29.540325000000003]","ai_maturity_score, ai_failure_rate",1.0,0.01606357582819559,0.4376918354818907,2,293.42724430312467,4991,1057,0.2857142857142857,0.0013655847734953274,713,1629
"[0.26937500000000003,0.5899375], [24.725849297130154,40.297632298524746], [27.62295,46.07705]","ai_maturity_score, ai_failure_rate, task_automation_rate",2.0,0.038583450086891416,0.5215311004784688,1,302.6884533792844,4938,1061,0.42857142857142855,3.128063047778657e-05,109,209
"[25.81655,88.1195], [26.228699999999996,37.9313]","ai_adoption_rate, task_automation_rate",2.0,0.13818373376876286,0.6731182795698925,1,300.0030345766255,4998,1069,0.2857142857142857,3.15200018604339e-05,626,930
"[35.3605,53.70345], [0.247,0.589], 2.0","ai_adoption_rate, ai_maturity_score, ai_adoption_stage",2.0,0.02007052637610797,0.4576271186440678,1,313.74129843206697,4998,1069,0.42857142857142855,3.4098763654416386e-05,702,1534
"[7.01585,52.42085], [0.047125000000000056,0.48887499999999995], [2.503999999999998,35.1653]","ai_adoption_rate, ai_maturity_score, ai_training_hours",1.0,0.010946455912176993,0.4053728949478749,2,300.8662757273079,4991,1070,0.42857142857142855,0.0020075030979248513,1011,2494
"[-26.164294009965555,49.7269], [26.109924999999997,51.7136], [-10.985300000000002,35.1653]","ai_adoption_rate, ai_failure_rate, ai_training_hours",0,0.04272536403911031,0.5322763306908267,1,313.2692028880788,4985,1072,0.42857142857142855,3.202156389387347e-05,940,1766
"[-6.046900000000001,49.7269], [-10.985300000000002,35.1653]","ai_adoption_rate, ai_training_hours",0,0.017211485284372247,0.4437758555848063,3,293.23821031695763,4985,1072,0.2857142857142857,0.002680625833240551,1180,2659
"[8.918049999999997,44.34195], [13.665225,39.654775], [-10.985300000000002,40.436], [2.601849999999999,30.958150000000003], 1.0","ai_adoption_rate, ai_failure_rate, ai_training_hours, task_automation_rate, industry",1.0,0.0630019754800219,0.5752688172043011,3,352.03181605276006,4953,1080,0.7142857142857143,0.00010913971476049856,107,186
"[0.047125000000000056,0.48887499999999995], [2.601849999999999,30.958150000000003], 1.0","ai_maturity_score, task_automation_rate, industry",1.0,0.03686725237451257,0.5168067226890757,1,352.1836488626183,4953,1080,0.42857142857142855,3.639559572689025e-05,123,238
"[32.68915,63.59085], [0.47024999999999995,0.9547499999999999], [25.382299999999994,92.3692173809539]","ai_adoption_rate, ai_maturity_score, ai_training_hours",2.0,0.28224421495967555,0.7764705882352941,1,287.89356040900697,4998,1083,0.42857142857142855,2.9564649838780856e-05,462,595
"[33.6512,95.26305], [17.88185,46.238150000000005]","ai_adoption_rate, task_automation_rate",2.0,0.06743805970135476,0.5831509846827133,1,295.16857864696846,4998,1083,0.2857142857142857,3.197222217811769e-05,1066,1828
"[26.109924999999997,41.850075], [-1.5062500000000005,9.74625], 0.0","ai_failure_rate, task_automation_rate, ai_adoption_stage",0.0,0.4367756469417998,0.8473282442748091,3,209.14725839701947,4985,1087,0.42857142857142855,6.4841503192342e-05,111,131
"[32.679,47.321], [-6.812800000000002,18.3928], 1.0","ai_failure_rate, task_automation_rate, ai_adoption_stage",0,0.11111329815023217,0.6443965517241379,1,316.25481240602574,4951,1094,0.42857142857142855,3.346426734277848e-05,299,464
"[0.47024999999999995,0.56575], [25.382299999999994,92.3692173809539]","ai_maturity_score, ai_training_hours",2.0,0.22582155786697192,0.7425968109339408,1,284.86012039978243,4998,1102,0.2857142857142857,3.0117143944515842e-05,326,439
"[32.68915,63.59085], [0.34475,0.9547499999999999], [25.382299999999994,61.4177], [13.4664,46.238150000000005]","ai_adoption_rate, ai_maturity_score, ai_training_hours, task_automation_rate",2.0,0.10139963197060771,0.6327137546468401,1,304.0118336072022,4998,1102,0.5714285714285714,3.250586751091244e-05,851,1345
"[-6.046900000000001,49.7269], [26.109924999999997,41.850075]","ai_adoption_rate, ai_failure_rate",1,0.007030587481398192,0.37102085620197583,3,313.2984005808391,4987,1103,0.2857142857142857,0.007207070851521503,676,1822
"[23.4623,55.1177], [10.139674999999999,39.3673], [23.7289,55.97110000000001], 2.0","ai_adoption_rate, ai_failure_rate, ai_training_hours, ai_adoption_stage",1,0.008199250984604146,0.3826086956521739,1,323.17972529693714,4986,1111,0.5714285714285714,0.0007559974476362662,484,1265
"[7.01585,52.42085], [2.503999999999998,35.1653]","ai_adoption_rate, ai_training_hours",0,0.0112486488274787,0.4075867635189669,1,300.8662757273079,4972,1117,0.2857142857142857,0.0004859571471108045,1010,2478
"[18.323249999999994,59.77675], [0.34475,0.60125], [25.382299999999994,61.4177], [17.88185,46.238150000000005]","ai_adoption_rate, ai_maturity_score, ai_training_hours, task_automation_rate",2.0,0.0801637239993352,0.6036644165863067,1,308.7861983105027,4998,1121,0.5714285714285714,3.267287213906266e-05,626,1037
"[-3.161057505254142,69.8288], [25.382299999999994,61.4177], [17.88185,46.238150000000005], 2.0","ai_adoption_rate, ai_training_hours, task_automation_rate, ai_adoption_stage",2.0,0.11400723784922699,0.6477187733732236,1,304.1839883711624,4998,1121,0.5714285714285714,3.3453550693426135e-05,866,1337
"[0.47024999999999995,0.8193749999999999], [-2.330075000000001,13.410075], [25.382299999999994,92.3692173809539], [22.262549999999997,44.31745]","ai_maturity_score, ai_failure_rate, ai_training_hours, task_automation_rate",2.0,0.7647062028665391,0.9477611940298507,2,237.60167420689177,4935,1133,0.5714285714285714,4.893318291956832e-05,127,134
"[32.68915,75.8588], [0.605625,0.9547499999999999], 6.0","ai_adoption_rate, ai_maturity_score, industry",2.0,1.0,1.0,2,172.0852096,4737,1133,0.42857142857142855,3.556748724369049e-05,11,11
"[8.918049999999997,44.34195], [-10.985300000000002,40.436], [2.601849999999999,30.958150000000003], 1.0","ai_adoption_rate, ai_training_hours, task_automation_rate, industry",1.0,0.05934044142823045,0.5684210526315789,2,352.01318830660796,4953,1135,0.5714285714285714,7.275595975858983e-05,108,190
"[0.047125000000000056,0.48887499999999995], [13.665225,39.654775], 1.0","ai_maturity_score, ai_failure_rate, industry",1.0,0.029979846186040392,0.49586776859504134,1,339.54939913635735,4953,1135,0.42857142857142855,3.508993872993824e-05,120,242
"[7.01585,52.42085], [0.047125000000000056,0.48887499999999995], [2.503999999999998,40.436], 0.0","ai_adoption_rate, ai_maturity_score, ai_training_hours, industry",1.0,0.016309597446579487,0.43902439024390244,4,315.025632589604,4922,1139,0.5714285714285714,0.005675439740509252,126,287
"[7.01585,52.42085]",ai_adoption_rate,1.0,0.008621305830724246,0.386468952734013,2,306.08832523940475,4991,1139,0.14285714285714285,0.0025274295051835776,1251,3237
"[-0.006812499999999999,0.4848125], [26.109924999999997,41.850075], [-1.5062500000000005,9.74625], 2.0","ai_maturity_score, ai_failure_rate, task_automation_rate, industry",0,0.16581708354279173,0.6981132075471698,1,270.4093136344865,4719,1155,0.5714285714285714,2.7944818254937635e-05,37,53
"[5.5136249999999976,30.856125000000002], [25.451949999999997,52.90805]","ai_failure_rate, task_automation_rate",2.0,0.17381872974266754,0.7047244094488189,2,284.28860156142576,4998,1161,0.2857142857142857,6.000357586542836e-05,716,1016
"[55.316950000000006,64.16437230038568], 2.0","ai_adoption_rate, ai_adoption_stage",2.0,0.5815568819063694,0.8972602739726028,1,263.3918128162809,4980,1161,0.2857142857142857,2.6997212796704885e-05,262,292
"[8.918049999999997,44.34195], [-10.985300000000002,40.436], [2.601849999999999,30.958150000000003], 1.0, 1.0","ai_adoption_rate, ai_training_hours, task_automation_rate, ai_adoption_stage, industry",1.0,0.04623229558599829,0.5407407407407407,1,343.7723799000995,4953,1166,0.7142857142857143,3.552635280292534e-05,73,135
"[0.09837500000000002,0.283625], [15.791099999999998,28.968899999999998], [-1.5062500000000005,9.74625], 1.0","ai_maturity_score, ai_failure_rate, task_automation_rate, ai_adoption_stage",0.0,0.19649623617673456,0.7222222222222222,1,337.65348253412986,4702,1174,0.5714285714285714,3.4894009661654074e-05,39,54
"[7.01585,32.418606656684645], [0.047125000000000056,0.48887499999999995], [2.503999999999998,40.436]","ai_adoption_rate, ai_maturity_score, ai_training_hours",1.0,0.006542768365089365,0.3657230298393267,1,306.0079829540003,4991,1181,0.42857142857142855,0.0008270686273794555,478,1307
"[3.4669500000000006,43.41305], [-1.5062500000000005,9.74625], 1.0","ai_adoption_rate, task_automation_rate, ai_adoption_stage",0,0.1325651546392508,0.6675531914893617,1,346.7433966465288,4951,1192,0.42857142857142855,3.5465056747041575e-05,251,376
"[7.01585,32.418606656684645]",ai_adoption_rate,1.0,0.005415686009333237,0.3521524347212421,1,305.85752430449804,4991,1194,0.14285714285714285,0.0009990006770378246,499,1417
"[39.61053769078111,52.42085], [0.047125000000000056,0.48887499999999995], [2.503999999999998,40.436]","ai_adoption_rate, ai_maturity_score, ai_training_hours",1.0,0.02300051821732643,0.4702702702702703,3,323.29569031332045,4986,1194,0.42857142857142855,0.0024283925822164683,348,740
"[35.3605,88.1195], [5.5136249999999976,30.856125000000002], [25.451949999999997,52.90805]","ai_adoption_rate, ai_failure_rate, task_automation_rate",2.0,0.19314966327996874,0.7197452229299363,4,295.86174884644885,4998,1214,0.42857142857142855,0.00012935090052928555,678,942
"[42.3082,66.3318]",ai_training_hours,2.0,0.3239393999506487,0.7981651376146789,1,260.3160708222447,4998,1214,0.14285714285714285,2.563480459474131e-05,435,545
"[42.3082,66.3318], 7.0","ai_training_hours, industry",2.0,0.38470588034229997,0.8260869565217391,2,221.19815975820592,4413,1223,0.2857142857142857,4.571841324315532e-05,19,23
"[0.047125000000000056,0.48887499999999995], 2.0, 8.0","ai_maturity_score, ai_adoption_stage, industry",1.0,0.0183047168576926,0.4492753623188406,1,314.41995848060975,4867,1231,0.42857142857142855,3.249299544224392e-05,93,207
"[-12.272100000000004,37.472100000000005], [0.09837500000000002,0.283625], [26.109924999999997,41.850075], 1.0","ai_adoption_rate, ai_maturity_score, ai_failure_rate, ai_adoption_stage",0.0,0.14248278105763496,0.6772554002541296,2,344.5657122752512,4972,1232,0.5714285714285714,7.036749424519303e-05,533,787
"[55.316950000000006,64.16437230038568], [0.4124375,0.8755625], [25.451949999999997,52.90805], 8.0","ai_adoption_rate, ai_maturity_score, task_automation_rate, industry",2.0,1.0,1.0,1,274.40143001571954,4935,1236,0.5714285714285714,2.8357374188114223e-05,53,53
"[39.61053769078111,52.42085], [0.047125000000000056,0.18230881088018497], [2.503999999999998,40.436]","ai_adoption_rate, ai_maturity_score, ai_training_hours",1.0,0.0095367431640625,0.625,1,96.792,1238,1238,0.42857142857142855,1.0002742923966226e-05,0,0
"[7.01585,55.1177], [23.833875,29.540325000000003]","ai_adoption_rate, ai_failure_rate",1.0,0.020817900123541646,0.46098562628336753,3,317.58239471501776,4960,1240,0.2857142857142857,0.0026156485206342527,449,974
"[0.20018750000000002,0.6918124999999999], [20.332700000000003,40.306125], [3.9307763477159057,34.892]","ai_maturity_score, ai_failure_rate, task_automation_rate",1.0,0.014827782599297776,0.4307400379506641,2,298.0826643173726,4991,1240,0.42857142857142855,0.0014263149021249183,908,2108
"[-0.05156249999999998,0.41156249999999994], [26.109924999999997,41.850075], [-1.5062500000000005,9.74625]","ai_maturity_score, ai_failure_rate, task_automation_rate",0.0,0.22426920548352497,0.7415730337078652,2,318.5511956663087,4985,1275,0.42857142857142855,6.364647076364234e-05,330,445
"[7.01585,55.1177], [23.833875,29.540325000000003], [2.732149999999997,28.387850000000004]","ai_adoption_rate, ai_failure_rate, task_automation_rate",1.0,0.02008902455584329,0.4577114427860697,2,317.6798515066343,4960,1276,0.42857142857142855,0.001206787515480393,368,804
"[39.681200000000004,95.26305], [0.605625,0.8193749999999999], [38.3125,85.7275]","ai_adoption_rate, ai_maturity_score, ai_training_hours",2.0,0.7435025750678066,0.9424460431654677,1,237.75639265063268,4935,1279,0.42857142857142855,2.4570378483902094e-05,131,139
"[55.316950000000006,75.8588], [0.605625,0.8193749999999999], [-2.330075000000001,13.410075], [38.3125,85.7275]","ai_adoption_rate, ai_maturity_score, ai_failure_rate, ai_training_hours",2.0,0.6855473130871587,0.9272727272727272,1,230.95814284933994,4935,1279,0.5714285714285714,2.3867829253643025e-05,51,55
"[33.6512,69.8288], [14.383875,25.646375000000003], 2.0, 6.0","ai_adoption_rate, ai_failure_rate, ai_adoption_stage, industry",2.0,0.08825375108068294,0.6153846153846154,1,325.7451216538536,4938,1314,0.5714285714285714,3.357927600218282e-05,88,143
"[0.26937500000000003,0.6826249999999999], [5.5136249999999976,30.856125000000002], [2.8039999999999985,40.736000000000004], 2.0, 6.0","ai_maturity_score, ai_failure_rate, ai_training_hours, ai_adoption_stage, industry",2.0,0.13407281918408312,0.6690647482014388,2,325.7016816959703,4938,1314,0.7142857142857143,6.71473290021719e-05,93,139
"[55.316950000000006,64.16437230038568], [25.451949999999997,52.90805], 5.0","ai_adoption_rate, task_automation_rate, industry",2.0,1.0,1.0,2,221.713890074624,4724,1317,0.42857142857142855,4.582500713052671e-05,18,18
"[0.3591875,0.8508125], 2.0, 3.0","ai_maturity_score, ai_adoption_stage, industry",1.0,0.010240000000000003,0.4,3,290.6541507806282,4986,1319,0.42857142857142855,0.004898946292961916,82,205
"[5.152999999999999,43.635200000000005], [17.456799999999998,46.2632], 2.0","ai_training_hours, task_automation_rate, ai_adoption_stage",1.0,0.007026754489826957,0.37098039215686274,1,302.3945173748193,4986,1319,0.42857142857142855,0.0008234788115582832,473,1275
"[0.47024999999999995,0.9547499999999999], [25.382299999999994,92.3692173809539]","ai_maturity_score, ai_training_hours",2.0,0.32404990290031127,0.798219584569733,3,283.94928241173744,4998,1321,0.2857142857142857,8.979989810982753e-05,538,674
"[32.68915,63.59085], [0.47024999999999995,0.8193749999999999], [-2.330075000000001,13.410075], [25.382299999999994,92.3692173809539], [22.262549999999997,44.31745]","ai_adoption_rate, ai_maturity_score, ai_failure_rate, ai_training_hours, task_automation_rate",2.0,0.6472278485082303,0.9166666666666666,1,240.4660938754147,4935,1321,0.7142857142857143,2.4850406221238353e-05,77,84
"[0.1918125,0.49818749999999995], [-0.8023000000000025,40.436], 1.0, 1.0","ai_maturity_score, ai_training_hours, ai_adoption_stage, industry",1.0,0.07775999999999998,0.6,1,343.06201179049447,4953,1329,0.5714285714285714,3.545294147159875e-05,63,105
"[8.918049999999997,44.34195], [29.933625,50.066375], [-10.985300000000002,26.3823], [2.601849999999999,30.958150000000003], 1.0, 1.0","ai_adoption_rate, ai_failure_rate, ai_training_hours, task_automation_rate, ai_adoption_stage, industry",1.0,0.054740611075523096,0.559322033898305,1,337.3348610825292,4953,1329,0.8571428571428571,3.486108247272914e-05,33,59
"[0.047125000000000056,0.8508125], 3.0","ai_maturity_score, industry",1.0,0.008556075141354091,0.38588235294117645,1,287.53872888905966,4987,1338,0.2857142857142857,0.0006375252107603196,164,425
"[0.3591875,0.48887499999999995], [5.152999999999999,43.635200000000005], 2.0","ai_maturity_score, ai_training_hours, ai_adoption_stage",1.0,0.009186823477282544,0.3914110429447853,1,313.0263509639352,4986,1338,0.42857142857142855,0.0006736580465780583,319,815
"[0.47024999999999995,0.9547499999999999], [25.382299999999994,92.3692173809539], 8.0","ai_maturity_score, ai_training_hours, industry",2.0,0.3818545300357195,0.8248587570621468,1,265.5220884220637,4956,1340,0.42857142857142855,2.7439759392517272e-05,146,177
"[-0.09693749999999998,0.29493749999999996], [26.109924999999997,41.850075], [-1.5062500000000005,9.74625], 0.0","ai_maturity_score, ai_failure_rate, task_automation_rate, ai_adoption_stage",0.0,0.45958815111577594,0.856,4,209.1472583970289,4985,1347,0.5714285714285714,8.645533758979322e-05,107,125
"[-6.046900000000001,49.7269], [26.109924999999997,41.850075], 2.0","ai_adoption_rate, ai_failure_rate, ai_adoption_stage",0,0.0006903226196437756,0.23324396782841822,1,327.95263446590786,4940,1352,0.42857142857142855,0.008678107169043645,87,373
"[0.242625,0.513375], [4.925474999999999,27.254525], [2.1390999999999956,45.76090000000001], [1.5518499999999982,29.908150000000003], 2.0, 0.0","ai_maturity_score, ai_failure_rate, ai_training_hours, task_automation_rate, ai_adoption_stage, industry",1.0,0.0357074950308936,0.5135135135135135,2,336.9216177746713,4906,1367,0.8571428571428571,6.963675361862234e-05,57,111
"[0.09837500000000002,0.283625], [26.109924999999997,29.770581830822454], 1.0","ai_maturity_score, ai_failure_rate, ai_adoption_stage",0.0,0.04607516327980785,0.5403726708074534,1,350.23452029140225,4972,1368,0.42857142857142855,3.6194167592089525e-05,87,161
"[7.01585,42.999500000000005], [23.833875,29.540325000000003], [-4.248650000000001,28.60865], 1.0, 2.0","ai_adoption_rate, ai_failure_rate, task_automation_rate, ai_adoption_stage, industry",1.0,0.041939238830436674,0.5303030303030303,6,291.2985442452763,4760,1371,0.7142857142857143,0.004567581025453139,35,66
"[-9.759500000000003,55.1177], [0.235875,0.47812499999999997], [-6.712600000000004,35.012600000000006]","ai_adoption_rate, ai_maturity_score, ai_training_hours",1.0,0.018693610849408144,0.451168364289994,2,298.18913413007056,4987,1371,0.42857142857142855,0.0012443795760991494,753,1669
"[0.34475,0.60125], [28.211100000000002,59.188900000000004], [13.4664,46.238150000000005], 4.0","ai_maturity_score, ai_training_hours, task_automation_rate, industry",2.0,0.2373046875,0.75,1,315.67031425063453,4980,1372,0.5714285714285714,3.262221053575429e-05,99,132
"[-0.05156249999999998,0.41156249999999994], [26.109924999999997,41.850075], [-0.6472000000000016,32.227199999999996], [-1.5062500000000005,9.74625]","ai_maturity_score, ai_failure_rate, ai_training_hours, task_automation_rate",1,0.0007491329048426939,0.23708920187793428,1,318.5508082939981,4987,1387,0.5714285714285714,0.0074210913072790775,101,426
"[-6.046900000000001,49.7269], [-1.5062500000000005,9.74625], 1.0, 1.0","ai_adoption_rate, task_automation_rate, ai_adoption_stage, industry",0.0,0.26150027784488145,0.7647058823529411,1,352.2690608177408,4817,1387,0.5714285714285714,3.640442242568482e-05,39,51
"[26.109924999999997,41.850075]",ai_failure_rate,1,0.006031381076062411,0.3598183881952327,2,313.32548177684254,4987,1399,0.14285714285714285,0.0037336117751471448,634,1762
"[-0.05156249999999998,0.41156249999999994], [-0.6472000000000016,32.227199999999996], [-1.5062500000000005,9.74625], 1.0","ai_maturity_score, ai_training_hours, task_automation_rate, ai_adoption_stage",1.0,0.0014639361278227863,0.2710843373493976,2,347.16106034242813,4960,1399,0.5714285714285714,0.016897972893029505,90,332
"[25.637499999999996,63.3225], [26.109924999999997,41.850075], 2.0","ai_adoption_rate, ai_failure_rate, ai_adoption_stage",1,0.014796056703668514,0.4305555555555556,1,328.3017152092353,4939,1401,0.42857142857142855,0.00040531544548178027,186,432
"[35.3605,88.1195], [42.3082,66.3318], 2.0","ai_adoption_rate, ai_training_hours, ai_adoption_stage",2.0,0.32093784389912305,0.7966804979253111,1,257.60516903435996,4998,1402,0.42857142857142855,2.519706739673665e-05,384,482
"[11.664349999999999,48.59565], [26.109924999999997,41.850075], 6.0","ai_adoption_rate, ai_failure_rate, industry",0.0,0.022724424250973346,0.4691358024691358,1,332.416519520988,4929,1412,0.42857142857142855,3.361433472468905e-05,76,162
"[0.09837500000000002,0.283625], [26.109924999999997,41.850075], [-10.985300000000002,35.1653], 1.0","ai_maturity_score, ai_failure_rate, ai_training_hours, ai_adoption_stage",0.0,0.14872608315939537,0.6830892143808256,4,344.56588126558296,4972,1412,0.5714285714285714,0.0001407350758099396,513,751
"[42.372809647468955,88.1195], [0.20706250000000004,0.5989375], [20.798399999999997,56.2016], [25.451949999999997,52.90805], 2.0","ai_adoption_rate, ai_maturity_score, ai_training_hours, task_automation_rate, ai_adoption_stage",2.0,0.2459645362897425,0.7553956834532374,1,300.6576134059432,4998,1427,0.7142857142857143,3.3305727884977844e-05,420,556
"[35.3605,64.16437230038568]",ai_adoption_rate,2.0,0.04230815668337,0.531232725262576,1,298.81852537231003,4998,1427,0.14285714285714285,3.202531482554006e-05,961,1809
"[32.68915,75.8588], [0.605625,0.9547499999999999], [14.383875,25.646375000000003], 6.0","ai_adoption_rate, ai_maturity_score, ai_failure_rate, industry",2.0,1.0,1.0,1,202.66666666666666,4431,1431,0.5714285714285714,2.0944112797791362e-05,3,3
"[36.4327,80.1473], 2.0, 6.0","ai_adoption_rate, ai_adoption_stage, industry",2.0,0.12988826379310342,0.6648351648351648,2,316.4057337519941,4938,1431,0.42857142857142855,6.847928298713301e-05,121,182
"[23.4623,51.48415], [0.047125000000000056,0.48887499999999995], [5.152999999999999,43.635200000000005], 2.0, 3.0","ai_adoption_rate, ai_maturity_score, ai_training_hours, ai_adoption_stage, industry",1.0,0.03228467893404966,0.5032679738562091,3,323.2394326193541,4986,1432,0.7142857142857143,0.0017692305437019208,77,153
"[13.665225,39.654775], [-10.985300000000002,40.436], [2.601849999999999,30.958150000000003], 1.0","ai_failure_rate, ai_training_hours, task_automation_rate, industry",1.0,0.04089602647576088,0.5276381909547738,1,363.5467286411016,4953,1454,0.5714285714285714,3.7569886637799075e-05,105,199
"[-2.330075000000001,13.410075], [25.451949999999997,44.31745], 8.0","ai_failure_rate, task_automation_rate, industry",2.0,0.6112798750400543,0.90625,1,247.8967454464763,4935,1463,0.42857142857142855,2.56183095337321e-05,29,32
"[55.316950000000006,64.16437230038568], [0.4124375,0.8755625], [25.382299999999994,92.3692173809539], [22.262549999999997,52.90805]","ai_adoption_rate, ai_maturity_score, ai_training_hours, task_automation_rate",2.0,0.5612636970897417,0.8909090909090909,2,269.1215890496228,4980,1463,0.5714285714285714,5.547475141253663e-05,196,220
"[0.242625,0.513375], [4.925474999999999,27.254525], [2.1390999999999956,45.76090000000001], [1.5518499999999982,29.908150000000003], 2.0, 0.0","ai_maturity_score, ai_failure_rate, ai_training_hours, task_automation_rate, ai_adoption_stage, industry",2,0.0025073823547878357,0.3018867924528302,1,336.9216177742114,4498,1471,0.8571428571428571,0.0024545636660422195,32,106
"[7.01585,26.17385489047236], [23.833875,29.540325000000003], [-4.248650000000001,10.245093442298902], 1.0, 2.0","ai_adoption_rate, ai_failure_rate, task_automation_rate, ai_adoption_stage, industry",1.0,0.0,0.0,1,174.75,1477,1477,0.7142857142857143,1.805913015500349e-05,0,4
"[35.3605,105.95027073232927]",ai_adoption_rate,2.0,0.04919676933235568,0.5475040257648953,1,293.1154515220911,4998,1481,0.14285714285714285,3.202524829059755e-05,1020,1863
"[38.3125,92.3692173809539], 2.0","ai_training_hours, ai_adoption_stage",2.0,0.2914802089872126,0.7814871016691958,2,282.83566162784683,4998,1481,0.2857142857142857,5.613467506216193e-05,515,659
"[23.4623,63.3225], [15.698399999999998,30.101599999999998], 2.0","ai_adoption_rate, task_automation_rate, ai_adoption_stage",1,0.00665099921875528,0.3669250645994832,1,314.36686893923144,4986,1489,0.42857142857142855,0.0008893164144212238,426,1161
"[25.637499999999996,51.48415], [0.047125000000000056,0.48887499999999995], [26.109924999999997,41.850075], [5.152999999999999,43.635200000000005], 2.0","ai_adoption_rate, ai_maturity_score, ai_failure_rate, ai_training_hours, ai_adoption_stage",1.0,0.021527993615764292,0.46408839779005523,1,328.5841520390951,4939,1489,0.7142857142857143,3.3956760907270234e-05,168,362
"[20.282849999999996,49.67715], [0.34475,0.60125], [25.382299999999994,61.4177], [17.88185,46.238150000000005]","ai_adoption_rate, ai_maturity_score, ai_training_hours, task_automation_rate",2.0,0.03912216705030034,0.5229793977812995,1,322.1783363970556,4998,1497,0.5714285714285714,3.335034602103292e-05,330,631
"[25.81655,88.1195]",ai_adoption_rate,2.0,0.016050256776950746,0.4376192293017932,1,292.6673805110143,4998,1497,0.14285714285714285,0.00035132185121399814,1147,2621
"[-0.09693749999999998,0.29493749999999996], [26.109924999999997,41.850075], [-1.5062500000000005,9.74625]","ai_maturity_score, ai_failure_rate, task_automation_rate",0.0,0.27860262669080177,0.7744565217391305,4,315.79270935613175,4985,1506,0.42857142857142855,0.00012586759493769155,285,368
"[26.109924999999997,41.850075], 0.0","ai_failure_rate, ai_adoption_stage",0.0,0.34204976592193825,0.8068965517241379,1,200.14464189449862,4985,1506,0.2857142857142857,2.0683480044631272e-05,117,145
"[-6.046900000000001,49.7269], [-10.985300000000002,35.1653], 4.0","ai_adoption_rate, ai_training_hours, industry",0,0.01260130366580252,0.41694915254237286,2,318.66847387721015,4694,1519,0.42857142857142855,0.0018477771987605535,123,295
"[25.637499999999996,55.1177], [23.833875,41.850075], [20.873549999999998,33.92645]","ai_adoption_rate, ai_failure_rate, task_automation_rate",1,0.018088900916151625,0.448210922787194,1,323.42315047343607,4879,1521,0.42857142857142855,3.4777796245635706e-05,238,531
"[7.01585,63.3225], 2.0","ai_adoption_rate, ai_adoption_stage",1.0,0.00509469637866753,0.34787535410764875,1,299.35760828580766,4986,1521,0.2857142857142857,0.0011285907894273877,614,1765
"[-6.046900000000001,49.7269], [27.883874999999996,44.356125], 1.0, 1.0","ai_adoption_rate, ai_failure_rate, ai_adoption_stage, industry",0.0,0.028064020595835334,0.48936170212765956,1,345.8883706084197,4817,1525,0.5714285714285714,3.574502491513325e-05,46,94
"[55.316950000000006,64.16437230038568], [0.4124375,0.8755625], [25.382299999999994,92.3692173809539], [22.262549999999997,52.90805], 2.0","ai_adoption_rate, ai_maturity_score, ai_training_hours, task_automation_rate, industry",2.0,1.0,1.0,1,199.965632,4648,1538,0.7142857142857143,2.066498068563966e-05,10,10
"[-8.842358304024572,55.1177], [23.833875,39.654775], [-10.985300000000002,40.436], [2.601849999999999,33.92645], 1.0","ai_adoption_rate, ai_failure_rate, ai_training_hours, task_automation_rate, industry",1,0.045061868284673574,0.5379746835443038,1,370.7878703595239,4953,1539,0.7142857142857143,3.831820549767784e-05,85,158
"[13.665225,41.850075], [20.873549999999998,30.958150000000003]","ai_failure_rate, task_automation_rate",1.0,0.010887596595630232,0.40493601462522855,1,302.0645475457225,4991,1539,0.2857142857142857,0.0005016687308192806,443,1094
"[0.34475,0.56575], [25.980175000000003,38.059825000000004], [25.382299999999994,61.4177], [13.4664,46.238150000000005]","ai_maturity_score, ai_failure_rate, ai_training_hours, task_automation_rate",1,0.011572897039400818,0.4099099099099099,2,360.3271294776165,4939,1541,0.5714285714285714,0.002274997129745993,91,222
"[-0.09693749999999998,0.29493749999999996], [-1.5062500000000005,9.74625], 1.0","ai_maturity_score, task_automation_rate, ai_adoption_stage",0.0,0.21065401002167267,0.7323420074349443,1,347.39577850296456,4951,1543,0.42857142857142855,3.554933034400964e-05,197,269
"[7.2349,41.905100000000004], [26.109924999999997,41.850075], [-1.5062500000000005,9.74625]","ai_adoption_rate, ai_failure_rate, task_automation_rate",0.0,0.22698868709122902,0.7433628318584071,1,344.37007436346585,4951,1543,0.42857142857142855,3.515847494439777e-05,252,339
"[23.833875,41.850075], [20.873549999999998,33.92645], 4.0","ai_failure_rate, task_automation_rate, industry",1.0,0.019403791345598595,0.45454545454545453,1,314.3399546945792,4879,1544,0.42857142857142855,3.248472763803895e-05,35,77
"[-9.759500000000003,19.13374852109228], [0.235875,0.47812499999999997], [-6.712600000000004,35.012600000000006]","ai_adoption_rate, ai_maturity_score, ai_training_hours",1,0.009894086180746772,0.3972602739726027,1,263.74502246018665,4987,1544,0.42857142857142855,0.00048693901444953324,29,73
"[25.2145,47.825500000000005], [0.34475,0.60125], [13.4664,46.238150000000005], 2.0, 4.0","ai_adoption_rate, ai_maturity_score, task_automation_rate, ai_adoption_stage, industry",2.0,0.07379350066184998,0.59375,1,334.2146289035031,4969,1556,0.7142857142857143,3.453862937381719e-05,57,96
"[25.637499999999996,63.3225], 2.0","ai_adoption_rate, ai_adoption_stage",1,0.005262945766568775,0.3501432664756447,1,299.35760828580766,4986,1561,0.2857142857142857,0.0010924650671944802,611,1745
"[26.109924999999997,41.850075], [25.382299999999994,61.4177], [-7.207550000000001,15.74755]","ai_failure_rate, ai_training_hours, task_automation_rate",1,0.05702274398647653,0.5639097744360902,2,320.5161085460049,4987,1561,0.42857142857142855,6.624597563384868e-05,75,133
"[26.109924999999997,41.850075], [-3.785300000000003,42.365300000000005]","ai_failure_rate, ai_training_hours",1,0.005877627219746197,0.3579648697758934,1,313.3254816307674,4987,1575,0.2857142857142857,0.0009574541591994225,591,1651
"[-14.668350000000002,15.488350000000002], 0.0","task_automation_rate, ai_adoption_stage",1,0.00017114399548686952,0.17647058823529413,1,204.45520598011916,4987,1575,0.2857142857142857,0.021822399183858573,24,136
"[55.316950000000006,64.16437230038568], [0.4124375,0.8755625], [22.262549999999997,52.90805]","ai_adoption_rate, ai_maturity_score, task_automation_rate",2.0,0.5631572975852116,0.8915094339622641,1,269.1215316251481,4980,1578,0.42857142857142855,2.7737368288270725e-05,189,212
"[7.01585,55.1177], [23.833875,29.540325000000003], 1.0","ai_adoption_rate, ai_failure_rate, ai_adoption_stage",1.0,0.028345132011142426,0.49033816425120774,1,300.72540042502817,4960,1586,0.42857142857142855,3.1077763360178116e-05,203,414
"[-0.09693749999999998,0.29493749999999996], [26.109924999999997,41.850075], 0.0","ai_maturity_score, ai_failure_rate, ai_adoption_stage",0.0,0.34548459997648856,0.8085106382978723,5,200.14464189449887,4985,1610,0.42857142857142855,0.00010341740022315648,114,141
"[26.109924999999997,41.850075], [9.74625,19.13400873602062], 0.0","ai_failure_rate, task_automation_rate, ai_adoption_stage",0.0,0.17831521367830508,0.7083333333333334,1,149.6505167294384,4850,1610,0.42857142857142855,1.5465282743235795e-05,17,24
"[-1.5062500000000005,9.74625]",task_automation_rate,0.0,0.1619723231779984,0.6948453608247422,2,316.54175382159804,4985,1615,0.14285714285714285,6.312731809107382e-05,337,485
"[-0.05156249999999998,0.41156249999999994], [26.109924999999997,41.850075], [-1.5062500000000005,9.74625], 1.0","ai_maturity_score, ai_failure_rate, task_automation_rate, ai_adoption_stage",0.0,0.18396480545028823,0.7127659574468085,1,347.3097932747275,4951,1615,0.5714285714285714,3.553822291605442e-05,201,282
"[-9.759500000000003,19.13374852109228], [0.235875,0.47812499999999997], [-6.712600000000004,35.012600000000006], [-2.4926000000000013,20.912600000000005]","ai_adoption_rate, ai_maturity_score, ai_training_hours, task_automation_rate",1,0.007596635455930366,0.37681159420289856,1,263.7450218069663,4987,1616,0.5714285714285714,0.000634203995933249,26,69
"[-0.09693749999999998,0.29493749999999996], [26.109924999999997,41.850075], 0.0, 7.0","ai_maturity_score, ai_failure_rate, ai_adoption_stage, industry",0.0,0.6011483889270763,0.9032258064516129,1,185.30307781752725,4914,1619,0.5714285714285714,1.9149713307178626e-05,28,31
"[-0.09693749999999998,0.29493749999999996], [26.109924999999997,41.850075], [-1.5062500000000005,9.74625], 0.0, 7.0","ai_maturity_score, ai_failure_rate, task_automation_rate, ai_adoption_stage, industry",0.0,1.0,1.0,2,187.24978657492994,4914,1619,0.7142857142857143,3.870178274395748e-05,18,18
"[-16.504681353437913,42.999500000000005], [23.833875,29.540325000000003], [-4.248650000000001,28.60865], 1.0","ai_adoption_rate, ai_failure_rate, task_automation_rate, ai_adoption_stage",1.0,0.027831934370136695,0.48854961832061067,2,300.79750029042646,4960,1624,0.5714285714285714,0.000789690314914292,192,393
"[28.2864,51.7136], [10.4599,36.380100000000006], 1.0","ai_failure_rate, ai_training_hours, ai_adoption_stage",0,0.057819138683867,0.5654761904761905,2,329.5152405332612,4951,1653,0.42857142857142855,6.928971770794428e-05,380,672
"[23.4623,63.3225], [0.063,0.5189999999999999], [23.7289,55.97110000000001]","ai_adoption_rate, ai_maturity_score, ai_training_hours",1,0.011935749556797026,0.4124487004103967,2,316.1824792745166,4986,1654,0.42857142857142855,0.0019879626696373545,603,1462
"[25.637499999999996,55.1177], 2.0","ai_adoption_rate, ai_adoption_stage",1.0,0.008462437656109914,0.38503401360544215,1,307.9719686389822,4986,1654,0.2857142857142857,0.0006907268380298081,566,1470
"[35.3605,95.26305], [7.029424999999998,30.090575], [25.382299999999994,92.3692173809539], 2.0","ai_adoption_rate, ai_failure_rate, ai_training_hours, ai_adoption_stage",2.0,0.08259211787548203,0.6072782410917361,2,300.0157557415806,4998,1669,0.5714285714285714,6.67434618674562e-05,801,1319
"[0.47024999999999995,0.9547499999999999], 8.0","ai_maturity_score, industry",2.0,0.38470588034229997,0.8260869565217391,2,265.5220884220637,4956,1669,0.2857142857142857,5.4879518785034545e-05,133,161
"[0.4124375,0.9547499999999999]",ai_maturity_score,2.0,0.1600426796471523,0.6931818181818182,4,298.83903961914376,4998,1676,0.14285714285714285,0.00013200248798891234,732,1056
"[26.86845,74.35155], [0.4124375,0.9547499999999999]","ai_adoption_rate, ai_maturity_score",2.0,0.1576930640815349,0.6911344137273594,1,298.83903961914376,4998,1677,0.2857142857142857,3.3000621997228085e-05,725,1049
"[7.029424999999998,30.090575], [10.606899999999998,38.5131]","ai_failure_rate, task_automation_rate",2.0,0.019232515326814074,0.453740157480315,1,290.874539488384,4998,1684,0.2857142857142857,2.9519966171992556e-05,922,2032
"[0.09837500000000002,0.283625]",ai_maturity_score,0.0,0.10734099715411693,0.6399604352126608,4,303.793591813162,4972,1687,0.14285714285714285,0.0001196674912051114,647,1011
"[0.17468750000000005,0.6093124999999999], [26.109924999999997,41.850075]","ai_maturity_score, ai_failure_rate",0,0.0107539551471524,0.40393700787401576,1,322.4499341439814,4972,1694,0.2857142857142857,0.0005517336991344376,513,1270
"[35.3605,95.26305], [7.029424999999998,30.090575], [25.382299999999994,92.3692173809539], [16.262749999999997,36.517250000000004], 2.0","ai_adoption_rate, ai_failure_rate, ai_training_hours, task_automation_rate, ai_adoption_stage",2.0,0.08846229009700103,0.615675165250236,1,312.47584008490804,4998,1701,0.7142857142857143,3.3417593627677236e-05,652,1059
"[-0.051374999999999976,0.44737499999999997], 1.0, 0.0","ai_maturity_score, ai_adoption_stage, industry",1.0,0.01083983994560592,0.40458015267175573,2,313.15227752618205,4922,1717,0.42857142857142855,0.0020755462024975206,53,131
"[7.01585,52.42085], [0.047125000000000056,0.48887499999999995], [2.503999999999998,40.436], [-1.5062500000000005,9.74625]","ai_adoption_rate, ai_maturity_score, ai_training_hours, task_automation_rate",1,0.002085306098821248,0.2909604519774011,1,344.2205361945847,4960,1717,0.5714285714285714,0.0029367372906397675,103,354
"[35.3605,88.1195], [5.5136249999999976,30.856125000000002], [25.451949999999997,52.90805], 2.0","ai_adoption_rate, ai_failure_rate, task_automation_rate, ai_adoption_stage",2.0,0.17864201370361066,0.7085927770859277,1,295.86174885205554,4998,1718,0.5714285714285714,3.2337725133453065e-05,569,803
"[25.451949999999997,52.90805], 2.0, 5.0","task_automation_rate, ai_adoption_stage, industry",2.0,0.3411077401491926,0.8064516129032258,1,273.35964764585833,4998,1724,0.42857142857142855,2.7173907411997347e-05,50,62
"[25.81655,88.1195], [5.5136249999999976,30.856125000000002], [26.228699999999996,52.90805]","ai_adoption_rate, ai_failure_rate, task_automation_rate",2.0,0.18760050056839273,0.7155612244897959,2,295.93039255091827,4998,1744,0.42857142857142855,6.470316051127492e-05,561,784
"[25.451949999999997,37.9313], 1.0","task_automation_rate, ai_adoption_stage",2.0,0.007415771484375,0.375,1,272.51497466980135,4832,1744,0.2857142857142857,0.000671274302878918,39,104
"[28.2864,51.7136], [10.4599,36.380100000000006]","ai_failure_rate, ai_training_hours",0,0.03533700069134482,0.5124434389140271,1,314.4055499480878,4951,1747,0.2857142857142857,3.220505315941316e-05,453,884
"[55.316950000000006,64.16437230038568], [0.4124375,1.024058927085842], [25.382299999999994,92.3692173809539], [22.262549999999997,52.90805]","ai_adoption_rate, ai_maturity_score, ai_training_hours, task_automation_rate",2.0,0.5549289573066435,0.8888888888888888,1,269.1215890496228,4980,1751,0.5714285714285714,2.7737375706268314e-05,176,198
"[25.451949999999997,52.90805]",task_automation_rate,2.0,0.13549498243477492,0.6704781704781705,2,280.88253369686856,4998,1751,0.14285714285714285,5.862860664862729e-05,645,962
"[23.4623,63.3225], [0.063,0.5189999999999999]","ai_adoption_rate, ai_maturity_score",1,0.011684589187615588,0.41069809610154123,1,302.8259602271467,4986,1753,0.2857142857142857,0.0004872412372439816,906,2206
"[-0.09693749999999998,0.29493749999999996], [26.109924999999997,41.850075], [-4.506350000000001,7.646350000000002], 6.0","ai_maturity_score, ai_failure_rate, task_automation_rate, industry",0.0,0.48045708347045346,0.8636363636363636,1,251.92741797656385,4985,1757,0.5714285714285714,2.3216887222185123e-05,38,44
"[13.789674999999997,33.190325]",ai_failure_rate,1,0.00699926330880769,0.3706896551724138,1,297.34645244607657,4991,1765,0.14285714285714285,0.0007317051051528805,903,2436
"[23.4623,63.3225], [0.063,0.6918124999999999], [20.332700000000003,29.540325000000003], 2.0","ai_adoption_rate, ai_maturity_score, ai_failure_rate, ai_adoption_stage",1.0,0.010864210079525458,0.40476190476190477,1,319.3781534892534,4986,1765,0.5714285714285714,0.0005620090338142367,357,882
"[23.4623,63.3225], [0.1918125,0.5189999999999999], [-10.985300000000002,35.1653]","ai_adoption_rate, ai_maturity_score, ai_training_hours",1.0,0.01580232699183044,0.43625880845611786,1,302.1859085263055,4960,1769,0.42857142857142855,0.0003773733357384195,681,1561
"[25.382299999999994,61.4177]",ai_training_hours,2.0,0.03841341449450089,0.5210706150341685,2,296.89832584333516,4998,1773,0.14285714285714285,6.477713188847136e-05,915,1756
"[25.81655,88.1195], [7.029424999999998,30.090575], 8.0","ai_adoption_rate, ai_failure_rate, industry",2.0,0.0807702653426194,0.6045751633986928,1,300.8881234757561,4956,1773,0.42857142857142855,3.1094579593381634e-05,185,306
"[9.745224999999998,35.734775], [25.382299999999994,61.4177]","ai_failure_rate, ai_training_hours",2.0,0.03531229216887162,0.512371756185878,1,294.6558226679011,4998,1775,0.2857142857142857,3.168133252347672e-05,849,1657
"[25.382299999999994,61.4177]",ai_training_hours,1,0.0047885161523018895,0.3435897435897436,1,296.89832584333516,4987,1775,0.14285714285714285,0.0011983838518741991,603,1755
"[0.09837500000000002,0.283625], [10.941649999999997,41.09835], 1.0","ai_maturity_score, task_automation_rate, ai_adoption_stage",0.0,0.09627568633507791,0.6261859582542695,2,275.70503231764326,4972,1781,0.42857142857142855,5.698418383992862e-05,330,527
"[0.26937500000000003,0.6826249999999999], [5.5136249999999976,30.856125000000002], [2.8039999999999985,40.736000000000004], [18.7878,38.592200000000005], 2.0, 6.0","ai_maturity_score, ai_failure_rate, ai_training_hours, task_automation_rate, ai_adoption_stage, industry",2.0,0.09699482462268358,0.6271186440677966,1,325.80619019610486,4938,1786,0.8571428571428571,3.358716473432082e-05,74,118
"[21.386249999999997,77.91375], [0.26937500000000003,0.6826249999999999], [5.5136249999999976,30.856125000000002], [2.8039999999999985,40.736000000000004], 2.0, 6.0","ai_adoption_rate, ai_maturity_score, ai_failure_rate, ai_training_hours, ai_adoption_stage, industry",2.0,0.1192262425083671,0.6535433070866141,1,325.70168169598935,4938,1786,0.8571428571428571,3.357366450108842e-05,83,127
"[12.741525,34.338475], [-7.207550000000001,22.252100000000002]","ai_failure_rate, task_automation_rate",1.0,0.008298739300939908,0.38353272343420125,1,302.233993984399,4987,1797,0.2857142857142857,0.0006406519095503578,545,1421
"[23.4623,55.1177], [0.063,0.5189999999999999], [23.7289,61.4177], [2.3370999999999995,28.4429]","ai_adoption_rate, ai_maturity_score, ai_training_hours, task_automation_rate",1,0.019017713476734234,0.45272206303724927,3,323.32189483502253,4986,1797,0.5714285714285714,0.0029298955610446717,474,1047
"[23.4623,55.1177], [0.242625,0.5189999999999999], 0.0","ai_adoption_rate, ai_maturity_score, industry",1.0,0.02448519270213934,0.47619047619047616,1,317.83152870425437,4906,1798,0.42857142857142855,3.366794491679298e-05,80,168
"[0.063,0.513375], [4.925474999999999,27.254525], [23.7289,61.4177], [1.5518499999999982,29.908150000000003], 2.0, 0.0","ai_maturity_score, ai_failure_rate, ai_training_hours, task_automation_rate, ai_adoption_stage, industry",1,0.037022548078608386,0.5172413793103449,1,333.37172485884435,4906,1798,0.8571428571428571,3.4451521426173865e-05,45,87
"[35.3605,88.1195], [4.3468724639639085,30.090575], [25.382299999999994,61.4177], 4.0","ai_adoption_rate, ai_failure_rate, ai_training_hours, industry",2.0,0.16291487262254356,0.6956521739130435,2,334.2368874382994,4980,1802,0.5714285714285714,6.9081859260103e-05,128,184
"[35.3605,88.1195], [7.029424999999998,30.090575], [25.382299999999994,61.4177], [7.878299999999998,23.1817], 4.0","ai_adoption_rate, ai_failure_rate, ai_training_hours, task_automation_rate, industry",2.0,0.0332785580508952,0.5063291139240507,1,339.7805940113484,4969,1802,0.7142857142857143,3.5113831023721545e-05,40,79
"[0.047125000000000056,0.5347165690876491], [2.503999999999998,40.436]","ai_maturity_score, ai_training_hours",1.0,0.008809827446284354,0.38814453917986197,1,301.82484111432177,4991,1806,0.2857142857142857,0.0006071339545702009,956,2463
"[2.503999999999998,35.1653], 0.0","ai_training_hours, industry",1.0,0.009786975215120277,0.3963963963963964,1,318.2441670424592,4922,1806,0.2857142857142857,0.0005954399963419122,88,222
"[26.109924999999997,41.850075], [10.941649999999997,41.09835], 1.0","ai_failure_rate, task_automation_rate, ai_adoption_stage",0.0,0.03714420689610939,0.5175808720112518,1,301.85667275452266,4972,1807,0.42857142857142855,3.160433974652375e-05,368,711
"[0.09837500000000002,0.283625], [-10.985300000000002,35.1653]","ai_maturity_score, ai_training_hours",0.0,0.11093608399469615,0.6441908713692946,2,303.7935927722859,4972,1807,0.2857142857142857,5.983374585035173e-05,621,964
"[35.3605,88.1195], [0.5128125,0.7051875], [4.3468724639639085,30.090575], [28.211100000000002,61.4177], 4.0","ai_adoption_rate, ai_maturity_score, ai_failure_rate, ai_training_hours, industry",2.0,0.401877572016461,0.8333333333333334,1,274.95542629264713,4810,1810,0.7142857142857143,2.84146256380165e-05,40,48
"[25.382299999999994,59.188900000000004], [10.021949999999999,37.47805], 4.0","ai_training_hours, task_automation_rate, industry",2.0,0.11602906250000002,0.65,1,335.8469379089805,4980,1810,0.42857142857142855,3.470731653137428e-05,130,200
"[33.887899999999995,83.63210000000001], [0.4124375,0.8755625], [25.451949999999997,52.90805], 8.0","ai_adoption_rate, ai_maturity_score, task_automation_rate, industry",2.0,0.43710921623045845,0.847457627118644,1,286.53012305235876,4935,1835,0.5714285714285714,2.961078561105415e-05,100,118
"[55.316950000000006,64.16437230038568], [22.262549999999997,52.90805]","ai_adoption_rate, task_automation_rate",2.0,0.5766293506647422,0.8957345971563981,1,268.69339064033227,4980,1835,0.2857142857142857,2.768206175200835e-05,189,211
"[-26.164294009965555,49.7269]",ai_adoption_rate,0,0.008286951237160445,0.38342370255615804,2,302.6361008777236,4985,1840,0.14285714285714285,0.002489689695097269,990,2582
"[0.16060469336958305,0.413625], [26.109924999999997,51.7136], [-10.985300000000002,35.7247], 2.0, 2.0","ai_maturity_score, ai_failure_rate, ai_training_hours, ai_adoption_stage, industry",0,0.009174309075821474,0.391304347826087,1,318.745333568345,4754,1840,0.7142857142857143,0.000634653175615963,18,46
"[2.8039999999999985,40.736000000000004], 2.0, 6.0","ai_training_hours, ai_adoption_stage, industry",2.0,0.06966740954451933,0.5869565217391305,1,328.895813564376,4938,1841,0.42857142857142855,3.398627711298712e-05,81,138
"[0.26937500000000003,0.6826249999999999], [5.5136249999999976,30.856125000000002], 2.0, 6.0","ai_maturity_score, ai_failure_rate, ai_adoption_stage, industry",2.0,0.15235489881178726,0.6863905325443787,3,313.5801832341976,4938,1841,0.5714285714285714,0.00010135017489485123,116,169
"[0.20018750000000002,0.6918124999999999], [20.332700000000003,29.540325000000003], [2.732149999999997,28.387850000000004]","ai_maturity_score, ai_failure_rate, task_automation_rate",1.0,0.022101572211062553,0.46653543307086615,1,300.40205163537655,4991,1843,0.42857142857142855,3.1803969205380225e-05,474,1016
"[0.34475,0.56575], [25.382299999999994,61.4177], [13.4664,46.238150000000005]","ai_maturity_score, ai_training_hours, task_automation_rate",1,0.0033453242592428427,0.31980676328502416,1,296.47907185075917,4986,1853,0.42857142857142855,0.0017147788073195096,331,1035
"[0.063,0.6918124999999999], [20.332700000000003,29.540325000000003]","ai_maturity_score, ai_failure_rate",2,0.0043479300920809625,0.33702064896755163,1,285.3475533211079,4973,1867,0.2857142857142857,0.0012094301158211006,457,1356
"[0.09837500000000002,0.283625], [-10.985300000000002,35.1653], [10.941649999999997,41.09835]","ai_maturity_score, ai_training_hours, task_automation_rate",0.0,0.07341351433989411,0.5931372549019608,1,270.6421304490627,4972,1868,0.42857142857142855,2.7968878164275e-05,363,612
"[-6.046900000000001,49.7269], [0.09837500000000002,0.283625], [26.109924999999997,41.850075], [-1.5062500000000005,9.74625], 1.0","ai_adoption_rate, ai_maturity_score, ai_failure_rate, task_automation_rate, ai_adoption_stage",2,0.0,0.0,1,347.71410766512963,1881,1881,0.7142857142857143,0.0006291002299419229,0,181
"[0.2511875,0.5148125], [38.3125,92.3692173809539], 2.0","ai_maturity_score, ai_training_hours, ai_adoption_stage",2.0,0.12597253097368394,0.6607773851590106,1,294.6012123353646,4998,1883,0.42857142857142855,2.8897387573869507e-05,187,283
"[23.4623,55.1177], [0.063,0.6918124999999999]","ai_adoption_rate, ai_maturity_score",1,0.010516027298233506,0.40213358070500926,1,303.09802818429085,4986,1884,0.2857142857142857,0.0005430969984293333,867,2156
"[20.332700000000003,29.540325000000003], [23.7289,61.4177], [2.3370999999999995,28.4429]","ai_failure_rate, ai_training_hours, task_automation_rate",1.0,0.018540100955749414,0.45042492917847027,1,339.3597923916306,4986,1884,0.42857142857142855,3.5070344264237026e-05,318,706
"[5.60285,34.997150000000005], [0.047125000000000056,0.48887499999999995]","ai_adoption_rate, ai_maturity_score",1.0,0.006676925549118129,0.3672106824925816,1,303.8111425437276,4991,1894,0.2857142857142857,0.0008013180704611483,495,1348
"2.0, 2.0","ai_adoption_stage, industry",0,0.00035074753428954544,0.2037037037037037,1,294.7892493362206,4903,1903,0.2857142857142857,0.015352637783616084,33,162
"[0.16060469336958305,0.413625], [-10.985300000000002,35.7247], [-5.343600000000002,27.0636]","ai_maturity_score, ai_training_hours, task_automation_rate",0,0.01591278191255004,0.43686698176907496,1,298.6611471950348,4972,1903,0.42857142857142855,0.000333296072256936,647,1481
"[1.102781476184795,30.856125000000002], [25.451949999999997,52.90805], 2.0","ai_failure_rate, task_automation_rate, ai_adoption_stage",2.0,0.19057401758174783,0.717815344603381,1,295.84925256202865,4998,1907,0.42857142857142855,3.2335202868073375e-05,552,769
"[35.3605,88.1195], [0.20706250000000004,0.5989375], [20.798399999999997,56.2016], [25.451949999999997,52.90805]","ai_adoption_rate, ai_maturity_score, ai_training_hours, task_automation_rate",2.0,0.1721959082259451,0.7034035656401945,1,296.1285599460197,4998,1907,0.5714285714285714,3.2391578587860005e-05,434,617
"[2.503999999999998,35.1653], 0.0","ai_training_hours, industry",0,0.019676057311619855,0.4558139534883721,1,318.2441670424592,4951,1922,0.2857142857142857,3.372124884709759e-05,98,215
"[42.3082,66.3318], [25.451949999999997,52.90805], 5.0","ai_training_hours, task_automation_rate, industry",2.0,1.0,1.0,2,248.9638929905397,4998,1926,0.42857142857142855,4.804500926534046e-05,22,22
"[33.887899999999995,64.16437230038568], [33.5728,66.4472], [22.262549999999997,52.90805], 8.0","ai_adoption_rate, ai_training_hours, task_automation_rate, industry",2.0,0.5277319168,0.88,3,279.1837613715328,4935,1935,0.5714285714285714,8.655477912054843e-05,88,100
"[55.316950000000006,83.63210000000001], [0.4124375,1.024058927085842], [25.382299999999994,92.3692173809539], [25.451949999999997,52.90805], 8.0","ai_adoption_rate, ai_maturity_score, ai_training_hours, task_automation_rate, industry",2.0,1.0,1.0,1,268.3693557223677,4935,1935,0.7142857142857143,2.7734003574275644e-05,58,58
"[8.918049999999997,44.34195], [13.665225,39.654775], [2.601849999999999,30.958150000000003], 1.0","ai_adoption_rate, ai_failure_rate, task_automation_rate, industry",1.0,0.05898680452521977,0.567741935483871,2,339.19535012716085,4953,1939,0.5714285714285714,7.010670072581834e-05,88,155
"[-10.985300000000002,40.436], [8.392349999999999,32.24765], 1.0","ai_training_hours, task_automation_rate, industry",1.0,0.07185914055670112,0.5906040268456376,1,353.4680818452608,4953,1939,0.42857142857142855,3.652833245026032e-05,88,149
"[13.23995,68.26005]",ai_adoption_rate,2.0,0.005691924404500219,0.3556737588652482,1,299.40246015074416,4998,1946,0.14285714285714285,0.0009588985182827922,1003,2820
"[0.13825,0.5838749999999999], [6.934699999999999,53.085300000000004], [13.4664,45.8736], 8.0","ai_maturity_score, ai_training_hours, task_automation_rate, industry",2.0,0.034852142502680816,0.5110294117647058,1,308.5923131009716,4959,1946,0.5714285714285714,3.1890751056503775e-05,139,272
"[-6.046900000000001,49.7269]",ai_adoption_rate,0.0,0.008185783589830693,0.3824829248694255,1,302.6361008777236,4985,1951,0.14285714285714285,0.0006299678818757849,952,2489
"[0.13825,0.5838749999999999], [6.934699999999999,53.085300000000004], [13.4664,45.8736], 2.0, 8.0","ai_maturity_score, ai_training_hours, task_automation_rate, ai_adoption_stage, industry",2.0,0.05944825470179861,0.5686274509803921,1,314.39820819448335,4959,1959,0.7142857142857143,3.2490747709780026e-05,116,204
"[0.47024999999999995,0.9547499999999999], [25.382299999999994,85.7275], [17.88185,46.238150000000005]","ai_maturity_score, ai_training_hours, task_automation_rate",2.0,0.4188014714047431,0.8402366863905325,3,289.82877155971227,4998,1964,0.42857142857142855,9.336006642287097e-05,426,507
"[8.254349999999999,45.185649999999995], [-0.17813909147994697,0.283625], [-10.985300000000002,35.1653]","ai_adoption_rate, ai_maturity_score, ai_training_hours",0.0,0.1037052956080476,0.6355653128430296,1,310.0308503129521,4972,1972,0.42857142857142855,3.0722591421149896e-05,579,911
"[35.3605,88.1195], [10.3065,32.4335], 2.0","ai_adoption_rate, ai_training_hours, ai_adoption_stage",2.0,0.007862378845413655,0.37941176470588234,1,307.63565383191843,4969,1982,0.42857142857142855,0.0007486083417485517,258,680
"[-0.09693749999999998,0.29493749999999996], [26.109924999999997,41.850075], [-4.506350000000001,9.74625], 6.0","ai_maturity_score, ai_failure_rate, task_automation_rate, industry",0.0,0.49717673529828965,0.8695652173913043,1,254.08902845677943,4985,1985,0.5714285714285714,2.3496120448269766e-05,40,46
"[-0.09693749999999998,0.29493749999999996], [26.109924999999997,41.850075], 0.0, 6.0","ai_maturity_score, ai_failure_rate, ai_adoption_stage, industry",0.0,1.0,1.0,1,182.222582057878,4985,1985,0.5714285714285714,1.8831366675616722e-05,30,30
"[39.61053769078111,51.48415], [5.152999999999999,40.436]","ai_adoption_rate, ai_training_hours",1.0,0.01734152991583261,0.4444444444444444,1,323.220234646794,4986,1986,0.2857142857142857,0.00035931358086712826,284,639
"[0.7271215899916241,0.9547499999999999], [25.382299999999994,85.7275], [17.88185,46.238150000000005]","ai_maturity_score, ai_training_hours, task_automation_rate",2.0,0.1,1.0,1,124.5,1995,1995,0.42857142857142855,1.2866161397985319e-05,0,0
"[0.47024999999999995,0.9547499999999999], [-3.445450000000001,17.78545]","ai_maturity_score, ai_failure_rate",2.0,0.4851196684713429,0.8653061224489796,1,269.70469167644194,4980,2006,0.2857142857142857,2.853947953496806e-05,212,245
"[55.316950000000006,95.26305], [0.47024999999999995,0.9547499999999999], [25.382299999999994,85.7275], [17.88185,46.238150000000005], 4.0","ai_adoption_rate, ai_maturity_score, ai_training_hours, task_automation_rate, industry",2.0,1.0,1.0,1,277.90755217190826,4980,2006,0.7142857142857143,2.871970618444014e-05,38,38
"[25.637499999999996,63.3225], [26.109924999999997,41.850075], [13.062149999999997,38.717850000000006]","ai_adoption_rate, ai_failure_rate, task_automation_rate",1,0.0134449181948514,0.4223880597014925,1,330.3631680937623,4939,2014,0.42857142857142855,0.0004488481580267583,283,670
"[7.01585,55.1177], [0.324875,0.567125], [23.833875,29.540325000000003]","ai_adoption_rate, ai_maturity_score, ai_failure_rate",1.0,0.02804953220141237,0.48931116389548696,2,339.9139596066361,4960,2014,0.42857142857142855,0.0009419863294817157,206,421
"[5.5136249999999976,30.856125000000002], [25.451949999999997,52.90805], 4.0","ai_failure_rate, task_automation_rate, industry",2.0,0.22993555425225484,0.7452830188679245,3,306.64990258672617,4980,2019,0.42857142857142855,9.507005155077818e-05,79,106
"[42.372809647468955,88.1195], [0.20706250000000004,0.5989375], [25.451949999999997,52.90805], 2.0","ai_adoption_rate, ai_maturity_score, task_automation_rate, ai_adoption_stage",2.0,0.2286792065491396,0.744466800804829,1,300.56690576049857,4998,2034,0.5714285714285714,3.3287419350742114e-05,370,497
"[1.102781476184795,30.856125000000002], [20.798399999999997,56.2016], 2.0","ai_failure_rate, ai_training_hours, ai_adoption_stage",1,0.004115226337448558,0.3333333333333333,1,296.73687659513405,4986,2034,0.42857142857142855,0.0014531167209413294,448,1344
"[-1.5062500000000005,9.74625], 0.0, 7.0","task_automation_rate, ai_adoption_stage, industry",0.0,1.0,1.0,2,189.8900318208,4914,2039,0.42857142857142855,3.9247482687148286e-05,14,14
"[-18.8425,18.8425], [-0.09693749999999998,0.29493749999999996], [26.109924999999997,41.850075], [-18.888700000000004,23.468700000000002], 0.0, 7.0","ai_adoption_rate, ai_maturity_score, ai_failure_rate, ai_training_hours, ai_adoption_stage, industry",0.0,0.5417169694823225,0.8846153846153846,2,185.36191496212896,4914,2039,0.8571428571428571,3.8311587388632627e-05,23,26
"[0.08406250000000004,0.5899375], [12.090174999999999,14.343959168930724], [20.329099999999997,63.950900000000004], [30.5486,43.1514], 1.0","ai_maturity_score, ai_failure_rate, ai_training_hours, task_automation_rate, ai_adoption_stage",2.0,0.1,1.0,1,37.666666666666664,2043,2043,0.7142857142857143,3.892573595642145e-06,0,0
"[39.61053769078111,51.48415], [0.047125000000000056,0.48887499999999995], [16.87925,27.860750000000003], [2.503999999999998,40.436]","ai_adoption_rate, ai_maturity_score, ai_failure_rate, ai_training_hours",1.0,0.024834476538290587,0.47754137115839246,3,322.39667447257136,4986,2046,0.5714285714285714,0.00226386709106913,202,423
"[39.61053769078111,52.42085], [5.152999999999999,40.436]","ai_adoption_rate, ai_training_hours",1.0,0.0162098012585394,0.4384858044164038,1,323.2202346467939,4986,2046,0.2857142857142857,0.00038464668456429294,278,634
"[2.503999999999998,35.1653]",ai_training_hours,1.0,0.009217347593494636,0.39167079821517103,1,297.4306487673522,4991,2050,0.14285714285714285,0.0005798762431772285,790,2017
"[-10.985300000000002,35.1653], [-5.343600000000002,27.0636], 6.0","ai_training_hours, task_automation_rate, industry",0,0.03667943137333956,0.5162790697674419,1,297.8277014293784,4985,2056,0.42857142857142855,2.9146209060711104e-05,111,215
"[0.047125000000000056,0.6918124999999999], 2.0, 8.0","ai_maturity_score, ai_adoption_stage, industry",1.0,0.003120344337221547,0.3153846153846154,1,299.47651913044814,4867,2057,0.42857142857142855,0.0017531789344934802,82,260
"[20.332700000000003,29.540325000000003]",ai_failure_rate,2,0.004115226337448558,0.3333333333333333,2,285.3475533211079,4973,2057,0.14285714285714285,0.005110221574294385,428,1284
"[0.4124375,0.6763527182333052]",ai_maturity_score,2.0,0.15205860107156385,0.6861233480176211,1,298.8515148161731,4998,2059,0.14285714285714285,3.3004556384642254e-05,623,908
"[34.09065,72.52935000000001], [5.5136249999999976,30.856125000000002], [42.3082,66.3318]","ai_adoption_rate, ai_failure_rate, ai_training_hours",2.0,0.3152063474826859,0.7938144329896907,1,260.473809637754,4998,2067,0.42857142857142855,2.5660275140161375e-05,308,388
"[7.01585,55.1177], [23.833875,29.540325000000003], [8.448599999999999,55.2314], 1.0, 7.0","ai_adoption_rate, ai_failure_rate, ai_training_hours, ai_adoption_stage, industry",1.0,0.013554911484999717,0.4230769230769231,1,322.5979137393192,4070,2070,0.7142857142857143,0.0004347412579333368,22,52
"[-6.046900000000001,49.7269], [26.109924999999997,41.850075], [2.503999999999998,35.1653], 0.0","ai_adoption_rate, ai_failure_rate, ai_training_hours, industry",0,0.06583800610635188,0.5803571428571429,1,312.9209074092862,4951,2072,0.5714285714285714,3.3033599071959195e-05,65,112
"[12.090174999999999,40.297632298524746]",ai_failure_rate,2.0,0.00317890423125926,0.31655960028551033,2,296.4629360994483,4998,2078,0.14285714285714285,0.006557076426547531,887,2802
"[25.81655,88.1195], [0.26937500000000003,0.5899375], [26.228699999999996,46.07705], 1.0","ai_adoption_rate, ai_maturity_score, task_automation_rate, ai_adoption_stage",2.0,0.013418545275957256,0.4222222222222222,1,248.80329184184373,4706,2078,0.5714285714285714,0.0003387011532259634,19,45
"[-10.985300000000002,40.436], 1.0, 1.0","ai_training_hours, ai_adoption_stage, industry",1.0,0.0357074950308936,0.5135135135135135,1,340.7420020474122,4953,2080,0.42857142857142855,3.5213185489274293e-05,57,111
"[0.1918125,0.49818749999999995], [8.392349999999999,32.24765], 1.0","ai_maturity_score, task_automation_rate, industry",1.0,0.07290156714508489,0.5923076923076923,1,342.1238428415353,4953,2080,0.42857142857142855,3.5355988595165924e-05,77,130
"[0.09837500000000002,0.283625], [-10.985300000000002,35.1653], 1.0","ai_maturity_score, ai_training_hours, ai_adoption_stage",0.0,0.11704108482361356,0.6511299435028248,1,315.7763825565081,4972,2081,0.42857142857142855,3.146478966575752e-05,461,708
"[0.09837500000000002,0.283625], [26.109924999999997,41.850075], [-10.985300000000002,35.1653]","ai_maturity_score, ai_failure_rate, ai_training_hours",0.0,0.12856471997309762,0.6634746922024624,2,326.60498843185826,4972,2081,0.42857142857142855,6.572722171921439e-05,485,731
"[-3.161057505254142,88.1195], [0.34475,0.60125], [25.382299999999994,61.4177], 2.0","ai_adoption_rate, ai_maturity_score, ai_training_hours, ai_adoption_stage",2.0,0.08247546398587816,0.6071065989847716,1,297.1954363130023,4998,2090,0.5714285714285714,3.2482267686158645e-05,598,985
"[7.029424999999998,30.090575], [17.88185,46.238150000000005], 8.0","ai_failure_rate, task_automation_rate, industry",2.0,0.15809841472262798,0.6914893617021277,1,315.06215310793334,4935,2090,0.42857142857142855,3.255936154444524e-05,130,188
"[9.745224999999998,35.734775]",ai_failure_rate,2.0,0.0059871041107549825,0.3592885375494071,1,292.12067809671464,4998,2093,0.14285714285714285,0.0008753787067677681,909,2530
"[0.26937500000000003,0.6826249999999999], [25.382299999999994,61.4177], 6.0","ai_maturity_score, ai_training_hours, industry",2.0,0.08008797923085711,0.6035502958579881,1,317.84120169999693,4938,2093,0.42857142857142855,3.4471430679066495e-05,102,169
"[26.109924999999997,39.37540069331192], [-3.1662500000000007,9.74625]","ai_failure_rate, task_automation_rate",0.0,0.19167665630881012,0.7186440677966102,1,309.9754295380005,4985,2094,0.2857142857142857,3.071543225814458e-05,212,295
"[-6.046900000000001,49.7269], [-0.09693749999999998,0.29493749999999996], [26.28035,50.43965], [-10.985300000000002,35.1653], 7.0","ai_adoption_rate, ai_maturity_score, ai_failure_rate, ai_training_hours, industry",0,0.19349176319999997,0.72,1,287.7345972291764,4972,2094,0.7142857142857143,2.973525917859344e-05,108,150
"[39.61053769078111,51.48415], [5.152999999999999,44.870433198260145], 1.0","ai_adoption_rate, ai_training_hours, industry",1.0,0.07431984303981963,0.5945945945945946,1,342.93742468678084,4939,2119,0.42857142857142855,3.5440066308671146e-05,22,37
"[-10.985300000000002,35.1653], 1.0, 0.0","ai_training_hours, ai_adoption_stage, industry",0,0.03597678110311178,0.5142857142857142,1,318.9105940737701,4951,2123,0.42857142857142855,3.3807336776262514e-05,54,105
"[15.4127,34.4473], [-10.985300000000002,35.1653], 1.0, 0.0","ai_failure_rate, ai_training_hours, ai_adoption_stage, industry",0,0.008171883682652545,0.38235294117647056,1,317.7045257866451,4951,2123,0.5714285714285714,0.0007101779997054013,26,68
"[0.605625,0.9547499999999999], 2.0, 6.0","ai_maturity_score, ai_adoption_stage, industry",2.0,1.0,1.0,1,181.86399999999998,4737,2133,0.42857142857142855,1.8794309851270696e-05,8,8
"[15.725850000000001,60.19415], [34.0187,54.8813]","ai_adoption_rate, ai_training_hours",1,0.0037637121663268496,0.3274336283185841,1,291.0343392171902,4986,2138,0.2857142857142857,0.0013667366055502201,222,678
"[15.725850000000001,60.19415], [10.139674999999999,39.3673], [34.0187,61.4177]","ai_adoption_rate, ai_failure_rate, ai_training_hours",1.0,0.003993302396994364,0.3313343328335832,2,294.98745545561525,4986,2140,0.42857142857142855,0.005292563646301336,221,667
"[39.01545,71.42455], [23.4048,54.8813], [16.887999999999998,48.76765]","ai_adoption_rate, ai_training_hours, task_automation_rate",1,0.0017457363340327677,0.2807991120976693,1,302.6279145272788,4986,2140,0.42857142857142855,0.003339344304368926,253,901
"[-4.626750000000001,36.826750000000004], [0.235875,0.47812499999999997], [-6.712600000000004,35.1653]","ai_adoption_rate, ai_maturity_score, ai_training_hours",1.0,0.025423214604034183,0.4797843665768194,3,292.2002918938273,4987,2143,0.42857142857142855,0.0019293695948543747,356,742
"[-9.759500000000003,19.13374852109228]",ai_adoption_rate,1,0.00042945780562367173,0.21212121212121213,1,280.5236759015326,4987,2143,0.14285714285714285,0.01193204849047139,77,363
"[35.3605,88.1195], [5.5136249999999976,30.856125000000002]","ai_adoption_rate, ai_failure_rate",2.0,0.05170788398475603,0.5529824561403509,1,296.03422938629785,4998,2151,0.2857142857142857,3.317589173000922e-05,788,1425
"[0.2215,0.6204999999999999], [10.139674999999999,39.3673], [23.4048,61.4177], [16.887999999999998,48.76765]","ai_maturity_score, ai_failure_rate, ai_training_hours, task_automation_rate",1,0.004227657591562017,0.33513513513513515,1,302.10871470736015,4986,2158,0.5714285714285714,0.0013705143442682012,372,1110
"[55.316950000000006,64.16437230038568], [6.501099999999997,37.478899999999996], [25.451949999999997,52.90805]","ai_adoption_rate, ai_training_hours, task_automation_rate",2.0,0.6628606504626834,0.9210526315789473,1,276.1543907894737,4835,2161,0.42857142857142855,2.8538529820559675e-05,35,38
"[35.3605,95.26305], [25.382299999999994,92.3692173809539]","ai_adoption_rate, ai_training_hours",2.0,0.08956368630006435,0.6172006745362564,2,300.011740711332,4998,2163,0.2857142857142857,6.674092937286864e-05,732,1186
"[8.392349999999999,32.24765]",task_automation_rate,1.0,0.008091394009786887,0.38159675236806495,1,293.0090709202338,4991,2166,0.14285714285714285,0.0006364092348140003,846,2217
"[15.725850000000001,60.19415], [0.1918125,0.49818749999999995], [34.0187,54.8813], 1.0","ai_adoption_rate, ai_maturity_score, ai_training_hours, industry",1,0.015121375320419057,0.43243243243243246,1,300.3578646418682,4939,2166,0.5714285714285714,0.0003628387852709506,16,37
"[55.316950000000006,64.16437230038568], [6.501099999999997,37.478899999999996]","ai_adoption_rate, ai_training_hours",0,0.0,0.0,1,288.09200622876386,2167,2167,0.2857142857142857,0.000526256165679123,0,52
"[15.725850000000001,60.19415], [10.139674999999999,56.77604485710613], [34.0187,61.4177]","ai_adoption_rate, ai_failure_rate, ai_training_hours",1.0,0.0039018913365421043,0.329803328290469,1,294.98745545561525,4986,2181,0.42857142857142855,0.0013542844882252353,218,661
"[25.382299999999994,85.7275], [17.88185,46.238150000000005], 2.0","ai_training_hours, task_automation_rate, ai_adoption_stage",2.0,0.11978818881339943,0.654158215010142,1,304.1839883660335,4998,2186,0.42857142857142855,3.3453550692132106e-05,645,986
"[35.3605,88.1195], [0.47024999999999995,0.9547499999999999]","ai_adoption_rate, ai_maturity_score",2.0,0.3431032948035414,0.8073929961089494,1,283.94927819392007,4998,2186,0.2857142857142857,2.993329851861346e-05,415,514
"[-0.09693749999999998,0.29493749999999996], [26.109924999999997,41.850075], [-1.5062500000000005,9.74625], 1.0","ai_maturity_score, ai_failure_rate, task_automation_rate, ai_adoption_stage",0.0,0.21960357388908497,0.7384615384615385,1,347.4351962475634,4951,2192,0.5714285714285714,3.555442226232243e-05,144,195
"[0.2390625,0.6309374999999999], 2.0","ai_maturity_score, ai_adoption_stage",2.0,0.043494470774948606,0.5341789992952783,1,295.86332080108804,4998,2200,0.2857142857142857,3.310851598185024e-05,758,1419
"[9.675299999999996,56.404700000000005], [5.5136249999999976,30.856125000000002], [25.451949999999997,52.90805], 1.0","ai_adoption_rate, ai_failure_rate, task_automation_rate, ai_adoption_stage",2.0,0.017807673484690246,0.44680851063829785,1,270.76487705038426,4832,2201,0.5714285714285714,2.7981563124786305e-05,21,47
"[25.81655,88.1195], [0.3210291924559351,0.5899375]","ai_adoption_rate, ai_maturity_score",2.0,0.0398632040754775,0.5249457700650759,1,293.9925269577901,4998,2201,0.2857142857142857,3.237100981919214e-05,726,1383
"[7.01585,52.42085], [5.152999999999999,40.436]","ai_adoption_rate, ai_training_hours",1.0,0.012339012585540396,0.4151987921489683,1,304.03712972580354,4991,2202,0.2857142857142857,0.0004435608548022762,825,1987
"[39.61053769078111,51.48415], [0.047125000000000056,0.48887499999999995], [16.87925,27.860750000000003], [2.503999999999998,40.436], [2.7634499999999997,16.71655], 0.0","ai_adoption_rate, ai_maturity_score, ai_failure_rate, ai_training_hours, task_automation_rate, industry",1.0,1.0,1.0,1,264.456,4213,2213,0.8571428571428571,2.732958697723378e-05,8,8
"[-12.272100000000004,37.472100000000005], [26.109924999999997,47.321], 1.0","ai_adoption_rate, ai_failure_rate, ai_adoption_stage",0.0,0.057539350697541694,0.564927857935627,1,332.339396330539,4972,2216,0.42857142857142855,3.510088350634201e-05,509,901
"[0.09837500000000002,0.283625], [-6.812800000000002,18.3928], 1.0","ai_maturity_score, task_automation_rate, ai_adoption_stage",0,0.15304127436477408,0.687007874015748,3,338.28114286025374,4972,2216,0.42857142857142855,0.00010311575087350644,349,508
"[55.316950000000006,65.49558420569616], [0.605625,0.8193749999999999], [38.3125,85.7275], [22.262549999999997,32.02008412757015], 7.0","ai_adoption_rate, ai_maturity_score, ai_training_hours, task_automation_rate, industry",2.0,1.0,1.0,2,186.5,4223,2223,0.7142857142857143,3.854681286304035e-05,2,2
"[55.316950000000006,65.49558420569616], [0.2506011843440025,0.8193749999999999], [38.3125,85.7275], [22.262549999999997,44.31745], 7.0","ai_adoption_rate, ai_maturity_score, ai_training_hours, task_automation_rate, industry",2.0,1.0,1.0,1,182.55360000000002,4413,2223,0.7142857142857143,1.8865574950869503e-05,8,8
"[-6.812800000000002,9.74625], 1.0, 6.0","task_automation_rate, ai_adoption_stage, industry",0.0,0.038020403200000004,0.52,1,303.4420560777946,4702,2246,0.42857142857142855,2.9871462003000773e-05,13,25
"[-0.09693749999999998,0.29493749999999996], [26.109924999999997,41.850075], [-1.5062500000000005,18.3928], 1.0","ai_maturity_score, ai_failure_rate, task_automation_rate, ai_adoption_stage",0,0.15867360844832246,0.6919917864476386,4,334.33126714922366,4972,2246,0.5714285714285714,0.00014169006672803546,337,487
"[0.47024999999999995,0.9547499999999999], [17.88185,46.238150000000005]","ai_maturity_score, task_automation_rate",2.0,0.41950112743379947,0.8405172413793104,2,289.82876814950805,4998,2259,0.2857142857142857,6.224004290527498e-05,390,464
"[7.01585,42.999500000000005], [23.833875,29.540325000000003], [-4.248650000000001,28.60865], 2.0","ai_adoption_rate, ai_failure_rate, task_automation_rate, industry",1.0,0.02744384574697083,0.48717948717948717,3,304.66594667812905,4760,2263,0.5714285714285714,0.0018251032718665304,38,78
"[25.382299999999994,61.4177], [-7.207550000000001,28.60865]","ai_training_hours, task_automation_rate",1.0,0.01048264325598442,0.40187793427230045,1,314.25942160890406,4987,2276,0.2857142857142857,0.0005609627021460633,428,1065
"[19.0249,53.6951], [0.8732999999999986,30.5867], 2.0, 6.0","ai_adoption_rate, ai_training_hours, ai_adoption_stage, industry",0,0.0004774858539094651,0.21666666666666667,1,312.67724881535077,4826,2278,0.5714285714285714,0.011961943907849734,13,60
"[0.47024999999999995,0.9547499999999999], [43.0177,70.20230000000001], [17.88185,46.238150000000005]","ai_maturity_score, ai_training_hours, task_automation_rate",2.0,0.5335105972821674,0.8819188191881919,3,273.308352292666,4998,2279,0.42857142857142855,8.319811823928774e-05,239,271
"[8.918049999999997,44.34195], [13.665225,39.654775], [-10.985300000000002,40.436], [2.601849999999999,30.958150000000003]","ai_adoption_rate, ai_failure_rate, ai_training_hours, task_automation_rate",1.0,0.012728843378929289,0.41778975741239893,2,305.26569547952056,4991,2281,0.5714285714285714,0.0016996406942251397,620,1484
"[8.918049999999997,44.34195], [13.665225,39.654775], 1.0","ai_adoption_rate, ai_failure_rate, industry",1.0,0.037022548078608386,0.5172413793103449,1,322.50268987124593,4953,2281,0.42857142857142855,3.332828641901892e-05,75,145
"[-0.05156249999999998,0.41156249999999994], [-1.5062500000000005,9.74625], 1.0","ai_maturity_score, task_automation_rate, ai_adoption_stage",0.0,0.13673214971200082,0.6716981132075471,1,346.7931036925279,4951,2295,0.42857142857142855,3.547147782009822e-05,178,265
"[7.2349,41.905100000000004], [26.109924999999997,41.850075], [-1.5062500000000005,9.74625], 1.0","ai_adoption_rate, ai_failure_rate, task_automation_rate, ai_adoption_stage",0.0,0.17236275450272767,0.7035398230088495,1,347.3097932747275,4951,2295,0.5714285714285714,3.553822291605442e-05,159,226
"2.0, 3.0","ai_adoption_stage, industry",1.0,0.013192824382893119,0.4207920792079208,1,298.67607414145726,4986,2296,0.2857142857142857,0.00043878749965927413,85,202
"[-2.5752500000000005,46.41525], [-0.09693749999999998,0.29493749999999996], [26.109924999999997,41.850075], [-1.5062500000000005,9.74625]","ai_adoption_rate, ai_maturity_score, ai_failure_rate, task_automation_rate",0.0,0.28247175784929984,0.776595744680851,2,315.79270935613175,4985,2318,0.5714285714285714,6.293379746884578e-05,219,282
"[33.887899999999995,64.16437230038568], [22.262549999999997,52.90805], 8.0","ai_adoption_rate, task_automation_rate, industry",2.0,0.1148279438394322,0.6486486486486487,1,278.93584249715025,4935,2364,0.42857142857142855,2.8825972443785923e-05,96,148
"[0.242625,0.513375], [1.5518499999999982,29.908150000000003], 2.0, 0.0","ai_maturity_score, task_automation_rate, ai_adoption_stage, industry",1.0,0.026427520648567307,0.4835164835164835,1,342.34377118493137,4906,2367,0.5714285714285714,3.53787165755846e-05,44,91
"[0.020187500000000025,0.5118125], [4.925474999999999,27.254525], [2.1390999999999956,45.76090000000001], 2.0, 0.0","ai_maturity_score, ai_failure_rate, ai_training_hours, ai_adoption_stage, industry",1.0,0.021657742478131892,0.46464646464646464,1,315.94160913571375,4906,2367,0.7142857142857143,3.2650246871319564e-05,46,99
"[23.4623,63.3225], [0.1918125,0.5189999999999999], [27.371274999999997,52.628725], [-10.985300000000002,35.1653]","ai_adoption_rate, ai_maturity_score, ai_failure_rate, ai_training_hours",1.0,0.014414019545810605,0.42830882352941174,2,307.1248654500114,4960,2374,0.5714285714285714,0.0015691519587933548,233,544
"[0.26937500000000003,0.6826249999999999], [5.5136249999999976,30.856125000000002], [2.8039999999999985,40.736000000000004], [10.316999999999998,37.323], 2.0, 6.0","ai_maturity_score, ai_failure_rate, ai_training_hours, task_automation_rate, ai_adoption_stage, industry",2.0,0.12171569466590881,0.65625,1,325.7535898372882,4938,2375,0.8571428571428571,3.358036990795408e-05,63,96
"[-26.164294009965555,49.7269], [-10.985300000000002,35.1653]","ai_adoption_rate, ai_training_hours",0,0.016976611796162153,0.4425580079230334,1,293.23821031695763,4985,2379,0.2857142857142857,0.0003014716511984131,782,1767
"[-2.330075000000001,13.410075], [38.3125,92.3692173809539], [19.531949999999995,46.98805], 0.0","ai_failure_rate, ai_training_hours, task_automation_rate, industry",2.0,0.3276800000000001,0.8,1,194.56946300928,4673,2380,0.5714285714285714,2.010732621844764e-05,12,15
"[55.316950000000006,95.26305], [0.47024999999999995,0.8193749999999999], [25.382299999999994,85.7275], [22.262549999999997,25.021404129805806]","ai_adoption_rate, ai_maturity_score, ai_training_hours, task_automation_rate",2.0,0.3276800000000001,0.8,1,221.8689998848,4673,2380,0.5714285714285714,2.2928533025923077e-05,12,15
"[0.16060469336958305,0.413625], [22.14505,36.054950000000005], [-10.985300000000002,35.7247], 2.0, 2.0","ai_maturity_score, ai_failure_rate, ai_training_hours, ai_adoption_stage, industry",0,0.012255338840257672,0.4146341463414634,1,323.6852191435223,4754,2382,0.7142857142857143,0.0004824624678566986,17,41
"[26.109924999999997,51.7136], [18.6553,35.7247], 2.0, 2.0","ai_failure_rate, ai_training_hours, ai_adoption_stage, industry",0,0.0056254200482578065,0.3548387096774194,1,358.59586936723997,4382,2382,0.5714285714285714,0.0011644378539750562,11,31
"[0.3525625,0.8014374999999999], [42.3082,66.3318], [25.451949999999997,52.90805], 5.0","ai_maturity_score, ai_training_hours, task_automation_rate, industry",2.0,1.0,1.0,1,249.65257429762048,4998,2391,0.5714285714285714,2.411146733195413e-05,18,18
"[0.4124375,0.9547499999999999], [24.273799999999994,50.8262]","ai_maturity_score, ai_training_hours",2.0,0.1293323815050902,0.6642651296829971,1,299.84192063325133,4998,2409,0.2857142857142857,3.3316907377775744e-05,461,694
"[27.371274999999997,39.654775]",ai_failure_rate,1.0,0.005259740256157238,0.3501006036217304,1,302.3466725952777,4987,2411,0.14285714285714285,0.0010066693729314923,348,994
"[8.918049999999997,63.3225], [0.1918125,0.5189999999999999], [13.665225,52.628725], [-10.985300000000002,35.1653], [2.601849999999999,30.958150000000003], 1.0","ai_adoption_rate, ai_maturity_score, ai_failure_rate, ai_training_hours, task_automation_rate, industry",1.0,0.07909147588272415,0.6020408163265306,2,361.4319337457973,4953,2411,0.8571428571428571,7.470267620818257e-05,59,98
"[0.047125000000000056,0.48887499999999995], [2.503999999999998,40.436]","ai_maturity_score, ai_training_hours",1.0,0.01025329179467893,0.4001037882719253,1,301.82417338993014,4991,2423,0.2857142857142857,0.0005221525576552434,771,1927
"[39.61053769078111,42.999500000000005], [23.833875,29.540325000000003], [-4.248650000000001,28.60865], 2.0","ai_adoption_rate, ai_failure_rate, task_automation_rate, industry",1.0,0.004115226337448558,0.3333333333333333,1,323.88681984000004,4423,2423,0.5714285714285714,3.347132609431031e-05,4,12
"[-6.812800000000002,18.3928], 1.0","task_automation_rate, ai_adoption_stage",0,0.07185349356172098,0.5905947441217151,2,326.4603302990798,4972,2429,0.2857142857142857,6.830314722277023e-05,427,723
"[23.4623,63.3225], [0.1918125,0.5189999999999999], [27.371274999999997,52.628725], [-10.985300000000002,30.979985789945513]","ai_adoption_rate, ai_maturity_score, ai_failure_rate, ai_training_hours",1.0,0.014067520762206128,0.4262295081967213,1,309.37655832609505,4960,2441,0.5714285714285714,0.0004051434729982029,208,488
"[-2.5752500000000005,46.41525], [-0.09693749999999998,0.29493749999999996], [-1.5062500000000005,9.74625], 1.0","ai_adoption_rate, ai_maturity_score, task_automation_rate, ai_adoption_stage",0.0,0.21994864543299625,0.7386934673366834,1,347.39577850296456,4951,2445,0.5714285714285714,3.554933034400964e-05,147,199
"[-10.985300000000002,58.950221983041416]",ai_training_hours,0,0.0033298456379709913,0.3195102685624013,1,291.9140837801071,4985,2450,0.14285714285714285,0.0015424950240160856,809,2532
"[13.665225,39.654775], [-10.985300000000002,40.436], [2.601849999999999,32.24765], 1.0","ai_failure_rate, ai_training_hours, task_automation_rate, industry",1.0,0.037022548078608386,0.5172413793103449,1,363.5432260181858,4953,2454,0.5714285714285714,3.756952466742357e-05,75,145
"[8.918049999999997,44.34195], [-10.985300000000002,40.436], 1.0","ai_adoption_rate, ai_training_hours, industry",1.0,0.041760698268941965,0.5298507462686567,1,348.9925949787227,4953,2454,0.42857142857142855,3.6065823724481665e-05,71,134
"[0.09837500000000002,0.283625], [21.359899999999996,47.280100000000004]","ai_maturity_score, ai_training_hours",0.0,0.021268224907304786,0.46296296296296297,1,285.08476567792815,4826,2466,0.2857142857142857,2.9461418532683125e-05,100,216
"[0.063,0.513375], [4.925474999999999,27.254525], 2.0, 0.0","ai_maturity_score, ai_failure_rate, ai_adoption_stage, industry",1.0,0.020414191780215054,0.45918367346938777,1,312.4574366922265,4906,2471,0.5714285714285714,3.229018321673065e-05,45,98
"[0.242625,0.513375], [4.925474999999999,27.254525], [23.7289,61.4177], [1.5518499999999982,29.908150000000003], 2.0, 0.0","ai_maturity_score, ai_failure_rate, ai_training_hours, task_automation_rate, ai_adoption_stage, industry",1,0.03372895734635449,0.5076923076923077,1,333.371731090097,4906,2471,0.8571428571428571,3.44515220701281e-05,33,65
"[23.4623,63.3225], [0.047125000000000056,0.5189999999999999]","ai_adoption_rate, ai_maturity_score",1.0,0.012208872353317572,0.41431924882629106,2,302.8259602271467,4986,2484,0.2857142857142857,0.0018678106041329229,706,1704
"[23.4623,63.3225], [0.047125000000000056,0.5189999999999999], [13.22295,28.59705]","ai_adoption_rate, ai_maturity_score, ai_failure_rate",1.0,0.013624281409034015,0.42350907519446845,3,311.239047598003,4986,2492,0.42857142857142855,0.003960528178630964,490,1157
"[0.34475,0.60125], [17.88185,52.90805]","ai_maturity_score, task_automation_rate",2.0,0.0877634536775505,0.6146993318485523,1,296.30756493845206,4998,2497,0.2857142857142857,3.233143200218742e-05,552,898
"[33.6512,69.8288], [25.382299999999994,88.554253175617]","ai_adoption_rate, ai_training_hours",2.0,0.08131290221821456,0.6053853296193129,1,299.5006240512847,4998,2497,0.2857142857142857,3.320927036222912e-05,652,1077
"[25.382299999999994,43.635200000000005], [13.4664,46.2632], 2.0","ai_training_hours, task_automation_rate, ai_adoption_stage",1.0,0.005348535699093093,0.35127478753541075,1,312.40619896120234,4986,2515,0.42857142857142855,0.0011562283506857207,248,706
"[0.34475,0.56575], [25.980175000000003,38.059825000000004], [17.456799999999998,46.238150000000005]","ai_maturity_score, ai_failure_rate, task_automation_rate",1,0.015308518775490935,0.43349753694581283,1,343.4469819795352,4939,2515,0.42857142857142855,0.00040981940870013777,88,203
"[23.561049999999998,74.05895000000001], [0.26937500000000003,0.6826249999999999], [5.5136249999999976,30.856125000000002], 2.0, 6.0","ai_adoption_rate, ai_maturity_score, ai_failure_rate, ai_adoption_stage, industry",2.0,0.14812880887639787,0.6825396825396826,1,313.58018323420504,4938,2527,0.7142857142857143,3.378339163161828e-05,86,126
"[-0.05156249999999998,0.2155006872739286], [26.109924999999997,41.850075], [-1.5062500000000005,9.74625]","ai_maturity_score, ai_failure_rate, task_automation_rate",0.0,0.5358216777291936,0.88268156424581,5,295.5391498053718,4985,2528,0.42857142857142855,0.0001442528889500369,158,179
"[35.3605,88.1195], [5.5136249999999976,30.856125000000002], [2.8039999999999985,40.736000000000004], [10.316999999999998,52.90805]","ai_adoption_rate, ai_failure_rate, ai_training_hours, task_automation_rate",2.0,0.02046097416874944,0.4593939393939394,2,306.4720444450098,4969,2536,0.5714285714285714,0.0011767848416323284,379,825
"[13.665225,39.654775], [2.601849999999999,32.24765], 1.0","ai_failure_rate, task_automation_rate, industry",1.0,0.028411057026862793,0.49056603773584906,1,334.74427696257726,4953,2539,0.42857142857142855,3.4593364614075646e-05,78,159
"[-16.504681353437913,42.999500000000005], [23.833875,29.540325000000003], [-4.248650000000001,28.60865]","ai_adoption_rate, ai_failure_rate, task_automation_rate",1.0,0.019893761392511637,0.45681818181818185,1,309.9314301878451,4960,2551,0.42857142857142855,3.2029138980764933e-05,201,440
"[35.3605,88.1195], [5.5136249999999976,13.976595473090281], [2.8039999999999985,40.736000000000004], [10.316999999999998,52.90805]","ai_adoption_rate, ai_failure_rate, ai_training_hours, task_automation_rate",0,0.0,0.0,1,262.18354548061893,2556,2556,0.5714285714285714,0.0004726197041580105,0,39
"[55.316950000000006,95.26305], [0.4124375,0.8193749999999999], [25.382299999999994,92.3692173809539], 8.0","ai_adoption_rate, ai_maturity_score, ai_training_hours, industry",2.0,0.8416164590315596,0.9661016949152542,2,254.22130693418828,4956,2557,0.5714285714285714,5.254381310557479e-05,57,59
"[0.605625,1.024058927085842], [25.451949999999997,52.90805]","ai_maturity_score, task_automation_rate",2.0,0.7631229607539922,0.9473684210526315,2,241.89690728414203,4935,2557,0.2857142857142857,4.999654057496003e-05,72,76
"[7.01585,10.351157810992923], [23.833875,29.540325000000003], [-4.248650000000001,28.60865], 2.0","ai_adoption_rate, ai_failure_rate, task_automation_rate, industry",1.0,0.016806999999999996,0.7,1,206.22751999999997,2561,2561,0.5714285714285714,2.1312100859648553e-05,0,0
"[-6.046900000000001,49.7269], [26.109924999999997,41.850075], [2.503999999999998,35.1653]","ai_adoption_rate, ai_failure_rate, ai_training_hours",1,0.007007357187526023,0.37077534791252487,1,322.4720578942799,4987,2575,0.42857142857142855,0.0008368618256355637,373,1006
"[-4.0473,39.6673], [0.047125000000000056,0.48887499999999995], [10.139674999999999,29.540325000000003], [2.4543,40.436]","ai_adoption_rate, ai_maturity_score, ai_failure_rate, ai_training_hours",1.0,0.01812447903152978,0.4483870967741935,1,285.8905802365332,4991,2577,0.5714285714285714,2.9800223276286328e-05,278,620
"[5.015999999999998,35.164], [9.745224999999998,35.734775]","ai_adoption_rate, ai_failure_rate",0,0.025455307793675927,0.4799054373522459,1,301.54720587545796,4972,2582,0.2857142857142857,3.0128778935652067e-05,406,846
"[26.109924999999997,35.734775], [-1.5062500000000005,9.74625]","ai_failure_rate, task_automation_rate",0.0,0.170391373653949,0.7019230769230769,1,326.295144161999,4951,2584,0.2857142857142857,3.2823585695106686e-05,146,208
"[5.015999999999998,35.164], [-0.09693749999999998,0.29493749999999996], [9.745224999999998,41.850075], 0.0","ai_adoption_rate, ai_maturity_score, ai_failure_rate, ai_adoption_stage",0,0.3276800000000001,0.8,1,227.2203621191657,4679,2584,0.5714285714285714,2.3481557043645427e-05,44,55
"[40.3553,87.0847], [0.605625,1.024058927085842], [25.451949999999997,52.90805]","ai_adoption_rate, ai_maturity_score, task_automation_rate",2.0,0.7603007635489711,0.9466666666666667,2,241.89690806082018,4935,2591,0.42857142857142855,4.999654073548801e-05,71,75
"[0.047125000000000056,0.48887499999999995], [26.109924999999997,41.850075]","ai_maturity_score, ai_failure_rate",1.0,0.0057399366563907405,0.35627177700348434,1,313.32548177684254,4987,2595,0.2857142857142857,0.0009778194343423867,409,1148
"[-6.046900000000001,49.7269], [25.521274999999996,50.778725], [2.503999999999998,40.436]","ai_adoption_rate, ai_failure_rate, ai_training_hours",1,0.008761492306371087,0.387717690192484,1,320.5542232348798,4987,2595,0.42857142857142855,0.0006636429494692227,423,1091
"[0.09837500000000002,0.544451973766295], 7.0","ai_maturity_score, industry",0.0,0.01116472333327141,0.4069767441860465,1,294.7483084294239,4972,2596,0.2857142857142857,0.0004804942909494764,105,258
"[-12.272100000000004,37.472100000000005], [0.09837500000000002,0.283625], [26.109924999999997,41.850075], [-10.985300000000002,35.1653], 1.0","ai_adoption_rate, ai_maturity_score, ai_failure_rate, ai_training_hours, ai_adoption_stage",0.0,0.14881221629147964,0.6831683168316832,2,344.56588126558296,4972,2596,0.7142857142857143,7.03675379049698e-05,345,505
"[0.26937500000000003,0.9376063379637491], [5.5136249999999976,30.856125000000002], [2.8039999999999985,40.736000000000004], 2.0, 6.0","ai_maturity_score, ai_failure_rate, ai_training_hours, ai_adoption_stage, industry",2.0,0.1111545949973751,0.6444444444444445,1,325.70168166256025,4938,2597,0.7142857142857143,3.35736644967701e-05,58,90
"[23.561049999999998,74.05895000000001], [10.316999999999998,37.323], 2.0, 6.0","ai_adoption_rate, task_automation_rate, ai_adoption_stage, industry",2.0,0.06285491210937498,0.575,1,330.93514611740926,4938,2597,0.5714285714285714,3.424971468097398e-05,69,120
"[23.833875,50.778725], [2.503999999999998,40.436]","ai_failure_rate, ai_training_hours",1.0,0.008193549537787281,0.38255547054322875,1,311.3511911645924,4987,2599,0.2857142857142857,0.0007030720733520949,500,1307
"[-6.046900000000001,55.1177], [0.324875,0.567125], [25.521274999999996,29.540325000000003], 8.0","ai_adoption_rate, ai_maturity_score, ai_failure_rate, industry",1,0.004115226337448558,0.3333333333333333,1,346.6382225325527,4249,2599,0.5714285714285714,0.0015386814279976177,9,27
"[5.015999999999998,35.164], [-0.09693749999999998,0.29493749999999996], [9.745224999999998,41.850075], 0.0","ai_adoption_rate, ai_maturity_score, ai_failure_rate, ai_adoption_stage",2,0.0,0.0,1,227.22044133141267,2610,2610,0.5714285714285714,0.00041506239546277473,0,54
"[0.047125000000000056,0.48887499999999995], [26.109924999999997,41.850075], [-7.4437,25.8637], 1.0","ai_maturity_score, ai_failure_rate, task_automation_rate, ai_adoption_stage",1.0,0.005252187499999998,0.35,1,332.15144878434734,4960,2616,0.5714285714285714,0.001163987334669982,252,720
"[-0.9577000000000009,30.697699999999998], [0.047125000000000056,0.48887499999999995], [26.109924999999997,41.850075]","ai_adoption_rate, ai_maturity_score, ai_failure_rate",1.0,0.002197724055994076,0.2940320232896652,1,314.20368090833426,4987,2616,0.42857142857142855,0.002550155023206043,202,687
"[-0.09693749999999998,0.29493749999999996], [-1.5062500000000005,9.74625], 0.0","ai_maturity_score, task_automation_rate, ai_adoption_stage",0,0.4387716479420954,0.8481012658227848,1,209.14725900072813,4985,2619,0.42857142857142855,2.1613834459836192e-05,67,79
"[5.015999999999998,35.164], [9.745224999999998,41.850075], 0.0, 7.0","ai_adoption_rate, ai_failure_rate, ai_adoption_stage, industry",0.0,0.3666478320532007,0.8181818181818182,1,190.6615936,4619,2619,0.5714285714285714,1.9703476591603894e-05,9,11
"[55.316950000000006,95.26305], [0.4124375,0.8193749999999999], [25.382299999999994,92.3692173809539], [6.987099999999998,33.0929], 8.0","ai_adoption_rate, ai_maturity_score, ai_training_hours, task_automation_rate, industry",2.0,0.731541165307833,0.9393939393939394,1,234.55119428675295,4956,2620,0.7142857142857143,2.423914475328173e-05,31,33
"[0.242625,0.513375], [4.925474999999999,27.254525], [7.881299999999996,50.2387], [1.5518499999999982,29.908150000000003], 2.0, 0.0","ai_maturity_score, ai_failure_rate, ai_training_hours, task_automation_rate, ai_adoption_stage, industry",1.0,0.02724920932908401,0.4864864864864865,1,330.8759073770746,4906,2622,0.8571428571428571,3.419359700416292e-05,36,74
"[2.1390999999999956,45.76090000000001], 2.0, 0.0","ai_training_hours, ai_adoption_stage, industry",1.0,0.018102008814815787,0.4482758620689655,1,310.5398134395947,4906,2622,0.42857142857142855,3.2092010925414264e-05,52,116
"[55.316950000000006,95.26305], [38.3125,85.7275], [18.048099999999998,35.151900000000005]","ai_adoption_rate, ai_training_hours, task_automation_rate",2.0,0.6520651053620943,0.9180327868852459,1,261.5347740001706,4980,2637,0.42857142857142855,2.6757323628728997e-05,112,122
"[0.47024999999999995,0.9547499999999999], [25.451949999999997,52.90805], 5.0","ai_maturity_score, task_automation_rate, industry",2.0,0.6590815232000001,0.92,1,276.6469380677049,4998,2637,0.42857142857142855,2.7598554090004672e-05,23,25
"[10.139674999999999,34.338475], [-7.207550000000001,22.252100000000002]","ai_failure_rate, task_automation_rate",1.0,0.008416533573215765,0.38461538461538464,1,301.975933290773,4987,2638,0.2857142857142857,0.0006312376121415054,410,1066
"[-5.343600000000002,24.376067317628646], 8.0","task_automation_rate, industry",0.0,0.004115226337448558,0.3333333333333333,1,305.57779547320416,4847,2640,0.2857142857142857,0.0013564195987040024,70,210
"[23.4623,63.3225], [13.22295,28.59705]","ai_adoption_rate, ai_failure_rate",1.0,0.008396075309749295,0.3844282238442822,1,302.7858694690381,4986,2641,0.2857142857142857,0.0007086170301683201,474,1233
8.0,industry,0,0.0004944163029102581,0.21818181818181817,1,302.76101270314894,4847,2653,0.14285714285714285,0.011185957260448935,72,330
"[0.47024999999999995,0.9547499999999999]",ai_maturity_score,2.0,0.3382680837162877,0.8051044083526682,3,283.94928169638195,4998,2657,0.14285714285714285,8.979989767666305e-05,347,431
"[-6.046900000000001,49.7269], [-0.09693749999999998,0.283625], [-1.5062500000000005,9.74625], 1.0","ai_adoption_rate, ai_maturity_score, task_automation_rate, ai_adoption_stage",0.0,0.28935988745100394,0.7803468208092486,1,347.4088445736093,4951,2662,0.5714285714285714,3.5551018197159775e-05,135,173
"[23.4623,39.6673], [2.4543,40.436]","ai_adoption_rate, ai_training_hours",1.0,0.016767703689938875,0.44146341463414634,1,292.0817610924912,4960,2674,0.2857142857142857,0.00032517471800302044,362,820
"[-4.0473,63.3225], [0.047125000000000056,0.5189999999999999], [10.139674999999999,29.540325000000003]","ai_adoption_rate, ai_maturity_score, ai_failure_rate",2,0.00629657621894571,0.3629283489096573,1,297.1279403920731,4998,2674,0.42857142857142855,0.0008355011202569992,466,1284
"[0.47024999999999995,0.8755625], [26.587899999999998,65.15209999999999]","ai_maturity_score, ai_training_hours",2.0,0.3407774974204107,0.8062953995157385,1,283.9492822601497,4998,2676,0.2857142857142857,2.9933299339345862e-05,333,413
"[55.316950000000006,64.16437230038568], [0.4124375,0.9547499999999999], [25.451949999999997,52.90805], 8.0","ai_adoption_rate, ai_maturity_score, task_automation_rate, industry",2.0,1.0,1.0,1,274.41022955595076,4935,2676,0.5714285714285714,2.835828355602461e-05,34,34
"[0.47024999999999995,0.8755625], [26.587899999999998,65.15209999999999], 2.0","ai_maturity_score, ai_training_hours, ai_adoption_stage",2.0,0.34249520116031124,0.8071065989847716,1,283.94928066277186,4998,2677,0.42857142857142855,2.9933299016929306e-05,318,394
"[0.47024999999999995,0.8755625], [26.587899999999998,65.15209999999999], 4.0","ai_maturity_score, ai_training_hours, industry",2.0,0.3357904984177521,0.803921568627451,1,286.2355245545521,4980,2677,0.42857142857142855,2.9580341018119337e-05,41,51
"[-0.09693749999999998,0.29493749999999996], [26.109924999999997,41.850075], 0.0","ai_maturity_score, ai_failure_rate, ai_adoption_stage",2,0.0,0.0,1,200.14464189523565,2679,2679,0.42857142857142855,0.00036560317380472917,0,95
"[-0.09693749999999998,0.29493749999999996], [26.109924999999997,41.850075], [-1.5062500000000005,9.74625], 0.0, 6.0","ai_maturity_score, ai_failure_rate, task_automation_rate, ai_adoption_stage, industry",0.0,1.0,1.0,1,191.64102675076873,4985,2679,0.7142857142857143,1.980469382049006e-05,20,20
"[7.01585,55.1177], [0.324875,0.567125], [29.540325000000003,41.3247836452171]","ai_adoption_rate, ai_maturity_score, ai_failure_rate",1.0,0.006705219033985611,0.36752136752136755,1,283.5696160989695,4824,2686,0.42857142857142855,0.0007725253069036149,43,117
"[0.3525625,0.8014374999999999], [42.3082,66.3318], 5.0","ai_maturity_score, ai_training_hours, industry",2.0,0.512908935546875,0.875,1,243.7802468418531,4998,2695,0.42857142857142855,2.3352889893924777e-05,21,24
"[25.451949999999997,52.90805], 5.0","task_automation_rate, industry",2.0,0.1259123951475064,0.6607142857142857,1,266.90592274236326,4998,2695,0.2857142857142857,2.6340226024180433e-05,37,56
"[0.09837500000000002,0.283625], [-1.5062500000000005,9.74625], 1.0, 6.0","ai_maturity_score, task_automation_rate, ai_adoption_stage, industry",0.0,0.21208362139917689,0.7333333333333333,1,298.78489810944,4702,2702,0.5714285714285714,2.9269858126728053e-05,11,15
"[5.5136249999999976,30.856125000000002], [26.228699999999996,52.90805]","ai_failure_rate, task_automation_rate",2.0,0.1886203309678991,0.7163375224416517,3,295.842666502149,4998,2706,0.2857142857142857,9.700162059078886e-05,399,557
"[0.047125000000000056,0.48887499999999995], [2.503999999999998,40.436]","ai_maturity_score, ai_training_hours",0,0.007243319231563704,0.3732394366197183,1,301.82417338993014,4972,2717,0.2857142857142857,0.0007293481085643928,636,1704
"[0.605625,1.024058927085842], [25.451949999999997,52.90805], 5.0","ai_maturity_score, task_automation_rate, industry",2.0,1.0,1.0,1,196.25,4724,2724,0.42857142857142855,2.028099738437445e-05,4,4
"[40.3553,87.0847], [3.973374999999997,27.766625], [42.3082,66.3318], [25.451949999999997,52.90805], 5.0","ai_adoption_rate, ai_failure_rate, ai_training_hours, task_automation_rate, industry",2.0,1.0,1.0,1,244.80552704,4998,2724,0.7142857142857143,2.3485333874923937e-05,14,14
"[23.833875,41.850075], [16.887999999999998,33.92645]","ai_failure_rate, task_automation_rate",1,0.012022058760696874,0.41304347826086957,1,305.8197007899313,4939,2731,0.2857142857142857,0.0004889173817167931,266,644
"[23.4623,55.1177], [-1.6896000000000004,21.0696], [20.873549999999998,22.252100000000002], 1.0","ai_adoption_rate, ai_training_hours, task_automation_rate, ai_adoption_stage",1.0,0.02448519270213934,0.47619047619047616,1,280.56018385863575,4731,2731,0.5714285714285714,2.8993836203804362e-05,10,21
"[0.605625,0.9547499999999999], 6.0","ai_maturity_score, industry",2.0,1.0,1.0,1,192.84,4737,2737,0.2857142857142857,1.992859890753003e-05,6,6
"[0.605625,1.099756067913277], 2.0, 6.0","ai_maturity_score, ai_adoption_stage, industry",2.0,1.0,1.0,1,192.84,4737,2737,0.42857142857142855,1.992859890753003e-05,6,6
"[0.047125000000000056,0.48887499999999995], [23.833875,29.540325000000003]","ai_maturity_score, ai_failure_rate",1,0.01734152991583261,0.4444444444444444,1,317.2574172643796,4960,2739,0.2857142857142857,0.00035004290418760506,264,594
"[-4.0473,39.6673], [10.139674999999999,41.850075], [2.4543,40.436], [16.887999999999998,33.92645]","ai_adoption_rate, ai_failure_rate, ai_training_hours, task_automation_rate",1.0,0.015596164242789663,0.4351145038167939,2,271.11036317292115,4991,2739,0.5714285714285714,0.0012408006945073572,228,524
"[9.909000000000002,55.131], [0.09837500000000002,0.283625], [-10.985300000000002,35.1653]","ai_adoption_rate, ai_maturity_score, ai_training_hours",0.0,0.1028339390340797,0.634493670886076,1,310.0868347872899,4972,2740,0.42857142857142855,3.0729823401899e-05,401,632
"[-26.016350000000003,27.49635], [-0.09693749999999998,0.29493749999999996], [26.109924999999997,41.850075], [-1.5062500000000005,9.74625], 0.0","ai_adoption_rate, ai_maturity_score, ai_failure_rate, task_automation_rate, ai_adoption_stage",0.0,0.4524739208954734,0.8533333333333334,1,209.14725949706494,4985,2757,0.7142857142857143,2.161383451112896e-05,64,75
"[7.01585,42.999500000000005], [23.833875,29.540325000000003], [-4.248650000000001,28.60865], 1.0, 2.0","ai_adoption_rate, ai_failure_rate, task_automation_rate, ai_adoption_stage, industry",0,0.0024299999999999994,0.3,1,291.2991265114666,4708,2760,0.7142857142857143,0.0021897719982623587,12,40
"[-4.0473,39.6673], [0.1918125,0.49818749999999995], [16.887999999999998,33.92645]","ai_adoption_rate, ai_maturity_score, task_automation_rate",1.0,0.02280637531856489,0.4694736842105263,1,269.7122162915547,4991,2769,0.42857142857142855,2.745197262902317e-05,223,475
"[10.139674999999999,41.850075], [2.4543,40.436], 1.0, 1.0","ai_failure_rate, ai_training_hours, ai_adoption_stage, industry",1.0,0.05359545052654719,0.5569620253164557,2,344.45969469097133,4953,2769,0.5714285714285714,7.119476348585998e-05,44,79
"[0.09837500000000002,0.283625], [26.109924999999997,41.850075], [-10.985300000000002,35.1653]","ai_maturity_score, ai_failure_rate, ai_training_hours",1,0.0017078589386157206,0.27956989247311825,1,326.60498843185826,4987,2777,0.42857142857142855,0.0033709678386678035,156,558
"[33.068599999999996,66.23140000000001], [0.20706250000000004,0.6826249999999999], [5.5136249999999976,30.856125000000002], [2.8039999999999985,40.736000000000004], [10.316999999999998,52.90805], 2.0","ai_adoption_rate, ai_maturity_score, ai_failure_rate, ai_training_hours, task_automation_rate, ai_adoption_stage",2.0,0.01791953037822801,0.4473684210526316,1,306.4870489413256,4969,2786,0.8571428571428571,3.443829841952257e-05,340,760
"[42.372809647468955,88.1195], [0.26937500000000003,0.5989375], 2.0, 6.0","ai_adoption_rate, ai_maturity_score, ai_adoption_stage, industry",2.0,0.17431727732767133,0.7051282051282052,1,310.6138288909416,4938,2786,0.5714285714285714,3.3898179473636114e-05,55,78
"[-6.046900000000001,49.7269], [-0.09693749999999998,0.283625], [-1.5062500000000005,9.74625]","ai_adoption_rate, ai_maturity_score, task_automation_rate",0.0,0.30754201891045524,0.7899159663865546,1,315.79123666318384,4985,2787,0.42857142857142855,3.1466708494411264e-05,188,238
"[26.109924999999997,41.850075], [-1.5062500000000005,9.74625], 1.0","ai_failure_rate, task_automation_rate, ai_adoption_stage",1,0.0013763375271544558,0.2677595628415301,1,347.3097932747275,4960,2787,0.42857142857142855,0.0044407731911229025,49,183
"[0.242625,0.513375], [4.925474999999999,9.01059144776358], [1.5518499999999982,29.908150000000003]","ai_maturity_score, ai_failure_rate, task_automation_rate",1.0,0.0,0.0,1,162.8,2798,2798,0.42857142857142855,1.6824185346120562e-05,0,5
"[0.242625,0.513375], [4.925474999999999,27.254525], [16.923499999999997,58.0165], 2.0, 0.0","ai_maturity_score, ai_failure_rate, ai_training_hours, ai_adoption_stage, industry",1.0,0.02290512009830004,0.46987951807228917,1,316.23968802368626,4906,2798,0.7142857142857143,3.268105113703833e-05,39,83
"[25.382299999999994,59.188900000000004], [1.4977023355662844,37.47805], 4.0","ai_training_hours, task_automation_rate, industry",2.0,0.07691109984132537,0.5986842105263158,1,335.90343947772067,4980,2802,0.42857142857142855,3.4713155553885525e-05,91,152
"[-6.046900000000001,49.7269], [-0.09693749999999998,0.283625], [26.109924999999997,41.850075], [-13.908400000000002,13.908400000000002], 1.0","ai_adoption_rate, ai_maturity_score, ai_failure_rate, ai_training_hours, ai_adoption_stage",0.0,0.16541910680683505,0.6977777777777778,3,332.4349625998062,4972,2817,0.7142857142857143,0.00010085015151228255,157,225
"[-6.046900000000001,49.7269], [-0.12425,0.36024999999999996], [-1.5062500000000005,9.74625], 1.0","ai_adoption_rate, ai_maturity_score, task_automation_rate, ai_adoption_stage",0.0,0.20030418945312498,0.725,1,345.54922675379805,4951,2817,0.5714285714285714,3.5310795877799725e-05,145,200
"[-3.785300000000003,42.365300000000005], [3.347899999999999,34.892]","ai_training_hours, task_automation_rate",0,0.0058586302660313784,0.3577331759149941,1,291.68595348948384,4985,2819,0.2857142857142857,0.0008501659398353687,606,1694
"[10.650099999999998,51.349900000000005], [0.1918125,0.49818749999999995], [8.392349999999999,32.24765], 1.0, 1.0","ai_adoption_rate, ai_maturity_score, task_automation_rate, ai_adoption_stage, industry",1.0,0.20612659768312552,0.7291666666666666,3,327.60474140812283,4953,2824,0.7142857142857143,0.00010156663801691934,35,48
"[0.1918125,0.49818749999999995], [-0.8023000000000025,26.3823], 1.0","ai_maturity_score, ai_training_hours, industry",1.0,0.04361827651634726,0.5344827586206896,1,337.0826313386728,4953,2824,0.42857142857142855,3.483501637960601e-05,31,58
"[-10.985300000000002,42.365300000000005], [3.347899999999999,27.0636], 2.0","ai_training_hours, task_automation_rate, industry",0,0.006725363886620319,0.36774193548387096,1,287.9808119788443,4903,2830,0.42857142857142855,0.0007821926911183285,57,155
"[0.26937500000000003,0.6826249999999999], [2.8039999999999985,40.736000000000004], 2.0","ai_maturity_score, ai_training_hours, ai_adoption_stage",2.0,0.02098758844057307,0.461734693877551,1,305.52432835463185,4969,2841,0.42857142857142855,3.419540264796828e-05,362,784
"[8.918049999999997,63.3225], [0.1918125,0.5189999999999999], [13.665225,52.628725], [-10.985300000000002,35.1653], 1.0","ai_adoption_rate, ai_maturity_score, ai_failure_rate, ai_training_hours, industry",1.0,0.05292214940134466,0.5555555555555556,1,355.43457723991634,4953,2845,0.7142857142857143,3.673155531882283e-05,50,90
"[7.01585,42.999500000000005], [23.833875,29.540325000000003], [-4.248650000000001,11.554752585746229], 1.0, 2.0","ai_adoption_rate, ai_failure_rate, task_automation_rate, ai_adoption_stage, industry",1.0,0.13168724279835387,0.6666666666666666,1,239.4,4350,2853,0.7142857142857143,2.474023324239105e-05,4,6
"[-0.09693749999999998,0.283625], [26.109924999999997,41.850075], [-13.908400000000002,13.908400000000002], 1.0","ai_maturity_score, ai_failure_rate, ai_training_hours, ai_adoption_stage",0.0,0.16268359089861284,0.6954545454545454,1,332.4349625998062,4972,2860,0.5714285714285714,3.3616717170760845e-05,153,220
"[-6.046900000000001,49.7269], [0.0685,0.3535], [26.109924999999997,41.850075], [-1.5062500000000005,9.74625]","ai_adoption_rate, ai_maturity_score, ai_failure_rate, task_automation_rate",0.0,0.26638882879319525,0.7675438596491229,1,316.5686879934347,4985,2860,0.5714285714285714,3.156713835680169e-05,175,228
"[24.850249999999996,51.22975], [25.382299999999994,61.4177], [-7.207550000000001,15.74755]","ai_adoption_rate, ai_training_hours, task_automation_rate",1,0.02958815237255159,0.4945652173913043,1,319.43987018856103,4960,2867,0.42857142857142855,3.413406443402325e-05,91,184
"[9.909000000000002,55.131], [0.09837500000000002,0.283625], [-10.985300000000002,35.1653], [13.303649999999998,25.45635]","ai_adoption_rate, ai_maturity_score, ai_training_hours, task_automation_rate",0.0,0.06332750330417865,0.5758620689655173,1,291.8929033069628,4972,2874,0.5714285714285714,3.0164989597380774e-05,167,290
"[23.7571,49.3829], [38.3125,92.3692173809539], 2.0","ai_adoption_rate, ai_training_hours, ai_adoption_stage",2.0,0.21020011982508677,0.7320261437908496,1,301.07642925712787,4998,2883,0.42857142857142855,2.9942959687353087e-05,112,153
"[0.47024999999999995,0.9547499999999999], [-3.445450000000001,17.78545], [25.382299999999994,92.3692173809539]","ai_maturity_score, ai_failure_rate, ai_training_hours",2.0,0.48045708347045346,0.8636363636363636,1,269.70469167644194,4980,2888,0.42857142857142855,2.853947953496806e-05,152,176
"[55.316950000000006,95.26305], [22.262549999999997,44.31745]","ai_adoption_rate, task_automation_rate",2.0,0.6192539735307099,0.9086021505376344,1,261.516956572677,4980,2888,0.2857142857142857,2.7217382128730728e-05,169,186
"[8.918049999999997,44.34195], [13.665225,39.654775], [-10.985300000000002,40.436], [2.601849999999999,30.958150000000003], 1.0","ai_adoption_rate, ai_failure_rate, ai_training_hours, task_automation_rate, ai_adoption_stage",1.0,0.00951771757498338,0.3941908713692946,1,302.7460198450069,4991,2894,0.7142857142857143,0.0005553941434076832,285,723
"[23.4623,51.48415], [0.047125000000000056,0.48887499999999995], [12.823874999999997,29.296125], [5.152999999999999,43.635200000000005], 2.0, 3.0","ai_adoption_rate, ai_maturity_score, ai_failure_rate, ai_training_hours, ai_adoption_stage, industry",1.0,0.02936803318571459,0.49382716049382713,1,324.3586654156752,4986,2897,0.8571428571428571,3.489864450102803e-05,40,81
"[24.28845,71.77155], [18.6553,42.365300000000005], 2.0, 2.0","ai_adoption_rate, ai_training_hours, ai_adoption_stage, industry",0,0.0014420867271822983,0.2702702702702703,1,302.471303998686,4903,2903,0.5714285714285714,0.003831411409090461,20,74
"[0.16060469336958305,0.413625], [4.663124999999999,32.116875], [-10.985300000000002,35.7247], [3.347899999999999,27.0636], 2.0, 2.0","ai_maturity_score, ai_failure_rate, ai_training_hours, task_automation_rate, ai_adoption_stage, industry",0,0.13168724279835387,0.6666666666666666,1,338.3888190893672,4903,2903,0.8571428571428571,3.497000129861409e-05,20,30
"[19.53545,51.94455000000001], [0.242625,0.513375], [4.925474999999999,27.254525], [16.923499999999997,58.0165], 2.0, 0.0","ai_adoption_rate, ai_maturity_score, ai_failure_rate, ai_training_hours, ai_adoption_stage, industry",1.0,0.045781691857753354,0.5396825396825397,2,326.2378276946239,4906,2906,0.8571428571428571,6.742857100798644e-05,34,63
"[0.242625,0.513375], [4.925474999999999,27.254525], [16.923499999999997,58.0165], [14.85315,31.50685], 2.0, 0.0","ai_maturity_score, ai_failure_rate, ai_training_hours, task_automation_rate, ai_adoption_stage, industry",1.0,0.03125,0.5,1,337.707921371133,4906,2906,0.8571428571428571,3.4899635515976973e-05,28,56
"[42.372809647468955,88.1195], [20.798399999999997,56.58918687300932], [25.451949999999997,52.90805], 2.0","ai_adoption_rate, ai_training_hours, task_automation_rate, ai_adoption_stage",2.0,0.27934553928106687,0.774869109947644,3,300.3880042672277,4998,2907,0.5714285714285714,9.975392901011584e-05,296,382
"[0.20706250000000004,0.5989375], [1.102781476184795,30.856125000000002], [25.451949999999997,52.90805], 2.0","ai_maturity_score, ai_failure_rate, task_automation_rate, ai_adoption_stage",2.0,0.1580718050995821,0.6914660831509847,1,295.9496897712303,4998,2907,0.5714285714285714,3.235547522851439e-05,316,457
"[13.665225,39.654775], [2.601849999999999,30.958150000000003], 1.0","ai_failure_rate, task_automation_rate, industry",0,0.0038171514426921923,0.3283582089552239,1,334.7451432404549,4837,2913,0.42857142857142855,0.0016019202198059015,44,134
"[0.047125000000000056,0.5189999999999999], [2.632349999999999,26.487650000000002], 0.0","ai_maturity_score, task_automation_rate, industry",1.0,0.014088504530493783,0.4263565891472868,1,313.50393385247526,4922,2922,0.42857142857142855,0.0003995468167224661,55,129
"[7.01585,63.3225], [0.047125000000000056,0.48887499999999995], [2.503999999999998,40.436]","ai_adoption_rate, ai_maturity_score, ai_training_hours",1.0,0.010256886539864875,0.4001318391562294,1,304.03726700844254,4991,2922,0.42857142857142855,0.0005350186511474483,607,1517
"[0.3525625,0.8014374999999999], [38.3125,92.3692173809539], 5.0","ai_maturity_score, ai_training_hours, industry",2.0,0.47347381451739246,0.8611111111111112,1,252.03778536157773,4998,2926,0.42857142857142855,2.4419584907427364e-05,31,36
"[23.4623,63.3225], [0.047125000000000056,0.5189999999999999], [13.22295,28.59705], [31.8692,49.5708]","ai_adoption_rate, ai_maturity_score, ai_failure_rate, ai_training_hours",1.0,0.009405679771085834,0.39325842696629215,1,313.62177372108124,4986,2927,0.5714285714285714,0.0006044823375390663,175,445
"[7.01585,55.1177], [23.833875,29.540325000000003], 0.0","ai_adoption_rate, ai_failure_rate, industry",1.0,0.048282842081079885,0.5454545454545454,1,330.47843145225926,4849,2931,0.42857142857142855,3.415252078407868e-05,24,44
"[7.01585,55.1177], 1.0","ai_adoption_rate, ai_adoption_stage",1.0,0.007200960755793943,0.37280187573270807,1,303.8275973146925,4991,2931,0.2857142857142857,0.0007398704311710339,318,853
"[0.1918125,0.49818749999999995], [19.4927,38.527300000000004], [-10.985300000000002,40.436], [8.392349999999999,32.24765], 1.0","ai_maturity_score, ai_failure_rate, ai_training_hours, task_automation_rate, industry",1.0,0.11140698952326321,0.6447368421052632,1,361.94896322872233,4953,2939,0.7142857142857143,3.7404769307101966e-05,49,76
"[13.23995,68.26005], [6.934699999999999,53.085300000000004], [13.4664,45.8736], 8.0","ai_adoption_rate, ai_training_hours, task_automation_rate, industry",2.0,0.052669417535940656,0.5550239234449761,2,307.03287676403886,4959,2946,0.5714285714285714,6.345918950897767e-05,116,209
"[0.13825,0.5838749999999999], 8.0","ai_maturity_score, industry",2.0,0.014652851658354164,0.42971887550200805,1,303.2250219686157,4959,2946,0.2857142857142857,0.0003780148598668415,107,249
"[0.13825,0.60125], [17.88185,46.238150000000005], 2.0, 8.0","ai_maturity_score, task_automation_rate, ai_adoption_stage, industry",2.0,0.10501957701085239,0.6371681415929203,1,309.63670569641215,4959,2959,0.5714285714285714,3.199868136731341e-05,72,113
"[33.6512,69.8288], [17.88185,45.8736]","ai_adoption_rate, task_automation_rate",2.0,0.06548047591668599,0.5797254487856388,1,295.16857864696846,4998,2959,0.2857142857142857,3.197222217811769e-05,549,947
"[-4.626750000000001,36.826750000000004], [0.235875,0.47812499999999997], [-6.712600000000004,35.1653], 2.0","ai_adoption_rate, ai_maturity_score, ai_training_hours, industry",1.0,0.022132674897119342,0.4666666666666667,1,318.4562530943983,4760,2962,0.5714285714285714,3.291011687156779e-05,28,60
"[16.5534,43.6866], [0.20018750000000002,0.6918124999999999], [4.915365370972644,30.090575], [25.382299999999994,61.4177]","ai_adoption_rate, ai_maturity_score, ai_failure_rate, ai_training_hours",1,0.01953150344072692,0.4551422319474836,1,315.87866777099964,4960,2968,0.5714285714285714,3.325028632529868e-05,208,457
"[25.382299999999994,88.92858834254638]",ai_training_hours,2.0,0.039934971260225334,0.5251346499102334,1,296.8983258433351,4998,2968,0.14285714285714285,3.2388565944235664e-05,585,1114
"[-6.046900000000001,49.7269], [-0.09693749999999998,0.283625], [26.109924999999997,41.850075], [-13.908400000000002,13.908400000000002], 1.0, 7.0","ai_adoption_rate, ai_maturity_score, ai_failure_rate, ai_training_hours, ai_adoption_stage, industry",0.0,0.21208362139917689,0.7333333333333333,1,284.3339715114688,4972,2972,0.8571428571428571,2.9383829465033876e-05,22,30
"[-26.016350000000003,27.49635], [-0.09693749999999998,0.29493749999999996], 0.0, 6.0","ai_adoption_rate, ai_maturity_score, ai_adoption_stage, industry",0.0,1.0,1.0,1,182.3900143837053,4985,2985,0.5714285714285714,1.8848669577844308e-05,20,20
"[-6.046900000000001,49.7269], [0.09837500000000002,0.36024999999999996], 1.0","ai_adoption_rate, ai_maturity_score, ai_adoption_stage",0.0,0.05081019950057888,0.551048951048951,1,305.3641772110591,4972,2994,0.42857142857142855,3.074511640120588e-05,394,715
"[1.9732499999999966,43.42675], [-0.12425,0.283625], [-1.5062500000000005,9.74625], 1.0, 6.0","ai_adoption_rate, ai_maturity_score, task_automation_rate, ai_adoption_stage, industry",0.0,0.18593443208187066,0.7142857142857143,1,298.5862558719999,4702,2994,0.7142857142857143,2.9244197854766597e-05,10,14
"[0.605625,1.024058927085842], [1.5050499999999998,15.414950000000001], [30.235199999999992,73.2248], [25.451949999999997,52.90805]","ai_maturity_score, ai_failure_rate, ai_training_hours, task_automation_rate",2.0,0.731541165307833,0.9393939393939394,1,236.52321157574156,4935,3005,0.5714285714285714,2.4442938269102974e-05,31,33
"[19.7611,29.540325000000003], 2.0, 2.0","ai_failure_rate, ai_adoption_stage, industry",1.0,0.004115226337448558,0.3333333333333333,1,317.94667775929247,4812,3014,0.42857142857142855,0.0014113234385623016,18,54
"[7.01585,51.48415], [0.047125000000000056,0.48887499999999995], [23.833875,32.938900000000004], [-4.248650000000001,28.60865], 2.0","ai_adoption_rate, ai_maturity_score, ai_failure_rate, task_automation_rate, industry",1.0,0.016157456743437333,0.43820224719101125,2,287.85074959502975,4760,3014,0.7142857142857143,0.001301728290023744,39,89
"[0.47024999999999995,0.9547499999999999], [25.382299999999994,85.7275], [18.048099999999998,46.238150000000005]","ai_maturity_score, ai_training_hours, task_automation_rate",2.0,0.4055780771595733,0.8348623853211009,1,289.82877155971227,4998,3021,0.42857142857142855,3.112002214095699e-05,273,327
"[55.316950000000006,95.26305], [17.88185,35.151900000000005], 4.0","ai_adoption_rate, task_automation_rate, industry",2.0,1.0,1.0,1,279.3756779667587,4980,3021,0.42857142857142855,2.887142621198304e-05,20,20
"[0.242625,0.513375], [4.925474999999999,27.254525], [23.7289,58.0165], 0.0","ai_maturity_score, ai_failure_rate, ai_training_hours, industry",1.0,0.033449861179010436,0.5068493150684932,1,316.042206694193,4906,3023,0.5714285714285714,3.2660642890786534e-05,37,73
"[0.063,0.513375], [4.925474999999999,27.254525], [16.923499999999997,61.4177], [1.5518499999999982,29.908150000000003], 2.0, 0.0","ai_maturity_score, ai_failure_rate, ai_training_hours, task_automation_rate, ai_adoption_stage, industry",1,0.024285151350668766,0.47540983606557374,1,331.4522586015424,4906,3023,0.8571428571428571,3.425315867384909e-05,29,61
"[7.01585,51.48415], [0.047125000000000056,0.48887499999999995], [23.833875,32.938900000000004], [-4.248650000000001,28.60865]","ai_adoption_rate, ai_maturity_score, ai_failure_rate, task_automation_rate",0,0.014163655707779022,0.4268104776579353,1,312.18467099338244,4972,3027,0.5714285714285714,0.0003972830324100672,277,649
"[-0.09693749999999998,0.29493749999999996], [26.109924999999997,41.850075], [-1.5062500000000005,9.74625], 0.0, 7.0","ai_maturity_score, ai_failure_rate, task_automation_rate, ai_adoption_stage, industry",2,0.0,0.0,1,196.91072,3039,3039,0.7142857142857143,2.0349277947899564e-05,0,9
"[0.063,0.5189999999999999], [12.741525,29.540325000000003], 2.0, 2.0","ai_maturity_score, ai_failure_rate, ai_adoption_stage, industry",1.0,0.004115226337448558,0.3333333333333333,1,319.57943228020196,4812,3046,0.5714285714285714,0.001418571020895974,21,63
"[23.4623,55.1177], [19.7611,34.338475], [23.7289,55.97110000000001], [3.347899999999999,22.252100000000002]","ai_adoption_rate, ai_failure_rate, ai_training_hours, task_automation_rate",1.0,0.027008237998223987,0.48562300319488816,1,342.8286633224144,4960,3046,0.5714285714285714,3.542882661977312e-05,152,313
"[10.51585,54.98415], [28.2864,51.7136], 1.0","ai_adoption_rate, ai_failure_rate, ai_adoption_stage",0,0.07354257574879916,0.5933456561922366,3,331.29164170600154,4972,3053,0.42857142857142855,0.00010479509855724955,321,541
"[28.2864,51.7136], [4.018399999999996,39.4216], 1.0","ai_failure_rate, ai_training_hours, ai_adoption_stage",0,0.06285491210937498,0.575,1,331.29083005530026,4972,3053,0.42857142857142855,3.493156845948326e-05,276,480
"[10.139674999999999,29.540325000000003], [-3.9822698095961373,22.252100000000002]","ai_failure_rate, task_automation_rate",1.0,0.012273076205350324,0.41475409836065574,1,309.7320787034535,4960,3057,0.2857142857142857,0.00047907365140128995,253,610
"[0.20018750000000002,0.6918124999999999], [11.638749999999998,29.94125], [3.347899999999999,28.387850000000004]","ai_maturity_score, ai_failure_rate, task_automation_rate",1.0,0.0135411641114003,0.42299107142857145,1,303.2418150996667,4991,3057,0.42857142857142855,0.00041772291656918045,379,896
"[26.86845,74.35155]",ai_adoption_rate,2.0,0.017264906096591075,0.4440509915014164,1,292.41448316824454,4998,3059,0.14285714285714285,0.0003259258792665403,627,1412
"[-12.272100000000004,37.472100000000005], [26.109924999999997,41.850075], 1.0","ai_adoption_rate, ai_failure_rate, ai_adoption_stage",0,0.05507317760000002,0.56,1,332.339396330539,4972,3071,0.42857142857142855,3.510088350634201e-05,350,625
"[-0.09693749999999998,0.29493749999999996], 1.0","ai_maturity_score, ai_adoption_stage",0.0,0.09862570071646097,0.6292134831460674,1,309.77520607242786,4972,3071,0.2857142857142857,3.1457378063624834e-05,336,534
"[24.0216,72.2584], [0.47024999999999995,0.9547499999999999], [43.0177,70.20230000000001], [17.88185,46.238150000000005]","ai_adoption_rate, ai_maturity_score, ai_training_hours, task_automation_rate",2.0,0.49309261119984577,0.8681318681318682,1,273.31103496272874,4998,3083,0.5714285714285714,2.7733139258301807e-05,158,182
"[39.61053769078111,51.48415], [0.047125000000000056,0.48887499999999995], [5.73615,32.82385], [2.503999999999998,43.635200000000005], 2.0, 3.0","ai_adoption_rate, ai_maturity_score, ai_failure_rate, ai_training_hours, ai_adoption_stage, industry",1.0,0.02448519270213934,0.47619047619047616,1,324.146152586864,4986,3088,0.8571428571428571,3.487119244927474e-05,30,63
"[23.4623,52.42085], [0.047125000000000056,0.48887499999999995]","ai_adoption_rate, ai_maturity_score",1.0,0.01659673118889433,0.4405594405594406,2,303.09859900103754,4986,3088,0.2857142857142857,0.0013795469298007446,504,1144
"[-0.05156249999999998,0.2155006872739286], [26.109924999999997,41.850075], [-1.5062500000000005,9.74625]","ai_maturity_score, ai_failure_rate, task_automation_rate",2,0.0,0.0,1,295.53914980537337,3094,3094,0.42857142857142855,0.0005099655755863011,0,132
"[0.235875,0.47812499999999997], [26.109924999999997,41.850075], [-6.712600000000004,61.4177]","ai_maturity_score, ai_failure_rate, ai_training_hours",1,0.018115584642024878,0.44834307992202727,1,314.350412917105,4987,3101,0.42857142857142855,3.321826020230966e-05,230,513
"[-4.626750000000001,36.826750000000004], [-7.207550000000001,15.74755]","ai_adoption_rate, task_automation_rate",1.0,0.0035688166015185674,0.32397003745318353,1,311.73443257953704,4987,3101,0.2857142857142857,0.0015785911795564139,173,534
"[25.81655,88.1195], [26.228699999999996,52.90805]","ai_adoption_rate, task_automation_rate",2.0,0.15672459287600826,0.6902834008097166,1,291.678764633568,4998,3108,0.2857142857142857,3.1493426845295944e-05,341,494
"[-7.207550000000001,22.252100000000002]",task_automation_rate,1,0.006083119863956765,0.3604336043360434,1,304.93224334164137,4987,3111,0.14285714285714285,0.0009060659141884131,399,1107
"[10.139674999999999,29.540325000000003], [25.382299999999994,61.4177], [-3.9822698095961373,15.74755]","ai_failure_rate, ai_training_hours, task_automation_rate",1.0,0.027819440235677496,0.4885057471264368,1,314.4245465979037,4960,3111,0.42857142857142855,3.348619332176903e-05,85,174
"[-6.046900000000001,49.7269], [-0.09693749999999998,0.283625], [-13.908400000000002,13.908400000000002], 1.0","ai_adoption_rate, ai_maturity_score, ai_training_hours, ai_adoption_stage",0.0,0.17117083883715048,0.7025641025641025,1,324.0999680987986,4972,3116,0.5714285714285714,3.2540016523157595e-05,137,195
"[-0.09693749999999998,0.283625], [26.109924999999997,41.850075], [-13.908400000000002,13.908400000000002], 1.0, 2.0","ai_maturity_score, ai_failure_rate, ai_training_hours, ai_adoption_stage, industry",0.0,0.2373046875,0.75,1,261.97897633816905,4807,3116,0.7142857142857143,2.7073604758601283e-05,15,20
"[19.4927,38.527300000000004], [-33.13346493390346,40.436], [8.392349999999999,32.24765], 1.0","ai_failure_rate, ai_training_hours, task_automation_rate, industry",1.0,0.08472969904411923,0.6103896103896104,1,360.222717868996,4953,3119,0.5714285714285714,3.7226374516654084e-05,47,77
"[0.1918125,0.49818749999999995], [-10.985300000000002,40.436], 1.0","ai_maturity_score, ai_training_hours, industry",1.0,0.04741446831686874,0.5434782608695652,1,356.5082901493012,4953,3119,0.42857142857142855,3.6842515668921196e-05,50,92
"[0.47024999999999995,0.9547499999999999], [36.731635545323115,46.238150000000005]","ai_maturity_score, task_automation_rate",2.0,0.8119118677190721,0.9591836734693877,1,244.20063099545365,4935,3120,0.2857142857142857,2.5319033659583038e-05,47,49
"[43.0177,85.7275], [18.048099999999998,46.238150000000005]","ai_training_hours, task_automation_rate",2.0,0.4128571866759781,0.8378378378378378,1,265.0207845339698,4998,3120,0.2857142857142857,2.6394488404309212e-05,186,222
"[7.01585,51.48415], [0.047125000000000056,0.48887499999999995], [23.833875,32.938900000000004], [-4.248650000000001,28.60865], 1.0, 2.0","ai_adoption_rate, ai_maturity_score, ai_failure_rate, task_automation_rate, ai_adoption_stage, industry",1.0,0.023078380428451596,0.47058823529411764,1,296.6066400688489,4760,3127,0.8571428571428571,3.0652119701525693e-05,24,51
"[33.7875,71.4725], [0.605625,0.9547499999999999], [25.451949999999997,52.90805]","ai_adoption_rate, ai_maturity_score, task_automation_rate",2.0,0.6805831970337531,0.9259259259259259,1,243.286283433824,4935,3133,0.42857142857142855,2.5141852117072943e-05,50,54
"[0.605625,1.024058927085842], [1.5050499999999998,15.414950000000001], [30.235199999999992,73.2248], 6.0","ai_maturity_score, ai_failure_rate, ai_training_hours, industry",2.0,1.0,1.0,1,181.66666666666666,4737,3133,0.5714285714285714,1.8773916899336006e-05,3,3
"[23.4623,63.3225]",ai_adoption_rate,1,0.007680216214634768,0.37763713080168776,2,296.4935593890087,4986,3138,0.14285714285714285,0.0029638631314883187,537,1422
"[23.4623,63.3225], [0.047125000000000056,0.5189999999999999], [13.22295,28.59705], [23.7289,55.97110000000001], 6.0","ai_adoption_rate, ai_maturity_score, ai_failure_rate, ai_training_hours, industry",1.0,0.004685962172756421,0.34210526315789475,1,338.0883140982683,4944,3138,0.7142857142857143,0.0015108149676296967,26,76
"[48.61365000000001,102.12635], [0.605625,1.024058927085842], [0.6994249999999997,23.760575000000003], [25.451949999999997,52.90805]","ai_adoption_rate, ai_maturity_score, ai_failure_rate, task_automation_rate",2.0,0.6805831970337531,0.9259259259259259,2,242.40772295050016,4935,3147,0.5714285714285714,5.010211867629309e-05,50,54
"[14.073649999999997,67.58635], [0.16060469336958305,0.413625], [18.6553,35.7247], [3.347899999999999,27.0636], 2.0, 2.0","ai_adoption_rate, ai_maturity_score, ai_training_hours, task_automation_rate, ai_adoption_stage, industry",0,0.08825375108068294,0.6153846153846154,1,337.194677933609,4903,3153,0.8571428571428571,3.484659557297584e-05,16,26
"[4.663124999999999,32.116875], [-10.985300000000002,35.7247], 2.0, 2.0","ai_failure_rate, ai_training_hours, ai_adoption_stage, industry",0,0.007415771484375,0.375,1,306.7666448375643,4903,3153,0.5714285714285714,0.0007556449545914075,18,48
"[8.76135,18.27865], [31.735,63.345], 3.0, 8.0","ai_failure_rate, ai_training_hours, ai_adoption_stage, industry",2.0,1.0,1.0,1,157.33333333333334,4557,3156,0.5714285714285714,1.6259245461443297e-05,3,3
"[10.650099999999998,51.349900000000005], [0.1918125,0.49818749999999995], [8.392349999999999,32.24765], 1.0","ai_adoption_rate, ai_maturity_score, task_automation_rate, ai_adoption_stage",1.0,0.01790819894417919,0.44731182795698926,2,279.9931797595119,4991,3159,0.5714285714285714,0.0011241159586107264,208,465
"[-0.09693749999999998,0.29493749999999996], [26.109924999999997,41.850075], 6.0","ai_maturity_score, ai_failure_rate, industry",0.0,0.12034194243994885,0.6547619047619048,1,302.0157843577289,4985,3164,0.42857142857142855,2.9687218607943067e-05,55,84
"[-6.046900000000001,49.7269], [-0.09693749999999998,0.283625], [-13.908400000000002,13.908400000000002], [-4.506350000000001,9.74625], 1.0","ai_adoption_rate, ai_maturity_score, ai_training_hours, task_automation_rate, ai_adoption_stage",0.0,0.3494212571294762,0.8103448275862069,1,341.712577438827,4881,3164,0.7142857142857143,3.481518393689723e-05,47,58
"[0.47024999999999995,0.9547499999999999], [36.731635545323115,46.238150000000005], 4.0","ai_maturity_score, task_automation_rate, industry",2.0,1.0,1.0,1,219.0,4279,3167,0.42857142857142855,2.263204294103442e-05,5,5
"[0.4466137416493071,0.9547499999999999], [36.731635545323115,46.238150000000005]","ai_maturity_score, task_automation_rate",2.0,0.8083193429703577,0.9583333333333334,1,247.082606111326,4935,3167,0.2857142857142857,2.5691322384339976e-05,46,48
"[1.533249999999999,17.28675], 1.0","task_automation_rate, ai_adoption_stage",0.0,0.0666939697780816,0.581858407079646,2,326.40290724311296,4972,3177,0.2857142857142857,6.828460268697617e-05,263,452
"[-0.19375000000000142,56.33375], [-1.5062500000000005,9.74625], 1.0","ai_adoption_rate, task_automation_rate, ai_adoption_stage",0,0.13528504292998456,0.6702702702702703,1,346.7433966465288,4951,3177,0.42857142857142855,3.5465056747041575e-05,124,185
"[-6.046900000000001,49.7269], [-5.343600000000002,27.0636]","ai_adoption_rate, task_automation_rate",0,0.015196174221257875,0.43285939968404424,2,299.2395775371465,4985,3189,0.2857142857142857,0.0013477491927877156,548,1266
"[-6.046900000000001,49.7269], [-0.09693749999999998,0.283625], [26.109924999999997,41.850075], 7.0","ai_adoption_rate, ai_maturity_score, ai_failure_rate, industry",0.0,0.20778622355243484,0.7303370786516854,1,287.7325013398589,4972,3196,0.5714285714285714,2.9735042583812465e-05,65,89
"[-13.908400000000002,13.908400000000002], [-1.5062500000000005,9.74625], 1.0","ai_training_hours, task_automation_rate, ai_adoption_stage",0.0,0.24345215148144456,0.7538461538461538,1,342.83830845746814,4881,3196,0.42857142857142855,3.496060398686266e-05,49,65
"[23.4623,63.3225], 0.0","ai_adoption_rate, industry",1.0,0.01177726384266222,0.41134751773049644,1,298.64177937003217,4922,3199,0.2857142857142857,0.00045174009186535957,58,141
"[13.22295,28.59705], [2.1390999999999956,45.76090000000001], 2.0","ai_failure_rate, ai_training_hours, ai_adoption_stage",1.0,0.007360840085771671,0.37444279346210996,1,304.21083670636443,4986,3199,0.42857142857142855,0.0008380280244314717,252,673
"[2.1412749999999967,27.398725000000002], [38.3125,92.3692173809539], 2.0","ai_failure_rate, ai_training_hours, ai_adoption_stage",2.0,0.3066820026178275,0.7894736842105263,2,282.8299583247337,4998,3200,0.42857142857142855,5.613179715920813e-05,255,323
"[38.3125,92.3692173809539], 1.0","ai_training_hours, ai_adoption_stage",2.0,0.05507317760000002,0.56,1,229.07586858518602,4973,3201,0.2857142857142857,2.367331002088898e-05,14,25
"[23.4623,52.42085]",ai_adoption_rate,1.0,0.013032370908323598,0.4197635135135135,1,303.09950012835895,4986,3202,0.14285714285714285,0.0004397285050371643,497,1184
"[7.01585,52.42085], [0.047125000000000056,0.48887499999999995], [15.54144510328172,40.436], 0.0","ai_adoption_rate, ai_maturity_score, ai_training_hours, industry",1.0,0.03471897689928779,0.5106382978723404,1,339.59477277437185,4922,3202,0.5714285714285714,3.509462776246762e-05,48,94
"[23.4623,51.48415], [0.047125000000000056,0.48887499999999995], 2.0, 3.0","ai_adoption_rate, ai_maturity_score, ai_adoption_stage, industry",1.0,0.026221056655577907,0.4827586206896552,2,317.45495828852603,4986,3204,0.5714285714285714,0.0009763050276596614,42,87
"[0.047125000000000056,0.48887499999999995], [-4.248650000000001,28.60865], 2.0","ai_maturity_score, task_automation_rate, industry",1.0,0.007577681784103927,0.37662337662337664,1,275.345763446959,4812,3206,0.42857142857142855,0.0006637553341221792,58,154
"[7.01585,52.42085], [23.833875,32.938900000000004], 1.0","ai_adoption_rate, ai_failure_rate, ai_adoption_stage",1.0,0.012592931263157756,0.41689373297002724,1,309.238975270088,4960,3206,0.42857142857142855,0.00042397869723295387,153,367
"[1.533249999999999,17.28675]",task_automation_rate,0.0,0.03815812487361439,0.5203761755485894,2,306.64187246117643,4985,3216,0.14285714285714285,6.311728659279329e-05,332,638
"[23.4623,63.3225], [4.925474999999999,27.254525], [23.7289,58.0165], 0.0","ai_adoption_rate, ai_failure_rate, ai_training_hours, industry",1.0,0.019650655743473095,0.45569620253164556,1,305.72030268410185,4906,3240,0.5714285714285714,3.15939498552175e-05,36,79
"[0.242625,0.513375], 0.0","ai_maturity_score, industry",1.0,0.012323499622220943,0.41509433962264153,1,314.10609386768454,4906,3240,0.2857142857142857,0.0004539766555052788,44,106
"[35.3605,95.26305], [25.382299999999994,92.3692173809539], 8.0","ai_adoption_rate, ai_training_hours, industry",2.0,0.14912279161129832,0.6834532374100719,1,301.86030002449615,4956,3248,0.42857142857142855,3.119504690569831e-05,95,139
"[28.461199999999998,64.6388], [0.47024999999999995,0.9547499999999999], [36.731635545323115,46.238150000000005]","ai_adoption_rate, ai_maturity_score, task_automation_rate",2.0,0.6903615309097401,0.9285714285714286,1,276.05269833514035,4935,3259,0.42857142857142855,2.8528020651640715e-05,26,28
"[0.4466137416493071,0.9547499999999999], [17.88185,46.238150000000005]","ai_maturity_score, task_automation_rate",2.0,0.37332004689974696,0.8211382113821138,2,296.5406924916155,4998,3259,0.2857142857142857,6.305027257163806e-05,303,369
"[13.23995,68.26005], [6.934699999999999,53.085300000000004], [13.626345301807016,45.8736], 8.0","ai_adoption_rate, ai_training_hours, task_automation_rate, industry",2.0,0.05019479860176909,0.5497076023391813,1,307.07026981938753,4959,3262,0.5714285714285714,3.173345905236257e-05,94,171
"[-6.046900000000001,49.7269], [-10.18147548986011,35.1653], [-5.343600000000002,27.0636]","ai_adoption_rate, ai_training_hours, task_automation_rate",0,0.026049595213315326,0.4821256038647343,2,293.1921903495781,4985,3277,0.42857142857142855,0.0007821199389163642,499,1035
"[0.4466137416493071,1.024058927085842], [30.235199999999992,73.2248], [36.731635545323115,52.90805], 2.0","ai_maturity_score, ai_training_hours, task_automation_rate, ai_adoption_stage",2.0,1.0,1.0,1,240.99032608586197,4935,3279,0.5714285714285714,2.490433184127429e-05,36,36
"[0.605625,0.9547499999999999], [1.5050499999999998,15.414950000000001], [25.451949999999997,46.238150000000005]","ai_maturity_score, ai_failure_rate, task_automation_rate",2.0,0.6805831970337531,0.9259259259259259,1,236.65496503392964,4935,3279,0.42857142857142855,2.44565540221776e-05,25,27
"[-0.12425,0.41156249999999994], [-1.5062500000000005,9.74625]","ai_maturity_score, task_automation_rate",0.0,0.16806999999999994,0.7,1,318.43426110163034,4985,3295,0.2857142857142857,3.180812997035375e-05,168,240
"[-6.046900000000001,49.7269], [26.109924999999997,41.850075], [-1.5062500000000005,9.74625], 1.0","ai_adoption_rate, ai_failure_rate, task_automation_rate, ai_adoption_stage",1,0.0018075040223246395,0.2827586206896552,1,347.3097932747276,4960,3295,0.5714285714285714,0.003357184656721372,41,145
"[-9.58565,27.34565], [-0.09693749999999998,0.29493749999999996], [26.109924999999997,41.850075], 0.0, 7.0","ai_adoption_rate, ai_maturity_score, ai_failure_rate, ai_adoption_stage, industry",0.0,0.6903615309097401,0.9285714285714286,3,187.9960250368,4914,3299,0.7142857142857143,5.828402892296766e-05,13,14
"[26.109924999999997,41.850075], [-6.100400000000002,34.360400000000006], [-1.5062500000000005,18.3928], 1.0","ai_failure_rate, ai_training_hours, task_automation_rate, ai_adoption_stage",0,0.1063829874377066,0.6388140161725068,1,333.0049795762446,4972,3315,0.5714285714285714,3.5208357169281814e-05,237,371
"[38.3125,85.7275], 5.0","ai_training_hours, industry",2.0,0.3276800000000001,0.8,1,251.5925161740432,4998,3317,0.2857142857142857,2.436206577858832e-05,24,30
"[55.316950000000006,95.26305], [19.394374999999997,28.545625], [18.048099999999998,52.90805]","ai_adoption_rate, ai_failure_rate, task_automation_rate",2.0,0.6855473130871587,0.9272727272727272,1,279.69379830092225,4919,3317,0.42857142857142855,2.8904301614098134e-05,51,55
"[10.139674999999999,41.850075], [2.4543,40.436], 1.0","ai_failure_rate, ai_training_hours, ai_adoption_stage",1.0,0.008641067520386653,0.38664596273291924,1,305.9970035055433,4991,3329,0.42857142857142855,0.0006212721953369794,249,644
"[-9.759500000000003,36.826750000000004], [0.235875,0.47812499999999997], [-6.712600000000004,35.1653]","ai_adoption_rate, ai_maturity_score, ai_training_hours",0,0.004615304112686003,0.34106728538283065,1,292.2002918938273,4972,3333,0.42857142857142855,0.00115307053494788,147,431
"[-4.626750000000001,55.1177], [0.235875,0.47812499999999997], [-6.712600000000004,35.012600000000006]","ai_adoption_rate, ai_maturity_score, ai_training_hours",1.0,0.01875069441909903,0.45144356955380577,1,298.18913413007056,4987,3333,0.42857142857142855,3.275904535004943e-05,344,762
"[55.316950000000006,64.16437230038568], [0.4466137416493071,0.9547499999999999], [25.451949999999997,52.90805], 2.0","ai_adoption_rate, ai_maturity_score, task_automation_rate, ai_adoption_stage",2.0,0.6965586323501161,0.9302325581395349,1,280.50373898435566,4980,3334,0.5714285714285714,2.9207702795789812e-05,80,86
"[7.01585,42.999500000000005], [23.833875,29.540325000000003], 1.0, 2.0","ai_adoption_rate, ai_failure_rate, ai_adoption_stage, industry",1.0,0.03662616470883121,0.5161290322580645,1,291.33791793793023,4760,3350,0.5714285714285714,3.010763593206757e-05,16,31
"[-6.046900000000001,49.7269], [26.109924999999997,51.7136]","ai_adoption_rate, ai_failure_rate",0,0.03593816283584575,0.5141752577319587,1,313.2984005808391,4985,3352,0.2857142857142857,3.202627853026281e-05,399,776
"[41.850075,41.99597835954199], [-6.100400000000002,34.360400000000006], [-1.5062500000000005,18.3928], 1.0","ai_failure_rate, ai_training_hours, task_automation_rate, ai_adoption_stage",0,0.04626643660379603,0.8571428571428571,1,201.528,3363,3363,0.5714285714285714,2.0826439953519562e-05,0,0
"[26.109924999999997,41.850075], [-1.5062500000000005,18.3928], 1.0","ai_failure_rate, task_automation_rate, ai_adoption_stage",0,0.09770348548277726,0.628032345013477,1,332.5793232928321,4972,3363,0.42857142857142855,3.513962521091772e-05,233,371
"[0.047125000000000056,0.48887499999999995], [16.87925,27.860750000000003], [2.503999999999998,40.436]","ai_maturity_score, ai_failure_rate, ai_training_hours",1.0,0.019953633704276927,0.45709281961471104,2,294.66640223137153,4991,3366,0.42857142857142855,0.0010838456046449482,261,571
"[0.4466137416493071,0.9547499999999999], [10.14455,31.37545], [17.88185,46.238150000000005], 8.0","ai_maturity_score, ai_failure_rate, task_automation_rate, industry",2.0,0.5436502900336524,0.8852459016393442,1,290.2665396746622,4676,3373,0.5714285714285714,2.999691685051336e-05,54,61
"[0.16060469336958305,0.413625], [18.6553,35.7247], [3.347899999999999,27.0636], 2.0, 2.0","ai_maturity_score, ai_training_hours, task_automation_rate, ai_adoption_stage, industry",0,0.06754356352880661,0.5833333333333334,1,337.28806457548205,4903,3382,0.7142857142857143,3.485624639712648e-05,14,24
"[14.073649999999997,67.58635], [4.663124999999999,32.116875], [-10.985300000000002,35.7247], 2.0, 2.0","ai_adoption_rate, ai_failure_rate, ai_training_hours, ai_adoption_stage, industry",0,0.005091089769454486,0.34782608695652173,1,306.76610719142457,4903,3382,0.7142857142857143,0.001100683888749665,16,46
"[-4.626750000000001,30.50051020362101], [16.87925,27.860750000000003], [-6.712600000000004,40.436]","ai_adoption_rate, ai_failure_rate, ai_training_hours",1.0,0.05712028543473131,0.5641025641025641,1,263.3911978017683,4991,3388,0.42857142857142855,2.7219547483744796e-05,66,117
"[-0.05156249999999998,0.29493749999999996]",ai_maturity_score,0.0,0.09440153044186854,0.6237288135593221,2,294.13973187421266,4985,3405,0.14285714285714285,5.7865345119009904e-05,368,590
"[-26.016350000000003,27.49635], [-0.09693749999999998,0.2155006872739286], [-1.5062500000000005,9.74625], 6.0","ai_adoption_rate, ai_maturity_score, task_automation_rate, industry",0.0,0.6062776116457453,0.9047619047619048,1,239.18655635308806,4985,3405,0.5714285714285714,2.1571044029443795e-05,19,21
"[13.665225,39.654775], [-0.8023000000000025,40.436], 1.0","ai_failure_rate, ai_training_hours, industry",1.0,0.02679354721185501,0.48484848484848486,1,360.4436718436823,4953,3411,0.42857142857142855,3.7249208488540345e-05,48,99
"[8.918049999999997,44.34195], [0.1918125,0.49818749999999995], [2.601849999999999,30.958150000000003], 1.0, 1.0","ai_adoption_rate, ai_maturity_score, task_automation_rate, ai_adoption_stage, industry",1.0,0.07204491900081343,0.5909090909090909,1,342.32469720671895,4953,3411,0.7142857142857143,3.537674541990442e-05,26,44
"[23.4623,52.42085], 2.0","ai_adoption_rate, ai_adoption_stage",1.0,0.011610349749299111,0.41017488076311603,1,307.9943706978829,4986,3420,0.2857142857142857,0.0005104495536565166,258,629
"[23.4623,52.42085], [0.42293749999999997,0.8290625]","ai_adoption_rate, ai_maturity_score",1.0,0.004528084683332853,0.33976833976833976,1,320.9716554069188,4944,3420,0.2857142857142857,0.001417626614895874,88,259
"[0.16060469336958305,0.413625], [12.779,27.421000000000003], [18.6553,35.7247], [3.347899999999999,27.0636], 2.0, 2.0","ai_maturity_score, ai_failure_rate, ai_training_hours, task_automation_rate, ai_adoption_stage, industry",0,0.03125,0.5,1,336.934327721984,4903,3422,0.8571428571428571,3.4819690289098194e-05,8,16
"[14.073649999999997,67.58635], [4.663124999999999,32.116875], [-10.985300000000002,35.7247], [3.347899999999999,27.0636], 2.0, 2.0","ai_adoption_rate, ai_failure_rate, ai_training_hours, task_automation_rate, ai_adoption_stage, industry",0,0.016713280809264593,0.4411764705882353,1,326.80605102268885,4903,3422,0.8571428571428571,0.00035718595066023943,15,34
"[0.4466137416493071,0.9547499999999999], 2.0","ai_maturity_score, ai_adoption_stage",2.0,0.28519956282254155,0.7780898876404494,1,294.6399766366801,4998,3425,0.2857142857142857,3.10455829756779e-05,277,356
"[17.88185,46.238150000000005]",task_automation_rate,2.0,0.029446979465904948,0.4940923737916219,1,287.17305194014733,4998,3425,0.14285714285714285,2.9450618746033343e-05,460,931
"[-10.985300000000002,35.1653], [-1.5062500000000005,18.3928], 1.0","ai_training_hours, task_automation_rate, ai_adoption_stage",0,0.07296889818582052,0.5924170616113744,1,326.7981874930455,4972,3429,0.42857142857142855,3.420612839535891e-05,250,422
"[-0.09693749999999998,0.29493749999999996], [26.109924999999997,41.850075], 1.0","ai_maturity_score, ai_failure_rate, ai_adoption_stage",0.0,0.12823107772411607,0.6631299734748011,2,332.78045719940417,4972,3429,0.42857142857142855,7.034420577586566e-05,250,377
"[39.61053769078111,52.42085], [0.047125000000000056,0.48887499999999995], [2.503999999999998,40.436], 2.0","ai_adoption_rate, ai_maturity_score, ai_training_hours, ai_adoption_stage",1.0,0.023759398860905348,0.47333333333333333,1,323.29569031332045,4986,3432,0.5714285714285714,3.457711285944004e-05,142,300
"[-0.09693749999999998,0.283625], [-1.5062500000000005,9.74625], 1.0","ai_maturity_score, task_automation_rate, ai_adoption_stage",0.0,0.2900185497732937,0.7807017543859649,4,347.40884457366974,4951,3445,0.42857142857142855,0.00014220407278867032,89,114
"[7.01585,52.42085], [0.047125000000000056,0.48887499999999995], [5.152999999999999,40.436], [2.4533499999999995,17.30665]","ai_adoption_rate, ai_maturity_score, ai_training_hours, task_automation_rate",1.0,0.008491781494469233,0.38530066815144765,1,317.5461483439011,4960,3447,0.5714285714285714,0.000699544540850679,173,449
"[5.207324999999997,29.732675], [-10.985300000000002,35.1653]","ai_failure_rate, ai_training_hours",0,0.0016071021945833373,0.2761904761904762,1,292.28288647460477,4972,3450,0.2857142857142857,0.003389745238092024,174,630
"[-3.161057505254142,69.8288], [0.34475,0.7891593094151654], [25.382299999999994,61.4177], [17.88185,46.238150000000005], 2.0","ai_adoption_rate, ai_maturity_score, ai_training_hours, task_automation_rate, ai_adoption_stage",2.0,0.1393253267628429,0.6742268041237114,1,300.9698263231024,4998,3453,0.7142857142857143,3.264261304302729e-05,327,485
"[0.1918125,0.49818749999999995], [-10.985300000000002,40.436], [8.392349999999999,32.24765], 1.0","ai_maturity_score, ai_training_hours, task_automation_rate, industry",1.0,0.08402783330529928,0.609375,1,352.98627478928677,4953,3454,0.5714285714285714,3.6478541226606906e-05,39,64
"[0.1918125,0.49818749999999995], [19.4927,38.527300000000004], 1.0","ai_maturity_score, ai_failure_rate, industry",1.0,0.06327006860516261,0.5757575757575758,2,365.0240184779778,4953,3454,0.42857142857142855,7.54451074036761e-05,38,66
"[55.316950000000006,83.63210000000001]",ai_adoption_rate,2.0,0.6011483889270763,0.9032258064516129,1,258.6792012875014,4980,3463,0.14285714285714285,2.675916152748758e-05,140,155
"[0.4124375,1.024058927085842], [25.382299999999994,92.3692173809539], [25.451949999999997,52.90805], 2.0, 8.0","ai_maturity_score, ai_training_hours, task_automation_rate, ai_adoption_stage, industry",2.0,0.4260802436167201,0.8431372549019608,1,283.2866588282342,4935,3463,0.7142857142857143,2.9275597384578823e-05,43,51
"[-0.05156249999999998,0.29493749999999996]",ai_maturity_score,1,0.003533241254889202,0.32332155477031804,1,294.13973187421266,4991,3466,0.14285714285714285,0.0014220503344538546,183,566
"[16.125974999999997,31.134025], [-10.985300000000002,35.1653], 1.0","ai_failure_rate, ai_training_hours, ai_adoption_stage",0.0,0.012969053815113136,0.41935483870967744,1,284.31938542556026,4972,3466,0.42857142857142855,0.0004004646339912331,117,279
"[39.61053769078111,52.42085], [0.047125000000000056,0.513375], [2.503999999999998,61.4177], 2.0","ai_adoption_rate, ai_maturity_score, ai_training_hours, ai_adoption_stage",1,0.013144783687801814,0.42048517520215634,2,320.28229472125906,4986,3471,0.5714285714285714,0.0018898339747842863,156,371
"[0.063,0.48887499999999995], [4.925474999999999,27.254525], [16.923499999999997,40.436], [1.5518499999999982,29.908150000000003], 2.0","ai_maturity_score, ai_failure_rate, ai_training_hours, task_automation_rate, ai_adoption_stage",1.0,0.017060928561198178,0.44299674267100975,1,323.12428031607965,4986,3471,0.7142857142857143,0.00039762658051546495,136,307
"[6.6630999999999965,62.436899999999994], [0.47024999999999995,0.9547499999999999], [-3.445450000000001,17.78545], [25.382299999999994,92.3692173809539]","ai_adoption_rate, ai_maturity_score, ai_failure_rate, ai_training_hours",2.0,0.3787874412704941,0.8235294117647058,2,271.9130276238452,4956,3480,0.5714285714285714,5.619593814403276e-05,70,85
"[23.4623,52.42085], [28.1132,39.8268]","ai_adoption_rate, ai_failure_rate",1,0.013260336136429343,0.4212218649517685,1,302.9693820217545,4960,3484,0.2857142857142857,0.0004164431957219559,131,311
"[6.6630999999999965,62.436899999999994], [0.47024999999999995,0.9547499999999999], [-3.445450000000001,17.78545], [25.382299999999994,92.3692173809539], 2.0","ai_adoption_rate, ai_maturity_score, ai_failure_rate, ai_training_hours, ai_adoption_stage",2.0,0.36417049091528547,0.8170731707317073,1,271.9697273530916,4956,3487,0.7142857142857143,2.8105293448198174e-05,67,82
"[0.34475,0.60125], [25.382299999999994,61.4177], [17.88185,46.238150000000005]","ai_maturity_score, ai_training_hours, task_automation_rate",2.0,0.10517996118530397,0.6373626373626373,1,299.95065912963054,4998,3495,0.42857142857142855,3.238547571240127e-05,290,455
"[-3.161057505254142,69.8288], [17.88185,46.238150000000005]","ai_adoption_rate, task_automation_rate",2.0,0.027714202160136682,0.488135593220339,1,287.17305194014733,4998,3495,0.2857142857142857,2.9450618746033343e-05,432,885
"[25.81655,88.1195], [0.26937500000000003,0.5899375]","ai_adoption_rate, ai_maturity_score",2.0,0.02107942694696624,0.4621380846325167,1,294.6011759970346,4998,3497,0.2857142857142857,3.261095203353437e-05,415,898
"[12.090174999999999,40.297632298524746], [26.228699999999996,52.90805]","ai_failure_rate, task_automation_rate",2.0,0.12987339665214961,0.6648199445983379,1,300.01643774328284,4998,3497,0.2857142857142857,3.152216610874535e-05,240,361
"[10.650099999999998,51.349900000000005], [0.1918125,0.49818749999999995], [-0.8023000000000025,26.3823], 1.0, 1.0","ai_adoption_rate, ai_maturity_score, ai_training_hours, ai_adoption_stage, industry",1.0,0.10737418240000002,0.64,1,349.5913893220747,4953,3502,0.7142857142857143,3.612770472581313e-05,16,25
"[0.1918125,0.49818749999999995], [8.392349999999999,32.24765], 1.0, 1.0","ai_maturity_score, task_automation_rate, ai_adoption_stage, industry",1.0,0.17525145137855438,0.7058823529411765,1,327.6276263616414,4953,3502,0.5714285714285714,3.385791099765227e-05,24,34
"[55.316950000000006,83.63210000000001], [0.402875,0.7591249999999999], [26.228699999999996,52.90805]","ai_adoption_rate, ai_maturity_score, task_automation_rate",2.0,0.6973160905563919,0.9304347826086956,1,268.9701934994367,4980,3505,0.42857142857142855,2.842087797759009e-05,107,115
"[-1.5062500000000005,9.74625], 6.0","task_automation_rate, industry",0.0,0.2693290743429045,0.7692307692307693,2,255.77752062560984,4985,3506,0.2857142857142857,4.7428474084559744e-05,20,26
"[-26.016350000000003,27.49635], [-0.09693749999999998,0.29493749999999996], [26.109924999999997,41.850075], 0.0, 6.0","ai_adoption_rate, ai_maturity_score, ai_failure_rate, ai_adoption_stage, industry",0.0,1.0,1.0,1,183.2153490432,4985,3506,0.7142857142857143,1.8933961858458045e-05,15,15
"[39.61053769078111,52.42085], [0.047125000000000056,0.513375], [2.503999999999998,61.4177], 2.0, 7.0","ai_adoption_rate, ai_maturity_score, ai_training_hours, ai_adoption_stage, industry",1,0.05292214940134466,0.5555555555555556,1,302.987982477744,4725,3522,0.7142857142857143,3.131158461211729e-05,20,36
"[7.01585,55.1177], [0.244625,0.743375], [23.833875,29.540325000000003], [2.732149999999997,28.387850000000004]","ai_adoption_rate, ai_maturity_score, ai_failure_rate, task_automation_rate",1.0,0.022747433994177106,0.46923076923076923,1,334.111166528472,4960,3522,0.5714285714285714,3.615845628166332e-05,122,260
"[0.4466137416493071,0.9547499999999999], [17.88185,25.978076087981645]","ai_maturity_score, task_automation_rate",2.0,0.19349176319999997,0.72,1,303.5331334500644,4973,3527,0.2857142857142857,3.070996852025412e-05,72,100
"[-4.626750000000001,52.42085], [0.235875,0.47812499999999997], [28.1132,39.8268]","ai_adoption_rate, ai_maturity_score, ai_failure_rate",1,0.019775500676705953,0.45627376425855515,1,294.5966720238396,4987,3544,0.42857142857142855,3.066650499601713e-05,120,263
"[23.4623,36.826750000000004], [-6.712600000000004,35.1653]","ai_adoption_rate, ai_training_hours",1.0,0.01902070782637509,0.4527363184079602,1,298.13846950616033,4960,3544,0.2857142857142857,3.1774391921621375e-05,182,402
"2.0, 4.0","ai_adoption_stage, industry",2.0,0.08139302472262583,0.6055045871559633,1,317.3698356249798,4980,3556,0.2857142857142857,3.279784359841816e-05,66,109
"[35.3605,88.1195], [0.34475,0.60125], [13.4664,56.03213146206465], 2.0, 4.0","ai_adoption_rate, ai_maturity_score, task_automation_rate, ai_adoption_stage, industry",2.0,0.13168724279835387,0.6666666666666666,1,321.0133006440762,4980,3556,0.7142857142857143,3.3174368971780475e-05,48,72
"[55.316950000000006,95.26305], [25.382299999999994,92.3692173809539], 8.0","ai_adoption_rate, ai_training_hours, industry",2.0,0.8719746985306883,0.972972972972973,1,254.24102929789905,4956,3557,0.42857142857142855,2.627394471435087e-05,36,37
"[0.4124375,0.8193749999999999], [8.76135,18.27865], 3.0, 8.0","ai_maturity_score, ai_failure_rate, ai_adoption_stage, industry",2.0,1.0,1.0,1,171.5,4557,3557,0.5714285714285714,1.7723266504052065e-05,2,2
"[0.09837500000000002,0.2808450430511318], [26.109924999999997,41.850075], [-10.985300000000002,35.1653], 1.0","ai_maturity_score, ai_failure_rate, ai_training_hours, ai_adoption_stage",0.0,0.15845760216787871,0.6918032786885245,1,344.56587065610955,4972,3560,0.5714285714285714,3.5183767581970876e-05,211,305
"[-0.05156249999999998,0.29493749999999996], [2.503999999999998,35.1653]","ai_maturity_score, ai_training_hours",1.0,0.0036612023061641835,0.32563025210084034,1,300.3802115985835,4991,3575,0.2857142857142857,0.0014153905936147753,155,476
"[55.316950000000006,95.26305], [0.605625,1.024058927085842], [25.451949999999997,52.90805]","ai_adoption_rate, ai_maturity_score, task_automation_rate",2.0,0.731541165307833,0.9393939393939394,1,242.47274563367026,4935,3591,0.42857142857142855,2.5057778955304753e-05,31,33
"[0.605625,0.8193749999999999], [38.3125,85.7275]","ai_maturity_score, ai_training_hours",2.0,0.8153726975999999,0.96,5,237.5593609806179,4935,3591,0.2857142857142857,0.00012275008353328858,48,50
"[-4.626750000000001,55.1177], [0.47812499999999997,0.5435997420732968], [-6.712600000000004,35.012600000000006]","ai_adoption_rate, ai_maturity_score, ai_training_hours",1.0,0.03125,0.5,1,327.6465443443508,4654,3594,0.42857142857142855,3.385986603234194e-05,9,18
"[-6.712600000000004,35.1653]",ai_training_hours,1.0,0.007477221027936191,0.37561942517343905,1,293.336197549481,4991,3594,0.14285714285714285,0.0006929988006565452,379,1009
"[0.047125000000000056,0.48887499999999995], [16.87925,27.860750000000003], [2.503999999999998,40.436], [6.916499999999999,38.423500000000004]","ai_maturity_score, ai_failure_rate, ai_training_hours, task_automation_rate",1.0,0.01936164585468992,0.4543478260869565,2,294.66613239352864,4991,3599,0.5714285714285714,0.0011230004755741357,209,460
"[16.87925,27.860750000000003], [2.503999999999998,40.436]","ai_failure_rate, ai_training_hours",1.0,0.014279986660740549,0.4275092936802974,2,294.5901855345866,4991,3599,0.2857142857142857,0.0015201139790377415,230,538
"[-0.09693749999999998,0.29493749999999996], [26.109924999999997,41.850075], [-16.4372,16.4372], 0.0, 6.0","ai_maturity_score, ai_failure_rate, ai_training_hours, ai_adoption_stage, industry",0.0,1.0,1.0,1,178.060339712,4985,3610,0.7142857142857143,1.8401229472407122e-05,13,13
"[-26.016350000000003,27.49635], 0.0, 6.0","ai_adoption_rate, ai_adoption_stage, industry",0.0,1.0,1.0,3,183.0542877696,4985,3610,0.42857142857142855,5.675195207317888e-05,14,14
"[0.1499375,0.6700625], [16.87925,27.860750000000003], [2.503999999999998,40.436]","ai_maturity_score, ai_failure_rate, ai_training_hours",1.0,0.013696058251879797,0.42395437262357416,1,301.1819719182333,4991,3613,0.42857142857142855,0.00041070690731005396,223,526
"[0.3525625,0.8014374999999999], 5.0","ai_maturity_score, industry",2.0,0.0932669098545276,0.6222222222222222,1,266.8804602250367,4998,3631,0.2857142857142857,2.633693681878362e-05,28,45
"[0.3525625,0.8014374999999999], [38.3125,92.3692173809539]","ai_maturity_score, ai_training_hours",2.0,0.2611360713863348,0.7644927536231884,1,283.5233773755856,4998,3631,0.2857142857142857,2.824084919112629e-05,211,276
"[0.605625,0.8755625], [25.382299999999994,92.3692173809539], [22.262549999999997,52.90805], 2.0","ai_maturity_score, ai_training_hours, task_automation_rate, industry",2.0,1.0,1.0,1,192.0,4648,3648,0.5714285714285714,1.9841791071591817e-05,2,2
"[55.316950000000006,112.37204226562483], [0.4124375,1.024058927085842], [20.0274,43.4326]","ai_adoption_rate, ai_maturity_score, task_automation_rate",2.0,0.6653346237638361,0.9217391304347826,1,260.30960363118663,4980,3648,0.42857142857142855,2.7022427336944246e-05,106,115
"[-6.712600000000004,35.1653], 6.0","ai_training_hours, industry",1.0,0.001986024257373857,0.288135593220339,1,311.67342445378733,4554,3655,0.2857142857142857,0.002638566537109966,34,118
"[0.47024999999999995,0.8193749999999999], [25.382299999999994,70.54865689927182]","ai_maturity_score, ai_training_hours",2.0,0.33287566798886076,0.8025210084033614,2,283.94928241173744,4998,3673,0.2857142857142857,5.9866598739885016e-05,191,238
"[0.605625,0.8193749999999999], [-2.330075000000001,13.410075], [22.262549999999997,44.31745]","ai_maturity_score, ai_failure_rate, task_automation_rate",2.0,0.8007081039652487,0.9565217391304348,2,233.70497366737322,4935,3673,0.42857142857142855,4.8303388123957156e-05,22,23
"[16.5534,43.6866], [0.20018750000000002,0.6918124999999999], [4.915365370972644,30.090575], [25.382299999999994,61.4177], [16.22365,28.376350000000002]","ai_adoption_rate, ai_maturity_score, ai_failure_rate, ai_training_hours, task_automation_rate",1,0.021053721115512777,0.4620253164556962,1,328.7668554557728,4939,3674,0.7142857142857143,3.3969618520227406e-05,73,158
"[0.605625,0.8193749999999999], [-2.330075000000001,13.410075], [38.3125,85.7275], [22.262549999999997,44.31745]","ai_maturity_score, ai_failure_rate, ai_training_hours, task_automation_rate",1,0.0,0.0,1,233.7328959850629,3677,3677,0.5714285714285714,0.0004269586624229475,0,22
"[0.605625,0.8193749999999999], [36.5684,71.97160000000001]","ai_maturity_score, ai_training_hours",2.0,0.8045874964262903,0.9574468085106383,2,237.57404958514368,4935,3677,0.2857142857142857,4.9103069332295995e-05,45,47
"[-4.626750000000001,30.50051020362101], [16.87925,27.860750000000003], [-6.712600000000004,40.436], [2.088099999999999,19.191900000000004]","ai_adoption_rate, ai_failure_rate, ai_training_hours, task_automation_rate",1.0,0.0266629746183753,0.484375,1,276.5859633812667,4789,3682,0.5714285714285714,2.8583129680968953e-05,31,64
"[15.016950000000001,54.96305], [25.382299999999994,61.4177], [18.13255,46.238150000000005], 6.0","ai_adoption_rate, ai_training_hours, task_automation_rate, industry",2.0,0.058106795522064596,0.5660377358490566,1,337.6256253402691,4938,3684,0.5714285714285714,3.511397959574488e-05,30,53
"[33.6512,95.26305], [0.20018750000000002,0.6918124999999999], [17.88185,40.18745]","ai_adoption_rate, ai_maturity_score, task_automation_rate",2.0,0.0613113101043707,0.5721476510067114,1,301.38567846347826,4998,3684,0.42857142857142855,3.197246316502237e-05,341,596
"[23.7289,55.97110000000001]",ai_training_hours,1.0,0.005495160033209874,0.3531799729364005,1,295.89168134054296,4987,3686,0.14285714285714285,0.0010362906856082308,261,739
"[7.01585,55.1177], [0.324875,0.567125], [19.7611,34.338475], [3.347899999999999,3.7135696237409093]","ai_adoption_rate, ai_maturity_score, ai_failure_rate, task_automation_rate",1.0,0.0027643281767180585,0.48783175888439045,1,288.0477370634461,3686,3686,0.5714285714285714,2.9767619882592252e-05,0,0
"[28.2864,51.7136]",ai_failure_rate,0,0.05714673001086812,0.5641547861507128,2,307.870730856458,4985,3708,0.14285714285714285,6.229971382034377e-05,277,491
"[35.3605,88.1195], [0.12750000000000003,0.5265], [5.5136249999999976,30.856125000000002], [25.451949999999997,52.90805]","ai_adoption_rate, ai_maturity_score, ai_failure_rate, task_automation_rate",2.0,0.09246263745041457,0.6211453744493393,1,317.9926945618016,4998,3718,0.5714285714285714,3.2939529754410767e-05,141,227
"[0.8193749999999999,0.8474323444196257], [38.09211911703893,71.97160000000001]","ai_maturity_score, ai_training_hours",2.0,0.1,1.0,1,214.0,3724,3724,0.2857142857142857,2.211532963187838e-05,0,0
"[39.61053769078111,85.63258667203502], [0.047125000000000056,0.48887499999999995], [16.87925,27.860750000000003], [2.503999999999998,61.4177], [6.916499999999999,38.423500000000004], 7.0","ai_adoption_rate, ai_maturity_score, ai_failure_rate, ai_training_hours, task_automation_rate, industry",1,0.02094302882090425,0.46153846153846156,1,301.33753068652885,4725,3725,0.8571428571428571,3.114102253078903e-05,12,26
"[0.047125000000000056,0.513375], [2.503999999999998,40.436], 2.0","ai_maturity_score, ai_training_hours, ai_adoption_stage",1.0,0.01092700881434251,0.40522875816993464,1,306.504946352063,4986,3725,0.42857142857142855,0.0005552968825200904,186,459
"[39.61053769078111,52.42085], [0.21459004565192125,0.513375], [2.503999999999998,61.4177], [15.347699999999998,36.0523], 2.0","ai_adoption_rate, ai_maturity_score, ai_training_hours, task_automation_rate, ai_adoption_stage",1,0.012840247548471809,0.4185185185185185,1,321.4662362601431,4986,3727,0.7142857142857143,0.0004916822077028783,113,270
"[23.4623,51.48415], [20.873549999999998,28.60865], 1.0, 2.0","ai_adoption_rate, task_automation_rate, ai_adoption_stage, industry",1.0,0.0015088388150337464,0.2727272727272727,2,275.7437568,4760,3731,0.5714285714285714,5.699218762209819e-05,3,11
"[7.01585,55.1177], [0.047125000000000056,0.48887499999999995], [23.833875,32.938900000000004], [-1.6896000000000004,21.0696], [-4.248650000000001,22.252100000000002], 1.0","ai_adoption_rate, ai_maturity_score, ai_failure_rate, ai_training_hours, task_automation_rate, ai_adoption_stage",1.0,0.006280695833042085,0.3627450980392157,1,320.51258307141853,4953,3731,0.8571428571428571,0.0008593557326573825,37,102
"[52.995999999999995,83.14399999999999], [0.605625,0.8193749999999999], [36.5684,71.97160000000001]","ai_adoption_rate, ai_maturity_score, ai_training_hours",2.0,0.8573935107793603,0.9696969696969697,1,237.05004025620045,4935,3737,0.42857142857142855,2.449738214727062e-05,32,33
"[2.503999999999998,61.4177], 2.0","ai_training_hours, ai_adoption_stage",2,0.04436331475920756,0.5362962962962963,1,293.11544377635244,4998,3745,0.2857142857142857,3.202524523706493e-05,362,675
"[39.61053769078111,52.42085], [0.047125000000000056,0.513375], [2.503999999999998,40.436], 2.0","ai_adoption_rate, ai_maturity_score, ai_training_hours, ai_adoption_stage",1,0.017759177670679503,0.44656488549618323,1,323.22028054984355,4986,3745,0.5714285714285714,0.00036091060499106054,117,262
"[35.3605,88.1195], [3.654285695719522,30.856125000000002], [25.451949999999997,52.90805]","ai_adoption_rate, ai_failure_rate, task_automation_rate",2.0,0.18418144870368242,0.7129337539432177,1,295.8492525584403,4998,3749,0.42857142857142855,3.233520286734911e-05,226,317
"0.0, 6.0","ai_adoption_stage, industry",0.0,1.0,1.0,1,180.98901247999999,4985,3757,0.2857142857142857,1.870388631188481e-05,12,12
"[-26.016350000000003,27.49635], [-0.09693749999999998,0.29493749999999996], [26.109924999999997,41.850075], 0.0","ai_adoption_rate, ai_maturity_score, ai_failure_rate, ai_adoption_stage",0.0,0.3437397318290407,0.8076923076923077,1,200.1446612962746,4985,3757,0.5714285714285714,2.0683482049662447e-05,42,52
"[7.01585,42.999500000000005], [13.260581665487592,29.540325000000003], 1.0, 2.0","ai_adoption_rate, ai_failure_rate, ai_adoption_stage, industry",1.0,0.025480396799999996,0.48,1,290.65372826130516,4760,3760,0.5714285714285714,3.0036929949687702e-05,12,25
"[-0.038687499999999986,0.4386875], [1.5820999999999987,35.1653], [-6.093400000000003,24.513400000000004]","ai_maturity_score, ai_training_hours, task_automation_rate",1.0,0.007636583030109797,0.37720706260032105,1,307.25078604784505,4987,3768,0.42857142857142855,0.0007633326415570173,235,623
"[7.029424999999998,30.090575], [25.382299999999994,61.4177], 8.0","ai_failure_rate, ai_training_hours, industry",2.0,0.145834744929218,0.6804123711340206,1,306.5485228004676,4956,3773,0.42857142857142855,3.1679540326624886e-05,66,97
"[10.650099999999998,51.349900000000005], [0.1918125,0.49818749999999995], [-0.8023000000000025,26.3823], [8.392349999999999,32.24765], 1.0, 1.0","ai_adoption_rate, ai_maturity_score, ai_training_hours, task_automation_rate, ai_adoption_stage, industry",1.0,0.48894551440329226,0.8666666666666667,3,333.34888937472,4953,3785,0.8571428571428571,0.00010334748463938075,13,15
"[10.650099999999998,51.349900000000005], 1.0","ai_adoption_rate, ai_adoption_stage",1.0,0.00640635396460407,0.3641851106639839,1,303.82759731465853,4991,3785,0.2857142857142857,0.0008246631545172446,181,497
"[42.372809647468955,88.1195], [0.20706250000000004,0.5989375], [25.451949999999997,52.90805], 2.0, 6.0","ai_adoption_rate, ai_maturity_score, task_automation_rate, ai_adoption_stage, industry",2.0,0.2373046875,0.75,2,307.0765416203873,4938,3786,0.7142857142857143,6.688247724177042e-05,24,32
"[42.372809647468955,88.1195], [0.20706250000000004,0.5989375], [-1.061600000000002,34.3416], [25.451949999999997,52.90805]","ai_adoption_rate, ai_maturity_score, ai_training_hours, task_automation_rate",2.0,0.11903483743868312,0.6533333333333333,1,341.99575657934713,4938,3786,0.5714285714285714,3.534275181988739e-05,49,75
"[55.316950000000006,95.26305], [8.271274999999996,33.528725], [17.88185,49.865558669167406], 4.0","ai_adoption_rate, ai_failure_rate, task_automation_rate, industry",2.0,1.0,1.0,1,273.15139136798723,4980,3810,0.5714285714285714,2.8228191866865682e-05,17,17
"[55.316950000000006,95.26305], [18.048099999999998,52.90805]","ai_adoption_rate, task_automation_rate",2.0,0.6578032428961388,0.9196428571428571,2,263.9358133710923,4980,3810,0.2857142857142857,5.5215923945388804e-05,103,112
"[39.61053769078111,52.42085], [0.047125000000000056,0.513375], 2.0","ai_adoption_rate, ai_maturity_score, ai_adoption_stage",1.0,0.012064300668312758,0.41333333333333333,1,320.28229472125906,4986,3812,0.42857142857142855,0.0005184552361704001,124,300
"[39.61053769078111,52.42085], [0.047125000000000056,0.48887499999999995], [2.503999999999998,40.436], 2.0, 2.0","ai_adoption_rate, ai_maturity_score, ai_training_hours, ai_adoption_stage, industry",1,0.003492943259127733,0.3225806451612903,1,322.7599199864016,4812,3812,0.7142857142857143,0.0016879285440510288,10,31
"[-6.046900000000001,49.7269], [-1.5062500000000005,9.74625], 1.0","ai_adoption_rate, task_automation_rate, ai_adoption_stage",1,0.001363071141135852,0.2672413793103448,1,346.7433966465635,4960,3817,0.42857142857142855,0.004404207145917122,31,116
"[0.09837500000000002,0.283625], [26.109924999999997,41.850075], 6.0","ai_maturity_score, ai_failure_rate, industry",0.0,0.09091180653955425,0.6190476190476191,1,332.01069414407607,4929,3826,0.42857142857142855,3.3561910881328134e-05,26,42
"[0.16060469336958305,0.413625], [3.347899999999999,27.0636], 2.0, 2.0","ai_maturity_score, task_automation_rate, ai_adoption_stage, industry",0,0.021573797840929377,0.4642857142857143,1,324.2109075032463,4903,3830,0.5714285714285714,3.3504818176096836e-05,13,28
"[0.16060469336958305,0.413625], [4.663124999999999,32.116875], [-10.985300000000002,35.7247], 2.0, 2.0","ai_maturity_score, ai_failure_rate, ai_training_hours, ai_adoption_stage, industry",0,0.07204491900081343,0.5909090909090909,1,337.262990342218,4903,3830,0.7142857142857143,3.48536551591176e-05,13,22
"[26.321599999999997,54.1384], [17.88185,46.238150000000005], 2.0","ai_training_hours, task_automation_rate, ai_adoption_stage",2.0,0.1084728176764643,0.6413043478260869,1,303.9590581838271,4998,3844,0.42857142857142855,3.339680048765118e-05,236,368
"[0.29845422743175193,0.9547499999999999]",ai_maturity_score,2.0,0.035851688105037624,0.5139275766016713,1,294.5994174474718,4998,3844,0.14285714285714285,3.26102587764208e-05,369,718
"[-0.09693749999999998,0.283625], [26.109924999999997,41.850075]","ai_maturity_score, ai_failure_rate",0.0,0.14960051920819634,0.6838905775075987,1,316.01964473632114,4985,3847,0.2857142857142857,3.149621386723845e-05,225,329
"[-6.046900000000001,49.7269], [-1.5062500000000005,9.74625], 8.0","ai_adoption_rate, task_automation_rate, industry",0.0,0.15359020233154297,0.6875,2,317.416326782976,4847,3847,0.42857142857142855,6.56052962368742e-05,11,16
"[0.09837500000000002,0.283625], [-17.71849876583803,35.1653], 1.0","ai_maturity_score, ai_training_hours, ai_adoption_stage",0.0,0.1281474705737889,0.6630434782608695,2,315.7763825565081,4972,3874,0.42857142857142855,6.292957933151505e-05,183,276
"[0.09837500000000002,0.283625], [12.98665,32.753350000000005], [-10.985300000000002,35.1653], 1.0","ai_maturity_score, ai_failure_rate, ai_training_hours, ai_adoption_stage",0.0,0.06613645532720105,0.5808823529411765,1,309.7060354756546,4972,3874,0.5714285714285714,3.0680632383789144e-05,79,136
"[25.382299999999994,92.3692173809539]",ai_training_hours,2.0,0.04280215720207496,0.5324675324675324,1,296.8983258433351,4998,3883,0.14285714285714285,3.2388565944235664e-05,328,616
"[35.3605,95.26305], [2.1412749999999967,27.398725000000002], 2.0","ai_adoption_rate, ai_failure_rate, ai_adoption_stage",2.0,0.06994666780626906,0.587426326129666,1,294.9165507368424,4998,3883,0.42857142857142855,3.273527936922036e-05,299,509
"[0.4466137416493071,1.024058927085842], [25.382299999999994,92.3692173809539], [36.731635545323115,52.90805], 7.0","ai_maturity_score, ai_training_hours, task_automation_rate, industry",2.0,1.0,1.0,1,201.25,4919,3888,0.5714285714285714,2.0797710693530485e-05,4,4
"[0.047125000000000056,0.48887499999999995], [16.87925,27.860750000000003], [2.503999999999998,40.436], [6.916499999999999,38.423500000000004]","ai_maturity_score, ai_failure_rate, ai_training_hours, task_automation_rate",2,0.004587768630959265,0.34065934065934067,1,294.66613239352864,4969,3897,0.5714285714285714,0.0011227387523419386,124,364
"[0.16060469336958305,0.413625], [4.663124999999999,32.116875], [3.347899999999999,27.0636], 2.0, 2.0","ai_maturity_score, ai_failure_rate, task_automation_rate, ai_adoption_stage, industry",0,0.040386107340619246,0.5263157894736842,1,338.0853736934605,4903,3903,0.7142857142857143,3.493864244368066e-05,10,19
"[0.16060469336958305,0.413625], [-10.985300000000002,35.7247], 2.0, 2.0","ai_maturity_score, ai_training_hours, ai_adoption_stage, industry",0,0.020225870265882198,0.4583333333333333,1,323.48071440411724,4903,3903,0.5714285714285714,3.3429358077582066e-05,11,24
"[7.01585,52.42085], [0.047125000000000056,0.48887499999999995], 0.0","ai_adoption_rate, ai_maturity_score, industry",1.0,0.013912730007924,0.42528735632183906,1,313.5781301066644,4922,3906,0.42857142857142855,0.00039713724045036897,37,87
"[42.372809647468955,88.1195], [0.20706250000000004,0.5989375], [20.798399999999997,56.2016], [25.451949999999997,47.81247101521401], 2.0","ai_adoption_rate, ai_maturity_score, ai_training_hours, task_automation_rate, ai_adoption_stage",2.0,0.2581086210919234,0.7627118644067796,1,300.6576134059432,4998,3907,0.7142857142857143,3.3305727884977844e-05,135,177
"[0.24693750000000003,0.5390625], [20.798399999999997,56.58918687300932], [25.451949999999997,52.90805], 2.0","ai_maturity_score, ai_training_hours, task_automation_rate, ai_adoption_stage",2.0,0.15090914253901952,0.6850828729281768,2,314.12060572758094,4998,3907,0.5714285714285714,6.487867959138338e-05,124,181
"[8.918049999999997,44.34195], [13.665225,39.654775], [27.371299999999994,69.7287], [8.392349999999999,30.958150000000003], 1.0","ai_adoption_rate, ai_failure_rate, ai_training_hours, task_automation_rate, industry",1.0,0.06504222973314074,0.5789473684210527,1,327.7715699094978,4939,3913,0.7142857142857143,3.387278650704119e-05,11,19
"[0.1918125,0.49818749999999995], [2.601849999999999,32.24765], 2.0, 1.0","ai_maturity_score, task_automation_rate, ai_adoption_stage, industry",1.0,0.025480396799999996,0.48,1,345.27055510907735,4939,3913,0.5714285714285714,3.5681178216910636e-05,12,25
"[0.09837500000000002,0.283625], [-17.71849876583803,35.1653], 1.0, 7.0","ai_maturity_score, ai_training_hours, ai_adoption_stage, industry",0.0,0.2097427655167115,0.7317073170731707,1,303.95957401300484,4972,3917,0.5714285714285714,3.141199146758381e-05,30,41
"[0.20706250000000004,0.5189999999999999], [23.7289,61.4177], [2.3370999999999995,52.90805], 2.0, 6.0","ai_maturity_score, ai_training_hours, task_automation_rate, ai_adoption_stage, industry",1,0.005252187499999998,0.35,1,338.9719612789772,4944,3927,0.7142857142857143,0.0015157179594864716,14,40
"[21.45581495489703,23.833875]",ai_failure_rate,1.0,0.010240000000000003,0.4,1,282.45341486660357,4991,3931,0.14285714285714285,0.0005038634572629201,48,120
"[7.01585,55.1177], [0.07325000000000004,0.38675], 1.0, 0.0","ai_adoption_rate, ai_maturity_score, ai_adoption_stage, industry",1.0,0.005960972842773589,0.358974358974359,1,315.66240742730554,4922,3931,0.5714285714285714,0.0008694631736643934,14,39
"[55.316950000000006,95.26305], [0.605625,1.024058927085842], [25.382299999999994,92.3692173809539], [25.451949999999997,52.90805], 8.0","ai_adoption_rate, ai_maturity_score, ai_training_hours, task_automation_rate, industry",2.0,1.0,1.0,1,237.75104000000002,4935,3935,0.7142857142857143,2.4569825326737862e-05,9,9
"[0.4124375,1.024058927085842], [27.882999999999996,72.137], [25.451949999999997,52.90805], 2.0","ai_maturity_score, ai_training_hours, task_automation_rate, ai_adoption_stage",2.0,0.3654512017689105,0.8176470588235294,2,299.1020142047805,4998,3935,0.5714285714285714,6.598348794889844e-05,139,170
"[0.10218749999999999,0.5938125], [28.2864,51.7136]","ai_maturity_score, ai_failure_rate",0,0.04388512411658307,0.5351351351351351,1,315.71658249509346,4972,3936,0.2857142857142857,3.2416749398717705e-05,198,370
"[42.372809647468955,88.1195], [0.20706250000000004,0.5989375], [-1.061600000000002,56.58918687300932]","ai_adoption_rate, ai_maturity_score, ai_training_hours",2.0,0.0923686968213731,0.6210191082802548,1,297.76418854549456,4998,3938,0.42857142857142855,3.39006793147963e-05,195,314
"[0.18068750000000003,0.5013125], [25.451949999999997,52.90805], 2.0","ai_maturity_score, task_automation_rate, ai_adoption_stage",2.0,0.08002031450066496,0.603448275862069,1,309.9079000737621,4998,3938,0.42857142857142855,3.189514952597043e-05,105,174
"[8.918049999999997,44.34195], [13.665225,38.527300000000004], [-33.13346493390346,69.7287], [8.392349999999999,30.958150000000003], 1.0","ai_adoption_rate, ai_failure_rate, ai_training_hours, task_automation_rate, industry",1.0,0.12385100560996302,0.6585365853658537,2,325.4221340127483,4953,3939,0.7142857142857143,6.725997909533859e-05,27,41
"[0.21800000000000003,0.6739999999999999], [19.4927,39.654775], [8.392349999999999,32.24765], 1.0","ai_maturity_score, ai_failure_rate, task_automation_rate, industry",1.0,0.0842909133538739,0.6097560975609756,2,361.51294902805654,4953,3939,0.5714285714285714,7.471942087801792e-05,25,41
"[10.650099999999998,51.349900000000005], [0.1918125,0.49818749999999995], [25.002025,39.277975], [-0.8023000000000025,26.3823], [8.392349999999999,32.24765], 1.0, 1.0","ai_adoption_rate, ai_maturity_score, ai_failure_rate, ai_training_hours, task_automation_rate, ai_adoption_stage, industry",1.0,0.5549289573066435,0.8888888888888888,2,336.95712,4953,3953,1.0,6.964409140755512e-05,8,9
"[25.637499999999996,34.279091963199356], [0.235875,0.48887499999999995], [26.109924999999997,41.850075], 2.0","ai_adoption_rate, ai_maturity_score, ai_failure_rate, ai_adoption_stage",1.0,0.002348183883829531,0.4722222222222222,1,293.94698529376035,3962,3962,0.5714285714285714,3.0377263897515965e-05,0,0
"[-4.626750000000001,51.48415], [0.047125000000000056,0.47812499999999997], [-6.712600000000004,43.635200000000005]","ai_adoption_rate, ai_maturity_score, ai_training_hours",1.0,0.009298337353083533,0.3923566878980892,1,299.7257371125294,4991,3962,0.42857142857142855,0.0005690528209308374,308,785
"[55.316950000000006,112.37204226562483], [0.4124375,0.7384859216452617], [20.0274,43.4326]","ai_adoption_rate, ai_maturity_score, task_automation_rate",2.0,0.5941037590949576,0.9010989010989011,1,260.30960363897725,4980,3965,0.42857142857142855,2.7022427338202215e-05,82,91
"[0.34475,0.7869714442660717], [28.211100000000002,59.188900000000004], 2.0, 4.0","ai_maturity_score, ai_training_hours, ai_adoption_stage, industry",2.0,0.26364723082896674,0.7659574468085106,1,311.633687388062,4980,3971,0.5714285714285714,3.220505477095669e-05,36,47
"[35.3605,88.1195], [13.4664,46.238150000000005], 4.0","ai_adoption_rate, task_automation_rate, industry",2.0,0.12324861859319845,0.6578947368421053,1,317.64294295900015,4980,3971,0.42857142857142855,3.282606723728145e-05,50,76
"[-6.046900000000001,49.7269], [-0.09693749999999998,0.283625], [-10.985300000000002,13.908400000000002], 1.0, 7.0","ai_adoption_rate, ai_maturity_score, ai_training_hours, ai_adoption_stage, industry",0,0.21208362139917689,0.7333333333333333,1,283.92693272575997,4972,3972,0.7142857142857143,2.934176499345018e-05,11,15
"[-6.046900000000001,49.7269], [-0.09693749999999998,0.29493749999999996], [26.109924999999997,50.43965], [-13.908400000000002,35.1653], [9.463649999999998,21.61635], 7.0","ai_adoption_rate, ai_maturity_score, ai_failure_rate, ai_training_hours, task_automation_rate, industry",0.0,0.22481780895283973,0.7419354838709677,1,279.55330213870303,4972,3972,0.8571428571428571,2.888978236671733e-05,23,31
"[-0.09693749999999998,0.29493749999999996], 0.0, 6.0","ai_maturity_score, ai_adoption_stage, industry",0.0,1.0,1.0,1,184.02464,4985,3985,0.42857142857142855,1.901759614012968e-05,10,10
"[0.047125000000000056,0.48887499999999995], [21.45581495489703,29.296125], 3.0","ai_maturity_score, ai_failure_rate, industry",1.0,0.03125,0.5,1,318.32228454754124,4986,3986,0.42857142857142855,3.41188749176031e-05,20,40
"[23.4623,51.48415], [12.823874999999997,23.833875], [5.152999999999999,43.635200000000005], 2.0","ai_adoption_rate, ai_failure_rate, ai_training_hours, ai_adoption_stage",1.0,0.0115624766393572,0.4098360655737705,1,308.4006314416296,4986,3986,0.5714285714285714,0.0005307563383037519,75,183
"[10.847574999999999,31.712425000000003], [38.3125,92.3692173809539], 2.0","ai_failure_rate, ai_training_hours, ai_adoption_stage",2.0,0.2740874207684612,0.7719298245614035,1,285.85438365877445,4998,3988,0.42857142857142855,2.8828965387537433e-05,132,171
"[0.4124375,1.024058927085842], [20.0274,43.4326]","ai_maturity_score, task_automation_rate",2.0,0.23257765406103217,0.7469879518072289,1,303.2804829618849,4998,4004,0.2857142857142857,3.322559499524834e-05,186,249
"[55.316950000000006,112.37204226562483], [0.4124375,1.024058927085842], [20.0274,52.232877581833016]","ai_adoption_rate, ai_maturity_score, task_automation_rate",2.0,0.6173610037633398,0.9080459770114943,1,260.32720388740734,4980,4004,0.42857142857142855,2.7025269301517304e-05,79,87
"[8.918049999999997,44.34195], [13.665225,39.654775], [-33.13346493390346,69.7287], [2.601849999999999,30.958150000000003], 1.0","ai_adoption_rate, ai_failure_rate, ai_training_hours, task_automation_rate, industry",1.0,0.05507317760000002,0.56,2,339.1961281229452,4953,4008,0.7142857142857143,7.010686152612883e-05,28,50
"[5.152999999999999,40.436], 2.0","ai_training_hours, ai_adoption_stage",1.0,0.009772194839639946,0.3962765957446808,1,299.58664843932263,4986,4010,0.2857142857142857,0.0006206530464033218,149,376
"[23.4623,51.48415], [0.047125000000000056,0.48887499999999995], [12.823874999999997,27.860750000000003], [2.503999999999998,43.635200000000005], [22.2078,42.0122]","ai_adoption_rate, ai_maturity_score, ai_failure_rate, ai_training_hours, task_automation_rate",2,0.009304070932630311,0.3924050632911392,1,317.8494696892017,4938,4010,0.7142857142857143,0.0006006909582846451,62,158
"[-6.046900000000001,49.7269], [-13.908400000000002,35.1653], [8.396599999999996,39.0034], 1.0","ai_adoption_rate, ai_training_hours, task_automation_rate, ai_adoption_stage",0.0,0.02975267801578205,0.495114006514658,1,278.54429657595125,4972,4016,0.5714285714285714,2.8592885986643754e-05,152,307
"[-0.09693749999999998,0.283625], [-17.71849876583803,13.908400000000002], 1.0","ai_maturity_score, ai_training_hours, ai_adoption_stage",0.0,0.17525145137855438,0.7058823529411765,2,324.0999680916769,4972,4016,0.42857142857142855,6.508003304447523e-05,72,102
"[35.3605,95.26305], [0.47024999999999995,0.9547499999999999], [25.382299999999994,85.7275], [13.4664,46.238150000000005], 4.0","ai_adoption_rate, ai_maturity_score, ai_training_hours, task_automation_rate, industry",2.0,0.44370531249999995,0.85,1,285.93015649235764,4980,4021,0.7142857142857143,2.9548783469733923e-05,17,20
"[31.5686,78.3514], 4.0","ai_training_hours, industry",2.0,0.18183912073024103,0.7111111111111111,1,311.80718667814625,4980,4021,0.2857142857142857,3.222298464941982e-05,32,45
"[0.605625,0.8193749999999999], [-2.330075000000001,13.410075], [22.262549999999997,44.31745], 3.0","ai_maturity_score, ai_failure_rate, task_automation_rate, ai_adoption_stage",2.0,1.0,1.0,1,137.0,4147,4025,0.5714285714285714,1.4157944670875411e-05,1,1
"[7.01585,30.50051020362101], [16.87925,29.540325000000003], [-6.712600000000004,40.436], [-4.248650000000001,28.60865]","ai_adoption_rate, ai_failure_rate, ai_training_hours, task_automation_rate",1.0,0.023607679058186535,0.4727272727272727,1,297.47404215781626,4991,4027,0.5714285714285714,3.0741759342277536e-05,52,110
"[-4.626750000000001,42.999500000000005], [23.833875,27.860750000000003], 2.0","ai_adoption_rate, ai_failure_rate, industry",1.0,0.05292214940134466,0.5555555555555556,2,297.9229936372941,4760,4027,0.42857142857142855,6.157631036639966e-05,10,18
"[-6.046900000000001,49.7269], [-10.18147548986011,35.1653]","ai_adoption_rate, ai_training_hours",0,0.017308460646446405,0.4442748091603053,1,293.23821031695763,4985,4032,0.2857142857142857,0.0002931939745695384,291,655
"[-6.046900000000001,49.7269], [0.23975000000000002,0.61025], [-10.18147548986011,35.1653], [-5.343600000000002,27.0636]","ai_adoption_rate, ai_maturity_score, ai_training_hours, task_automation_rate",0,0.0036835832093136973,0.32602739726027397,1,297.44369520743265,4972,4032,0.5714285714285714,0.0015015034914008375,119,365
"[0.24693750000000003,0.5390625], [20.798399999999997,56.58918687300932], [5.571561103053199,52.90805], 2.0","ai_maturity_score, ai_training_hours, task_automation_rate, ai_adoption_stage",2.0,0.03167115295104018,0.5013404825737265,1,311.9476029730218,4998,4035,0.5714285714285714,3.364621174217938e-05,187,373
"[30.235199999999992,73.2248], 2.0, 8.0","ai_training_hours, ai_adoption_stage, industry",2.0,0.207532640200251,0.7301587301587301,1,272.29708416658514,4956,4041,0.42857142857142855,2.813990548665122e-05,46,63
"[55.316950000000006,64.16437230038568], [0.4466137416493071,1.024058927085842], [25.451949999999997,52.90805]","ai_adoption_rate, ai_maturity_score, task_automation_rate",2.0,0.5904900000000001,0.9,1,280.50377931839137,4980,4041,0.42857142857142855,2.9207708006073077e-05,45,50
"[0.08406250000000004,0.6826249999999999], [20.329099999999997,63.950900000000004], [30.5486,43.1514], 1.0","ai_maturity_score, ai_training_hours, task_automation_rate, ai_adoption_stage",2.0,0.03125,0.5,1,239.75,4497,4043,0.5714285714285714,2.477640317403197e-05,2,4
"[-17.71849876583803,13.908400000000002], 1.0, 7.0","ai_training_hours, ai_adoption_stage, industry",0.0,0.1590361251087416,0.6923076923076923,2,286.118708224,4972,4048,0.42857142857142855,5.913653781514945e-05,9,13
"[-1.4702082235827643,52.42085], [0.047125000000000056,0.48887499999999995], [2.503999999999998,40.436], 0.0","ai_adoption_rate, ai_maturity_score, ai_training_hours, industry",1.0,0.010950846084540578,0.40540540540540543,1,315.02401685738306,4922,4050,0.5714285714285714,0.0005022354912284073,30,74
"[12.823874999999997,23.833875], [5.152999999999999,43.635200000000005], 2.0","ai_failure_rate, ai_training_hours, ai_adoption_stage",1.0,0.005519194025611168,0.35348837209302325,1,299.7479680278508,4986,4051,0.42857142857142855,0.0010835929902470755,76,215
"[23.4623,51.48415], [5.152999999999999,40.436], 2.0","ai_adoption_rate, ai_training_hours, ai_adoption_stage",1.0,0.014849849311753,0.43086816720257237,1,306.56250654935116,4986,4051,0.42857142857142855,0.0004154395512203857,134,311
"[-0.09693749999999998,0.283625], [-17.71849876583803,13.908400000000002]","ai_maturity_score, ai_training_hours",0.0,0.215967833522176,0.736,2,303.63909520492496,4985,4066,0.2857142857142857,5.9793830375707934e-05,92,125
"[2.503999999999998,35.1653], [20.518099999999997,37.621900000000004], 0.0","ai_training_hours, task_automation_rate, industry",0,0.0013484773662551439,0.26666666666666666,1,310.40679657472003,4560,4072,0.42857142857142855,3.2078264608529675e-05,4,15
"[-6.046900000000001,49.7269], [26.109924999999997,41.850075], [-10.985300000000002,35.1653], 0.0","ai_adoption_rate, ai_failure_rate, ai_training_hours, industry",0.0,0.06092699470458736,0.5714285714285714,1,312.8946279294167,4951,4072,0.5714285714285714,3.303020433270763e-05,20,35
"[11.029149999999998,41.93085000000001], [42.3082,66.3318], 2.0","ai_adoption_rate, ai_training_hours, industry",2.0,1.0,1.0,1,268.5,4973,4074,0.42857142857142855,2.7747504701679182e-05,2,2
"[23.98135,45.838649999999994], [20.329099999999997,63.950900000000004], [30.5486,52.90805]","ai_adoption_rate, ai_training_hours, task_automation_rate",2.0,0.04526613752481193,0.5384615384615384,1,295.7356407960618,4938,4078,0.42857142857142855,3.056210831822283e-05,14,26
"[25.81655,88.1195], [0.08406250000000004,0.6826249999999999], [26.228699999999996,43.1514], 1.0","ai_adoption_rate, ai_maturity_score, task_automation_rate, ai_adoption_stage",2.0,0.007415771484375,0.375,1,274.613963997184,4744,4078,0.5714285714285714,2.8379338015488345e-05,6,16
"[0.4124375,1.024058927085842], [25.451949999999997,46.238150000000005], 2.0","ai_maturity_score, task_automation_rate, ai_adoption_stage",2.0,0.30030630018086796,0.7861635220125787,1,299.511571220204,4998,4082,0.42857142857142855,3.3074409427858406e-05,125,159
"[27.882999999999996,72.137], [36.731635545323115,52.90805]","ai_training_hours, task_automation_rate",2.0,0.6805831970337531,0.9259259259259259,1,252.31252283182374,4938,4082,0.2857142857142857,2.6366914278154695e-05,25,27
"[-0.09693749999999998,0.283625], [-17.71849876583803,13.908400000000002], 0.0","ai_maturity_score, ai_training_hours, ai_adoption_stage",0.0,0.512908935546875,0.875,1,196.82484798500238,4985,4087,0.42857142857142855,2.03404037052929e-05,21,24
"[23.4623,51.48415], [0.08087712482659298,0.48887499999999995], [5.152999999999999,43.635200000000005], 2.0, 3.0","ai_adoption_rate, ai_maturity_score, ai_training_hours, ai_adoption_stage, industry",1.0,0.02744384574697083,0.48717948717948717,1,323.237255344822,4986,4088,0.7142857142857143,3.475378262387017e-05,19,39
"[23.4623,51.48415], [0.047125000000000056,0.48887499999999995], [8.481525000000001,30.078475], [5.152999999999999,43.635200000000005], 2.0, 3.0","ai_adoption_rate, ai_maturity_score, ai_failure_rate, ai_training_hours, ai_adoption_stage, industry",1.0,0.02348183883829531,0.4722222222222222,1,324.3064123906526,4986,4088,0.8571428571428571,3.4891894542659824e-05,17,36
"[0.7178999999999967,50.46210000000001], [25.382299999999994,61.4177], 6.0","ai_adoption_rate, ai_training_hours, industry",2.0,0.019403791345598595,0.45454545454545453,1,343.69821462468377,4968,4093,0.42857142857142855,3.589842652181873e-05,20,44
"[0.26937500000000003,0.6826249999999999], [25.382299999999994,92.3692173809539]","ai_maturity_score, ai_training_hours",2.0,0.05037940816373547,0.5501113585746102,1,299.42390661488116,4998,4093,0.2857142857142857,3.318507546450324e-05,247,449
"[26.109924999999997,41.850075], [-6.712600000000004,61.4177]","ai_failure_rate, ai_training_hours",1.0,0.006599894206470588,0.3663594470046083,1,313.32548177684254,4987,4101,0.2857142857142857,0.0008382725191686182,159,434
"[-4.626750000000001,55.1177], [0.235875,0.47812499999999997], [25.382299999999994,35.012600000000006], [-7.207550000000001,15.74755]","ai_adoption_rate, ai_maturity_score, ai_training_hours, task_automation_rate",1,0.045781691857753354,0.5396825396825397,2,309.24009910852453,4987,4101,0.5714285714285714,6.563295013434666e-05,34,63
"[0.47024999999999995,0.8193749999999999]",ai_maturity_score,2.0,0.32283274821183117,0.7976190476190477,1,283.94928169638195,4998,4102,0.14285714285714285,2.993329922555435e-05,134,168
"[-0.09693749999999998,0.283625], [40.33080373606259,41.850075], [-13.908400000000002,13.908400000000002], 1.0, 2.0","ai_maturity_score, ai_failure_rate, ai_training_hours, ai_adoption_stage, industry",0.0,0.02373046875,0.75,1,236.61474048,4116,4116,0.7142857142857143,2.4452397109703535e-05,0,0
"[10.650099999999998,51.349900000000005], [0.1918125,0.49818749999999995], [16.6682,40.6918], [8.392349999999999,32.24765], 1.0","ai_adoption_rate, ai_maturity_score, ai_training_hours, task_automation_rate, ai_adoption_stage",1.0,0.01814424400133148,0.4484848484848485,1,278.0852139957019,4991,4117,0.7142857142857143,2.873806623021676e-05,74,165
"[0.1918125,0.49818749999999995], [13.665225,39.654775], [-33.13346493390346,69.7287], [8.392349999999999,30.958150000000003], 1.0","ai_maturity_score, ai_failure_rate, ai_training_hours, task_automation_rate, industry",0,0.0015088388150337464,0.2727272727272727,1,343.9046781348037,4837,4119,0.7142857142857143,0.004163525462002622,9,33
"[-4.626750000000001,42.999500000000005], [23.833875,27.860750000000003], 2.0","ai_adoption_rate, ai_failure_rate, industry",0,0.0007211993883891124,0.23529411764705882,1,297.972471660544,4754,4127,0.42857142857142855,3.079326837382462e-05,4,17
"[25.0486,58.211400000000005], [0.16060469336958305,0.413625], [4.663124999999999,32.116875], [-10.985300000000002,35.7247], [3.347899999999999,27.0636], 2.0, 2.0","ai_adoption_rate, ai_maturity_score, ai_failure_rate, ai_training_hours, task_automation_rate, ai_adoption_stage, industry",0,0.10979242280002384,0.6428571428571429,1,340.1378097152,4903,4129,1.0,3.5150746645405476e-05,9,14
"[0.16060469336958305,0.413625], [4.663124999999999,32.116875], [-10.985300000000002,35.7247], [3.347899999999999,27.0636], 2.0, 2.0","ai_maturity_score, ai_failure_rate, ai_training_hours, task_automation_rate, ai_adoption_stage, industry",2,5.949901826619859e-05,0.14285714285714285,1,340.1378097152,4129,4129,0.8571428571428571,3.5150746645405476e-05,2,14
"[-9.58565,49.7269], [26.109924999999997,41.850075], [9.463649999999998,21.61635], 0.0, 7.0","ai_adoption_rate, ai_failure_rate, task_automation_rate, ai_adoption_stage, industry",0.0,0.13168724279835387,0.6666666666666666,1,169.0,4299,4132,0.7142857142857143,1.7464909849474046e-05,2,3
"[-6.046900000000001,27.34565], [-0.09693749999999998,0.29493749999999996], [26.109924999999997,50.43965], [-13.908400000000002,35.1653], [-4.243400000000003,26.363400000000006], 7.0","ai_adoption_rate, ai_maturity_score, ai_failure_rate, ai_training_hours, task_automation_rate, industry",0.0,0.401877572016461,0.8333333333333334,1,283.5807442778809,4972,4132,0.8571428571428571,2.9305988957751145e-05,25,30
"[0.4466137416493071,1.024058927085842], [30.235199999999992,73.2248], [36.731635545323115,52.90805], 2.0","ai_maturity_score, ai_training_hours, task_automation_rate, ai_adoption_stage",1,0.0,0.0,1,241.83551776027443,4133,4133,0.5714285714285714,2.501351228801349e-05,0,19
"[0.605625,1.099756067913277], 2.0","ai_maturity_score, ai_adoption_stage",2.0,0.6011483889270763,0.9032258064516129,1,239.35548731315762,4935,4133,0.2857142857142857,2.4735633182847496e-05,28,31
"[19.53545,51.94455000000001], [0.242625,0.513375], [16.923499999999997,45.76090000000001], 2.0, 0.0","ai_adoption_rate, ai_maturity_score, ai_training_hours, ai_adoption_stage, industry",1.0,0.05292214940134466,0.5555555555555556,1,350.15711720549746,4906,4139,0.7142857142857143,3.6186168551158174e-05,15,27
"[32.129925,47.870075], [-17.71849876583803,13.908400000000002], 1.0, 7.0","ai_failure_rate, ai_training_hours, ai_adoption_stage, industry",0.0,0.06092699470458736,0.5714285714285714,1,242.256,4784,4148,0.5714285714285714,2.5035379884580976e-05,4,7
"[8.918049999999997,44.34195], [-33.13346493390346,69.7287], [8.392349999999999,30.958150000000003], 1.0","ai_adoption_rate, ai_training_hours, task_automation_rate, industry",1.0,0.08648873310982921,0.6129032258064516,2,325.59996046663593,4953,4159,0.5714285714285714,6.72967332135161e-05,19,31
"[-26.016350000000003,58.13892945873202], [-0.09693749999999998,0.2155006872739286], [-1.5062500000000005,9.74625], 6.0","ai_adoption_rate, ai_maturity_score, task_automation_rate, industry",0.0,0.620921323059155,0.9090909090909091,1,244.9076864,4985,4164,0.5714285714285714,2.2310090039106767e-05,10,11
"[8.918049999999997,44.34195], [13.665225,39.654775], [2.601849999999999,30.958150000000003], 2.0, 1.0","ai_adoption_rate, ai_failure_rate, task_automation_rate, ai_adoption_stage, industry",1.0,0.03125,0.5,1,332.75389695999996,4939,4169,0.7142857142857143,3.4387673446553705e-05,6,12
"[-6.744149999999999,37.72415], [16.87925,29.540325000000003], [-6.712600000000004,40.436]","ai_adoption_rate, ai_failure_rate, ai_training_hours",1.0,0.019931037555761817,0.45698924731182794,1,288.139682220945,4991,4170,0.42857142857142855,2.977712173991068e-05,85,186
"[-4.626750000000001,30.50051020362101], [-6.712600000000004,40.436]","ai_adoption_rate, ai_training_hours",1.0,0.003578073673005836,0.32413793103448274,1,296.75442836822157,4991,4170,0.2857142857142857,0.0014008439370974274,94,290
"[-6.046900000000001,49.7269], [32.26599999999999,57.554], [-1.5062500000000005,9.74625], 8.0","ai_adoption_rate, ai_training_hours, task_automation_rate, industry",0.0,1.0,1.0,1,286.0,4640,4177,0.5714285714285714,2.9556001283725313e-05,1,1
"[23.833875,30.090575], [25.382299999999994,61.4177], 6.0","ai_failure_rate, ai_training_hours, industry",1.0,0.001903968584518355,0.2857142857142857,1,340.0963859456,4944,4181,0.42857142857142855,3.514646580279193e-05,4,14
"[7.01585,55.1177], [0.20018750000000002,0.6918124999999999], [4.915365370972644,29.540325000000003], [16.22365,28.376350000000002]","ai_adoption_rate, ai_maturity_score, ai_failure_rate, task_automation_rate",1,0.01544414542242257,0.4342629482071713,1,307.2644199422542,4991,4181,0.5714285714285714,0.0003745064355799825,109,251
"[23.4623,63.3225], [2.1390999999999956,58.0165], 2.0, 0.0","ai_adoption_rate, ai_training_hours, ai_adoption_stage, industry",1.0,0.014458261438686257,0.42857142857142855,1,303.3140796028713,4906,4199,0.5714285714285714,0.00038321498756542976,18,42
"[4.925474999999999,27.254525], 0.0","ai_failure_rate, industry",1.0,0.016028404235839844,0.4375,2,301.80121025663004,4906,4199,0.2857142857142857,0.0013758043260848844,21,48
"[23.4623,36.826750000000004], [26.321099999999994,39.4989], [-6.712600000000004,35.1653]","ai_adoption_rate, ai_failure_rate, ai_training_hours",1.0,0.013513610749465199,0.4228187919463087,1,313.94457328620314,4960,4202,0.42857142857142855,0.000419452806673854,63,149
"[0.21075000000000005,0.58125], [4.925474999999999,27.254525], 2.0, 0.0","ai_maturity_score, ai_failure_rate, ai_adoption_stage, industry",1.0,0.022631138563156128,0.46875,1,303.48292934316476,4906,4213,0.5714285714285714,3.136273373865488e-05,15,32
"[19.53545,51.94455000000001], [0.242625,0.513375], [4.925474999999999,27.254525], [16.923499999999997,58.0165], 0.0","ai_adoption_rate, ai_maturity_score, ai_failure_rate, ai_training_hours, industry",1.0,0.06754356352880661,0.5833333333333334,1,322.33706221542036,4906,4213,0.7142857142857143,3.331117001619304e-05,14,24
"[38.3125,85.7275], 2.0","ai_training_hours, ai_adoption_stage",2.0,0.2684142345829782,0.7687074829931972,1,282.83566162784695,4998,4223,0.2857142857142857,2.806733753108101e-05,113,147
"[26.109924999999997,41.850075], [25.382299999999994,61.4177], [-7.207550000000001,15.74755], 5.0","ai_failure_rate, ai_training_hours, task_automation_rate, industry",1,0.0,0.0,1,236.0,4228,4228,0.5714285714285714,2.4388868192164944e-05,0,1
"[-6.046900000000001,49.7269], [17.68715,30.13285], [-10.985300000000002,35.1653]","ai_adoption_rate, ai_failure_rate, ai_training_hours",0,0.0033951991921634594,0.32075471698113206,1,295.7360746774692,4972,4235,0.42857142857142855,0.0015939805289825672,85,265
"[19.53545,63.3225], [4.925474999999999,27.254525], [16.923499999999997,58.0165], 0.0","ai_adoption_rate, ai_failure_rate, ai_training_hours, industry",1.0,0.014458261438686257,0.42857142857142855,1,304.98479627126335,4906,4240,0.5714285714285714,0.0003853258149564348,15,35
"[23.4623,51.94455000000001], [0.242625,0.513375], [2.1390999999999956,58.0165], 2.0, 0.0","ai_adoption_rate, ai_maturity_score, ai_training_hours, ai_adoption_stage, industry",1.0,0.04662947792084618,0.5416666666666666,2,336.82606041749716,4906,4240,0.7142857142857143,6.961700331532647e-05,13,24
"[-16.504681353437913,55.1177], [0.324875,0.567125], [23.833875,29.540325000000003], [-4.248650000000001,28.60865]","ai_adoption_rate, ai_maturity_score, ai_failure_rate, task_automation_rate",1.0,0.03488001083845618,0.5111111111111111,1,340.77106206312953,4960,4249,0.5714285714285714,3.701877044674993e-05,46,90
"[-4.626750000000001,42.999500000000005], [0.04200000000000004,0.498], [23.833875,27.860750000000003], 2.0","ai_adoption_rate, ai_maturity_score, ai_failure_rate, industry",2,0.0009765625,0.25,1,297.6975937536,4973,4263,0.5714285714285714,3.076486175924244e-05,4,16
"[19.2542,70.50580000000001], [0.4124375,1.024058927085842], [27.882999999999996,72.137], [25.451949999999997,52.90805], 2.0","ai_adoption_rate, ai_maturity_score, ai_training_hours, task_automation_rate, ai_adoption_stage",2.0,0.3882095537407485,0.8275862068965517,1,299.1020142046912,4998,4268,0.7142857142857143,3.29917439744312e-05,96,116
"[-4.626750000000001,42.999500000000005], [0.17481250000000004,0.5951875], [23.833875,27.860750000000003], 2.0","ai_adoption_rate, ai_maturity_score, ai_failure_rate, industry",1.0,0.03125,0.5,1,310.6656519168,4760,4276,0.5714285714285714,3.2105015408609445e-05,7,14
"[52.995999999999995,83.14399999999999], [0.4466137416493071,1.024058927085842], 4.0","ai_adoption_rate, ai_maturity_score, industry",2.0,1.0,1.0,1,275.948864,4980,4279,0.42857142857142855,2.851729013505784e-05,10,10
"[30.235199999999992,73.2248], [36.731635545323115,52.90805], 2.0","ai_training_hours, task_automation_rate, ai_adoption_stage",2.0,1.0,1.0,2,239.69822106009602,4935,4279,0.42857142857142855,4.9474839750728245e-05,16,16
"[0.21075000000000005,0.58125], [4.925474999999999,27.254525], 2.0, 0.0","ai_maturity_score, ai_failure_rate, ai_adoption_stage, industry",2,0.021573797840929377,0.4642857142857143,1,303.5068925196455,4498,4288,0.5714285714285714,3.136521015709833e-05,13,28
"[35.3742,86.6258], 2.0, 3.0","ai_adoption_rate, ai_adoption_stage, industry",1.0,0.014017494067666617,0.42592592592592593,2,298.6761437873735,4986,4296,0.42857142857142855,0.001692248565652144,23,54
"[55.316950000000006,64.16437230038568], [0.4124375,1.024058927085842], [30.235199999999992,73.2248], [36.731635545323115,52.90805]","ai_adoption_rate, ai_maturity_score, ai_training_hours, task_automation_rate",2.0,1.0,1.0,1,265.04319999999996,4935,4297,0.5714285714285714,2.739026978826106e-05,8,8
"[0.4466137416493071,0.8755625], [25.451949999999997,52.90805], 2.0, 8.0","ai_maturity_score, task_automation_rate, ai_adoption_stage, industry",2.0,0.7835261664684589,0.9523809523809523,1,276.70723163707277,4935,4297,0.5714285714285714,2.859566186531958e-05,20,21
"[-9.58565,27.34565], [-0.09693749999999998,0.29493749999999996], [26.109924999999997,41.850075], 0.0","ai_adoption_rate, ai_maturity_score, ai_failure_rate, ai_adoption_stage",0.0,0.46266436603796024,0.8571428571428571,1,200.19631358962522,4985,4299,0.5714285714285714,2.0688819935146986e-05,24,28
"[-0.05156249999999998,0.2155006872739286], [26.109924999999997,41.850075]","ai_maturity_score, ai_failure_rate",0.0,0.3416814160035978,0.8067226890756303,2,287.82978623910356,4985,4301,0.2857142857142857,5.570939020010803e-05,96,119
"[10.650099999999998,51.349900000000005], [0.1918125,0.49818749999999995], [25.002025,39.277975], [8.392349999999999,32.24765], 1.0, 1.0","ai_adoption_rate, ai_maturity_score, ai_failure_rate, task_automation_rate, ai_adoption_stage, industry",1.0,0.2373046875,0.75,2,356.6896,4953,4305,0.8571428571428571,7.372250542301725e-05,6,8
"[-30.004701221503826,49.7269], [26.109924999999997,41.850075], [-10.985300000000002,35.1653]","ai_adoption_rate, ai_failure_rate, ai_training_hours",0,0.045476481667522196,0.538961038961039,2,313.2692028880788,4985,4311,0.42857142857142855,6.404312778774693e-05,166,308
"[35.3742,86.6258], [17.75255,39.80745], 2.0, 3.0","ai_adoption_rate, task_automation_rate, ai_adoption_stage, industry",1.0,0.0076945289505326074,0.37777777777777777,1,302.92475763567046,4986,4319,0.5714285714285714,0.0008209772853637671,17,45
"[30.235199999999992,73.2248], [36.731635545323115,52.90805]","ai_training_hours, task_automation_rate",2.0,1.0,1.0,1,237.24311037952,4935,4321,0.2857142857142857,2.442027278433793e-05,15,15
"[9.909000000000002,55.131], [-6.812800000000002,18.3928], 1.0","ai_adoption_rate, task_automation_rate, ai_adoption_stage",0,0.06504222973314074,0.5789473684210527,1,326.4603302990798,4972,4328,0.42857142857142855,3.4151573611385115e-05,110,190
"[10.650099999999998,51.349900000000005], [0.1918125,0.49818749999999995], [-0.8023000000000025,53.55422133444573], [8.392349999999999,32.24765], 1.0, 1.0","ai_adoption_rate, ai_maturity_score, ai_training_hours, task_automation_rate, ai_adoption_stage, industry",1.0,0.13168724279835387,0.6666666666666666,1,331.73277440000004,4953,4329,0.8571428571428571,3.428214792314741e-05,8,12
"[0.1918125,0.49818749999999995], [27.005225,52.994775000000004], [8.392349999999999,32.24765], 1.0, 1.0","ai_maturity_score, ai_failure_rate, task_automation_rate, ai_adoption_stage, industry",1.0,0.2373046875,0.75,1,353.3104,4953,4329,0.7142857142857143,3.6512037188648617e-05,6,8
"[35.3742,86.6258], [0.047125000000000056,0.48887499999999995], 2.0, 3.0","ai_adoption_rate, ai_maturity_score, ai_adoption_stage, industry",1.0,0.020475569341968765,0.4594594594594595,1,317.5937686933019,4986,4338,0.5714285714285714,0.0003468119784441107,17,37
"[21.45581495489703,29.296125], 3.0","ai_failure_rate, industry",1.0,0.021573797840929377,0.4642857142857143,1,308.2183429512662,4986,4338,0.2857142857142857,0.0003344673054228695,13,28
"[0.47024999999999995,0.9547499999999999], [12.205499999999999,40.6545], [17.88185,46.238150000000005]","ai_maturity_score, ai_training_hours, task_automation_rate",2.0,0.19649623617673456,0.7222222222222222,1,309.78855228459713,4919,4340,0.42857142857142855,3.2990665992885936e-05,26,36
"[0.47024999999999995,0.9547499999999999], [19.504299999999997,44.395700000000005], [17.88185,46.238150000000005]","ai_maturity_score, ai_failure_rate, task_automation_rate",2.0,0.21405831560130784,0.7346938775510204,1,307.59976279904157,4998,4340,0.42857142857142855,3.159698821366862e-05,36,49
"[-9.58565,27.34565], [-0.09693749999999998,0.29493749999999996], [26.109924999999997,44.17212509932978], 0.0","ai_adoption_rate, ai_maturity_score, ai_failure_rate, ai_adoption_stage",0.0,0.43375716751999094,0.8461538461538461,1,200.25910630645214,4985,4347,0.5714285714285714,2.0695309101647494e-05,22,26
"[-9.58565,27.34565], [-0.09693749999999998,0.29493749999999996], [-12.602800000000002,12.602800000000002], 0.0","ai_adoption_rate, ai_maturity_score, task_automation_rate, ai_adoption_stage",0.0,0.401877572016461,0.8333333333333334,1,208.62979360383147,4985,4347,0.5714285714285714,2.156035820831535e-05,20,24
"[0.47024999999999995,0.9547499999999999], [-3.445450000000001,17.78545], [17.88185,46.238150000000005]","ai_maturity_score, ai_failure_rate, task_automation_rate",2.0,0.5051612089379387,0.8723404255319149,1,279.7339943974499,4980,4353,0.42857142857142855,3.0158940221686703e-05,41,47
"[10.51585,54.98415], [28.2864,51.7136]","ai_adoption_rate, ai_failure_rate",0,0.0512669858875695,0.5520361990950227,2,322.22551657117225,4972,4357,0.2857142857142857,6.693553183839113e-05,122,221
"[10.51585,36.65650138418552], [28.2864,51.7136]","ai_adoption_rate, ai_failure_rate",0,0.06534602289747125,0.5794871794871795,1,326.64336748509385,4972,4368,0.2857142857142857,3.418112915828633e-05,113,195
"[19.2542,70.50580000000001], [0.4124375,1.024058927085842], [27.882999999999996,72.137], [20.0274,52.90805]","ai_adoption_rate, ai_maturity_score, ai_training_hours, task_automation_rate",2.0,0.23178621541003852,0.7464788732394366,2,295.58592243703924,4998,4372,0.5714285714285714,6.256849288962323e-05,106,142
"[0.4124375,1.024058927085842], [25.451949999999997,43.4326]","ai_maturity_score, task_automation_rate",2.0,0.30574528370096427,0.7889908256880734,1,299.5273467230778,4998,4372,0.2857142857142857,3.307759357328558e-05,86,109
"[23.4623,36.826750000000004], [0.047125000000000056,0.48887499999999995]","ai_adoption_rate, ai_maturity_score",1.0,0.020320827236233498,0.4587628865979381,1,292.18188193278337,4960,4374,0.2857142857142857,3.081256439777221e-05,89,194
"[-0.05156249999999998,0.30319040098644917], 3.0","ai_maturity_score, industry",0.0,0.13168724279835387,0.6666666666666666,1,280.0411570748762,4881,4379,0.2857142857142857,2.894019859440896e-05,16,24
"[14.073649999999997,67.58635], [0.16060469336958305,0.413625], [18.6553,35.7247], [3.347899999999999,16.63554045764328], 2.0, 2.0","ai_adoption_rate, ai_maturity_score, ai_training_hours, task_automation_rate, ai_adoption_stage, industry",0,0.0,0.0,1,342.0,4382,4382,0.8571428571428571,3.534319034627293e-05,0,2
"[25.382299999999994,73.2248], [3.702349999999999,27.557650000000002], 2.0, 8.0","ai_training_hours, task_automation_rate, ai_adoption_stage, industry",2.0,0.06922366952724099,0.5862068965517241,1,310.3678224403689,4956,4390,0.5714285714285714,3.207423691774326e-05,17,29
"[7.029424999999998,30.090575], [30.235199999999992,61.4177], 8.0","ai_failure_rate, ai_training_hours, industry",2.0,0.3504270747052985,0.8108108108108109,1,278.4911445256417,4956,4390,0.42857142857142855,2.878001617169929e-05,30,37
"[0.047125000000000056,0.48887499999999995], [-1.6896000000000004,21.0696], [20.873549999999998,22.252100000000002], 1.0","ai_maturity_score, ai_training_hours, task_automation_rate, ai_adoption_stage",1.0,0.03125,0.5,1,261.36,4894,4404,0.5714285714285714,2.7009638096204363e-05,3,6
"[23.4623,55.1177]",ai_adoption_rate,2,0.005487885874524422,0.3530864197530864,1,303.09802818429085,4998,4404,0.14285714285714285,0.0010433942916068695,143,405
"[8.918049999999997,44.34195], [2.601849999999999,30.958150000000003], 1.0, 1.0","ai_adoption_rate, task_automation_rate, ai_adoption_stage, industry",1.0,0.019403791345598595,0.45454545454545453,1,344.11723909224884,4953,4411,0.5714285714285714,3.556199146979901e-05,10,22
"[0.28975291341237364,1.024058927085842], [22.339599999999997,62.8004], [36.731635545323115,52.90805], 2.0","ai_maturity_score, ai_training_hours, task_automation_rate, ai_adoption_stage",2.0,0.670176922268936,0.9230769230769231,1,256.294150656,4938,4413,0.5714285714285714,2.6881254300369163e-05,12,13
"[30.235199999999992,73.2248], 2.0","ai_training_hours, ai_adoption_stage",2.0,0.12825807601392347,0.6631578947368421,1,291.82162270007075,4998,4413,0.2857142857142857,3.0334508274038077e-05,126,190
"[25.0486,58.211400000000005], [0.16060469336958305,0.413625], [4.663124999999999,32.116875], [-10.985300000000002,35.7247], 2.0","ai_adoption_rate, ai_maturity_score, ai_failure_rate, ai_training_hours, industry",0,0.003261195211454756,0.3181818181818182,1,336.85016903099773,4903,4422,0.7142857142857143,0.0018868004138046643,7,22
"[4.663124999999999,32.116875], [3.347899999999999,27.0636], 2.0, 2.0","ai_failure_rate, task_automation_rate, ai_adoption_stage, industry",0,0.000485524155564736,0.21739130434782608,1,318.3536541243021,4903,4422,0.5714285714285714,0.011977467103168129,5,23
"[-1.5062500000000005,18.3928], 1.0","task_automation_rate, ai_adoption_stage",0,0.06724809782494783,0.5828220858895705,1,326.4603302990798,4972,4429,0.2857142857142857,3.4151573611385115e-05,95,163
"[26.109924999999997,41.850075], [-6.812800000000002,18.3928], 1.0","ai_failure_rate, task_automation_rate, ai_adoption_stage",0,0.09117304719061863,0.6194029850746269,1,332.5793232928315,4972,4429,0.42857142857142855,3.5139625210917614e-05,83,134
"[55.316950000000006,64.16437230038568], [0.4124375,1.024058927085842], [9.80825,35.43175], [30.235199999999992,73.2248], [36.731635545323115,52.90805], 6.0","ai_adoption_rate, ai_maturity_score, ai_failure_rate, ai_training_hours, task_automation_rate, industry",2.0,0.1,1.0,1,249.6,4431,4431,0.8571428571428571,2.579432839306936e-05,0,0
"[55.316950000000006,64.16437230038568], [0.4124375,1.024058927085842], [30.235199999999992,73.2248], [36.731635545323115,52.90805]","ai_adoption_rate, ai_maturity_score, ai_training_hours, task_automation_rate",1,0.0,0.0,1,282.0,4431,4431,0.5714285714285714,2.914263063640048e-05,0,3
"[0.34475,0.9547499999999999], [13.4664,46.238150000000005], 5.0","ai_maturity_score, task_automation_rate, industry",2.0,0.016028404235839844,0.4375,1,268.34860911411204,4998,4451,0.42857142857142855,2.6526589836485586e-05,7,16
"[-7.004007195937264,9.74625]",task_automation_rate,0.0,0.18362184356689457,0.7125,1,316.5417545003352,4985,4468,0.14285714285714285,3.156365913321504e-05,57,80
"[23.4623,51.94455000000001], [0.242625,0.513375], [2.1390999999999956,58.0165], [8.13275,28.38725], 2.0, 0.0","ai_adoption_rate, ai_maturity_score, ai_training_hours, task_automation_rate, ai_adoption_stage, industry",1.0,0.048282842081079885,0.5454545454545454,1,330.5556224,4906,4471,0.8571428571428571,3.416049790208748e-05,6,11
"[55.316950000000006,83.14399999999999], [36.5684,71.97160000000001], [17.88185,49.865558669167406]","ai_adoption_rate, ai_training_hours, task_automation_rate",2.0,0.5904900000000001,0.9,1,259.3735349460956,4980,4474,0.42857142857142855,2.687127760323464e-05,36,40
"[52.995999999999995,95.26305], [0.605625,0.8193749999999999], [8.271274999999996,33.528725], 4.0","ai_adoption_rate, ai_maturity_score, ai_failure_rate, industry",2.0,0.1,1.0,1,252.98592,4474,4474,0.5714285714285714,2.6144238378616884e-05,0,0
"[-4.626750000000001,42.999500000000005], [23.833875,29.540325000000003], [-4.248650000000001,9.330496463171553], 1.0, 2.0","ai_adoption_rate, ai_failure_rate, task_automation_rate, ai_adoption_stage, industry",1.0,0.0,0.0,1,241.0,4477,4477,0.7142857142857143,2.490558150132098e-05,0,1
"[23.833875,27.860750000000003], 2.0","ai_failure_rate, industry",1.0,0.0029802322387695312,0.3125,1,301.790083383296,4760,4477,0.2857142857142857,3.118779053109184e-05,5,16
"[9.902449999999998,32.59755], [-18.12199421310738,17.28675]","ai_failure_rate, task_automation_rate",0.0,0.025480396799999996,0.48,1,315.91415263114925,4972,4493,0.2857142857142857,3.2222589550584374e-05,60,125
"[19.2542,70.50580000000001], [0.4124375,1.024058927085842], [27.882999999999996,72.137], [25.451949999999997,52.90805], 2.0, 0.0","ai_adoption_rate, ai_maturity_score, ai_training_hours, task_automation_rate, ai_adoption_stage, industry",2.0,0.13168724279835387,0.6666666666666666,1,284.51392,4591,4498,0.8571428571428571,2.940242582083119e-05,6,9
"[-0.09693749999999998,0.29493749999999996], [-1.5062500000000005,18.3928], 1.0","ai_maturity_score, task_automation_rate, ai_adoption_stage",0,0.13482251282595717,0.6698113207547169,1,327.8210746868501,4972,4500,0.42857142857142855,3.43712969662352e-05,71,106
"[0.1918125,0.49818749999999995], [25.002025,39.277975], 1.0, 1.0","ai_maturity_score, ai_failure_rate, ai_adoption_stage, industry",2,3.0517578125e-05,0.125,1,363.53599999999994,4733,4502,0.5714285714285714,3.75687779114698e-05,1,8
"[10.650099999999998,51.349900000000005], [-0.8023000000000025,26.3823], [8.392349999999999,32.24765], 1.0, 1.0","ai_adoption_rate, ai_training_hours, task_automation_rate, ai_adoption_stage, industry",1.0,0.28462802079628785,0.7777777777777778,1,340.07136,4953,4502,0.7142857142857143,3.5143879554958785e-05,7,9
"[0.34475,0.56575], [25.980175000000003,38.059825000000004], [17.456799999999998,46.238150000000005], 2.0","ai_maturity_score, ai_failure_rate, task_automation_rate, ai_adoption_stage",1,0.006627613168724278,0.36666666666666664,1,342.9544230889832,4939,4515,0.5714285714285714,0.0009452468642313074,11,30
"[-0.09693749999999998,0.29493749999999996], [26.109924999999997,41.850075], [-15.945178442458634,9.74625]","ai_maturity_score, ai_failure_rate, task_automation_rate",0.0,0.3201647236092616,0.7962962962962963,2,315.79289597182003,4985,4525,0.42857142857142855,6.29338456822507e-05,43,54
"[0.4124375,0.9547499999999999], [20.0274,52.90805]","ai_maturity_score, task_automation_rate",2.0,0.20030418945312498,0.725,1,303.2804829927881,4998,4527,0.2857142857142857,3.322559500304526e-05,87,120
"[19.2542,70.50580000000001], [0.4466137416493071,1.024058927085842], [27.882999999999996,72.137], 2.0, 6.0","ai_adoption_rate, ai_maturity_score, ai_training_hours, ai_adoption_stage, industry",2.0,0.20346349914002398,0.7272727272727273,1,317.44682240000003,4856,4527,0.7142857142857143,3.440774910620273e-05,8,11
"[0.4124375,0.9547499999999999], [14.9711,45.9489]","ai_maturity_score, ai_training_hours",2.0,0.07149242989999999,0.59,1,307.84799456630816,4980,4541,0.2857142857142857,3.575050438857792e-05,59,100
"[26.86845,74.35155], [24.273799999999994,50.8262]","ai_adoption_rate, ai_training_hours",2.0,0.03431148168782393,0.5094339622641509,1,298.6267188503574,4998,4541,0.2857142857142857,3.293366095777364e-05,108,212
"[10.62655,38.51345], [-0.09693749999999998,0.29493749999999996], [26.109924999999997,41.850075], [-15.945178442458634,9.74625]","ai_adoption_rate, ai_maturity_score, ai_failure_rate, task_automation_rate",0.0,0.28462802079628785,0.7777777777777778,1,347.45018364789314,4951,4543,0.5714285714285714,3.5556358309627435e-05,28,36
"[-4.626750000000001,30.50051020362101], [-6.712600000000004,61.4177], 1.0","ai_adoption_rate, ai_training_hours, ai_adoption_stage",1.0,0.004400899435981133,0.33783783783783783,1,309.45801520210193,4991,4554,0.42857142857142855,0.0011784616287215904,50,148
"[10.139674999999999,29.540325000000003], [-3.9822698095961373,15.74755]","ai_failure_rate, task_automation_rate",1.0,0.011457744751662521,0.4090909090909091,1,307.6743424049853,4960,4554,0.2857142857142857,0.0005629804258803077,27,66
"[35.3605,88.1195], [0.10364468863151707,0.60125], [13.4664,56.03213146206465], 2.0, 4.0","ai_adoption_rate, ai_maturity_score, task_automation_rate, ai_adoption_stage, industry",2.0,0.08250009529139642,0.6071428571428571,1,318.1262199850693,4980,4556,0.7142857142857143,3.287601037155731e-05,17,28
"[63.048199999999994,84.1518], [0.5651250000000001,0.778875], [8.76135,18.27865], [31.735,63.345], [14.777399999999998,38.1826], 3.0, 8.0","ai_adoption_rate, ai_maturity_score, ai_failure_rate, ai_training_hours, task_automation_rate, ai_adoption_stage, industry",0,0.1,1.0,1,108.381696,4557,4557,1.0,1.1200452958420722e-05,0,0
"[-6.046900000000001,49.7269], [-0.09693749999999998,0.283625], [-10.985300000000002,35.1653]","ai_adoption_rate, ai_maturity_score, ai_training_hours",0.0,0.13383894954530348,0.6688311688311688,1,296.0989415021296,4985,4560,0.42857142857142855,2.8922890745024834e-05,103,154
"[26.109924999999997,41.850075], [7.237699999999997,34.4223], 1.0, 0.0","ai_failure_rate, ai_training_hours, ai_adoption_stage, industry",0.0,0.016028404235839844,0.4375,1,322.275131744256,4951,4560,0.5714285714285714,3.424196212463674e-05,7,16
"[-30.004701221503826,49.7269], [26.109924999999997,41.850075], [-10.985300000000002,35.1653], [-5.123400000000004,25.483400000000003], 1.0","ai_adoption_rate, ai_failure_rate, ai_training_hours, task_automation_rate, industry",0,0.016028404235839844,0.4375,1,347.666334588928,4817,4564,0.7142857142857143,3.592876444551898e-05,7,16
"[0.4124375,1.024058927085842], 2.0, 6.0","ai_maturity_score, ai_adoption_stage, industry",2.0,0.048282842081079885,0.5454545454545454,1,314.11923199999995,4856,4565,0.42857142857142855,3.387043340398402e-05,6,11
"[19.2542,70.50580000000001], [27.882999999999996,72.137], [20.0274,52.90805]","ai_adoption_rate, ai_training_hours, task_automation_rate",2.0,0.09609765358583233,0.6259541984732825,1,293.1860557325429,4998,4565,0.42857142857142855,3.067875666628929e-05,82,131
"[-6.046900000000001,52.35429251514236], [2.503999999999998,40.436]","ai_adoption_rate, ai_training_hours",1,0.008680354330978293,0.38699690402476783,1,301.8245479694728,4991,4575,0.2857142857142857,0.0006399922937724514,125,323
"[-6.046900000000001,52.35429251514236], [16.87925,27.860750000000003], [-6.712600000000004,40.436], [1.2120499999999996,27.76795]","ai_adoption_rate, ai_failure_rate, ai_training_hours, task_automation_rate",1,0.024180654296874993,0.475,1,297.5988517654954,4991,4577,0.5714285714285714,3.0427769584160326e-05,57,120
"[2.503999999999998,40.436]",ai_training_hours,1.0,0.006989693631119192,0.37058823529411766,2,295.8598359183332,4991,4577,0.14285714285714285,0.0031412766795489468,126,340
"[55.316950000000006,95.26305], [0.5646249999999999,0.835375], [38.3125,85.7275], 2.0","ai_adoption_rate, ai_maturity_score, ai_training_hours, ai_adoption_stage",2.0,0.7385081737104511,0.9411764705882353,1,247.9642994573312,4935,4591,0.5714285714285714,2.562529074503122e-05,16,17
"[-4.626750000000001,39.6673]",ai_adoption_rate,1.0,0.006032575298587816,0.3598326359832636,1,291.1555816023122,4991,4594,0.14285714285714285,0.0008292251646138432,86,239
"[-4.0473,36.826750000000004], [0.1918125,0.49818749999999995], [-6.712600000000004,35.1653], [16.887999999999998,33.92645]","ai_adoption_rate, ai_maturity_score, ai_training_hours, task_automation_rate",1.0,0.025022128248914022,0.4782608695652174,2,268.5511521717798,4991,4594,0.5714285714285714,0.0007171590402577329,33,69
"[-6.046900000000001,49.7269], [26.109924999999997,50.43965], 7.0","ai_adoption_rate, ai_failure_rate, industry",1,0.00012860082304526745,0.16666666666666666,1,299.75095876359904,4894,4596,0.42857142857142855,0.04257776120861261,5,30
"[-6.046900000000001,49.7269], [-0.09693749999999998,0.29493749999999996], [-10.985300000000002,35.1653], 7.0","ai_adoption_rate, ai_maturity_score, ai_training_hours, industry",0.0,0.3276800000000001,0.8,2,288.5608160987519,4972,4596,0.5714285714285714,5.9641285671661084e-05,20,25
"[-4.626750000000001,51.94455000000001], [2.1390999999999956,58.0165], 2.0, 0.0","ai_adoption_rate, ai_training_hours, ai_adoption_stage, industry",1.0,0.023078380428451596,0.47058823529411764,1,316.0805540093952,4906,4603,0.5714285714285714,3.266460580441361e-05,8,17
"[23.4623,39.6673], [0.242625,0.513375]","ai_adoption_rate, ai_maturity_score",1.0,0.020475569341968765,0.4594594594594595,1,293.36469550602186,4960,4603,0.2857142857142857,3.100355674637932e-05,51,111
"[-26.016350000000003,27.49635], [-0.0241875,0.1681875], 0.0, 6.0","ai_adoption_rate, ai_maturity_score, ai_adoption_stage, industry",0.0,1.0,1.0,1,172.66666666666666,4985,4610,0.5714285714285714,1.784383294285514e-05,3,3
"[-6.046900000000001,52.35429251514236], [2.503999999999998,29.393980022776297]","ai_adoption_rate, ai_training_hours",1,0.004983362024100892,0.3463414634146341,1,299.10682957713095,4991,4616,0.2857142857142857,0.001067048727658557,71,205
"[-0.020937499999999998,0.2569375], [-1.5062500000000005,9.74625], 0.0, 7.0","ai_maturity_score, task_automation_rate, ai_adoption_stage, industry",0.0,1.0,1.0,1,225.33333333333334,4914,4619,0.5714285714285714,2.3286546465965398e-05,3,3
"[55.316950000000006,95.26305], [0.4124375,0.8193749999999999], [25.382299999999994,92.3692173809539], 2.0, 8.0","ai_adoption_rate, ai_maturity_score, ai_training_hours, ai_adoption_stage, industry",2.0,1.0,1.0,1,257.415744,4956,4620,0.7142857142857143,2.6602028182220653e-05,10,10
"[55.316950000000006,95.26305], [19.394374999999997,28.545625], [18.048099999999998,52.90805]","ai_adoption_rate, ai_failure_rate, task_automation_rate",1,6.209213230591552e-06,0.09090909090909091,1,282.69834240000006,4641,4620,0.42857142857142855,2.921479919888608e-05,1,11
"[-6.046900000000001,52.35429251514236], [16.87925,27.860750000000003], [-6.712600000000004,58.0165], [9.486999999999997,36.493], 0.0","ai_adoption_rate, ai_failure_rate, ai_training_hours, task_automation_rate, industry",1.0,0.048282842081079885,0.5454545454545454,1,323.0008192,4906,4622,0.7142857142857143,3.337976442978856e-05,6,11
"[2.1390999999999956,40.436], [1.2120499999999996,27.76795], 2.0","ai_training_hours, task_automation_rate, ai_adoption_stage",1,0.014458261438686257,0.42857142857142855,1,309.6947190751477,4986,4622,0.42857142857142855,0.0005054971669176119,42,98
"[-6.046900000000001,49.7269], [-0.05156249999999998,0.29493749999999996], 7.0","ai_adoption_rate, ai_maturity_score, industry",0.0,0.2935778904262872,0.782608695652174,1,288.72885440804833,4972,4627,0.42857142857142855,2.983800836200285e-05,18,23
"[-0.09693749999999998,0.2155006872739286], [26.109924999999997,41.850075], [-10.985300000000002,35.1653]","ai_maturity_score, ai_failure_rate, ai_training_hours",0.0,0.36042305607700653,0.8153846153846154,1,287.8297974104857,4985,4627,0.42857142857142855,2.785469654315448e-05,53,65
"[55.316950000000006,95.26305], [19.394374999999997,29.540325000000003], 3.0","ai_adoption_rate, ai_failure_rate, industry",1,0.0,0.0,1,297.0,4641,4641,0.42857142857142855,3.069277056386859e-05,0,2
"[0.047125000000000056,0.48887499999999995], [18.048099999999998,52.90805]","ai_maturity_score, task_automation_rate",1,0.008266420895656363,0.38323353293413176,1,294.9018081391331,4991,4641,0.2857142857142857,0.0006679538257109454,64,167
"[8.918049999999997,44.34195], [23.779425000000003,46.840575], [-33.13346493390346,69.7287], [8.392349999999999,30.958150000000003], 1.0","ai_adoption_rate, ai_failure_rate, ai_training_hours, task_automation_rate, industry",1.0,0.3276800000000001,0.8,1,352.34835200000003,4953,4644,0.7142857142857143,3.6412616587519225e-05,8,10
"[55.316950000000006,64.16437230038568], [0.4124375,0.9547499999999999], [36.731635545323115,52.90805]","ai_adoption_rate, ai_maturity_score, task_automation_rate",2.0,1.0,1.0,1,285.0,4935,4676,0.42857142857142855,2.9452658621894102e-05,2,2
"[30.235199999999992,73.2248], [25.451949999999997,52.90805], 8.0","ai_training_hours, task_automation_rate, industry",2.0,0.620921323059155,0.9090909090909091,1,286.75441920000003,4935,4676,0.42857142857142855,2.9633964971989883e-05,10,11
"[-8.003600000000004,34.2036], [-0.05156249999999998,0.2155006872739286], [26.109924999999997,41.850075]","ai_adoption_rate, ai_maturity_score, ai_failure_rate",0.0,0.3666478320532007,0.8181818181818182,1,287.90155924222995,4985,4687,0.42857142857142855,2.7863966616542394e-05,45,55
"[-26.164294009965555,49.7269], [26.109924999999997,51.7136], 4.0","ai_adoption_rate, ai_failure_rate, industry",0,0.0054766078555798245,0.35294117647058826,1,311.3990988464128,4694,4694,0.42857142857142855,3.218081176662756e-05,6,17
"[42.372809647468955,88.1195], [0.14518750000000002,0.6368125], [20.798399999999997,56.58918687300932], [25.451949999999997,52.90805], 2.0","ai_adoption_rate, ai_maturity_score, ai_training_hours, task_automation_rate, ai_adoption_stage",2.0,0.25967671259414726,0.7636363636363637,1,300.648424654694,4998,4701,0.7142857142857143,3.3303873216983696e-05,42,55
"[38.3125,92.3692173809539], 3.0","ai_training_hours, industry",2.0,0.095367431640625,0.625,1,267.3024,4706,4706,0.2857142857142857,2.750237590781556e-05,5,8
"[0.3525625,0.8014374999999999]",ai_maturity_score,2.0,0.06789645494162866,0.583941605839416,1,293.8792456644783,4998,4706,0.14285714285714285,3.232635195791541e-05,80,137
"[0.03081250000000002,0.5651875], 1.0","ai_maturity_score, ai_adoption_stage",0,0.048282842081079885,0.5454545454545454,1,303.8275973146888,4972,4708,0.2857142857142857,3.0497000375257086e-05,66,121
"[23.4623,55.1177], [0.063,0.5189999999999999], [23.7289,61.4177], [2.3370999999999995,28.4429], 2.0","ai_adoption_rate, ai_maturity_score, ai_training_hours, task_automation_rate, ai_adoption_stage",1,0.03125,0.5,2,331.3218395695727,4986,4727,0.7142857142857143,0.0008971219458169514,31,62
"[-4.0473,36.826750000000004], [0.1918125,0.2210068678524434], [-6.712600000000004,35.1653], [16.887999999999998,33.92645]","ai_adoption_rate, ai_maturity_score, ai_training_hours, task_automation_rate",1.0,0.07775999999999998,0.6,2,268.0,4991,4731,0.5714285714285714,5.5391666741527154e-05,3,5
"[0.34475,0.60125], [25.382299999999994,61.4177], [13.4664,46.238150000000005]","ai_maturity_score, ai_training_hours, task_automation_rate",2.0,0.08560844799356518,0.6116504854368932,1,296.4700743710605,4998,4733,0.42857142857142855,3.225350537576034e-05,63,103
"[20.375974999999997,35.384025], [13.4664,32.84451616385092]","ai_failure_rate, task_automation_rate",2.0,0.004642168441204111,0.34146341463414637,1,282.36234626751553,4973,4733,0.2857142857142857,0.0011616975325498184,42,123
"[0.09837500000000002,0.30319040098644917]",ai_maturity_score,0.0,0.11798236980223087,0.6521739130434783,1,300.2962651686172,4972,4740,0.14285714285714285,2.9926785900592787e-05,60,92
"[17.822850000000003,47.217150000000004], [-0.05156249999999998,0.283625], [-17.71849876583803,35.1653], 1.0, 3.0","ai_adoption_rate, ai_maturity_score, ai_training_hours, ai_adoption_stage, industry",0.0,0.13168724279835387,0.6666666666666666,1,267.3333333333333,4740,4740,0.7142857142857143,2.7626938262876105e-05,2,3
"[8.385850000000001,52.854150000000004], [18.2427,37.277300000000004], [25.451949999999997,52.90805]","ai_adoption_rate, ai_failure_rate, task_automation_rate",2.0,0.012558674125514407,0.4166666666666667,1,296.6743333595713,4998,4744,0.42857142857142855,0.0004942063251552788,20,48
"[-6.046900000000001,49.7269], [-0.09693749999999998,0.29493749999999996], [-10.985300000000002,37.01491308364798]","ai_adoption_rate, ai_maturity_score, ai_training_hours",0.0,0.1590361251087416,0.6923076923076923,1,294.1397319446216,4985,4747,0.42857142857142855,2.893267257087409e-05,63,91
"[52.995999999999995,95.26305], [0.4466137416493071,1.024058927085842], [8.271274999999996,33.528725], [17.88185,49.865558669167406], 4.0","ai_adoption_rate, ai_maturity_score, ai_failure_rate, task_automation_rate, industry",2.0,1.0,1.0,1,272.3333333333333,4980,4751,0.7142857142857143,2.8143651572032143e-05,3,3
"[0.17481250000000004,0.5951875], [16.380184402561863,23.833875], 2.0","ai_maturity_score, ai_failure_rate, industry",1.0,0.0009765625,0.25,1,319.28319999999997,4812,4760,0.42857142857142855,3.299557576598575e-05,2,8
"[-4.626750000000001,42.999500000000005], [23.833875,27.860750000000003]","ai_adoption_rate, ai_failure_rate",1.0,0.0164916224,0.44,1,303.23302267810914,4879,4760,0.2857142857142857,0.0003358761000267341,11,25
"[13.665225,38.527300000000004], [-33.13346493390346,69.7287], 1.0","ai_failure_rate, ai_training_hours, industry",1.0,0.023078380428451596,0.47058823529411764,1,323.5035993161729,4953,4769,0.42857142857142855,3.3431723065309666e-05,8,17
"[8.918049999999997,44.34195], [0.1918125,0.49818749999999995], [8.392349999999999,32.24765], 1.0, 1.0","ai_adoption_rate, ai_maturity_score, task_automation_rate, ai_adoption_stage, industry",1.0,0.2373046875,0.75,1,317.0,4953,4769,0.7142857142857143,3.275962380049274e-05,3,4
"[0.255,0.597], [2.1390999999999956,45.76090000000001], 2.0, 0.0","ai_maturity_score, ai_training_hours, ai_adoption_stage, industry",1.0,0.04526613752481193,0.5384615384615384,1,317.285592064,4906,4772,0.5714285714285714,3.278913764458437e-05,7,13
"[19.53545,51.94455000000001], [0.242625,0.513375], [16.923499999999997,58.0165], 2.0, 0.0","ai_adoption_rate, ai_maturity_score, ai_training_hours, ai_adoption_stage, industry",1.0,0.05292214940134466,0.5555555555555556,1,337.98208000000005,4906,4772,0.7142857142857143,3.4927967798448084e-05,5,9
"[7.029424999999998,30.090575], [25.382299999999994,61.4177], 8.0","ai_failure_rate, ai_training_hours, industry",0,0.0,0.0,1,308.93803417600003,4773,4773,0.42857142857142855,3.192647879264836e-05,0,13
"[0.09837500000000002,0.283625], [26.109924999999997,41.850075], 1.0","ai_maturity_score, ai_failure_rate, ai_adoption_stage",0.0,0.27214629954271363,0.7708333333333334,1,344.56627060128307,4972,4777,0.42857142857142855,3.51838192462194e-05,37,48
"[-12.272100000000004,37.472100000000005], [-10.985300000000002,35.1653], [-6.812800000000002,18.3928], 1.0","ai_adoption_rate, ai_training_hours, task_automation_rate, ai_adoption_stage",0,0.1134276198236865,0.6470588235294118,1,326.7980882460912,4972,4777,0.5714285714285714,3.420611236966449e-05,33,51
"[-6.046900000000001,49.7269], [-0.05156249999999998,0.283625], 1.0, 7.0","ai_adoption_rate, ai_maturity_score, ai_adoption_stage, industry",0.0,0.401877572016461,0.8333333333333334,1,296.52451328,4972,4784,0.5714285714285714,3.06436325005584e-05,10,12
"[-0.09693749999999998,0.2155006872739286], [26.109924999999997,41.850075], [-10.985300000000002,13.908400000000002], 1.0","ai_maturity_score, ai_failure_rate, ai_training_hours, ai_adoption_stage",0,0.44370531249999995,0.85,1,301.0266715766719,4847,4784,0.5714285714285714,2.9559446673385944e-05,17,20
"[35.3605,88.1195], [5.5136249999999976,30.856125000000002], [25.451949999999997,52.90805], 6.0","ai_adoption_rate, ai_failure_rate, task_automation_rate, industry",2.0,0.019403791345598595,0.45454545454545453,1,314.87965440000005,4938,4786,0.5714285714285714,3.444923167740307e-05,5,11
"[35.3605,88.1195], [5.5136249999999976,30.856125000000002], [25.451949999999997,52.90805]","ai_adoption_rate, ai_failure_rate, task_automation_rate",1,0.0007211993883891124,0.23529411764705882,1,295.86162188998577,4944,4786,0.42857142857142855,0.005853227755194177,12,51
"[-4.626750000000001,55.1177], [0.235875,0.47812499999999997], [23.833875,27.860750000000003], [25.382299999999994,35.012600000000006], [1.3128499999999992,20.66715]","ai_adoption_rate, ai_maturity_score, ai_failure_rate, ai_training_hours, task_automation_rate",1,0.004115226337448558,0.3333333333333333,2,351.6,4797,4789,0.7142857142857143,7.267055979970504e-05,2,6
"[-7.207550000000001,15.74755]",task_automation_rate,1.0,0.003261195211454756,0.3181818181818182,1,311.6009314962944,4987,4789,0.14285714285714285,0.0018698500392181402,21,66
"[23.4623,55.1177], [0.063,0.5189999999999999], [20.20981677819206,61.4177], [2.3370999999999995,28.4429], 2.0","ai_adoption_rate, ai_maturity_score, ai_training_hours, task_automation_rate, ai_adoption_stage",1,0.01767759607641405,0.4461538461538462,1,316.93028273201253,4986,4797,0.7142857142857143,0.0004385669288462624,29,65
"[19.53545,55.1177], [0.063,0.513375], [23.7289,34.26813893443679], 2.0","ai_adoption_rate, ai_maturity_score, ai_training_hours, ai_adoption_stage",1,0.010950846084540578,0.40540540540540543,1,352.23868959593904,4897,4798,0.5714285714285714,0.0007625377487716523,15,37
"[0.242625,0.5189999999999999], [16.923499999999997,61.4177], [2.3370999999999995,28.4429], 2.0, 0.0","ai_maturity_score, ai_training_hours, task_automation_rate, ai_adoption_stage, industry",1.0,0.095367431640625,0.625,1,329.3104,4906,4798,0.7142857142857143,3.4031813304699636e-05,5,8
"[35.3605,88.1195], [13.4664,46.238150000000005], 4.0","ai_adoption_rate, task_automation_rate, industry",1,0.0004135537391679411,0.21052631578947367,1,317.49665249322595,4802,4802,0.42857142857142855,3.281094919114781e-05,4,19
"[7.01585,52.42085], [5.152999999999999,40.436], 0.0","ai_adoption_rate, ai_training_hours, industry",1.0,0.008416533573215765,0.38461538461538464,1,314.46303436799997,4922,4806,0.42857142857142855,3.323280845295313e-05,5,13
"[8.392349999999999,32.24765], 1.0, 1.0","task_automation_rate, ai_adoption_stage, industry",0,0.004115226337448558,0.3333333333333333,1,302.6666666666667,4837,4824,0.42857142857142855,3.1278378980912104e-05,1,3
"[23.4623,88.1195], [0.047125000000000056,0.48887499999999995], [5.5136249999999976,30.856125000000002], [25.2776,46.8824]","ai_adoption_rate, ai_maturity_score, ai_failure_rate, task_automation_rate",1,0.00027161126782977246,0.1935483870967742,1,317.48780932129876,4944,4833,0.5714285714285714,0.018159045093712915,6,31
"[-6.812800000000002,18.3928], 1.0","task_automation_rate, ai_adoption_stage",1,0.0014420867271822983,0.2702702702702703,1,326.4640107554935,4960,4837,0.2857142857142857,0.003170624741527145,10,37
"[-4.626750000000001,36.826750000000004], [-6.712600000000004,40.436], [16.887999999999998,33.92645]","ai_adoption_rate, ai_training_hours, task_automation_rate",1.0,0.014458261438686257,0.42857142857142855,1,268.69481594476827,4991,4842,0.42857142857142855,0.0002889442249330467,15,35
"[0.1918125,0.49818749999999995], [16.87925,27.860750000000003], [-6.712600000000004,35.1653]","ai_maturity_score, ai_failure_rate, ai_training_hours",1.0,0.003658456541846377,0.32558139534883723,1,307.36791272649793,4991,4842,0.42857142857142855,0.0020347654447720226,14,43
"[19.53545,51.94455000000001], [0.242625,0.513375], [2.1390999999999956,58.0165], 2.0, 0.0","ai_adoption_rate, ai_maturity_score, ai_training_hours, ai_adoption_stage, industry",1.0,0.004115226337448558,0.3333333333333333,1,322.0,4906,4849,0.7142857142857143,3.3276337109648774e-05,2,6
"[23.4623,51.94455000000001], [19.487825,36.692175], 2.0, 0.0","ai_adoption_rate, ai_failure_rate, ai_adoption_stage, industry",1.0,0.004115226337448558,0.3333333333333333,1,315.96,4849,4849,0.5714285714285714,3.265214743218828e-05,2,6
"[0.47024999999999995,0.9547499999999999], [43.0177,70.20230000000001]","ai_maturity_score, ai_training_hours",2.0,0.6472278485082303,0.9166666666666666,1,264.02640640000004,4998,4856,0.2857142857142857,2.6233923274260482e-05,11,12
"[-4.626750000000001,55.1177], [0.235875,0.513375]","ai_adoption_rate, ai_maturity_score",1,0.005301090211752706,0.35064935064935066,1,302.1816205638894,4987,4867,0.2857142857142857,0.001367494669243,27,77
"[19.53545,55.1177], [0.063,0.47812499999999997], [18.78135,28.29865], [23.7289,35.012600000000006], [-7.207550000000001,15.74755], 2.0","ai_adoption_rate, ai_maturity_score, ai_failure_rate, ai_training_hours, task_automation_rate, ai_adoption_stage",1,0.13168724279835387,0.6666666666666666,1,334.6666666666667,4867,4867,0.8571428571428571,3.458534415951074e-05,2,3
"[0.47024999999999995,0.8193749999999999], [-2.330075000000001,13.410075], [25.382299999999994,92.3692173809539], [16.646900000000002,44.5531]","ai_maturity_score, ai_failure_rate, ai_training_hours, task_automation_rate",2.0,0.3276800000000001,0.8,1,234.6,4956,4871,0.5714285714285714,2.407884020667132e-05,4,5
"[0.47024999999999995,0.9547499999999999], [22.262549999999997,44.31745]","ai_maturity_score, task_automation_rate",2.0,0.3540925979614258,0.8125,1,286.67057423974404,4998,4871,0.2857142857142857,3.0482568004953666e-05,13,16
"[-6.046900000000001,49.7269], [0.09837500000000002,0.283625], [26.109924999999997,41.850075]","ai_adoption_rate, ai_maturity_score, ai_failure_rate",0.0,0.18593443208187066,0.7142857142857143,1,326.59994807261535,4972,4881,0.42857142857142855,3.286295975443126e-05,25,35
"[19.2542,70.50580000000001], [0.6911488934498184,1.024058927085842], [27.882999999999996,72.137], [25.451949999999997,52.90805], 2.0","ai_adoption_rate, ai_maturity_score, ai_training_hours, task_automation_rate, ai_adoption_stage",2.0,1.0,1.0,1,268.0,4935,4886,0.7142857142857143,2.7695833370763577e-05,1,1
"[-0.05156249999999998,0.2155006872739286], [26.109924999999997,41.850075], [-10.985300000000002,35.1653], 7.0","ai_maturity_score, ai_failure_rate, ai_training_hours, industry",0,1.0,1.0,1,224.0,4914,4901,0.5714285714285714,2.3148756250190453e-05,2,2
"[-6.046900000000001,49.7269], [-3.1662500000000007,9.74625], 7.0","ai_adoption_rate, task_automation_rate, industry",0.0,1.0,1.0,1,190.0,4914,4901,0.42857142857142855,1.9635105747929403e-05,1,1
"[16.923499999999997,61.4177], 2.0, 0.0","ai_training_hours, ai_adoption_stage, industry",1.0,0.00012860082304526745,0.16666666666666666,1,322.15999999999997,4906,4906,0.42857142857142855,3.3292871935541766e-05,1,6
"[19.53545,51.94455000000001], [0.242625,0.5189999999999999], [4.925474999999999,27.254525], [16.923499999999997,58.0165], [2.3370999999999995,28.4429], 0.0","ai_adoption_rate, ai_maturity_score, ai_failure_rate, ai_training_hours, task_automation_rate, industry",1.0,0.03125,0.5,1,344.5,4906,4906,0.8571428571428571,3.5601547000850946e-05,1,2
"[42.372809647468955,88.1195], [20.798399999999997,56.2016], [25.451949999999997,52.90805], 2.0","ai_adoption_rate, ai_training_hours, task_automation_rate, ai_adoption_stage",0,1.94037913455986e-07,0.045454545454545456,1,300.3662195628924,4907,4907,0.5714285714285714,3.324691262055968e-05,1,22
"[40.3553,87.0847], [0.3525625,0.8014374999999999], [3.973374999999997,27.766625], [38.3125,66.3318], [25.451949999999997,52.90805]","ai_adoption_rate, ai_maturity_score, ai_failure_rate, ai_training_hours, task_automation_rate",2.0,0.43375716751999094,0.8461538461538461,1,281.288095744,4998,4926,0.7142857142857143,2.9396162428782922e-05,11,13
"[42.3082,92.3692173809539], 5.0","ai_training_hours, industry",2.0,0.03125,0.5,1,255.0,4998,4926,0.2857142857142857,2.015181905708544e-05,1,2
"[-0.09693749999999998,0.29493749999999996]",ai_maturity_score,0.0,0.06754356352880661,0.5833333333333334,1,294.0050676962849,4985,4929,0.14285714285714285,2.891092794294188e-05,14,24
"[-6.046900000000001,49.7269], [26.109924999999997,41.850075], [-10.985300000000002,37.01491308364798]","ai_adoption_rate, ai_failure_rate, ai_training_hours",0.0,0.03125,0.5,1,313.29511628381124,4985,4929,0.42857142857142855,3.2025748205267334e-05,16,32
"[-2.0966250000000013,21.696625000000004], [30.235199999999992,73.2248], [36.731635545323115,52.90805], 2.0","ai_failure_rate, ai_training_hours, task_automation_rate, ai_adoption_stage",2.0,1.0,1.0,1,234.5,4935,4935,0.5714285714285714,2.3562126897515285e-05,2,2
"[0.4466137416493071,1.024058927085842], 2.0","ai_maturity_score, ai_adoption_stage",2.0,0.48894551440329226,0.8666666666666667,1,296.1202556928,4998,4935,0.2857142857142857,3.141905948425315e-05,13,15
"[0.09875000000000003,0.58325], [27.882999999999996,72.137], [36.731635545323115,52.90805]","ai_maturity_score, ai_training_hours, task_automation_rate",2.0,1.0,1.0,1,234.5,4938,4938,0.42857142857142855,2.3562126897515285e-05,2,2
"[-6.046900000000001,49.7269], [0.09837500000000002,0.283625], [26.109924999999997,41.850075], 0.0","ai_adoption_rate, ai_maturity_score, ai_failure_rate, industry",0.0,1.0,1.0,1,340.0,4951,4940,0.5714285714285714,3.513650502261051e-05,1,1
"[-0.09693749999999998,0.2155006872739286], [26.109924999999997,41.850075], [-10.985300000000002,35.1653], 0.0","ai_maturity_score, ai_failure_rate, ai_training_hours, industry",0.0,1.0,1.0,1,340.0,4951,4940,0.5714285714285714,3.513650502261051e-05,1,1
"[23.4623,55.1177], [0.22512500000000002,0.567125], [24.912350000000004,34.892], 2.0","ai_adoption_rate, ai_maturity_score, task_automation_rate, ai_adoption_stage",1.0,0.0003200000000000001,0.2,1,361.6,4944,4944,0.5714285714285714,3.857264852849815e-05,1,5
"[7.01585,55.1177], [23.833875,29.540325000000003], [5.152999999999999,43.635200000000005]","ai_adoption_rate, ai_failure_rate, ai_training_hours",1.0,0.002757929721271342,0.3076923076923077,1,324.268277248,4960,4944,0.42857142857142855,3.488696830872103e-05,4,13
"[0.09837500000000002,0.2155006872739286], [26.109924999999997,41.850075], 0.0","ai_maturity_score, ai_failure_rate, industry",0.0,0.07648897516277484,0.9403409090909092,1,340.0,4951,4951,0.42857142857142855,3.513650502261051e-05,0,0
"[-6.046900000000001,49.7269], [-0.05156249999999998,0.283625], [26.109924999999997,41.850075], [-1.5062500000000005,9.74625], 1.0","ai_adoption_rate, ai_maturity_score, ai_failure_rate, task_automation_rate, ai_adoption_stage",0.0,1.0,1.0,1,354.25,4951,4951,0.7142857142857143,3.6376616964585e-05,4,4
"[23.833875,41.850075]",ai_failure_rate,0,0.025022128248914022,0.4782608695652174,1,304.57365481702567,4985,4960,0.14285714285714285,3.127037022409033e-05,11,23
"[7.01585,55.1177], [15.774299999999997,40.6657], [5.152999999999999,61.4177], [-7.207550000000001,15.74755]","ai_adoption_rate, ai_failure_rate, ai_training_hours, task_automation_rate",1,0.0,0.0,1,340.6032,4960,4960,0.5714285714285714,3.46718764150174e-05,0,8
"[-6.046900000000001,49.7269], [-10.18147548986011,35.1653], [-5.343600000000002,27.0636], 2.0","ai_adoption_rate, ai_training_hours, task_automation_rate, ai_adoption_stage",0,0.001903968584518355,0.2857142857142857,1,313.656,4970,4970,0.5714285714285714,3.476447144001816e-05,2,7
"[26.109924999999997,50.43965], 1.0","ai_failure_rate, ai_adoption_stage",0.0,0.401877572016461,0.8333333333333334,1,328.4,4972,4972,0.2857142857142857,3.446477772070766e-05,5,6
"[-6.046900000000001,27.34565], [-0.09693749999999998,0.29493749999999996], [-5.159311073385302,35.1653], [-4.243400000000003,26.363400000000006]","ai_adoption_rate, ai_maturity_score, ai_training_hours, task_automation_rate",0.0,0.13168724279835387,0.6666666666666666,1,283.66912,4985,4972,0.5714285714285714,2.7241952400000918e-05,6,9
"[0.29100000000000004,0.633], [5.5136249999999976,30.856125000000002]","ai_maturity_score, ai_failure_rate",2.0,0.07775999999999998,0.6,1,296.47734824959997,4998,4973,0.2857142857142857,3.335057847790832e-05,9,15
"[34.09065,72.52935000000001], [0.4466137416493071,0.9547499999999999], [42.3082,66.3318], [17.88185,46.238150000000005]","ai_adoption_rate, ai_maturity_score, ai_training_hours, task_automation_rate",2.0,1.0,1.0,1,278.0,4998,4973,0.5714285714285714,2.5660275140161375e-05,2,2
"[-4.0473,36.826750000000004], [-0.02670412677401318,0.1918125], [-6.712600000000004,35.1653], [16.887999999999998,33.92645]","ai_adoption_rate, ai_maturity_score, ai_training_hours, task_automation_rate",1.0,0.007775999999999998,0.6,1,268.0,4991,4991,0.5714285714285714,2.7695833370763577e-05,0,0
