Specified Values,Specified Attribute Names,productivity_class,Fitness,Accuracy,Numerosity,Avg Match Set Size,TimeStamp GA,Iteration Initialized,Specificity,Deletion Probability,Correct Count,Match Count
"[33.6512,69.8288], [0.3344,0.6115999999999999], [21.380899999999993,65.4191], [16.376150000000003,47.74385], 2.0, 1.0, 0.0, 0.0, 0.0, 0.0","ai_adoption_rate, ai_maturity_score, ai_training_hours, task_automation_rate, ai_adoption_stage, industry_Education, industry_Finance, industry_Logistics, industry_Retail, industry_Technology",2.0,0.1134276198236865,0.6470588235294118,1,189.0656194505232,4834,0,0.6666666666666666,0.0003514833527266647,110,170
"[0.047899999999999984,0.2481], 0.0, 0.0, 0.0, 0.0, 0.0, 0.0","ai_maturity_score, ai_adoption_stage, industry_Agriculture, industry_Consulting, industry_Healthcare, industry_Retail, industry_Technology",0.0,0.6903615309097401,0.9285714285714286,1,171.1301396008884,4985,3,0.4666666666666667,0.000318140312312271,65,70
"2.0, 0.0, 0.0","ai_adoption_stage, industry_Consulting, industry_Finance",2.0,0.049243495845552446,0.5476079888527636,1,184.33980758973684,4995,4,0.2,0.00030753369786392493,1179,2153
"[12.7649,37.075100000000006], [37.6606,67.0194], [14.70405,45.07595], 0.0, 0.0, 1.0, 0.0, 0.0, 0.0, 0.0","ai_failure_rate, ai_training_hours, task_automation_rate, industry_Agriculture, industry_Education, industry_Finance, industry_Healthcare, industry_Logistics, industry_Retail, industry_Technology",2.0,0.22301350200402018,0.7407407407407407,2,165.70865286531006,4908,7,0.6666666666666666,0.0006056273257335937,100,135
"[-14.782650000000002,37.22265], [28.5406,39.519400000000005], 1.0, 0.0, 0.0, 1.0, 0.0, 0.0, 0.0, 0.0","ai_adoption_rate, ai_failure_rate, ai_adoption_stage, industry_Agriculture, industry_Consulting, industry_Education, industry_Finance, industry_Healthcare, industry_Manufacturing, industry_Retail",0.0,0.06391305182160717,0.5769230769230769,1,194.75626565152774,4708,9,0.6666666666666666,0.00036206257602344055,75,130
"[29.06765,52.43235], [12.090349999999997,25.02965], [18.210499999999996,68.4295], 2.0, 0.0, 1.0, 0.0","ai_adoption_rate, ai_failure_rate, ai_training_hours, ai_adoption_stage, industry_Education, industry_Finance, industry_Manufacturing",2.0,0.022631138563156128,0.46875,1,153.99922770191182,4964,12,0.4666666666666667,0.0033283234327874094,75,160
"[-9.96865,11.888649999999998], [26.784899999999997,51.0951], 0.0, 0.0, 0.0","ai_adoption_rate, ai_failure_rate, industry_Education, industry_Logistics, industry_Technology",0.0,0.5417169694823225,0.8846153846153846,5,218.35630653094512,4985,13,0.3333333333333333,0.0020296817298554996,184,208
"[20.84065,59.27935000000001], [0.20435,0.42765], [21.86665,32.45335], [12.27045,26.709549999999997], 2.0, 0.0, 0.0, 0.0, 0.0, 0.0, 0.0","ai_adoption_rate, ai_maturity_score, ai_failure_rate, task_automation_rate, ai_adoption_stage, industry_Education, industry_Healthcare, industry_Logistics, industry_Manufacturing, industry_Retail, industry_Technology",1.0,0.10737418240000002,0.64,3,165.65017953735975,4993,15,0.7333333333333333,0.000923858298289949,80,125
"[13.384350000000001,50.315650000000005], [-5.376100000000003,30.936100000000003], 1.0, 0.0, 0.0, 0.0, 1.0, 0.0, 0.0, 0.0","ai_adoption_rate, ai_training_hours, ai_adoption_stage, industry_Agriculture, industry_Education, industry_Finance, industry_Healthcare, industry_Manufacturing, industry_Retail, industry_Technology",0.0,0.03125,0.5,1,185.7303099508068,4900,16,0.6666666666666666,0.0003452828294969603,100,200
"[-0.05525000000000002,0.44525000000000003], [26.37875,36.18125], [6.334599999999998,51.145399999999995], 1.0, 0.0, 0.0, 0.0, 1.0","ai_maturity_score, ai_failure_rate, ai_training_hours, ai_adoption_stage, industry_Agriculture, industry_Healthcare, industry_Manufacturing, industry_Retail",0.0,0.08988803537961923,0.6176470588235294,1,191.86098054674534,4972,17,0.5333333333333333,0.00035668008226975834,105,170
"[11.81805,47.24195], [2.270999999999999,25.448999999999998], [8.506699999999999,35.393299999999996], 1.0, 1.0, 0.0, 0.0, 0.0, 0.0, 0.0, 0.0, 0.0","ai_adoption_rate, ai_training_hours, task_automation_rate, ai_adoption_stage, industry_Consulting, industry_Education, industry_Finance, industry_Healthcare, industry_Logistics, industry_Manufacturing, industry_Retail, industry_Technology",1.0,0.26150027784488145,0.7647058823529411,2,206.5097764439204,4953,20,0.8,0.000767825994025719,65,85
"[30.83395,55.706050000000005], [11.579349999999998,32.36065], 0.0, 0.0, 0.0, 1.0","ai_adoption_rate, ai_failure_rate, industry_Consulting, industry_Healthcare, industry_Manufacturing, industry_Retail",1.0,0.06976520207479792,0.5871212121212122,2,161.54072891436758,4992,22,0.4,0.0006006261441476906,155,264
"[52.362500000000004,71.67750000000001], [18.601950000000002,47.978049999999996], 3.0, 0.0, 0.0, 1.0, 0.0, 0.0","ai_training_hours, task_automation_rate, ai_adoption_stage, industry_Agriculture, industry_Education, industry_Finance, industry_Healthcare, industry_Technology",2.0,1.0,1.0,1,31.6,4025,25,0.5333333333333333,5.8746132577896716e-05,5,5
"[12.95835,41.581649999999996], [-0.7609000000000012,32.4609], [-0.8143499999999992,25.574350000000003], 1.0, 0.0, 0.0, 0.0, 0.0, 0.0","ai_failure_rate, ai_training_hours, task_automation_rate, ai_adoption_stage, industry_Consulting, industry_Education, industry_Logistics, industry_Manufacturing, industry_Retail",0.0,0.07397762921666202,0.5940460081190798,2,192.80706253509308,4976,28,0.6,0.0007771177423771554,439,739
"[-1.6698000000000022,33.869800000000005], [8.08195,37.45805], 1.0, 0.0, 0.0, 0.0, 0.0","ai_training_hours, task_automation_rate, ai_adoption_stage, industry_Agriculture, industry_Healthcare, industry_Manufacturing, industry_Technology",0.0,0.038316918348929904,0.5208085612366231,1,162.07377453757059,4983,29,0.4666666666666667,0.000301304033113426,438,841
"[-9.96865,11.888649999999998], [26.784899999999997,51.0951], 0.0, 0.0, 1.0, 0.0","ai_adoption_rate, ai_failure_rate, industry_Education, industry_Logistics, industry_Retail, industry_Technology",0.0,1.0,1.0,5,250.02091115633047,4914,39,0.4,0.0023240129104487857,44,44
"[-9.96865,11.888649999999998], [26.784899999999997,51.0951], 0.0, 0.0, 0.0, 0.0, 0.0","ai_adoption_rate, ai_failure_rate, ai_adoption_stage, industry_Consulting, industry_Education, industry_Logistics, industry_Technology",0.0,0.5948190870250828,0.9013157894736842,2,216.49849504646312,4985,39,0.4666666666666667,0.0008049651451211795,137,152
"[-27.8136,27.8136], [-8.9622,8.9622], 1.0, 0.0, 0.0, 0.0, 0.0","ai_training_hours, task_automation_rate, ai_adoption_stage, industry_Agriculture, industry_Education, industry_Logistics, industry_Technology",0.0,0.22900814666525524,0.7446808510638298,2,246.59806347499665,4900,42,0.4666666666666667,0.0009168786411616925,175,235
"[12.2485,24.011499999999998], [13.940100000000001,70.3399], 0.0, 0.0, 0.0","ai_failure_rate, ai_training_hours, industry_Agriculture, industry_Consulting, industry_Healthcare",2.0,0.055198872349916855,0.5602553870710295,1,177.7636061444168,4988,43,0.3333333333333333,0.00029269541958004734,702,1253
"[12.95835,41.581649999999996], [-0.7609000000000012,32.4609], 1.0, 0.0, 0.0, 0.0, 0.0, 0.0","ai_failure_rate, ai_training_hours, ai_adoption_stage, industry_Consulting, industry_Education, industry_Logistics, industry_Manufacturing, industry_Retail",0.0,0.058082219817999985,0.565989847715736,1,190.15576425371987,4976,53,0.5333333333333333,0.00038239773509913546,446,788
"0.0, 0.0, 0.0, 0.0, 1.0","industry_Finance, industry_Logistics, industry_Manufacturing, industry_Retail, industry_Technology",2.0,0.023491664697576197,0.4722617354196302,1,183.46557271337264,4947,59,0.3333333333333333,0.00381991914943909,332,703
"[18.10303465924339,28.59335], 2.0, 0.0","ai_failure_rate, ai_adoption_stage, industry_Consulting",2.0,0.03207667389636223,0.5026178010471204,1,189.04496315400294,4988,59,0.2,0.0003184676255766625,768,1528
"[23.98135,45.838649999999994], [21.843049999999998,44.976949999999995], [25.039399999999997,38.980599999999995], 1.0, 0.0, 0.0, 0.0, 0.0, 1.0","ai_adoption_rate, ai_failure_rate, task_automation_rate, ai_adoption_stage, industry_Consulting, industry_Education, industry_Finance, industry_Logistics, industry_Retail",2.0,0.040386107340619246,0.5263157894736842,1,141.11351123604274,4744,78,0.6,0.0002623377544178824,10,19
"[-0.13865,0.4737], [1.7241,37.956500000000005], 1.0, 0.0, 0.0, 0.0","ai_maturity_score, task_automation_rate, industry_Consulting, industry_Finance, industry_Manufacturing, industry_Technology",1.0,0.029309624228111033,0.49363057324840764,1,173.32104486768253,4953,80,0.4,0.00032221332532710327,155,314
"2.0, 0.0","ai_adoption_stage, industry_Consulting",2.0,0.04526613752481193,0.5384615384615384,1,183.7403564125239,4995,82,0.13333333333333333,0.00031005652339903474,1337,2483
"[-8.9622,8.9622], 1.0, 0.0, 0.0, 0.0","task_automation_rate, ai_adoption_stage, industry_Education, industry_Logistics, industry_Technology",0.0,0.17452727281869862,0.7052980132450332,1,234.81474333647625,4951,94,0.3333333333333333,0.00043653348238257666,213,302
"[20.711199999999998,42.668800000000005], [-1.6698000000000022,33.869800000000005], [8.08195,37.45805], 1.0, 0.0, 0.0, 0.0, 0.0","ai_failure_rate, ai_training_hours, task_automation_rate, ai_adoption_stage, industry_Agriculture, industry_Healthcare, industry_Manufacturing, industry_Technology",0.0,0.03743269047064215,0.5183823529411765,1,161.9911494758035,4983,95,0.5333333333333333,0.0003011504285933999,423,816
"0.0, 0.0, 0.0, 1.0","industry_Consulting, industry_Logistics, industry_Manufacturing, industry_Technology",2.0,0.0228924653361239,0.4698275862068966,1,183.46557271337264,4947,104,0.26666666666666666,0.003919903711238622,327,696
"[0.32615000000000005,0.7958500000000001], 2.0, 0.0, 0.0","ai_maturity_score, ai_adoption_stage, industry_Finance, industry_Retail",2.0,0.09410116920872251,0.6233313987231572,2,196.97266265014423,4995,104,0.26666666666666666,0.0006737803212196257,1074,1723
"[18.10303465924339,28.59335], [-1.1125000000000043,56.8325], 2.0, 0.0, 0.0","ai_failure_rate, ai_training_hours, ai_adoption_stage, industry_Consulting, industry_Finance",2.0,0.0362632189962819,0.5151020408163265,1,189.37441012202547,4988,122,0.3333333333333333,0.00031923320054742343,631,1225
"[-0.8143499999999992,25.574350000000003], 1.0, 0.0, 0.0, 0.0, 0.0, 0.0, 0.0","task_automation_rate, ai_adoption_stage, industry_Consulting, industry_Education, industry_Finance, industry_Logistics, industry_Manufacturing, industry_Retail",0.0,0.050828563279205104,0.5510887772194305,1,166.30847949886234,4976,123,0.5333333333333333,0.0003269809727640201,329,597
"[11.888649999999998,18.166285646828868], [26.784899999999997,51.0951], 0.0, 0.0, 0.0, 0.0, 0.0","ai_adoption_rate, ai_failure_rate, ai_adoption_stage, industry_Consulting, industry_Education, industry_Logistics, industry_Technology",0.0,0.013168724279835387,0.6666666666666666,1,4.666666666666667,131,131,0.4666666666666667,8.675589199267447e-06,0,0
"[20.711199999999998,42.668800000000005], [-1.6698000000000022,33.869800000000005], 1.0, 0.0, 0.0, 0.0, 0.0","ai_failure_rate, ai_training_hours, ai_adoption_stage, industry_Agriculture, industry_Healthcare, industry_Manufacturing, industry_Technology",0.0,0.054411622239525566,0.558648111332008,1,185.224093316243,4983,148,0.4666666666666667,0.0003443417450182508,562,1006
"[33.7264,46.2736], [-1.6698000000000022,33.869800000000005], [8.08195,37.45805], 1.0, 0.0, 0.0, 0.0, 0.0","ai_failure_rate, ai_training_hours, task_automation_rate, ai_adoption_stage, industry_Agriculture, industry_Healthcare, industry_Manufacturing, industry_Technology",0.0,0.1373430940017716,0.6722972972972973,1,223.38231517656973,4934,148,0.5333333333333333,0.0004152799716114011,199,296
"2.0, 0.0, 0.0","ai_adoption_stage, industry_Consulting, industry_Technology",2.0,0.04101472013899339,0.5279441117764471,1,183.4579829541939,4995,154,0.2,0.0003092362925535277,1058,2004
"[12.2485,24.011499999999998], 0.0, 0.0, 0.0, 1.0","ai_failure_rate, industry_Agriculture, industry_Healthcare, industry_Logistics, industry_Technology",2.0,0.1510887867547978,0.6852459016393443,1,260.5547234723886,4947,156,0.3333333333333333,0.00048438551673753665,209,305
"[-0.13865,0.9318933480191032], 1.0, 1.0, 0.0, 0.0, 0.0","ai_maturity_score, ai_adoption_stage, industry_Consulting, industry_Finance, industry_Manufacturing, industry_Technology",1.0,0.035811446911114986,0.5138121546961326,1,196.61224425898058,4953,166,0.4,0.0003655129420150597,93,181
"[-9.96865,11.888649999999998], [26.784899999999997,51.0951], 0.0, 0.0, 0.0, 0.0","ai_adoption_rate, ai_failure_rate, industry_Education, industry_Logistics, industry_Manufacturing, industry_Technology",0.0,0.4402816767672729,0.8486842105263158,2,227.98700616589423,4951,171,0.4,0.0008476806892569227,129,152
"[12.7649,37.075100000000006], [37.6606,67.0194], [14.70405,45.07595], 2.0, 0.0, 0.0, 1.0, 0.0, 0.0, 0.0","ai_failure_rate, ai_training_hours, task_automation_rate, ai_adoption_stage, industry_Agriculture, industry_Education, industry_Finance, industry_Healthcare, industry_Logistics, industry_Technology",2.0,0.20448285330636798,0.728,1,170.5724408243317,4908,172,0.6666666666666666,0.0003141162234788009,91,125
"[12.95835,41.581649999999996], [-0.7609000000000012,32.4609], [-0.8143499999999992,25.574350000000003], 1.0, 0.0, 0.0, 0.0","ai_failure_rate, ai_training_hours, task_automation_rate, ai_adoption_stage, industry_Consulting, industry_Manufacturing, industry_Retail",0.0,0.06198228705390411,0.573394495412844,1,160.26949692131092,4983,173,0.4666666666666667,0.00031294747311463547,625,1090
"[12.95835,41.581649999999996], 1.0, 0.0, 0.0, 0.0, 0.0, 0.0, 0.0","ai_failure_rate, ai_adoption_stage, industry_Consulting, industry_Education, industry_Healthcare, industry_Logistics, industry_Manufacturing, industry_Retail",0.0,0.03787725425421111,0.5196078431372549,1,198.04302123283347,4976,173,0.5333333333333333,0.00040072628906159385,318,612
"[24.196399999999997,36.7436], [-1.6698000000000022,33.869800000000005], [8.08195,37.45805], 1.0, 0.0, 0.0, 0.0, 0.0","ai_failure_rate, ai_training_hours, task_automation_rate, ai_adoption_stage, industry_Agriculture, industry_Healthcare, industry_Manufacturing, industry_Technology",0.0,0.025022128248914022,0.4782608695652174,1,152.26323691745094,4983,187,0.5333333333333333,0.0029763513407633723,275,575
"[-0.05465000000000006,0.47665], [20.711199999999998,42.668800000000005], [-1.6698000000000022,33.869800000000005], 1.0, 0.0, 0.0, 0.0","ai_maturity_score, ai_failure_rate, ai_training_hours, ai_adoption_stage, industry_Healthcare, industry_Manufacturing, industry_Technology",0.0,0.052069741975199764,0.5537542662116041,1,172.62788987426788,4983,187,0.4666666666666667,0.0003416661357279327,649,1172
2.0,ai_adoption_stage,2.0,0.044471273697786876,0.5365570599613153,1,183.68012646989922,4995,191,0.06666666666666667,0.00030988156907770415,1387,2585
"2.0, 0.0, 0.0, 0.0","ai_adoption_stage, industry_Consulting, industry_Finance, industry_Technology",2.0,0.0445573915528787,0.5367647058823529,1,183.8559982677463,4995,191,0.26666666666666666,0.00030640941279382684,876,1632
"[12.95835,41.581649999999996], [-0.7609000000000012,32.4609], 1.0, 0.0, 0.0, 0.0","ai_failure_rate, ai_training_hours, ai_adoption_stage, industry_Consulting, industry_Education, industry_Retail",0.0,0.04876129232543807,0.5465313028764806,1,157.80314959844975,4976,198,0.4,0.0003072161294907453,646,1182
"[12.2485,24.011499999999998], 0.0, 0.0","ai_failure_rate, industry_Consulting, industry_Manufacturing",2.0,0.04803136949239606,0.5448851774530271,1,182.13335714254146,4988,201,0.2,0.0003053885550363482,783,1437
"[13.940100000000001,70.3399], 0.0, 0.0, 0.0, 0.0, 0.0, 1.0","ai_training_hours, industry_Agriculture, industry_Finance, industry_Healthcare, industry_Logistics, industry_Retail, industry_Technology",2.0,0.03895718572207798,0.5225375626043406,1,215.20978339371163,4947,201,0.4666666666666667,0.00040008678694010815,313,599
"[12.95835,41.581649999999996], [-0.7609000000000012,32.4609], [-0.8143499999999992,25.574350000000003], 1.0, 0.0, 0.0, 0.0, 0.0, 0.0, 0.0","ai_failure_rate, ai_training_hours, task_automation_rate, ai_adoption_stage, industry_Consulting, industry_Education, industry_Logistics, industry_Manufacturing, industry_Retail, industry_Technology",0.0,0.08315798745448,0.6081081081081081,1,213.57607703062837,4951,232,0.6666666666666666,0.000436822292037746,315,518
"[12.95835,41.581649999999996], [-0.7609000000000012,32.4609], [-0.8143499999999992,25.574350000000003], 1.0, 0.0, 0.0, 0.0, 0.0, 0.0, 0.0","ai_failure_rate, ai_training_hours, task_automation_rate, ai_adoption_stage, industry_Consulting, industry_Education, industry_Finance, industry_Logistics, industry_Manufacturing, industry_Retail",0.0,0.06178753183972413,0.5730337078651685,1,166.43921855733532,4976,232,0.6666666666666666,0.0003272847866114158,306,534
"[0.26609999999999995,0.6819], 2.0","ai_maturity_score, ai_adoption_stage",2.0,0.04934163604394605,0.5478260869565217,1,186.82320230456696,4995,243,0.13333333333333333,0.0003190114914316289,1323,2415
"[-27.8136,32.4609], [-8.9622,8.9622], 1.0, 0.0, 0.0, 0.0, 0.0, 0.0","ai_training_hours, task_automation_rate, ai_adoption_stage, industry_Agriculture, industry_Consulting, industry_Education, industry_Retail, industry_Technology",0.0,0.13801721726854427,0.6729559748427673,1,272.670152951076,4900,246,0.5333333333333333,0.0005069087644082052,107,159
"[12.95835,41.581649999999996], [-0.7609000000000012,27.8136], 1.0, 0.0, 0.0","ai_failure_rate, ai_training_hours, ai_adoption_stage, industry_Education, industry_Logistics",0.0,0.06303028842917803,0.5753205128205128,1,185.89298542167055,4972,246,0.3333333333333333,0.0003724918106364052,718,1248
"[0.13835,0.36165], [12.95835,41.581649999999996], [-0.7609000000000012,32.4609], [-0.8143499999999992,25.574350000000003], 0.0, 0.0, 0.0, 0.0","ai_maturity_score, ai_failure_rate, ai_training_hours, task_automation_rate, industry_Consulting, industry_Logistics, industry_Manufacturing, industry_Retail",0.0,0.03588348037250757,0.514018691588785,1,172.70543970988925,4976,261,0.5333333333333333,0.000341846347473376,550,1070
"[12.95835,42.668800000000005], [-1.6698000000000022,32.4609], 1.0, 0.0, 0.0, 0.0, 0.0, 0.0","ai_failure_rate, ai_training_hours, ai_adoption_stage, industry_Agriculture, industry_Consulting, industry_Manufacturing, industry_Retail, industry_Technology",0.0,0.06102532747091815,0.5716129032258065,1,180.25703560528007,4983,272,0.5333333333333333,0.00033510771239767185,443,775
"[-0.7609000000000012,33.869800000000005], [-0.8143499999999992,25.574350000000003], 1.0, 0.0, 0.0","ai_training_hours, task_automation_rate, ai_adoption_stage, industry_Healthcare, industry_Manufacturing",0.0,0.05485771159832027,0.5595611285266457,1,171.39355565373157,4983,272,0.3333333333333333,0.0003387977669872262,714,1276
"[0.08445,0.56955], [7.707999999999998,32.4609], [-0.8143499999999992,42.76225], 1.0, 0.0, 0.0, 0.0, 0.0, 0.0","ai_maturity_score, ai_training_hours, task_automation_rate, industry_Agriculture, industry_Consulting, industry_Education, industry_Finance, industry_Manufacturing, industry_Retail",0.0,0.03597678110311178,0.5142857142857142,1,135.92942095447697,4951,274,0.6,0.00025638555342698895,126,245
"[-9.96865,11.888649999999998], [26.784899999999997,51.0951], [-10.9538,10.9538], 0.0, 0.0, 0.0, 0.0","ai_adoption_rate, ai_failure_rate, task_automation_rate, industry_Education, industry_Healthcare, industry_Logistics, industry_Technology",0.0,0.688453401809666,0.9280575539568345,2,234.16719540527333,4985,275,0.4666666666666667,0.0008706593105488882,129,139
"[-0.13865,0.4737], [1.7241,37.956500000000005], 0.0, 1.0, 0.0, 0.0, 0.0, 0.0","ai_maturity_score, task_automation_rate, industry_Agriculture, industry_Consulting, industry_Finance, industry_Healthcare, industry_Manufacturing, industry_Technology",1.0,0.02873929425219567,0.49169435215946844,1,173.32104486768253,4953,281,0.5333333333333333,0.00032221332532710327,148,301
"2.0, 0.0, 0.0, 0.0","ai_adoption_stage, industry_Agriculture, industry_Consulting, industry_Healthcare",2.0,0.04609351260784264,0.5404157043879908,2,185.54843201584782,4995,282,0.26666666666666666,0.0072345761064829634,936,1732
"[12.2485,24.011499999999998], [13.940100000000001,70.3399], 0.0, 0.0","ai_failure_rate, ai_training_hours, industry_Consulting, industry_Finance",2.0,0.06037068913042467,0.5703812316715543,1,178.09301705454442,4988,282,0.26666666666666666,0.000293017290230746,778,1364
"[-0.7609000000000012,33.869800000000005], [-0.8143499999999992,25.574350000000003], 1.0, 0.0, 0.0, 0.0, 0.0, 0.0","ai_training_hours, task_automation_rate, ai_adoption_stage, industry_Consulting, industry_Healthcare, industry_Manufacturing, industry_Retail, industry_Technology",0.0,0.05865385737778254,0.5670995670995671,1,179.4602399376266,4983,284,0.5333333333333333,0.00035754327744631374,393,693
"[20.711199999999998,42.668800000000005], [-1.6698000000000022,33.869800000000005], [-0.8143499999999992,25.574350000000003], 1.0, 0.0, 0.0, 0.0, 0.0","ai_failure_rate, ai_training_hours, task_automation_rate, ai_adoption_stage, industry_Finance, industry_Healthcare, industry_Manufacturing, industry_Technology",0.0,0.0487295714754029,0.5464601769911505,1,169.89246405825025,4983,286,0.5333333333333333,0.00033530950251413637,494,904
"[26.784899999999997,51.0951], 0.0, 0.0, 0.0, 1.0","ai_failure_rate, ai_adoption_stage, industry_Education, industry_Logistics, industry_Retail",0.0,1.0,1.0,1,244.20047399265658,4914,299,0.3333333333333333,0.00045398207027714626,37,37
"[12.2485,24.011499999999998], 0.0, 0.0, 1.0","ai_failure_rate, industry_Agriculture, industry_Healthcare, industry_Technology",2.0,0.15074250260106667,0.684931506849315,1,260.5547234723886,4947,304,0.26666666666666666,0.00048438551673753665,200,292
"[-0.13865,0.4737], 1.0, 1.0, 0.0, 0.0","ai_maturity_score, ai_adoption_stage, industry_Consulting, industry_Finance, industry_Manufacturing",1.0,0.04132310010397203,0.5287356321839081,1,197.42518967589578,4953,305,0.3333333333333333,0.0003670242521176133,92,174
"[12.95835,41.581649999999996], [-0.7609000000000012,32.4609], [-0.8143499999999992,25.574350000000003], 1.0, 0.0, 0.0, 0.0, 0.0, 0.0","ai_failure_rate, ai_training_hours, task_automation_rate, ai_adoption_stage, industry_Agriculture, industry_Consulting, industry_Manufacturing, industry_Retail, industry_Technology",0.0,0.06641053164393389,0.5813630041724618,1,183.9479732616152,4983,315,0.6,0.0003419693678690584,418,719
"[41.773799999999994,80.9662], 2.0, 0.0, 0.0, 0.0","ai_adoption_rate, ai_adoption_stage, industry_Agriculture, industry_Consulting, industry_Healthcare",2.0,0.11801648255566097,0.6522116218560278,3,206.9108647024002,4995,317,0.3333333333333333,0.0011320847826023148,752,1153
"2.0, 0.0, 0.0, 0.0, 0.0","ai_adoption_stage, industry_Agriculture, industry_Consulting, industry_Finance, industry_Healthcare",2.0,0.051052164095774344,0.5515727871250914,2,188.06692662953188,4995,321,0.3333333333333333,0.006537543308215757,754,1367
"[20.711199999999998,42.668800000000005], [-1.6698000000000022,33.869800000000005], 1.0, 0.0, 0.0, 0.0","ai_failure_rate, ai_training_hours, ai_adoption_stage, industry_Finance, industry_Healthcare, industry_Manufacturing",0.0,0.042624152594742656,0.5320239111870196,1,161.85871792650548,4983,325,0.4,0.00031664053434354123,623,1171
"[-0.8143499999999992,25.574350000000003], 1.0, 0.0, 0.0, 0.0","task_automation_rate, ai_adoption_stage, industry_Healthcare, industry_Manufacturing, industry_Technology",0.0,0.04613683070145616,0.5405172413793103,1,169.73584984901623,4983,325,0.3333333333333333,0.0003349455595117928,627,1160
"[-0.13865,0.4737], 0.0, 1.0, 0.0, 0.0, 0.0","ai_maturity_score, industry_Agriculture, industry_Consulting, industry_Finance, industry_Manufacturing, industry_Technology",1.0,0.026552888168412465,0.483974358974359,1,173.6022583406962,4953,329,0.4,0.00032273611659192455,151,312
"[9.230499999999996,29.384641815368653], [-1.2087000000000003,36.6487], 2.0, 0.0, 0.0, 0.0","ai_adoption_rate, ai_training_hours, ai_adoption_stage, industry_Agriculture, industry_Manufacturing, industry_Technology",0.0,0.00018431934239763345,0.28362573099415206,1,41.17283057169062,336,336,0.4,7.654254947379165e-05,0,0
"[-0.7609000000000012,33.869800000000005], [-0.8143499999999992,48.26862709988346], 1.0, 0.0, 0.0, 0.0, 0.0, 0.0","ai_training_hours, task_automation_rate, ai_adoption_stage, industry_Consulting, industry_Healthcare, industry_Manufacturing, industry_Retail, industry_Technology",0.0,0.057442876587383,0.5647382920110193,1,171.90243264095233,4983,342,0.5333333333333333,0.0003399803047624284,410,726
"[31.3606,42.339400000000005], [-0.7609000000000012,32.4609], [-0.8143499999999992,25.574350000000003], 1.0, 0.0, 0.0, 0.0, 0.0, 0.0","ai_failure_rate, ai_training_hours, task_automation_rate, ai_adoption_stage, industry_Agriculture, industry_Consulting, industry_Healthcare, industry_Manufacturing, industry_Retail",0.0,0.13870900613417575,0.6736292428198434,1,289.56912027569973,4934,342,0.6,0.0005383248712082651,258,383
"[-9.96865,11.888649999999998], [26.784899999999997,51.0951], 0.0, 0.0, 0.0, 0.0","ai_adoption_rate, ai_failure_rate, industry_Education, industry_Healthcare, industry_Logistics, industry_Technology",0.0,0.6307458323096073,0.9119496855345912,2,221.73828428706184,4985,347,0.4,0.000824447256096398,145,159
"[-9.96865,11.888649999999998], [-10.9538,10.9538], 0.0, 0.0, 0.0, 0.0","ai_adoption_rate, task_automation_rate, industry_Education, industry_Logistics, industry_Manufacturing, industry_Technology",0.0,0.46266436603796024,0.8571428571428571,1,238.59817039734165,4951,347,0.4,0.0004435670807280324,108,126
"[41.773799999999994,80.9662], [8.6556,44.5044], 2.0, 0.0, 0.0, 0.0","ai_adoption_rate, task_automation_rate, ai_adoption_stage, industry_Agriculture, industry_Consulting, industry_Healthcare",2.0,0.11583085779314922,0.6497777777777778,2,206.9108644548914,4995,353,0.4,0.0007547231869636293,731,1125
"[-0.8143499999999992,25.574350000000003], 1.0, 0.0, 0.0, 0.0, 0.0, 0.0","task_automation_rate, ai_adoption_stage, industry_Agriculture, industry_Consulting, industry_Manufacturing, industry_Retail, industry_Technology",0.0,0.05527572676555426,0.5604113110539846,1,165.79205231046674,4983,363,0.4666666666666667,0.0003082165153605148,436,778
"[-9.581000000000001,35.641], [12.95835,41.581649999999996], [-0.7609000000000012,32.4609], [-0.8143499999999992,25.574350000000003], 1.0, 0.0, 0.0, 0.0, 0.0","ai_adoption_rate, ai_failure_rate, ai_training_hours, task_automation_rate, ai_adoption_stage, industry_Agriculture, industry_Consulting, industry_Manufacturing, industry_Retail",0.0,0.06092699470458736,0.5714285714285714,1,169.65775144566402,4983,363,0.6,0.00031540306200300084,508,889
"[-0.7609000000000012,32.4609], [-0.8143499999999992,25.574350000000003], 0.0, 0.0, 0.0, 0.0","ai_training_hours, task_automation_rate, industry_Consulting, industry_Logistics, industry_Manufacturing, industry_Retail",0.0,0.028134064602019167,0.48960573476702507,1,167.29223189174022,4983,379,0.4,0.00032926703480895,683,1395
"[-0.7609000000000012,33.869800000000005], 1.0, 0.0, 0.0","ai_training_hours, ai_adoption_stage, industry_Healthcare, industry_Manufacturing",0.0,0.04789548482232964,0.5445765230312035,1,168.45639811656878,4983,387,0.26666666666666666,0.0003319723458606307,733,1346
"[-9.96865,11.888649999999998], [26.784899999999997,51.0951], [-10.9538,10.9538], 0.0, 0.0, 0.0, 0.0, 0.0","ai_adoption_rate, ai_failure_rate, task_automation_rate, ai_adoption_stage, industry_Education, industry_Healthcare, industry_Logistics, industry_Technology",0.0,0.6496628639973123,0.9173553719008265,2,235.28478745492382,4985,394,0.5333333333333333,0.0008748146403410889,111,121
"[-9.96865,11.888649999999998], [26.784899999999997,51.0951], [-10.9538,10.9538], 0.0, 0.0, 0.0, 0.0, 0.0","ai_adoption_rate, ai_failure_rate, task_automation_rate, industry_Education, industry_Finance, industry_Healthcare, industry_Logistics, industry_Technology",0.0,0.8126143351175132,0.959349593495935,1,229.05857568062402,4985,394,0.5333333333333333,0.0004258324511088015,118,123
"[-0.08034999999999999,0.31235], [12.95835,41.581649999999996], [-0.7609000000000012,32.4609], [-0.8143499999999992,25.574350000000003], 1.0, 0.0, 0.0, 0.0, 0.0, 0.0","ai_maturity_score, ai_failure_rate, ai_training_hours, task_automation_rate, ai_adoption_stage, industry_Agriculture, industry_Consulting, industry_Manufacturing, industry_Retail, industry_Technology",0.0,0.12507116435536506,0.6598290598290598,1,211.1445087557755,4983,397,0.6666666666666666,0.00039252921849562217,386,585
"[26.784899999999997,51.0951], [-10.9538,10.9538], 0.0, 0.0, 0.0, 0.0","ai_failure_rate, task_automation_rate, industry_Education, industry_Healthcare, industry_Logistics, industry_Technology",0.0,0.21428364012408316,0.7348484848484849,1,221.22229910768016,4985,405,0.4,0.00041126438330907914,291,396
"[-0.7609000000000012,33.869800000000005], [-0.8143499999999992,25.574350000000003], 0.0","ai_training_hours, task_automation_rate, industry_Healthcare",0.0,0.02936153640820138,0.49380530973451325,1,167.97769110183523,4985,419,0.2,0.0003308599176267104,1116,2260
"[-8.9622,8.9622], 0.0, 0.0, 0.0","task_automation_rate, industry_Education, industry_Logistics, industry_Technology",0.0,0.24849635868440414,0.7569444444444444,2,229.92785785772298,4985,419,0.26666666666666666,0.0008548969886747839,327,432
"[12.95835,41.581649999999996], [-0.7609000000000012,33.869800000000005], [-0.8143499999999992,25.574350000000003], 1.0, 0.0, 0.0, 0.0, 0.0","ai_failure_rate, ai_training_hours, task_automation_rate, ai_adoption_stage, industry_Agriculture, industry_Consulting, industry_Healthcare, industry_Retail",0.0,0.04323891028859812,0.5335497835497836,1,165.53544988952393,4983,424,0.5333333333333333,0.0003077394773908782,493,924
"[41.773799999999994,83.55963691591685], 2.0, 0.0, 0.0, 0.0","ai_adoption_rate, ai_adoption_stage, industry_Agriculture, industry_Consulting, industry_Healthcare",2.0,0.11763164956955381,0.6517857142857143,2,206.9108647024002,4995,427,0.3333333333333333,0.0007547231884015432,730,1120
"[-9.96865,11.888649999999998], [-10.9538,10.9538], 0.0, 0.0, 0.0","ai_adoption_rate, task_automation_rate, industry_Education, industry_Logistics, industry_Technology",0.0,0.5591715136702092,0.8902439024390244,2,234.45973148620692,4985,439,0.3333333333333333,0.0008717469917763782,146,164
"[26.784899999999997,51.0951], 0.0, 0.0, 0.0","ai_failure_rate, industry_Healthcare, industry_Logistics, industry_Technology",0.0,0.04214771354491042,0.5308291991495393,1,187.9901122779746,4985,439,0.26666666666666666,0.00037736515289641726,749,1411
"[41.773799999999994,80.9662], [8.6556,44.5044], 2.0, 0.0, 0.0","ai_adoption_rate, task_automation_rate, ai_adoption_stage, industry_Consulting, industry_Healthcare",2.0,0.10258329332767639,0.634184068058778,1,206.89896393581415,4995,440,0.3333333333333333,0.00037732702517329726,820,1293
"[-36.585825144906245,33.869800000000005], 1.0, 0.0, 0.0, 1.0, 0.0, 0.0","ai_training_hours, ai_adoption_stage, industry_Agriculture, industry_Healthcare, industry_Logistics, industry_Manufacturing, industry_Technology",0.0,0.05507317760000002,0.56,1,142.90679074628457,4781,446,0.4666666666666667,0.0002656715593500942,98,175
"[41.773799999999994,80.9662], 2.0, 0.0, 0.0","ai_adoption_rate, ai_adoption_stage, industry_Consulting, industry_Healthcare",2.0,0.10367512727368819,0.6355283307810107,1,206.89896395775003,4995,455,0.26666666666666666,0.00037732702523701593,830,1306
"[41.773799999999994,80.9662], [0.32235,0.69965], [8.6556,44.5044], 2.0, 0.0, 0.0, 0.0","ai_adoption_rate, ai_maturity_score, task_automation_rate, ai_adoption_stage, industry_Agriculture, industry_Consulting, industry_Healthcare",2.0,0.13978869210541817,0.6746746746746747,1,209.66901564359068,4995,455,0.4666666666666667,0.0003853733970518904,674,999
"[-0.8143499999999992,25.574350000000003], 1.0, 0.0, 0.0, 0.0","task_automation_rate, ai_adoption_stage, industry_Consulting, industry_Manufacturing, industry_Retail",0.0,0.04746511036755805,0.5435943060498221,1,150.29755117504067,4983,464,0.3333333333333333,0.00028977448075427213,611,1124
"[12.95835,41.581649999999996], [-0.7609000000000012,32.4609], [-0.8143499999999992,25.574350000000003], 1.0, 0.0, 0.0, 0.0","ai_failure_rate, ai_training_hours, task_automation_rate, ai_adoption_stage, industry_Agriculture, industry_Manufacturing, industry_Retail",0.0,0.0523042676863281,0.5542521994134897,1,180.64797806668855,4983,464,0.4666666666666667,0.00033583449586818557,567,1023
"[-9.96865,11.888649999999998], 0.0, 0.0, 0.0, 0.0","ai_adoption_rate, industry_Consulting, industry_Education, industry_Logistics, industry_Technology",0.0,0.563336818558437,0.891566265060241,1,219.3746165049114,4985,469,0.3333333333333333,0.00040782944004502447,148,166
"[-0.7609000000000012,33.869800000000005], [-0.8143499999999992,25.574350000000003], 0.0, 0.0","ai_training_hours, task_automation_rate, industry_Healthcare, industry_Manufacturing",0.0,0.02774339025813941,0.48823836905384216,1,168.26241506122147,4983,472,0.26666666666666666,0.00033152156444103817,934,1913
"[12.2485,24.011499999999998], 2.0, 0.0, 0.0, 0.0","ai_failure_rate, ai_adoption_stage, industry_Consulting, industry_Finance, industry_Retail",2.0,0.11358586145618525,0.647239263803681,1,193.04862231065104,4980,481,0.3333333333333333,0.0003277714029347779,633,978
"[0.32615000000000005,0.7958500000000001], [13.940100000000001,70.3399], 0.0, 0.0","ai_maturity_score, ai_training_hours, industry_Education, industry_Finance",2.0,0.05934340187810257,0.568426724137931,1,192.46978186429618,4995,481,0.26666666666666666,0.000326426282776431,1055,1856
"[-0.13865,0.56325], 1.0, 1.0, 0.0, 0.0","ai_maturity_score, ai_adoption_stage, industry_Consulting, industry_Manufacturing, industry_Technology",1.0,0.03603458440272515,0.5144508670520231,1,196.61224425898058,4953,502,0.3333333333333333,0.0003655129420150597,89,173
"[-9.96865,11.888649999999998], [-5.000000000002225e-05,0.40805], [26.784899999999997,51.0951], [-10.9538,10.9538], 0.0, 0.0, 0.0, 0.0","ai_adoption_rate, ai_maturity_score, ai_failure_rate, task_automation_rate, industry_Education, industry_Healthcare, industry_Logistics, industry_Technology",0.0,0.670176922268936,0.9230769230769231,2,234.16719540527987,4985,506,0.5333333333333333,0.0008706593105489125,120,130
"[-14.782650000000002,37.22265], [0.06955,0.35445], [12.95835,41.581649999999996], [-0.7609000000000012,32.4609], [-0.8143499999999992,25.574350000000003], 1.0, 0.0, 0.0, 0.0, 0.0","ai_adoption_rate, ai_maturity_score, ai_failure_rate, ai_training_hours, task_automation_rate, ai_adoption_stage, industry_Consulting, industry_Healthcare, industry_Manufacturing, industry_Retail",0.0,0.06629000590361254,0.581151832460733,2,171.79962872867776,4983,511,0.6666666666666666,0.0006794828142511218,444,764
"[0.03874999999999998,0.38525], 1.0, 0.0, 0.0, 1.0, 0.0, 0.0, 0.0","ai_maturity_score, ai_adoption_stage, industry_Agriculture, industry_Consulting, industry_Education, industry_Finance, industry_Manufacturing, industry_Retail",0.0,0.036227314821875,0.515,1,174.47629067904518,4983,511,0.5333333333333333,0.00032436099063072257,103,200
"[0.32615000000000005,0.7958500000000001], [25.841699999999996,57.5183], 2.0, 0.0, 0.0","ai_maturity_score, ai_training_hours, ai_adoption_stage, industry_Finance, industry_Retail",2.0,0.1165509315036392,0.6505836575875487,1,197.3512973037012,4995,523,0.3333333333333333,0.0003377700388359379,836,1285
"[41.773799999999994,80.9662], [8.6556,44.5044], 2.0, 0.0, 0.0, 0.0, 0.0","ai_adoption_rate, task_automation_rate, ai_adoption_stage, industry_Agriculture, industry_Consulting, industry_Healthcare, industry_Manufacturing",2.0,0.10156939680846686,0.6329254727474972,2,203.56166074886724,4964,523,0.4666666666666667,0.0007352658328354174,569,899
"[0.32615000000000005,0.7958500000000001], [25.841699999999996,57.5183], 0.0, 0.0, 0.0","ai_maturity_score, ai_training_hours, industry_Finance, industry_Manufacturing, industry_Retail",2.0,0.09246781328363646,0.6211523283346487,2,195.30919712234729,4980,537,0.3333333333333333,0.0006660491371662459,787,1267
"[12.705299999999998,59.43470000000001], [0.32615000000000005,0.7958500000000001], [25.841699999999996,57.5183], 2.0, 0.0, 0.0, 0.0","ai_adoption_rate, ai_maturity_score, ai_training_hours, ai_adoption_stage, industry_Agriculture, industry_Finance, industry_Retail",2.0,0.09353584540212176,0.6225806451612903,1,186.03982550322627,4971,537,0.4666666666666667,0.00031148423100200436,579,930
"[15.10435,52.035650000000004], [0.06274999999999997,0.56325], [21.195149999999998,43.54485], 0.0, 1.0, 0.0","ai_adoption_rate, ai_maturity_score, ai_failure_rate, industry_Agriculture, industry_Healthcare, industry_Manufacturing",1.0,0.01210037809669265,0.41358024691358025,1,150.56413165377987,4923,544,0.4,0.006086056312224004,134,324
"[0.32615000000000005,0.7958500000000001], [25.841699999999996,57.5183], 3.0, 0.0, 0.0","ai_maturity_score, ai_training_hours, ai_adoption_stage, industry_Finance, industry_Retail",2.0,1.0,1.0,2,104.285516980224,4557,557,0.3333333333333333,0.0003877449877515657,16,16
"[12.7649,37.075100000000006], [37.6606,70.3399], 0.0, 0.0, 1.0, 0.0, 0.0, 0.0, 0.0","ai_failure_rate, ai_training_hours, industry_Agriculture, industry_Education, industry_Finance, industry_Healthcare, industry_Logistics, industry_Retail, industry_Technology",2.0,0.23410655790434154,0.7479674796747967,1,165.65590103183916,4908,563,0.6,0.0003026910771783947,92,123
"[-0.0031999999999999806,0.5512], [27.893546231699915,41.581649999999996], [-0.7609000000000012,33.869800000000005], [-0.8143499999999992,25.574350000000003], 0.0","ai_maturity_score, ai_failure_rate, ai_training_hours, task_automation_rate, industry_Healthcare",0.0,0.08298689462412785,0.6078576723498889,1,185.33856435924508,4985,564,0.3333333333333333,0.00037120343669505925,820,1349
"[26.784899999999997,51.0951], 0.0, 0.0, 0.0, 0.0","ai_failure_rate, industry_Education, industry_Healthcare, industry_Logistics, industry_Technology",0.0,0.04746511036755805,0.5435943060498221,1,189.99375642674767,4985,564,0.3333333333333333,0.0003820212583079185,611,1124
"[12.95835,41.581649999999996], [-0.7609000000000012,32.4609], [-0.8143499999999992,25.574350000000003], 1.0, 0.0, 0.0, 0.0, 0.0, 0.0","ai_failure_rate, ai_training_hours, task_automation_rate, ai_adoption_stage, industry_Consulting, industry_Education, industry_Manufacturing, industry_Retail, industry_Technology",0.0,0.07059382484383163,0.5885093167701864,1,180.72092439839489,4951,568,0.6,0.00036047287936368666,379,644
"[41.773799999999994,80.9662], [0.03125,0.60875], 2.0, 0.0, 0.0, 0.0","ai_adoption_rate, ai_maturity_score, ai_adoption_stage, industry_Agriculture, industry_Consulting, industry_Healthcare",2.0,0.09836982812935341,0.6288866599799399,2,206.92560965697874,4995,573,0.4,0.0007548088498984306,627,997
"[12.95835,41.581649999999996], [-0.7609000000000012,32.4609], 1.0, 0.0, 0.0, 0.0, 0.0","ai_failure_rate, ai_training_hours, ai_adoption_stage, industry_Consulting, industry_Education, industry_Retail, industry_Technology",0.0,0.049578772096012996,0.5483516483516484,1,164.7185880769909,4951,581,0.4666666666666667,0.00032328635360841414,499,910
"[-9.96865,11.888649999999998], [26.784899999999997,51.0951], [-10.9538,10.9538], 0.0, 0.0, 0.0","ai_adoption_rate, ai_failure_rate, task_automation_rate, ai_adoption_stage, industry_Healthcare, industry_Technology",0.0,0.49446091840878637,0.8686131386861314,1,211.96060592939875,4985,584,0.4,0.00039404638788670187,119,137
"[26.784899999999997,51.0951], 0.0, 0.0, 0.0","ai_failure_rate, industry_Education, industry_Healthcare, industry_Technology",0.0,0.048282842081079885,0.5454545454545454,1,189.4942568446949,4985,596,0.26666666666666666,0.00038086051192066066,684,1254
"[26.784899999999997,51.0951], [-5.819100000000006,38.219100000000005], 0.0, 0.0, 0.0, 0.0","ai_failure_rate, ai_training_hours, industry_Education, industry_Healthcare, industry_Logistics, industry_Technology",0.0,0.054153990227198155,0.5581180811808119,1,189.99669743591835,4985,596,0.4,0.0003820280926795424,605,1084
"[0.03125,0.60875], 2.0, 0.0, 0.0, 0.0","ai_maturity_score, ai_adoption_stage, industry_Agriculture, industry_Consulting, industry_Healthcare",2.0,0.037192911869395565,0.5177165354330708,1,185.5387560176319,4995,597,0.3333333333333333,0.0003152804663198075,789,1524
"[30.83395,52.035650000000004], 2.0, 0.0, 0.0, 0.0, 0.0, 1.0","ai_adoption_rate, ai_adoption_stage, industry_Agriculture, industry_Consulting, industry_Finance, industry_Manufacturing, industry_Retail",1.0,0.0706310853860415,0.5885714285714285,1,164.5427249523861,4992,609,0.4666666666666667,0.00030589394730320464,103,175
"[31.3606,46.2736], 1.0, 0.0, 0.0, 0.0","ai_failure_rate, ai_adoption_stage, industry_Agriculture, industry_Healthcare, industry_Manufacturing",0.0,0.1069184352551865,0.6394557823129252,1,231.17795912529857,4934,612,0.3333333333333333,0.00042977250113488536,376,588
"[-0.8143499999999992,37.45805], 1.0, 0.0, 0.0, 0.0, 0.0, 0.0, 0.0","task_automation_rate, ai_adoption_stage, industry_Agriculture, industry_Consulting, industry_Healthcare, industry_Manufacturing, industry_Retail, industry_Technology",0.0,0.0489878950073913,0.5470383275261324,1,169.566100582891,4983,612,0.5333333333333333,0.0003152326780240343,314,574
"[52.424749015196056,80.9662], [8.6556,44.5044], 2.0, 0.0, 0.0, 0.0, 0.0","ai_adoption_rate, task_automation_rate, ai_adoption_stage, industry_Agriculture, industry_Consulting, industry_Healthcare, industry_Manufacturing",2.0,0.3921708428882455,0.8292682926829268,1,235.30987256225302,4924,620,0.4666666666666667,0.0004645542672932181,272,328
"[12.95835,41.581649999999996], [-0.8143499999999992,42.76225], 1.0, 0.0, 0.0, 0.0","ai_failure_rate, task_automation_rate, ai_adoption_stage, industry_Education, industry_Retail, industry_Technology",0.0,0.039640472638151236,0.5243578387953941,1,170.03690677390352,4951,629,0.4,0.00033564516117409195,592,1129
"[13.940100000000001,73.5793868480248], [16.086199999999998,37.9938], 0.0, 0.0","ai_training_hours, task_automation_rate, industry_Agriculture, industry_Retail",2.0,0.03229640432033333,0.5033045246568378,1,173.9312545142953,4980,634,0.26666666666666666,0.0002815633073891733,990,1967
"[12.7649,37.075100000000006], [13.940100000000001,67.0194], [14.70405,45.07595], 0.0, 0.0, 1.0","ai_failure_rate, ai_training_hours, task_automation_rate, industry_Agriculture, industry_Education, industry_Finance",2.0,0.013461532731592203,0.42249240121580545,1,162.77524064025147,4964,639,0.4,0.005907207147325948,139,329
"[37.6606,73.5793868480248], 0.0, 0.0, 0.0, 0.0","ai_training_hours, industry_Agriculture, industry_Logistics, industry_Manufacturing, industry_Technology",2.0,0.24921864734552954,0.7573839662447257,1,161.9268884853725,4988,639,0.3333333333333333,0.000294025528703736,359,474
"[0.13835,0.36165], [12.95835,41.581649999999996], 0.0, 0.0, 0.0","ai_maturity_score, ai_failure_rate, industry_Agriculture, industry_Consulting, industry_Manufacturing",0.0,0.027377652228015116,0.48694424841213835,1,166.16237787970127,4976,651,0.3333333333333333,0.00030890497089808554,690,1417
"[0.13835,0.36165], [-0.7609000000000012,32.4609], [-0.8143499999999992,25.574350000000003], 0.0, 0.0, 0.0","ai_maturity_score, ai_training_hours, task_automation_rate, industry_Consulting, industry_Logistics, industry_Retail",0.0,0.03481009320674724,0.5109060402684564,1,166.80372275020983,4976,659,0.4,0.0003281318282110916,609,1192
"[26.784899999999997,51.0951], [-10.9538,10.9538], 0.0, 0.0, 0.0, 0.0","ai_failure_rate, task_automation_rate, industry_Education, industry_Logistics, industry_Manufacturing, industry_Technology",0.0,0.2082554978774619,0.7306666666666667,1,246.694996175436,4951,662,0.4,0.0004586195237856293,274,375
"[-9.96865,11.888649999999998], 1.0, 0.0, 1.0, 0.0, 0.0, 0.0","ai_adoption_rate, ai_adoption_stage, industry_Education, industry_Healthcare, industry_Logistics, industry_Manufacturing, industry_Technology",0.0,1.0,1.0,1,260.91178752,4662,662,0.4666666666666667,0.00048504931837930186,12,12
"[41.773799999999994,80.9662], [8.6556,44.5044], 2.0, 0.0, 0.0, 0.0","ai_adoption_rate, task_automation_rate, ai_adoption_stage, industry_Consulting, industry_Healthcare, industry_Manufacturing",2.0,0.0867479269694612,0.6132701421800948,1,203.12579902920976,4964,669,0.4,0.0003663668369888802,647,1055
"[0.32615000000000005,0.7958500000000001], 2.0, 0.0","ai_maturity_score, ai_adoption_stage, industry_Finance",2.0,0.08057820437576493,0.604287369640788,2,191.9384035462677,4995,669,0.2,0.0006503829119832478,1043,1726
"[0.13835,0.36165], [-0.7609000000000012,32.4609], 0.0, 0.0, 0.0, 0.0","ai_maturity_score, ai_training_hours, industry_Agriculture, industry_Consulting, industry_Logistics, industry_Manufacturing",0.0,0.02760837672461537,0.48776223776223776,1,179.50810386798443,4976,687,0.4,0.0003337154072352996,558,1144
"[0.13835,0.36165], [12.95835,41.581649999999996], [-0.8143499999999992,25.574350000000003], 0.0, 0.0","ai_maturity_score, ai_failure_rate, task_automation_rate, industry_Consulting, industry_Retail",0.0,0.03247490576265021,0.503859649122807,1,156.29935350397213,4976,687,0.3333333333333333,0.00030372158025275856,718,1425
"[52.424749015196056,80.9662], [28.5228,62.5172], 2.0, 0.0","ai_adoption_rate, ai_training_hours, ai_adoption_stage, industry_Consulting",2.0,0.4525459204371923,0.8533604887983707,2,227.1930339241665,4995,693,0.26666666666666666,0.0008913844144324468,419,491
"[0.32615000000000005,0.7958500000000001], [8.6556,44.5044], 2.0, 0.0, 0.0, 0.0","ai_maturity_score, task_automation_rate, ai_adoption_stage, industry_Finance, industry_Healthcare, industry_Manufacturing",2.0,0.06180742800180021,0.5730706075533661,1,203.56925454832668,4988,693,0.4,0.00035221944313405747,698,1218
"[-14.782650000000002,37.22265], [-12.504700000000005,40.804700000000004], 0.0, 0.0, 0.0, 0.0, 0.0, 0.0","ai_adoption_rate, ai_training_hours, industry_Agriculture, industry_Consulting, industry_Finance, industry_Healthcare, industry_Logistics, industry_Retail",0,0.025983094877324198,0.4818791946308725,1,155.9904603245281,4985,708,0.5333333333333333,0.002936436028143863,359,745
"[28.5406,39.519400000000005], 0.0, 0.0, 1.0, 0.0, 0.0","ai_failure_rate, industry_Agriculture, industry_Consulting, industry_Education, industry_Finance, industry_Manufacturing",0.0,0.03932832284518794,0.5235294117647059,1,164.82899655460187,4909,708,0.4,0.00030642614190754187,89,170
"[0.32615000000000005,0.7958500000000001], [13.940100000000001,57.5183], [16.086199999999998,37.9938], 0.0, 0.0","ai_maturity_score, ai_training_hours, task_automation_rate, industry_Finance, industry_Manufacturing",2.0,0.06786226489799266,0.5838827838827839,2,195.07525681942033,4988,733,0.3333333333333333,0.0006649618675419531,797,1365
"[25.841699999999996,73.5793868480248], 0.0, 0.0","ai_training_hours, industry_Agriculture, industry_Retail",2.0,0.05603222898506607,0.5619369369369369,1,195.13663752358303,4995,733,0.2,0.00034316013500135164,998,1776
"[52.424749015196056,80.9662], [13.940100000000001,57.5183], [8.6556,44.5044], 0.0, 0.0, 0.0, 0.0, 1.0","ai_adoption_rate, ai_training_hours, task_automation_rate, industry_Agriculture, industry_Finance, industry_Healthcare, industry_Manufacturing, industry_Technology",2.0,0.7222976504991774,0.937007874015748,1,283.6360817635778,4924,734,0.5333333333333333,0.0005272950273151359,119,127
"[0.32615000000000005,0.7958500000000001], [38.5295,65.5705], 2.0, 0.0, 0.0, 0.0","ai_maturity_score, ai_training_hours, ai_adoption_stage, industry_Consulting, industry_Healthcare, industry_Manufacturing",2.0,0.29389720504740596,0.7827788649706457,1,215.19815135094223,4988,734,0.4,0.0004014342821045633,400,511
"[-9.96865,11.888649999999998], 0.0, 0.0, 0.0, 0.0, 0.0","ai_adoption_rate, industry_Agriculture, industry_Consulting, industry_Education, industry_Logistics, industry_Technology",0.0,0.4775685723080173,0.8625954198473282,1,219.02825540211703,4985,757,0.4,0.00040718553576449967,113,131
"[12.95835,42.339400000000005], [-0.8143499999999992,25.574350000000003], 1.0, 0.0, 0.0, 0.0, 0.0, 0.0","ai_failure_rate, task_automation_rate, ai_adoption_stage, industry_Consulting, industry_Healthcare, industry_Logistics, industry_Manufacturing, industry_Retail",0.0,0.04229697586404195,0.5312046444121916,1,173.63446688041125,4983,762,0.5333333333333333,0.00034400523803223497,366,689
"[31.3606,41.581649999999996], [-0.7609000000000012,32.4609], [-0.8143499999999992,25.574350000000003], 1.0, 0.0, 0.0, 0.0, 0.0, 0.0","ai_failure_rate, ai_training_hours, task_automation_rate, ai_adoption_stage, industry_Agriculture, industry_Consulting, industry_Education, industry_Manufacturing, industry_Retail",0.0,0.14893875190449568,0.6832844574780058,2,269.95705225086783,4934,762,0.6,0.0010037299229030173,233,341
"[0.32615000000000005,0.7958500000000001], [38.5295,42.91130565061077], 2.0, 0.0, 0.0, 0.0, 0.0","ai_maturity_score, ai_training_hours, ai_adoption_stage, industry_Consulting, industry_Healthcare, industry_Manufacturing, industry_Retail",2.0,0.3550734632824669,0.8129496402877698,1,211.55403121252795,4947,767,0.4666666666666667,0.00040935000283790044,113,139
"[33.7264,41.581649999999996], [-0.7609000000000012,33.869800000000005], [-0.8143499999999992,37.45805], 1.0, 0.0, 0.0, 0.0, 0.0, 0.0, 0.0","ai_failure_rate, ai_training_hours, task_automation_rate, ai_adoption_stage, industry_Agriculture, industry_Consulting, industry_Education, industry_Healthcare, industry_Manufacturing, industry_Retail",0.0,0.08684126823912228,0.6134020618556701,1,299.638296167623,4934,777,0.6666666666666666,0.0005570440212682994,119,194
"[31.3606,46.2736], 1.0, 0.0, 0.0, 0.0","ai_failure_rate, ai_adoption_stage, industry_Agriculture, industry_Manufacturing, industry_Technology",0.0,0.138727772657782,0.6736474694589878,1,227.56025724659168,4934,777,0.3333333333333333,0.00042304699498951125,386,573
"[0.32615000000000005,0.7958500000000001], [0.81005882834231,73.5793868480248], 0.0, 0.0","ai_maturity_score, ai_training_hours, industry_Manufacturing, industry_Retail",2.0,0.05465436394439313,0.559145673603505,1,189.65558198607124,4980,782,0.26666666666666666,0.00032723891193600933,1021,1826
"[0.15804999999999997,0.67395], [12.2485,24.011499999999998], 0.0, 0.0, 0.0","ai_maturity_score, ai_failure_rate, industry_Consulting, industry_Manufacturing, industry_Retail",2.0,0.06050622977756779,0.5706371191135734,1,188.59181509407614,4980,801,0.3333333333333333,0.0003241489104096485,618,1083
"[30.83395,52.035650000000004], [11.579349999999998,32.36065], 2.0, 0.0, 0.0, 0.0, 1.0, 0.0","ai_adoption_rate, ai_failure_rate, ai_adoption_stage, industry_Agriculture, industry_Consulting, industry_Manufacturing, industry_Retail, industry_Technology",1.0,0.06366280525433192,0.5764705882352941,1,164.5427249523861,4992,803,0.5333333333333333,0.00030589394730320464,98,170
"[30.83395,55.706050000000005], 0.0, 0.0, 0.0, 0.0, 1.0","ai_adoption_rate, industry_Consulting, industry_Finance, industry_Healthcare, industry_Manufacturing, industry_Retail",1.0,0.05758752454246732,0.5650224215246636,1,161.54042875783136,4992,803,0.4,0.00030031251406638734,126,223
"[-0.018600000000000005,0.2586], [31.3606,42.339400000000005], [-0.7609000000000012,32.4609], [-0.8143499999999992,25.574350000000003], 1.0, 0.0, 0.0, 0.0, 0.0, 0.0","ai_maturity_score, ai_failure_rate, ai_training_hours, task_automation_rate, ai_adoption_stage, industry_Agriculture, industry_Consulting, industry_Healthcare, industry_Manufacturing, industry_Retail",0.0,0.2693290743429045,0.7692307692307693,2,298.2628448959764,4934,807,0.6666666666666666,0.001108973963880992,180,234
"[0.32615000000000005,0.7958500000000001], [10.901449999999999,30.89855], [-4.658471145878865,44.5044], 2.0, 0.0","ai_maturity_score, ai_failure_rate, task_automation_rate, ai_adoption_stage, industry_Manufacturing",2.0,0.050682280287740515,0.550771208226221,1,187.6330542316368,4988,810,0.3333333333333333,0.0003213639275805663,857,1556
"[3.7512000000000008,39.928799999999995], [31.3606,46.2736], 1.0, 0.0, 0.0, 0.0, 0.0","ai_adoption_rate, ai_failure_rate, ai_adoption_stage, industry_Agriculture, industry_Education, industry_Manufacturing, industry_Technology",0.0,0.13599038573236075,0.6709677419354839,2,228.14156638292303,4934,817,0.4666666666666667,0.000848255361092419,312,465
"[-0.018600000000000005,0.2586], [31.3606,42.339400000000005], [-0.7609000000000012,32.4609], [-8.544899999999998,22.3249], 1.0, 0.0, 0.0, 0.0, 0.0","ai_maturity_score, ai_failure_rate, ai_training_hours, task_automation_rate, ai_adoption_stage, industry_Agriculture, industry_Consulting, industry_Healthcare, industry_Manufacturing",0.0,0.2578210028665642,0.7625418060200669,1,297.82711402333155,4934,847,0.6,0.0005536769343578164,228,299
"[-0.7609000000000012,32.4609], [-0.8143499999999992,25.574350000000003], 1.0, 0.0, 0.0, 0.0, 0.0, 0.0","ai_training_hours, task_automation_rate, ai_adoption_stage, industry_Agriculture, industry_Consulting, industry_Education, industry_Manufacturing, industry_Retail",0.0,0.07404604491796604,0.5941558441558441,1,179.3432611266294,4976,847,0.5333333333333333,0.0003334089555410544,366,616
"[0.40175,0.59425], [12.2485,24.011499999999998], 2.0, 0.0, 0.0, 0.0, 0.0","ai_maturity_score, ai_failure_rate, ai_adoption_stage, industry_Consulting, industry_Finance, industry_Healthcare, industry_Retail",2.0,0.20346349914002398,0.7272727272727273,1,207.41102003719848,4947,856,0.4666666666666667,0.00036114700898621144,344,473
"2.0, 0.0, 0.0, 1.0","ai_adoption_stage, industry_Agriculture, industry_Consulting, industry_Manufacturing",2.0,0.10904145145623527,0.6419753086419753,1,148.30861187587377,4995,856,0.26666666666666666,0.0002757138410032882,156,243
"[-0.018600000000000005,0.2586], [-0.7609000000000012,32.4609], [-0.8143499999999992,22.3249], 1.0, 0.0, 0.0, 0.0, 0.0, 0.0","ai_maturity_score, ai_training_hours, task_automation_rate, ai_adoption_stage, industry_Agriculture, industry_Consulting, industry_Manufacturing, industry_Retail, industry_Technology",0.0,0.2126303692949845,0.7337110481586402,1,235.5054996771004,4983,859,0.6,0.0004378176362928719,259,353
"[31.3606,42.339400000000005], 1.0, 0.0, 0.0, 0.0, 0.0, 0.0","ai_failure_rate, ai_adoption_stage, industry_Agriculture, industry_Consulting, industry_Education, industry_Healthcare, industry_Manufacturing",0.0,0.12140440149227026,0.6559139784946236,1,245.7435082011712,4934,859,0.4666666666666667,0.0004568506554728941,244,372
"[0.06274999999999997,0.56325], [21.195149999999998,43.54485], 2.0, 1.0, 0.0, 0.0","ai_maturity_score, ai_failure_rate, ai_adoption_stage, industry_Healthcare, industry_Manufacturing, industry_Retail",2,0.06453116183993757,0.5780346820809249,2,134.60760326528336,4907,872,0.4,0.0005004858295832443,100,173
"[0.40175,0.7958500000000001], [38.5295,65.5705], 2.0, 0.0, 0.0","ai_maturity_score, ai_training_hours, ai_adoption_stage, industry_Consulting, industry_Healthcare",2.0,0.29644779034482244,0.7841328413284133,2,227.13723429021235,4995,873,0.3333333333333333,0.000872229219787535,425,542
"[-0.018600000000000005,0.2586], [-0.7609000000000012,28.956202357646994], [22.3249,22.552595553145288], 1.0, 0.0, 0.0, 0.0, 0.0, 0.0, 0.0","ai_maturity_score, ai_training_hours, task_automation_rate, ai_adoption_stage, industry_Agriculture, industry_Consulting, industry_Finance, industry_Manufacturing, industry_Retail, industry_Technology",0.0,0.1,1.0,1,130.5,882,882,0.6666666666666666,0.0002426066551080861,0,0
"1.0, 0.0, 0.0","ai_adoption_stage, industry_Logistics, industry_Technology",0.0,0.03814168382153332,0.5203313253012049,1,174.9439997004048,4983,889,0.2,0.00034704835467220515,691,1328
"[-27.8136,27.8136], [-8.9622,8.9622], 0.0, 0.0, 0.0, 0.0","ai_training_hours, task_automation_rate, industry_Agriculture, industry_Education, industry_Logistics, industry_Technology",0.0,0.2908423719606241,0.7811447811447811,2,238.34376993386394,4985,889,0.4,0.0008861882726361066,232,297
"[0.40175,0.59425], [12.2485,24.011499999999998], 2.0, 0.0, 0.0, 0.0","ai_maturity_score, ai_failure_rate, ai_adoption_stage, industry_Finance, industry_Healthcare, industry_Retail",2.0,0.2044608673212576,0.7279843444227005,1,199.27877155306135,4947,891,0.4,0.00034224913922333483,372,511
"[0.40175,0.59425], [12.2485,24.011499999999998], 2.0, 0.0, 0.0, 0.0","ai_maturity_score, ai_failure_rate, ai_adoption_stage, industry_Consulting, industry_Finance, industry_Healthcare",2.0,0.15735712701422147,0.6908396946564885,1,199.15977087948272,4947,891,0.4,0.00034197260325233373,362,524
"[-0.0031999999999999806,0.5512], [-0.7609000000000012,33.869800000000005], [-0.8143499999999992,25.574350000000003], 0.0, 0.0, 0.0","ai_maturity_score, ai_training_hours, task_automation_rate, industry_Consulting, industry_Logistics, industry_Retail",0.0,0.027868877231037016,0.48867924528301887,1,169.4371151833655,4985,903,0.4,0.00033425135435855187,777,1590
"[12.95835,46.2736], 1.0, 0.0, 0.0, 0.0","ai_failure_rate, ai_adoption_stage, industry_Consulting, industry_Education, industry_Manufacturing",0.0,0.049881473747554805,0.5490196078431373,1,159.5401483002568,4976,904,0.3333333333333333,0.00031125259927017535,616,1122
"[3.7512000000000008,39.928799999999995], [-0.7609000000000012,32.4609], 0.0, 0.0, 0.0, 0.0","ai_adoption_rate, ai_training_hours, industry_Agriculture, industry_Healthcare, industry_Manufacturing, industry_Technology",0.0,0.0386891598349789,0.5218165627782725,1,180.23828725699724,4983,904,0.4,0.0003350728581902719,586,1123
"[3.7512000000000008,39.928799999999995], [-0.7609000000000012,32.4609], 0.0, 0.0","ai_adoption_rate, ai_training_hours, industry_Agriculture, industry_Technology",0.0,0.031532888920233065,0.5009019843656043,1,173.98200352606548,4983,909,0.26666666666666666,0.00032344208371235244,833,1663
"[3.7512000000000008,39.928799999999995], [-0.7609000000000012,32.4609], 0.0, 0.0, 0.0","ai_adoption_rate, ai_training_hours, industry_Agriculture, industry_Healthcare, industry_Technology",0.0,0.03456156431462164,0.5101744186046512,1,176.27223422493003,4983,910,0.3333333333333333,0.00032769974815125957,702,1376
"[-0.0031999999999999806,0.5512], [12.95835,41.581649999999996], [-0.7609000000000012,32.4609], [-0.8143499999999992,25.574350000000003], 0.0, 0.0, 0.0","ai_maturity_score, ai_failure_rate, ai_training_hours, task_automation_rate, industry_Consulting, industry_Logistics, industry_Manufacturing",0.0,0.034652928207075585,0.5104438642297651,1,167.4333244818134,4983,911,0.4666666666666667,0.0003295949083849863,782,1532
"[-9.96865,11.888649999999998], [-8.9622,8.9622], 0.0, 0.0, 1.0, 0.0","ai_adoption_rate, task_automation_rate, industry_Education, industry_Logistics, industry_Retail, industry_Technology",0.0,1.0,1.0,3,270.2038467131605,4914,914,0.4,0.001506971297664779,20,20
"[26.784899999999997,51.0951], [-27.8136,27.8136], 0.0, 0.0, 0.0, 0.0, 0.0","ai_failure_rate, ai_training_hours, industry_Agriculture, industry_Education, industry_Finance, industry_Logistics, industry_Technology",0.0,0.07793000430760484,0.6002621231979031,1,190.3722086137556,4985,914,0.4666666666666667,0.00035391237361932586,458,763
"[52.424749015196056,80.9662], [13.940100000000001,57.5183], [8.6556,44.5044], 0.0, 0.0, 0.0, 1.0","ai_adoption_rate, ai_training_hours, task_automation_rate, industry_Agriculture, industry_Finance, industry_Manufacturing, industry_Technology",2.0,0.7124019561624864,0.9344262295081968,1,283.6360817635813,4924,924,0.4666666666666667,0.0005272950273151423,114,122
"[52.424749015196056,80.9662], [13.940100000000001,57.5183], [8.6556,44.5044], 0.0, 0.0, 0.0, 0.0, 0.0, 0.0, 1.0","ai_adoption_rate, ai_training_hours, task_automation_rate, industry_Agriculture, industry_Education, industry_Finance, industry_Healthcare, industry_Manufacturing, industry_Retail, industry_Technology",2.0,0.7124019561624864,0.9344262295081968,1,283.6360817635813,4924,924,0.6666666666666666,0.0005272950273151423,114,122
"[-0.7609000000000012,32.4609], [3.978249999999999,36.341750000000005], 1.0, 0.0, 0.0, 0.0, 0.0","ai_training_hours, task_automation_rate, ai_adoption_stage, industry_Agriculture, industry_Consulting, industry_Retail, industry_Technology",0.0,0.037102441333465824,0.517464424320828,1,158.8541362759944,4983,934,0.4666666666666667,0.00029531854905749487,400,773
"[3.7512000000000008,39.928799999999995], [-0.018600000000000005,0.2586], [-0.7609000000000012,32.4609], [-0.8143499999999992,22.3249], 1.0, 0.0, 0.0, 0.0, 0.0, 0.0","ai_adoption_rate, ai_maturity_score, ai_training_hours, task_automation_rate, ai_adoption_stage, industry_Agriculture, industry_Consulting, industry_Healthcare, industry_Manufacturing, industry_Technology",0.0,0.21528966483375184,0.7355371900826446,3,251.73094159403482,4983,934,0.6666666666666666,0.0014039448672951212,267,363
"[27.893546231699915,51.0951], [-0.8143499999999992,25.574350000000003], 0.0, 0.0, 0.0","ai_failure_rate, task_automation_rate, industry_Education, industry_Healthcare, industry_Technology",0.0,0.09240213224302425,0.6210640608034745,2,191.2050951667622,4985,940,0.3333333333333333,0.0007696723794495107,572,921
"[-0.0031999999999999806,0.5512], [26.784899999999997,41.581649999999996], [-0.7609000000000012,33.869800000000005], 0.0","ai_maturity_score, ai_failure_rate, ai_training_hours, industry_Healthcare",0.0,0.04686656039863562,0.5422163588390502,1,181.93616813301466,4985,940,0.26666666666666666,0.0003632968852793683,822,1516
"[41.773799999999994,80.9662], [8.6556,44.5044], 2.0, 0.0, 0.0, 1.0, 0.0","ai_adoption_rate, task_automation_rate, ai_adoption_stage, industry_Agriculture, industry_Consulting, industry_Finance, industry_Healthcare",2.0,0.04865654650505348,0.5462962962962963,1,161.06362567054722,4964,955,0.4666666666666667,0.0002920194625736215,118,216
"[21.195149999999998,43.54485], [1.7241,22.6359], 1.0, 0.0, 0.0","ai_failure_rate, task_automation_rate, industry_Education, industry_Manufacturing, industry_Retail",1.0,0.02978998076688114,0.49523809523809526,1,159.31880190793078,4962,962,0.3333333333333333,0.00029618238794414445,104,210
"[3.7512000000000008,39.928799999999995], [-0.8143499999999992,22.3249], 0.0, 0.0, 0.0","ai_adoption_rate, task_automation_rate, industry_Agriculture, industry_Healthcare, industry_Manufacturing",0.0,0.04205487357440853,0.5305951383067896,1,184.96103108718893,4983,972,0.3333333333333333,0.00034385269791115434,633,1193
"[25.841699999999996,73.5793868480248], 0.0, 0.0, 0.0","ai_training_hours, industry_Agriculture, industry_Logistics, industry_Manufacturing",2.0,0.04491649248761728,0.5376271186440678,2,181.21641721630164,4988,973,0.26666666666666666,0.007962534382022176,793,1475
"[0.32615000000000005,0.7958500000000001], [37.6606,57.5183], 1.0, 0.0, 0.0, 0.0, 0.0","ai_maturity_score, ai_training_hours, industry_Education, industry_Finance, industry_Manufacturing, industry_Retail, industry_Technology",2.0,0.34765472254481466,0.8095238095238095,1,218.62476338795437,4973,973,0.4666666666666667,0.0004064354219873439,68,84
"[-12.504700000000005,45.651300000000006], [-8.9622,8.9622], 0.0, 0.0, 0.0","ai_training_hours, task_automation_rate, industry_Consulting, industry_Education, industry_Healthcare",0.0,0.17386497534708378,0.7047619047619048,2,221.64133209622474,4985,976,0.3333333333333333,0.0008240867772193957,222,315
"[-20.340450000000004,22.620450000000005], [-12.504700000000005,45.651300000000006], [-8.9622,8.9622], 0.0, 0.0, 0.0","ai_adoption_rate, ai_training_hours, task_automation_rate, industry_Consulting, industry_Education, industry_Healthcare",0.0,0.39984172224515474,0.8324873096446701,1,272.14344945271944,4985,985,0.4,0.0005059295937264427,164,197
"[-12.504700000000005,45.651300000000006], [-8.9622,8.9622], 0.0, 0.0, 0.0, 0.0","ai_training_hours, task_automation_rate, industry_Consulting, industry_Education, industry_Healthcare, industry_Retail",0.0,0.14587628382177315,0.6804511278195489,1,219.0347737043114,4985,985,0.4,0.00040719765364566714,181,266
"[0.32615000000000005,0.7958500000000001], 2.0, 0.0, 0.0","ai_maturity_score, ai_adoption_stage, industry_Consulting, industry_Healthcare",2.0,0.06735002909011902,0.5829986613119144,1,190.2601169475509,4995,988,0.26666666666666666,0.00032899494887207834,871,1494
"[38.5295,65.5705], 2.0, 0.0, 0.0, 0.0","ai_training_hours, ai_adoption_stage, industry_Finance, industry_Healthcare, industry_Manufacturing",2.0,0.33276810136790563,0.8024691358024691,1,224.07462582254254,4988,988,0.3333333333333333,0.00039987020497876,325,405
"[30.83395,52.035650000000004], [0.06274999999999997,0.56325], [0.46860000000000035,27.1314], [7.8767499999999995,25.30325], 2.0, 0.0, 0.0, 0.0, 0.0, 0.0, 1.0","ai_adoption_rate, ai_maturity_score, ai_failure_rate, task_automation_rate, ai_adoption_stage, industry_Agriculture, industry_Consulting, industry_Education, industry_Finance, industry_Manufacturing, industry_Retail",1.0,0.2373046875,0.75,1,180.02885895009956,4992,992,0.7333333333333333,0.0003346835194851271,60,80
"[-27.8136,27.8136], [-8.9622,8.9622], 0.0, 0.0, 0.0","ai_training_hours, task_automation_rate, industry_Agriculture, industry_Education, industry_Technology",0.0,0.2588642078729486,0.7631578947368421,1,236.62203726606614,4985,994,0.3333333333333333,0.00043989334088874487,232,304
"[3.7512000000000008,39.928799999999995], [-0.018600000000000005,0.2586], [-0.7609000000000012,32.4609], [-0.8143499999999992,22.3249], 1.0, 0.0, 0.0, 0.0, 0.0","ai_adoption_rate, ai_maturity_score, ai_training_hours, task_automation_rate, ai_adoption_stage, industry_Agriculture, industry_Healthcare, industry_Manufacturing, industry_Technology",0.0,0.21116491530285966,0.7326968973747017,1,242.1233872746331,4983,1009,0.6,0.0004501206521849692,307,419
"[3.7512000000000008,39.928799999999995], [31.3606,46.2736], 1.0, 0.0, 0.0, 0.0, 0.0, 0.0","ai_adoption_rate, ai_failure_rate, ai_adoption_stage, industry_Agriculture, industry_Consulting, industry_Education, industry_Manufacturing, industry_Technology",0.0,0.17106760571860832,0.7024793388429752,1,237.18532492924538,4934,1016,0.5333333333333333,0.00044094052353876455,255,363
"[0.15804999999999997,0.67395], [12.2485,24.011499999999998], 0.0, 0.0, 0.0, 0.0","ai_maturity_score, ai_failure_rate, industry_Consulting, industry_Logistics, industry_Manufacturing, industry_Retail",2.0,0.056628819154433595,0.5631284916201117,1,184.01755712690135,4980,1019,0.4,0.00034536023395490847,504,895
"[0.15804999999999997,0.67395], [12.2485,24.011499999999998], 0.0, 0.0","ai_maturity_score, ai_failure_rate, industry_Consulting, industry_Retail",2.0,0.05876974351927116,0.5673234811165846,1,179.28410930421455,4980,1019,0.26666666666666666,0.0002971121363626121,691,1218
"[11.81805,47.24195], [2.270999999999999,25.448999999999998], [8.506699999999999,35.393299999999996], 1.0, 0.0, 1.0, 0.0, 0.0, 0.0, 0.0, 0.0, 0.0, 0.0","ai_adoption_rate, ai_training_hours, task_automation_rate, ai_adoption_stage, industry_Agriculture, industry_Consulting, industry_Education, industry_Finance, industry_Healthcare, industry_Logistics, industry_Manufacturing, industry_Retail, industry_Technology",1.0,0.2555505776547269,0.7611940298507462,1,206.50979178912158,4953,1020,0.8666666666666667,0.00038391302554042985,51,67
"[-7.2032500000000015,18.283250000000002], [52.362500000000004,71.67750000000001], [18.601950000000002,47.978049999999996], 3.0, 0.0, 0.0, 1.0, 0.0, 0.0","ai_failure_rate, ai_training_hours, task_automation_rate, ai_adoption_stage, industry_Agriculture, industry_Education, industry_Finance, industry_Healthcare, industry_Technology",2.0,1.0,1.0,1,43.666666666666664,4025,1025,0.6,8.11787275074311e-05,3,3
"[3.7512000000000008,39.928799999999995], [-0.8143499999999992,22.3249], 0.0, 0.0","ai_adoption_rate, task_automation_rate, industry_Agriculture, industry_Healthcare",0.0,0.038706674338325545,0.5218637992831541,1,180.8010997690556,4983,1033,0.26666666666666666,0.00033611915750830605,728,1395
"[-8.9622,8.9622], 0.0, 0.0, 1.0, 0.0","task_automation_rate, industry_Education, industry_Logistics, industry_Retail, industry_Technology",0.0,0.3933994473226094,0.8297872340425532,1,264.02641877333156,4914,1039,0.3333333333333333,0.0004908395886495384,39,47
"[12.2485,24.011499999999998], [13.940100000000001,70.3399], 0.0, 0.0, 0.0","ai_failure_rate, ai_training_hours, industry_Consulting, industry_Finance, industry_Retail",2.0,0.07472287811932173,0.5952380952380952,1,185.6853713756132,4980,1043,0.3333333333333333,0.0003106605439302662,600,1008
"[0.06274999999999997,0.56325], [21.195149999999998,43.54485], 2.0, 1.0, 0.0","ai_maturity_score, ai_failure_rate, ai_adoption_stage, industry_Healthcare, industry_Manufacturing",2,0.05822356959113004,0.5662650602409639,1,134.60760326528336,4907,1047,0.3333333333333333,0.00025024291479162214,94,166
"[0.06274999999999997,0.56325], [21.195149999999998,43.54485], 2.0, 0.0, 1.0, 0.0, 0.0","ai_maturity_score, ai_failure_rate, ai_adoption_stage, industry_Agriculture, industry_Healthcare, industry_Manufacturing, industry_Retail",2,0.05822356959113004,0.5662650602409639,1,134.60760326528336,4907,1047,0.4666666666666667,0.00025024291479162214,94,166
"[3.7512000000000008,39.928799999999995], [-0.018600000000000005,0.2586], [31.3606,46.2736], 1.0, 0.0, 0.0, 0.0, 0.0","ai_adoption_rate, ai_maturity_score, ai_failure_rate, ai_adoption_stage, industry_Agriculture, industry_Consulting, industry_Healthcare, industry_Manufacturing",0.0,0.2765882018238683,0.7733333333333333,1,282.35331363148293,4934,1048,0.5333333333333333,0.0005249102910254288,232,300
"[12.95835,41.581649999999996], [-0.7609000000000012,32.4609], [-0.8143499999999992,25.574350000000003], 1.0, 0.0, 0.0, 0.0, 0.0, 0.0, 0.0, 0.0","ai_failure_rate, ai_training_hours, task_automation_rate, ai_adoption_stage, industry_Consulting, industry_Education, industry_Healthcare, industry_Logistics, industry_Manufacturing, industry_Retail, industry_Technology",0.0,0.08410649631542545,0.6094890510948905,2,238.31479193192672,4951,1053,0.7333333333333333,0.0009886211525405603,167,274
"[41.773799999999994,80.9662], 2.0, 0.0, 0.0","ai_adoption_rate, ai_adoption_stage, industry_Agriculture, industry_Consulting",2.0,0.13082315626477875,0.6657894736842105,3,205.97326037259086,4995,1061,0.26666666666666666,0.001123914198900091,759,1140
"[52.424749015196056,80.9662], [62.5172,63.51088148545364], [18.740900000000003,47.619099999999996], 2.0, 0.0, 0.0, 0.0","ai_adoption_rate, ai_training_hours, task_automation_rate, ai_adoption_stage, industry_Consulting, industry_Healthcare, industry_Retail",1,0.0,0.0,1,106.75,1061,1061,0.4666666666666667,0.00019845410293324286,0,4
"[41.773799999999994,80.9662], [0.32235,0.69965], [8.6556,44.5044], 2.0, 0.0, 0.0","ai_adoption_rate, ai_maturity_score, task_automation_rate, ai_adoption_stage, industry_Agriculture, industry_Healthcare",2.0,0.13957480231331135,0.674468085106383,2,208.15102485374342,4995,1068,0.4,0.0007619279562682987,634,940
"[3.7512000000000008,39.928799999999995], [-0.08034999999999999,0.31235], [12.95835,41.581649999999996], [-0.8143499999999992,22.3249], 0.0, 0.0, 1.0, 0.0, 0.0, 0.0","ai_adoption_rate, ai_maturity_score, ai_failure_rate, task_automation_rate, industry_Agriculture, industry_Consulting, industry_Finance, industry_Healthcare, industry_Manufacturing, industry_Technology",0.0,0.19766169100952616,0.7230769230769231,1,333.6250548493884,4934,1071,0.6666666666666666,0.0006202272690977922,94,130
"[0.32615000000000005,0.7958500000000001], [13.940100000000001,70.3399], 0.0, 0.0","ai_maturity_score, ai_training_hours, industry_Finance, industry_Manufacturing",2.0,0.05058282086183101,0.5505548705302096,1,190.8254275634598,4988,1078,0.26666666666666666,0.00032260510177318857,893,1622
"[27.893546231699915,41.581649999999996], [-0.7609000000000012,33.869800000000005], 0.0, 0.0, 0.0, 0.0, 0.0","ai_failure_rate, ai_training_hours, ai_adoption_stage, industry_Consulting, industry_Healthcare, industry_Retail, industry_Technology",0.0,0.46266436603796024,0.8571428571428571,1,183.5373280252673,4985,1087,0.4666666666666667,0.0003412059558596605,72,84
"[3.536399999999997,45.7436], [-27.8136,27.8136], 0.0, 0.0, 0.0, 0.0, 0.0","ai_adoption_rate, ai_training_hours, industry_Agriculture, industry_Education, industry_Logistics, industry_Manufacturing, industry_Technology",0.0,0.03871473084365487,0.5218855218855218,1,208.1493286247171,4972,1094,0.4666666666666667,0.000386961014411007,465,891
"[3.7512000000000008,39.928799999999995], [31.3606,46.2736], [-8.9622,8.9622], 1.0, 0.0, 0.0, 0.0, 0.0, 0.0","ai_adoption_rate, ai_failure_rate, task_automation_rate, ai_adoption_stage, industry_Agriculture, industry_Consulting, industry_Education, industry_Manufacturing, industry_Technology",0.0,0.3173112237881989,0.7948717948717948,1,328.72299847723616,4900,1094,0.6,0.0006111140775299827,62,78
"[41.773799999999994,80.9662], [0.32235,0.69965], [8.6556,44.5044], 2.0, 0.0, 0.0, 0.0","ai_adoption_rate, ai_maturity_score, task_automation_rate, ai_adoption_stage, industry_Agriculture, industry_Finance, industry_Healthcare",2.0,0.1679084874230471,0.6998654104979811,1,226.5898725814002,4995,1096,0.4666666666666667,0.00040571518201839516,520,743
"[0.32235,0.69965], [38.5295,65.5705], 2.0, 0.0, 0.0, 0.0","ai_maturity_score, ai_training_hours, ai_adoption_stage, industry_Agriculture, industry_Finance, industry_Healthcare",2.0,0.4081962777709123,0.8359375,1,231.59984955782778,4995,1097,0.4,0.0004173574593787364,321,384
"[7.8767499999999995,25.30325], 2.0, 0.0, 0.0","task_automation_rate, ai_adoption_stage, industry_Consulting, industry_Education",1.0,0.015606963841712718,0.4351747463359639,1,156.43928315773414,4996,1105,0.26666666666666666,0.004902761606326981,386,887
"[-0.13865,0.56325], 1.0, 1.0, 0.0, 0.0, 0.0","ai_maturity_score, ai_adoption_stage, industry_Consulting, industry_Manufacturing, industry_Retail, industry_Technology",1.0,0.0357074950308936,0.5135135135135135,1,196.6122442589807,4953,1107,0.4,0.0003655129420150599,76,148
"[7.891049999999996,58.38895000000001], [-0.13865,0.4737], 1.0, 1.0, 0.0, 0.0","ai_adoption_rate, ai_maturity_score, ai_adoption_stage, industry_Consulting, industry_Finance, industry_Manufacturing",1.0,0.04095015037828753,0.5277777777777778,1,197.4251896758961,4953,1107,0.4,0.00036702425211761387,76,144
"[-9.96865,11.888649999999998], [-10.9538,10.9538], 0.0, 0.0, 0.0, 0.0","ai_adoption_rate, task_automation_rate, industry_Agriculture, industry_Education, industry_Logistics, industry_Technology",0.0,0.4939144320360374,0.868421052631579,1,239.73283894059165,4985,1131,0.4,0.0004456764917620113,99,114
"[0.32615000000000005,0.7958500000000001], [13.940100000000001,57.5183], 0.0, 0.0","ai_maturity_score, ai_training_hours, industry_Finance, industry_Retail",2.0,0.06554063529148238,0.5798319327731093,1,192.73904732714635,4995,1147,0.26666666666666666,0.00032705200684997706,897,1547
"[0.32615000000000005,0.7958500000000001], [25.841699999999996,57.5183], 3.0, 1.0, 0.0","ai_maturity_score, ai_training_hours, ai_adoption_stage, industry_Education, industry_Finance",2.0,1.0,1.0,1,79.0,4147,1147,0.3333333333333333,0.00014686533144474178,3,3
"[-0.018600000000000005,0.2586], [12.95835,41.581649999999996], [-0.7609000000000012,32.4609], [-0.8143499999999992,22.3249], 1.0, 0.0, 0.0, 0.0, 0.0, 0.0, 0.0, 0.0","ai_maturity_score, ai_failure_rate, ai_training_hours, task_automation_rate, ai_adoption_stage, industry_Agriculture, industry_Consulting, industry_Education, industry_Logistics, industry_Manufacturing, industry_Retail, industry_Technology",0.0,0.3344500190985326,0.8032786885245902,1,271.8055399340634,4934,1160,0.8,0.000505301401404218,147,183
"[-0.7609000000000012,32.4609], [-0.8143499999999992,25.574350000000003], 0.0, 0.0, 0.0, 0.0, 0.0","ai_training_hours, task_automation_rate, industry_Consulting, industry_Healthcare, industry_Manufacturing, industry_Retail, industry_Technology",0.0,0.033327583614061435,0.5064782096584217,1,168.46634961555708,4983,1160,0.4666666666666667,0.0003319954713384359,430,849
"[-0.019600000000000006,0.2576], [-27.8136,27.8136], [-8.9622,8.9622], 0.0, 0.0, 0.0, 0.0","ai_maturity_score, ai_training_hours, task_automation_rate, industry_Agriculture, industry_Education, industry_Logistics, industry_Technology",0.0,0.5249485268249526,0.8790697674418605,1,259.0749545579406,4985,1164,0.4666666666666667,0.00048163454519219444,189,215
"[0.38050594775420726,0.7958500000000001], [13.940100000000001,57.5183], 0.0, 0.0","ai_maturity_score, ai_training_hours, industry_Finance, industry_Retail",2.0,0.13880385248959576,0.673721340388007,4,196.77207262601556,4995,1168,0.26666666666666666,0.0013456961031748102,764,1134
"[26.784899999999997,51.0951], [-10.9538,10.9538], 0.0, 0.0, 0.0, 0.0, 0.0","ai_failure_rate, task_automation_rate, ai_adoption_stage, industry_Education, industry_Healthcare, industry_Logistics, industry_Technology",0.0,0.6561920865161727,0.9191919191919192,1,235.28478746843712,4985,1171,0.4666666666666667,0.0004374073201956664,91,99
"[-9.96865,11.888649999999998], 0.0, 0.0, 0.0, 0.0","ai_adoption_rate, industry_Agriculture, industry_Education, industry_Manufacturing, industry_Technology",0.0,0.3047211266817917,0.7884615384615384,1,217.08985326357381,4914,1171,0.3333333333333333,0.000403581939909432,82,104
"[0.40175,0.7958500000000001], [-0.013749999999999929,29.393749999999997], [38.5295,65.5705], 2.0, 0.0, 0.0","ai_maturity_score, ai_failure_rate, ai_training_hours, ai_adoption_stage, industry_Consulting, industry_Healthcare",2.0,0.29080461395424106,0.7811244979919679,1,227.13723429054014,4995,1172,0.4,0.0004361146098947197,389,498
"[-0.08034999999999999,0.31235], [12.95835,41.581649999999996], [-0.7609000000000012,32.4609], [-0.8143499999999992,25.574350000000003], 1.0, 0.0, 0.0, 0.0, 0.0","ai_maturity_score, ai_failure_rate, ai_training_hours, task_automation_rate, ai_adoption_stage, industry_Agriculture, industry_Consulting, industry_Retail, industry_Technology",0.0,0.10648167752548132,0.6389324960753532,1,184.45111608798547,4983,1174,0.6,0.0003429047379698042,407,637
"[-0.8143499999999992,22.3249], 1.0, 0.0, 0.0, 0.0, 0.0, 0.0","task_automation_rate, ai_adoption_stage, industry_Agriculture, industry_Consulting, industry_Manufacturing, industry_Retail, industry_Technology",0.0,0.06329843828841421,0.575809199318569,1,176.03436148837616,4983,1174,0.4666666666666667,0.00032725752969182096,338,587
"[-0.7609000000000012,33.869800000000005], [-0.8143499999999992,25.574350000000003], 0.0, 0.0","ai_training_hours, task_automation_rate, industry_Consulting, industry_Logistics",0.0,0.03107522415223011,0.4994394618834081,1,168.81805779074168,4985,1189,0.26666666666666666,0.0003328127773150231,891,1784
"[-0.7609000000000012,33.869800000000005], [-0.8143499999999992,25.574350000000003], 0.0, 0.0","ai_training_hours, task_automation_rate, industry_Healthcare, industry_Retail",0.0,0.026185581252655597,0.4826279216677195,1,170.17682679926105,4985,1189,0.26666666666666666,0.003365020295190634,764,1583
"[-0.7609000000000012,33.869800000000005], [-0.8143499999999992,25.574350000000003], 0.0, 0.0, 0.0","ai_training_hours, task_automation_rate, industry_Manufacturing, industry_Retail, industry_Technology",0.0,0.026711621383265112,0.4845516201959307,1,168.49758472823981,4983,1190,0.3333333333333333,0.0003320680560722471,643,1327
"[0.40175,0.7958500000000001], [-16.29970425798558,29.393749999999997], [38.5295,65.5705], 2.0, 0.0, 0.0, 0.0","ai_maturity_score, ai_failure_rate, ai_training_hours, ai_adoption_stage, industry_Consulting, industry_Healthcare, industry_Logistics",2.0,0.2603721506332408,0.7640449438202247,1,218.52629873748606,4995,1191,0.4666666666666667,0.00042555228734698875,340,445
"[0.40175,0.7958500000000001], [-0.013749999999999929,29.393749999999997], [38.5295,65.5705], 2.0, 0.0, 0.0, 0.0","ai_maturity_score, ai_failure_rate, ai_training_hours, ai_adoption_stage, industry_Consulting, industry_Healthcare, industry_Logistics",2.0,0.2603721506332408,0.7640449438202247,1,218.52629873748606,4995,1191,0.4666666666666667,0.00042555228734698875,340,445
"[21.195149999999998,43.54485], [1.7241,22.6359], 0.0, 1.0, 0.0, 0.0","ai_failure_rate, task_automation_rate, industry_Agriculture, industry_Education, industry_Manufacturing, industry_Retail",1.0,0.029703281230934367,0.494949494949495,1,159.31880190793078,4962,1195,0.4,0.00029618238794414445,98,198
"[-12.504700000000005,45.651300000000006], [-8.9622,8.9622], 0.0, 0.0, 0.0, 0.0","ai_training_hours, task_automation_rate, industry_Consulting, industry_Education, industry_Finance, industry_Healthcare",0.0,0.1930424095548101,0.7196652719665272,1,194.96672218435708,4985,1196,0.4,0.0003624538262569683,172,239
"[12.2485,24.011499999999998], 0.0, 0.0, 0.0, 0.0, 1.0","ai_failure_rate, industry_Agriculture, industry_Consulting, industry_Healthcare, industry_Logistics, industry_Technology",2.0,0.15535829807201998,0.6890756302521008,1,260.5547234723886,4947,1201,0.4,0.00048438551673753665,164,238
"[11.435385522007431,39.928799999999995], [33.7264,46.2736], [-0.7609000000000012,33.869800000000005], 1.0, 0.0, 0.0, 0.0, 0.0","ai_adoption_rate, ai_failure_rate, ai_training_hours, ai_adoption_stage, industry_Agriculture, industry_Education, industry_Healthcare, industry_Manufacturing",0.0,0.11397913071096971,0.6476868327402135,1,248.21914185117262,4934,1203,0.5333333333333333,0.0004614529941633145,182,281
"[0.20435,0.42765], [21.86665,32.45335], [12.27045,26.709549999999997], 2.0, 0.0, 0.0, 0.0, 0.0, 0.0, 0.0","ai_maturity_score, ai_failure_rate, task_automation_rate, ai_adoption_stage, industry_Education, industry_Healthcare, industry_Logistics, industry_Manufacturing, industry_Retail, industry_Technology",1.0,0.1027650210279288,0.6344086021505376,1,165.65017953018236,4993,1204,0.6666666666666666,0.0003079527660833065,59,93
"[20.84065,59.27935000000001], [0.20435,0.42765], [21.86665,32.45335], [12.27045,26.709549999999997], 2.0, 0.0, 0.0, 0.0, 0.0, 0.0","ai_adoption_rate, ai_maturity_score, ai_failure_rate, task_automation_rate, ai_adoption_stage, industry_Education, industry_Healthcare, industry_Logistics, industry_Retail, industry_Technology",1.0,0.08002031450066496,0.603448275862069,1,156.25756518503513,4993,1204,0.6666666666666666,0.0002904913810335257,70,116
"[0.32235,0.7958500000000001], [38.5295,65.5705], 2.0, 0.0","ai_maturity_score, ai_training_hours, ai_adoption_stage, industry_Healthcare",2.0,0.2904217852904485,0.7809187279151943,2,213.12718178258243,4995,1214,0.26666666666666666,0.0007908371705355057,442,566
"[0.40175,0.69965], [38.5295,65.5705], [15.70035,49.059650000000005], 2.0, 0.0, 0.0, 0.0, 0.0","ai_maturity_score, ai_training_hours, task_automation_rate, ai_adoption_stage, industry_Agriculture, industry_Consulting, industry_Finance, industry_Healthcare",2.0,0.4678627898515589,0.8590604026845637,2,265.4909062977458,4995,1214,0.5333333333333333,0.0009922282504385047,256,298
"[0.06274999999999997,0.56325], 2.0, 0.0, 1.0, 0.0, 0.0","ai_maturity_score, ai_adoption_stage, industry_Consulting, industry_Healthcare, industry_Manufacturing, industry_Retail",2,0.04684595609032916,0.5421686746987951,1,146.3259481890918,4980,1224,0.4,0.0002720279605032542,135,249
"[26.784899999999997,41.581649999999996], [-0.7609000000000012,33.869800000000005], [-0.8143499999999992,22.3249], 0.0","ai_failure_rate, ai_training_hours, task_automation_rate, industry_Manufacturing",0.0,0.08850339380151183,0.6157323688969258,2,187.26639391134617,4976,1229,0.26666666666666666,0.0007513667254831026,681,1106
"[3.7512000000000008,39.928799999999995], [-0.0031999999999999806,0.5512], 0.0, 0.0","ai_adoption_rate, ai_maturity_score, industry_Agriculture, industry_Healthcare",0.0,0.02328517462961861,0.4714285714285714,1,169.21518911158452,4983,1229,0.26666666666666666,0.0035544566973421204,792,1680
"[30.83395,52.035650000000004], 2.0, 0.0, 0.0, 0.0, 1.0","ai_adoption_rate, ai_adoption_stage, industry_Agriculture, industry_Consulting, industry_Manufacturing, industry_Retail",1.0,0.06909408575692458,0.5859872611464968,1,164.5427249523861,4992,1234,0.4,0.00030589394730320464,92,157
"[26.784899999999997,51.0951], 0.0, 0.0, 0.0","ai_failure_rate, industry_Education, industry_Logistics, industry_Technology",0.0,0.04695991428323554,0.5424321959755031,1,186.0908646162634,4985,1246,0.26666666666666666,0.0003729516459765934,620,1143
"[-10.159500000000005,40.0595], [-10.9538,10.9538], 0.0, 0.0, 0.0, 0.0","ai_training_hours, task_automation_rate, industry_Education, industry_Healthcare, industry_Logistics, industry_Technology",0.0,0.15128301916432751,0.6854219948849105,1,217.6693866749137,4985,1246,0.4,0.0004046593242960109,268,391
"[12.2485,24.011499999999998], 0.0, 0.0, 0.0, 1.0","ai_failure_rate, industry_Agriculture, industry_Consulting, industry_Healthcare, industry_Technology",2.0,0.1511978783774397,0.6853448275862069,1,260.5547234723886,4947,1259,0.3333333333333333,0.00048438551673753665,159,232
"[0.13835,0.36165], [21.328774611399275,41.581649999999996], [-0.8143499999999992,25.574350000000003], 0.0, 0.0","ai_maturity_score, ai_failure_rate, task_automation_rate, industry_Manufacturing, industry_Retail",0.0,0.030679759856365316,0.49816176470588236,1,168.97104781237638,4976,1277,0.3333333333333333,0.0003331682983630471,542,1088
"2.0, 0.0, 0.0, 0.0","ai_adoption_stage, industry_Agriculture, industry_Consulting, industry_Finance",2.0,0.05815607913875341,0.5661337209302325,1,184.33978076583165,4995,1278,0.26666666666666666,0.0003075336355300368,779,1376
"[0.32615000000000005,0.7958500000000001], 2.0, 0.0, 0.0","ai_maturity_score, ai_adoption_stage, industry_Healthcare, industry_Technology",2.0,0.05937808443731352,0.5684931506849316,1,185.75764888611587,4995,1287,0.26666666666666666,0.0003159163004511523,664,1168
"[42.18642796493643,55.706050000000005], [0.06274999999999997,0.56325], [11.579349999999998,48.43735091326896], 0.0, 0.0","ai_adoption_rate, ai_maturity_score, ai_failure_rate, industry_Healthcare, industry_Manufacturing",1.0,0.01315660028510348,0.4205607476635514,1,186.63989645536913,4993,1288,0.3333333333333333,0.00627022427810133,270,642
"[0.13835,0.36165], [21.328774611399275,46.2736], 0.0, 0.0, 0.0","ai_maturity_score, ai_failure_rate, industry_Manufacturing, industry_Retail, industry_Technology",0.0,0.024312762454145397,0.4755178907721281,1,172.56718656671842,4934,1290,0.3333333333333333,0.0036784410946184803,505,1062
"[31.3606,41.581649999999996], [-0.8143499999999992,25.574350000000003], 1.0, 0.0, 0.0, 0.0","ai_failure_rate, task_automation_rate, ai_adoption_stage, industry_Agriculture, industry_Education, industry_Manufacturing",0.0,0.13604737131056321,0.6710239651416122,1,230.7056568679142,4934,1290,0.4,0.0004288944653428239,308,459
"[30.83395,55.706050000000005], [11.579349999999998,32.36065], [4.891699999999998,36.5683], 0.0, 0.0, 0.0, 1.0","ai_adoption_rate, ai_failure_rate, ai_training_hours, industry_Consulting, industry_Healthcare, industry_Manufacturing, industry_Retail",1.0,0.07321391273340812,0.592814371257485,1,165.52115068452375,4992,1293,0.4666666666666667,0.00030771289438478013,99,167
"[-9.96865,11.888649999999998], [26.784899999999997,51.0951], 0.0, 0.0","ai_adoption_rate, ai_failure_rate, industry_Education, industry_Technology",0.0,0.5506071017456053,0.8875,1,212.07800430629544,4985,1299,0.26666666666666666,0.0003942646379061197,142,160
"[31.3606,42.339400000000005], [-0.7609000000000012,32.4609], [-8.544899999999998,25.574350000000003], 1.0, 0.0, 0.0, 0.0","ai_failure_rate, ai_training_hours, task_automation_rate, ai_adoption_stage, industry_Agriculture, industry_Healthcare, industry_Retail",0.0,0.08753507615417744,0.6143790849673203,1,228.38774081673313,4934,1302,0.4666666666666667,0.00042458533231601634,282,459
"[-0.018600000000000005,0.2586], [31.3606,42.339400000000005], [-0.8143499999999992,22.3249], 1.0, 0.0, 0.0, 0.0, 0.0","ai_maturity_score, ai_failure_rate, task_automation_rate, ai_adoption_stage, industry_Agriculture, industry_Consulting, industry_Healthcare, industry_Manufacturing",0.0,0.26001911327518584,0.7638376383763837,1,297.82711402333155,4934,1302,0.5333333333333333,0.0005536769343578164,207,271
"[0.06274999999999997,0.49234999999999995], [21.195149999999998,29.884971724001623], 0.0, 0.0","ai_maturity_score, ai_failure_rate, industry_Manufacturing, industry_Technology",1,0.021997113801149205,0.46609360076408785,1,153.39580632389038,4993,1312,0.26666666666666666,0.0034108385940642186,488,1047
"[23.980499999999996,76.7395], [0.32235,0.69965], [38.5295,65.5705], 2.0, 0.0, 0.0, 0.0","ai_adoption_rate, ai_maturity_score, ai_training_hours, ai_adoption_stage, industry_Agriculture, industry_Finance, industry_Healthcare",2.0,0.401877572016461,0.8333333333333334,2,231.59984955782778,4995,1321,0.4666666666666667,0.0008347149187574728,300,360
"[31.3606,41.581649999999996], [-8.9622,25.574350000000003], 1.0, 0.0, 0.0, 0.0, 0.0","ai_failure_rate, task_automation_rate, ai_adoption_stage, industry_Agriculture, industry_Education, industry_Logistics, industry_Manufacturing",0.0,0.12362067090416336,0.6582914572864321,1,235.73965321072606,4934,1327,0.4666666666666667,0.00043825294055014897,262,398
"[19.57255,46.62745], [-0.8143499999999992,8.9622], 0.0, 0.0, 0.0","ai_failure_rate, task_automation_rate, industry_Education, industry_Healthcare, industry_Technology",0.0,0.23214608711967974,0.7467105263157895,1,229.71497792043834,4985,1327,0.3333333333333333,0.00042705273886211036,227,304
"[-16.29970425798558,29.393749999999997], [38.5295,65.5705], 2.0, 0.0, 0.0","ai_failure_rate, ai_training_hours, ai_adoption_stage, industry_Healthcare, industry_Logistics",2.0,0.2643984476623255,0.7663934426229508,1,199.80356330547582,4995,1339,0.3333333333333333,0.0003820440477144825,374,488
"[-0.08034999999999999,0.31235], [12.95835,41.581649999999996], [-0.7609000000000012,32.4609], [-0.8143499999999992,25.574350000000003], 1.0, 0.0, 0.0, 0.0, 0.0","ai_maturity_score, ai_failure_rate, ai_training_hours, task_automation_rate, ai_adoption_stage, industry_Consulting, industry_Education, industry_Retail, industry_Technology",0.0,0.08825375108068294,0.6153846153846154,1,180.37717332143023,4951,1348,0.6,0.00035967406423943196,360,585
"[-0.05525000000000002,0.44525000000000003], [26.37875,36.18125], [6.334599999999998,27.8136], 1.0, 0.0, 0.0, 1.0","ai_maturity_score, ai_failure_rate, ai_training_hours, ai_adoption_stage, industry_Agriculture, industry_Logistics, industry_Retail",0.0,0.12863905918817883,0.6635514018691588,1,193.76165766587823,4972,1351,0.4666666666666667,0.00036021354524533924,71,107
"[31.3606,41.581649999999996], [-0.8143499999999992,25.574350000000003], 1.0, 0.0, 0.0, 0.0, 0.0","ai_failure_rate, task_automation_rate, ai_adoption_stage, industry_Agriculture, industry_Education, industry_Manufacturing, industry_Retail",0.0,0.1141222993955911,0.6478494623655914,1,238.95611757716114,4934,1363,0.4666666666666667,0.00044423252416099317,241,372
"[0.32235,0.7958500000000001], [8.6556,44.5044], 2.0, 0.0, 0.0","ai_maturity_score, task_automation_rate, ai_adoption_stage, industry_Education, industry_Healthcare",2.0,0.06742849785958414,0.5831344470962609,1,189.7622082950197,4995,1381,0.3333333333333333,0.00032754863717739477,733,1257
"[41.773799999999994,80.9662], 2.0, 0.0, 1.0, 0.0, 0.0","ai_adoption_rate, ai_adoption_stage, industry_Agriculture, industry_Finance, industry_Healthcare, industry_Technology",2.0,0.054781682960735587,0.5594059405940595,1,161.0636994355376,4964,1381,0.4,0.0002920196339900734,113,202
"[-9.96865,11.888649999999998], [-0.8143499999999992,8.9622], 0.0, 0.0, 0.0","ai_adoption_rate, task_automation_rate, industry_Education, industry_Healthcare, industry_Technology",0.0,0.6780427624051841,0.9252336448598131,1,224.15657814669862,4985,1394,0.3333333333333333,0.00041671936892448175,99,107
"[0.32235,0.69965], [38.5295,65.5705], 2.0, 0.0, 0.0","ai_maturity_score, ai_training_hours, ai_adoption_stage, industry_Agriculture, industry_Finance",2.0,0.3862624916962877,0.8267543859649122,2,228.18074827680732,4995,1402,0.3333333333333333,0.0008188241768941749,377,456
"[52.424749015196056,80.9662], [28.5228,62.5172], [18.740900000000003,47.619099999999996], 2.0, 0.0","ai_adoption_rate, ai_training_hours, task_automation_rate, ai_adoption_stage, industry_Consulting",2.0,0.49193782807433406,0.8677248677248677,1,224.03046729889508,4995,1410,0.3333333333333333,0.0004383429762726068,328,378
"[28.5228,62.5172], 2.0, 0.0","ai_training_hours, ai_adoption_stage, industry_Retail",2.0,0.11501067445782005,0.648854961832061,2,192.2527740711968,4995,1410,0.2,0.0006695663316413076,765,1179
"[7.891049999999996,58.38895000000001], [-0.13865,0.56325], 1.0, 1.0, 0.0, 0.0","ai_adoption_rate, ai_maturity_score, ai_adoption_stage, industry_Consulting, industry_Finance, industry_Technology",1.0,0.0335810884056647,0.5072463768115942,1,196.612244258982,4953,1411,0.4,0.00036551294201506233,70,138
"[9.87465,36.14535], [37.6606,62.5172], 0.0, 0.0, 0.0","ai_failure_rate, ai_training_hours, industry_Agriculture, industry_Manufacturing, industry_Technology",2.0,0.2193213071219312,0.7382716049382716,1,180.12113460647387,4988,1427,0.3333333333333333,0.00029954350500272187,299,405
"[52.424749015196056,80.9662], [28.5228,73.5793868480248], 2.0, 0.0, 0.0","ai_adoption_rate, ai_training_hours, ai_adoption_stage, industry_Consulting, industry_Logistics",2.0,0.45083214497580104,0.8527131782945736,1,221.57316220220042,4995,1427,0.3333333333333333,0.00043263264514148474,330,387
"[-0.019600000000000006,0.2576], [-27.8136,27.8136], [-8.9622,5.6659836994841335], 0.0, 0.0, 0.0, 0.0","ai_maturity_score, ai_training_hours, task_automation_rate, industry_Agriculture, industry_Education, industry_Logistics, industry_Technology",0.0,0.5963713280568906,0.9017857142857143,2,303.74096485600245,4914,1433,0.4666666666666667,0.001129342214605632,101,112
"[-0.018600000000000005,0.2586], [12.95835,41.581649999999996], [-0.7609000000000012,32.4609], [-0.8143499999999992,22.3249], 1.0, 0.0, 0.0, 0.0, 0.0, 0.0, 0.0","ai_maturity_score, ai_failure_rate, ai_training_hours, task_automation_rate, ai_adoption_stage, industry_Agriculture, industry_Education, industry_Logistics, industry_Manufacturing, industry_Retail, industry_Technology",0.0,0.30308037491563544,0.7876106194690266,2,253.11095263321167,4934,1433,0.7333333333333333,0.0009410942772347081,178,226
"[26.784899999999997,51.0951], 0.0, 0.0, 0.0, 0.0, 0.0","ai_failure_rate, industry_Education, industry_Healthcare, industry_Logistics, industry_Manufacturing, industry_Technology",0.0,0.04742799752648131,0.543509272467903,1,200.15418511989301,4972,1439,0.4,0.0004056322508338592,381,701
"[-9.96865,11.888649999999998], [26.784899999999997,51.0951], [-10.9538,10.9538], 0.0, 0.0, 0.0, 0.0, 0.0, 0.0","ai_adoption_rate, ai_failure_rate, task_automation_rate, ai_adoption_stage, industry_Consulting, industry_Education, industry_Healthcare, industry_Logistics, industry_Technology",0.0,0.7712068182342079,0.9493670886075949,2,238.65889787190878,4985,1439,0.6,0.0008873599528656876,75,79
"[20.84065,59.27935000000001], [21.86665,32.45335], [12.27045,26.709549999999997], 2.0, 0.0, 0.0, 0.0, 0.0, 0.0, 0.0","ai_adoption_rate, ai_failure_rate, task_automation_rate, ai_adoption_stage, industry_Education, industry_Healthcare, industry_Logistics, industry_Manufacturing, industry_Retail, industry_Technology",1.0,0.10979242280002384,0.6428571428571429,3,168.1064135786773,4993,1454,0.6666666666666666,0.0009375571195526309,90,140
"[0.20435,0.42765], [12.27045,26.709549999999997], 2.0, 0.0, 0.0, 0.0, 0.0, 0.0, 0.0, 0.0","ai_maturity_score, task_automation_rate, ai_adoption_stage, industry_Education, industry_Finance, industry_Healthcare, industry_Logistics, industry_Manufacturing, industry_Retail, industry_Technology",1.0,0.03125,0.5,1,143.05680833533285,4898,1454,0.6666666666666666,0.0002659504502733615,47,94
"[41.773799999999994,80.9662], [0.32235,0.69965], [8.6556,44.5044], 2.0, 0.0, 0.0, 0.0, 0.0","ai_adoption_rate, ai_maturity_score, task_automation_rate, ai_adoption_stage, industry_Agriculture, industry_Education, industry_Finance, industry_Healthcare",2.0,0.16191192984851974,0.6947935368043088,1,227.14403247863606,4995,1455,0.5333333333333333,0.0004070029490592327,387,557
"[0.40175,0.59425], [12.2485,24.011499999999998], 2.0, 0.0, 0.0, 0.0, 0.0, 0.0, 0.0","ai_maturity_score, ai_failure_rate, ai_adoption_stage, industry_Consulting, industry_Education, industry_Finance, industry_Healthcare, industry_Logistics, industry_Retail",2.0,0.14154718992879525,0.6763636363636364,2,196.11312456221899,4947,1455,0.6,0.0007291701022656765,186,275
"[26.784899999999997,41.581649999999996], [6.3488500000000005,24.77115], 0.0","ai_failure_rate, task_automation_rate, industry_Manufacturing",0.0,0.04488581008145994,0.5375536480686696,1,174.5499849518348,4972,1464,0.2,0.0003461327358962108,501,932
"[-0.7609000000000012,33.869800000000005], [-0.8143499999999992,25.574350000000003], 1.0, 0.0, 0.0, 0.0","ai_training_hours, task_automation_rate, ai_adoption_stage, industry_Agriculture, industry_Education, industry_Manufacturing",0.0,0.061940579437333984,0.5733173076923077,2,184.48000306739817,4976,1464,0.4,0.0006859168808967193,477,832
"[12.95835,46.2736], [-0.8143499999999992,22.3249], 1.0, 0.0, 0.0, 0.0, 0.0","ai_failure_rate, task_automation_rate, ai_adoption_stage, industry_Consulting, industry_Education, industry_Manufacturing, industry_Technology",0.0,0.08662429536080846,0.6130952380952381,1,183.73963657461042,4972,1466,0.4666666666666667,0.00036748781867217037,412,672
"1.0, 0.0, 0.0, 0.0, 0.0","ai_adoption_stage, industry_Agriculture, industry_Consulting, industry_Manufacturing, industry_Retail",0.0,0.04051137432667737,0.5266418835192069,1,154.96366014437984,4983,1466,0.3333333333333333,0.0002880859406201857,425,807
"[-7.819350000000002,30.619350000000004], 0.0, 0.0","ai_adoption_rate, industry_Education, industry_Technology",0.0,0.08515419568405098,0.611,1,176.1179560047884,4985,1469,0.2,0.00034977641609222013,611,1000
"[-9.96865,11.888649999999998], [12.95835,51.0951], [-0.8143499999999992,22.3249], 1.0, 0.0, 0.0, 0.0, 0.0","ai_adoption_rate, ai_failure_rate, task_automation_rate, ai_adoption_stage, industry_Consulting, industry_Education, industry_Manufacturing, industry_Technology",0.0,1.0,1.0,2,264.2764110413824,4951,1469,0.5333333333333333,0.0009826086759650492,17,17
"[0.32235,0.69965], [8.6556,44.5044], 2.0, 0.0, 0.0, 0.0, 0.0","ai_maturity_score, task_automation_rate, ai_adoption_stage, industry_Education, industry_Finance, industry_Healthcare, industry_Logistics",2.0,0.06507633682716417,0.5790080738177624,1,177.43545401376224,4995,1470,0.4666666666666667,0.00032986223751619534,502,867
"[41.773799999999994,80.9662], [12.2485,24.011499999999998], 2.0, 0.0, 0.0, 0.0, 0.0, 0.0, 0.0","ai_adoption_rate, ai_failure_rate, ai_adoption_stage, industry_Agriculture, industry_Consulting, industry_Education, industry_Finance, industry_Healthcare, industry_Retail",2.0,0.2505144560273324,0.7581699346405228,2,247.6009373555396,4924,1470,0.6,0.0009090821675830221,232,306
"[0.20435,0.42765], [12.27045,26.709549999999997], 2.0, 0.0, 0.0, 0.0, 0.0, 0.0, 0.0","ai_maturity_score, task_automation_rate, ai_adoption_stage, industry_Education, industry_Finance, industry_Healthcare, industry_Logistics, industry_Manufacturing, industry_Technology",1.0,0.03748187928181567,0.5185185185185185,1,168.03505229491674,4898,1471,0.6,0.0003123863753117401,84,162
"[12.2485,24.011499999999998], 0.0, 0.0, 0.0, 0.0, 1.0","ai_failure_rate, industry_Agriculture, industry_Education, industry_Healthcare, industry_Logistics, industry_Technology",2.0,0.15781839634676756,0.6912442396313364,1,260.5547234723886,4947,1480,0.4,0.00048438551673753665,150,217
"[41.773799999999994,80.9662], [0.32235,0.69965], [-16.29970425798558,29.393749999999997], 2.0, 0.0, 0.0, 0.0, 0.0","ai_adoption_rate, ai_maturity_score, ai_failure_rate, ai_adoption_stage, industry_Agriculture, industry_Finance, industry_Healthcare, industry_Logistics",2.0,0.17895237816173679,0.708838821490468,1,211.84758058299434,4995,1490,0.5333333333333333,0.00039383626757073554,409,577
"[38.5295,65.5705], [8.6556,44.5044], 2.0, 0.0, 0.0","ai_training_hours, task_automation_rate, ai_adoption_stage, industry_Education, industry_Healthcare",2.0,0.24583995944045128,0.7553191489361702,1,213.08136579055488,4995,1490,0.3333333333333333,0.0003952855002033819,355,470
"[0.13835,0.36165], [12.95835,41.581649999999996], [-0.7609000000000012,32.4609], [-0.8143499999999992,25.574350000000003], 0.0, 0.0, 0.0","ai_maturity_score, ai_failure_rate, ai_training_hours, task_automation_rate, industry_Consulting, industry_Manufacturing, industry_Retail",0.0,0.03617510907377384,0.5148514851485149,1,158.74336883966083,4976,1493,0.4666666666666667,0.00030940102839092237,468,909
"[27.893546231699915,51.0951], [-0.8143499999999992,25.574350000000003], 0.0, 0.0, 1.0, 0.0","ai_failure_rate, task_automation_rate, industry_Education, industry_Healthcare, industry_Manufacturing, industry_Technology",0.0,0.06959019007800021,0.5868263473053892,1,151.03069760655592,4985,1500,0.4,0.00028077434762427097,98,167
"[-16.29970425798558,29.393749999999997], [38.5295,65.5705], 2.0, 1.0, 0.0, 0.0","ai_failure_rate, ai_training_hours, ai_adoption_stage, industry_Finance, industry_Healthcare, industry_Logistics",2.0,0.18972115966825526,0.7171717171717171,2,164.17628360751763,4908,1501,0.4,0.0005985054295645616,71,99
"[0.40175,0.7958500000000001], [-16.29970425798558,29.393749999999997], [38.5295,65.5705], 2.0, 0.0, 0.0","ai_maturity_score, ai_failure_rate, ai_training_hours, ai_adoption_stage, industry_Consulting, industry_Healthcare",2.0,0.28643174138723415,0.7787610619469026,1,227.13723429054014,4995,1501,0.4,0.0004361146098947197,352,452
"[-9.96865,11.888649999999998], 0.0, 0.0, 0.0","ai_adoption_rate, industry_Education, industry_Healthcare, industry_Technology",0.0,0.552159856263168,0.888,1,214.76062992605014,4985,1506,0.26666666666666666,0.000399251786017353,111,125
"[26.784899999999997,51.0951], [-0.8143499999999992,25.574350000000003], 0.0, 1.0, 0.0","ai_failure_rate, task_automation_rate, industry_Education, industry_Manufacturing, industry_Technology",0.0,0.05967511287992206,0.569060773480663,1,151.03666608048115,4985,1506,0.3333333333333333,0.00028078544334453993,103,181
"[-0.018600000000000005,0.2586], [31.3606,42.339400000000005], [-0.7609000000000012,32.4609], [-8.544899999999998,22.3249], 0.0, 0.0, 0.0, 0.0","ai_maturity_score, ai_failure_rate, ai_training_hours, task_automation_rate, industry_Agriculture, industry_Consulting, industry_Healthcare, industry_Manufacturing",0.0,0.258404413658952,0.7628865979381443,1,279.1673441197204,4934,1511,0.5333333333333333,0.0005189873990214054,222,291
"[10.34025,36.719750000000005], [-0.018600000000000005,0.2586], [31.3606,42.339400000000005], [-0.7609000000000012,32.4609], [-8.544899999999998,22.3249], 1.0, 0.0, 0.0, 0.0, 0.0","ai_adoption_rate, ai_maturity_score, ai_failure_rate, ai_training_hours, task_automation_rate, ai_adoption_stage, industry_Agriculture, industry_Consulting, industry_Healthcare, industry_Manufacturing",0.0,0.24854177601050362,0.7569721115537849,1,297.82976627876667,4934,1511,0.6666666666666666,0.0005536818650460892,190,251
"[52.424749015196056,80.9662], [0.32615000000000005,0.7958500000000001], [28.5228,31.05105820184524], [8.6556,44.5044], 2.0, 0.0, 1.0, 0.0, 0.0","ai_adoption_rate, ai_maturity_score, ai_training_hours, task_automation_rate, ai_adoption_stage, industry_Consulting, industry_Healthcare, industry_Manufacturing, industry_Technology",2.0,1.0,1.0,1,238.0,3761,1512,0.6,0.0004424550491626398,4,4
"[0.32235,0.69965], [38.5295,65.5705], 2.0, 0.0, 0.0","ai_maturity_score, ai_training_hours, ai_adoption_stage, industry_Finance, industry_Retail",2.0,0.3347418093609142,0.8034188034188035,1,237.01687249390974,4995,1523,0.3333333333333333,0.00042994563768493013,376,468
"[23.980499999999996,76.7395], [12.2485,24.011499999999998], [7.5662,29.473799999999997], 2.0, 0.0, 0.0, 0.0, 0.0, 0.0, 0.0","ai_adoption_rate, ai_failure_rate, task_automation_rate, ai_adoption_stage, industry_Agriculture, industry_Consulting, industry_Education, industry_Finance, industry_Healthcare, industry_Logistics",2.0,0.04002161417296602,0.5253623188405797,1,157.4756619504122,4947,1523,0.6666666666666666,0.0002927558897066759,145,276
"[-9.96865,11.888649999999998], [26.784899999999997,51.0951], 0.0, 0.0, 0.0","ai_adoption_rate, ai_failure_rate, industry_Agriculture, industry_Education, industry_Technology",0.0,0.46266436603796024,0.8571428571428571,1,209.48127179283367,4985,1525,0.3333333333333333,0.00038943716978886777,108,126
"[13.940100000000001,57.5183], [8.6556,44.5044], 0.0, 0.0, 0.0, 0.0, 1.0","ai_training_hours, task_automation_rate, industry_Agriculture, industry_Finance, industry_Healthcare, industry_Manufacturing, industry_Technology",2.0,0.03993154098069736,0.5251256281407035,1,230.2483493999623,4947,1534,0.4666666666666667,0.00042804430568645795,209,398
"[0.32615000000000005,0.7958500000000001], [25.841699999999996,57.5183], 3.0, 0.0","ai_maturity_score, ai_training_hours, ai_adoption_stage, industry_Retail",2.0,1.0,1.0,3,106.15678054399999,4557,1534,0.26666666666666666,0.00059205382631777,13,13
"[41.773799999999994,80.9662], [0.32235,0.69965], 2.0, 0.0, 0.0, 0.0","ai_adoption_rate, ai_maturity_score, ai_adoption_stage, industry_Agriculture, industry_Consulting, industry_Healthcare",2.0,0.1400248416580642,0.6749024707412223,1,209.6690165846731,4995,1540,0.4,0.0003853733997855214,519,769
"[52.424749015196056,80.9662], [8.6556,44.5044], 2.0, 0.0, 0.0, 0.0","ai_adoption_rate, task_automation_rate, ai_adoption_stage, industry_Consulting, industry_Healthcare, industry_Manufacturing",2.0,0.3666478320532007,0.8181818181818182,1,231.31645785586775,4941,1540,0.4,0.00045527429617850954,261,319
"[31.3606,41.581649999999996], [-0.8143499999999992,25.574350000000003], 1.0, 0.0, 0.0, 0.0, 0.0","ai_failure_rate, task_automation_rate, ai_adoption_stage, industry_Agriculture, industry_Consulting, industry_Education, industry_Manufacturing",0.0,0.16249222963190102,0.6952908587257618,2,242.12327455406702,4934,1550,0.4666666666666667,0.0009002408852625131,251,361
"[0.06274999999999997,0.7958500000000001], 2.0, 0.0, 0.0, 1.0, 0.0, 0.0","ai_maturity_score, ai_adoption_stage, industry_Education, industry_Finance, industry_Healthcare, industry_Retail, industry_Technology",2.0,0.08333379709031642,0.6083650190114068,1,146.97748795616923,4980,1556,0.4666666666666667,0.00027323920865314353,160,263
"[0.32615000000000005,0.56325], [21.195149999999998,43.54485], 2.0, 0.0, 0.0, 0.0, 0.0","ai_maturity_score, ai_failure_rate, ai_adoption_stage, industry_Agriculture, industry_Consulting, industry_Manufacturing, industry_Retail",2,0.034703655197452735,0.510593220338983,1,165.4740183069507,4964,1556,0.4666666666666667,0.0003076252727106783,241,472
"[19.606399999999997,61.81360000000001], [-16.29970425798558,29.393749999999997], [17.659382413625156,65.5705], 2.0, 1.0, 0.0, 0.0","ai_adoption_rate, ai_failure_rate, ai_training_hours, ai_adoption_stage, industry_Finance, industry_Healthcare, industry_Logistics",2.0,0.027871311746928307,0.48868778280542985,1,160.08519413409536,4964,1563,0.4666666666666667,0.00028974576523347923,108,221
"[-10.159500000000005,40.0595], [-10.9538,10.9538], 0.0, 0.0, 0.0","ai_training_hours, task_automation_rate, industry_Healthcare, industry_Logistics, industry_Technology",0.0,0.13402206478612486,0.6690140845070423,1,214.48390392931105,4985,1564,0.3333333333333333,0.0003987373372169674,285,426
"[14.649549999999998,57.61045000000001], [26.784899999999997,51.0951], [-10.9538,10.9538], 0.0, 0.0, 0.0","ai_adoption_rate, ai_failure_rate, task_automation_rate, industry_Education, industry_Manufacturing, industry_Technology",0.0,0.08741696429186627,0.6142131979695431,1,241.32315940106793,4881,1564,0.4,0.000448632984692786,121,197
"[41.773799999999994,80.9662], 2.0, 0.0","ai_adoption_rate, ai_adoption_stage, industry_Consulting",2.0,0.11567500378181186,0.649602824360106,1,205.97861255657259,4995,1573,0.2,0.0003746536131804582,736,1133
"[-9.96865,11.888649999999998], [2.7783999999999995,27.501600000000003], 0.0, 0.0, 0.0, 0.0, 0.0","ai_adoption_rate, ai_training_hours, ai_adoption_stage, industry_Education, industry_Healthcare, industry_Logistics, industry_Technology",0.0,0.43976479295863985,0.8484848484848485,1,229.3132536744704,4914,1584,0.4666666666666667,0.00042630591146295245,56,66
"[-0.018600000000000005,0.2586], [31.3606,42.339400000000005], [-0.7609000000000012,32.4609], [-0.8143499999999992,25.574350000000003], 1.0, 0.0, 0.0, 0.0, 0.0, 0.0, 0.0","ai_maturity_score, ai_failure_rate, ai_training_hours, task_automation_rate, ai_adoption_stage, industry_Consulting, industry_Education, industry_Finance, industry_Healthcare, industry_Manufacturing, industry_Retail",0.0,0.12437314232952602,0.6590909090909091,1,199.42763776528133,4951,1601,0.7333333333333333,0.0003707469129068348,87,132
"[-0.018600000000000005,0.2586], [31.3606,42.339400000000005], [-0.7609000000000012,32.4609], [-2.489065571178026,25.574350000000003], 1.0, 0.0, 0.0, 0.0, 0.0, 0.0","ai_maturity_score, ai_failure_rate, ai_training_hours, task_automation_rate, ai_adoption_stage, industry_Agriculture, industry_Healthcare, industry_Logistics, industry_Manufacturing, industry_Retail",0.0,0.3092987280789766,0.7908163265306123,1,272.24751039769365,4934,1612,0.6666666666666666,0.0005061230487286464,155,196
"[0.40175,0.59425], [12.2485,24.011499999999998], [5.849849999999998,34.23015], 2.0, 0.0, 0.0, 0.0, 0.0, 0.0","ai_maturity_score, ai_failure_rate, task_automation_rate, ai_adoption_stage, industry_Consulting, industry_Finance, industry_Healthcare, industry_Logistics, industry_Retail",2.0,0.1497506416796443,0.6840277777777778,1,174.21679440529107,4947,1620,0.6,0.0003238785728300444,197,288
"[-20.340450000000004,22.620450000000005], [-12.504700000000005,45.651300000000006], [-8.9622,8.9622], 0.0, 0.0, 0.0","ai_adoption_rate, ai_training_hours, task_automation_rate, industry_Education, industry_Healthcare, industry_Technology",0.0,0.48700986555073694,0.865979381443299,3,256.99020478563205,4985,1629,0.4,0.001433276643185845,168,194
"[0.40175,0.69965], 2.0, 0.0, 0.0","ai_maturity_score, ai_adoption_stage, industry_Finance, industry_Healthcare",2.0,0.14858443527033327,0.6829590488771466,1,202.05320293995715,4995,1631,0.26666666666666666,0.0003486964143057264,517,757
"[0.32235,0.69965], [38.5295,65.5705], [15.70035,49.059650000000005], 2.0, 0.0, 0.0","ai_maturity_score, ai_training_hours, task_automation_rate, ai_adoption_stage, industry_Agriculture, industry_Finance",2.0,0.46946813692107625,0.8596491228070176,3,228.31011459043205,4995,1631,0.4,0.0012291381368536808,343,399
"[-12.504700000000005,45.651300000000006], [-8.9622,8.9622], 0.0, 0.0, 0.0","ai_training_hours, task_automation_rate, industry_Education, industry_Logistics, industry_Retail",0.0,0.2042696134195069,0.7278481012658228,2,217.891181894138,4985,1640,0.3333333333333333,0.0008101433075384581,230,316
"2.0, 0.0, 0.0","ai_adoption_stage, industry_Finance, industry_Healthcare",2.0,0.04236325941584078,0.5313710302091402,1,187.40770425435363,4995,1652,0.2,0.0003146629329982155,686,1291
"[52.424749015196056,80.9662], [28.5228,65.5705], 2.0, 0.0","ai_adoption_rate, ai_training_hours, ai_adoption_stage, industry_Consulting",2.0,0.4616611912941663,0.8567708333333334,1,227.15121086974224,4995,1657,0.26666666666666666,0.00044559501802714035,329,384
"[-16.29970425798558,29.393749999999997], [18.740900000000003,47.619099999999996], 2.0, 1.0, 0.0, 0.0","ai_failure_rate, task_automation_rate, ai_adoption_stage, industry_Finance, industry_Healthcare, industry_Logistics",2.0,0.05541510438990778,0.5606936416184971,1,160.74165884454243,4964,1657,0.4,0.00029127127009552967,97,173
"[-0.05525000000000002,0.44525000000000003], [-0.7609000000000012,27.8136], 0.0, 0.0","ai_maturity_score, ai_training_hours, industry_Logistics, industry_Manufacturing",0.0,0.03419167592753803,0.5090777051561365,1,171.67805737518057,4983,1658,0.26666666666666666,0.00033945889736091615,701,1377
"[0.06274999999999997,0.56325], [21.195149999999998,29.884971724001623], 0.0, 0.0, 0.0","ai_maturity_score, ai_failure_rate, industry_Agriculture, industry_Education, industry_Manufacturing",1,0.014432144643778075,0.4284164859002169,1,161.81745434763766,4993,1667,0.3333333333333333,0.005484131694653408,395,922
"[38.5295,65.5705], 2.0, 0.0, 0.0","ai_training_hours, ai_adoption_stage, industry_Consulting, industry_Finance",2.0,0.3320143312639206,0.8021052631578948,1,234.1217069607997,4995,1676,0.26666666666666666,0.000423217798355696,381,475
"[0.050299999999999984,0.37370000000000003], [26.784899999999997,51.0951], [-10.9538,10.9538], 0.0, 0.0, 0.0, 0.0, 0.0, 0.0","ai_maturity_score, ai_failure_rate, task_automation_rate, ai_adoption_stage, industry_Consulting, industry_Education, industry_Healthcare, industry_Logistics, industry_Technology",0.0,0.7203728077554274,0.9365079365079365,1,239.6631814482283,4985,1679,0.6,0.00044554699466449796,59,63
"[7.891049999999996,58.38895000000001], [2.270999999999999,25.448999999999998], 1.0, 1.0, 0.0, 0.0, 0.0, 0.0, 0.0","ai_adoption_rate, ai_training_hours, ai_adoption_stage, industry_Consulting, industry_Education, industry_Finance, industry_Logistics, industry_Manufacturing, industry_Technology",1.0,0.05712028543473131,0.5641025641025641,1,212.28901412686918,4953,1682,0.6,0.00039465691673190015,44,78
"[-0.09468997724430472,0.56325], [7.8767499999999995,25.30325], 2.0, 0.0, 0.0","ai_maturity_score, task_automation_rate, ai_adoption_stage, industry_Consulting, industry_Manufacturing",1.0,0.01805507840138477,0.44804318488529016,1,167.09224601863758,4993,1686,0.3333333333333333,0.004526581056096328,332,741
"[-0.018600000000000005,0.2586], [-0.8143499999999992,22.3249], 1.0, 0.0, 0.0, 0.0, 0.0, 0.0","ai_maturity_score, task_automation_rate, ai_adoption_stage, industry_Agriculture, industry_Consulting, industry_Education, industry_Healthcare, industry_Manufacturing",0.0,0.24016374711791208,0.7517985611510791,2,277.0453961901867,4972,1687,0.5333333333333333,0.0010300851629547233,209,278
"[-0.018600000000000005,0.2586], [12.95835,42.339400000000005], [-0.7609000000000012,32.4609], [-0.8143499999999992,22.3249], 1.0, 0.0, 0.0, 0.0, 0.0, 0.0","ai_maturity_score, ai_failure_rate, ai_training_hours, task_automation_rate, ai_adoption_stage, industry_Consulting, industry_Logistics, industry_Manufacturing, industry_Retail, industry_Technology",0.0,0.18954938082157158,0.7170418006430869,1,225.39079165501477,4983,1687,0.6666666666666666,0.0004190138395064112,223,311
"[52.424749015196056,80.9662], [28.5228,65.5705], 0.0","ai_adoption_rate, ai_training_hours, industry_Healthcare",2.0,0.43650245727876025,0.8472222222222222,2,227.12461606057235,4995,1693,0.2,0.0008910664330332855,305,360
"[12.2485,24.011499999999998], 2.0, 0.0, 0.0, 0.0, 0.0","ai_failure_rate, ai_adoption_stage, industry_Agriculture, industry_Consulting, industry_Finance, industry_Retail",2.0,0.13731409786667226,0.6722689075630253,1,192.18554476776484,4980,1701,0.4,0.0003257657673430296,400,595
"[41.773799999999994,80.9662], 2.0, 0.0, 0.0","ai_adoption_rate, ai_adoption_stage, industry_Consulting, industry_Logistics",2.0,0.11550703697127407,0.6494140625,1,195.03683999524984,4995,1701,0.26666666666666666,0.00037096704773249335,665,1024
"[0.06274999999999997,0.56325], [10.1912,32.1488], [7.8767499999999995,26.709549999999997], 2.0, 0.0, 0.0, 0.0, 0.0, 0.0, 0.0, 1.0, 0.0","ai_maturity_score, ai_failure_rate, task_automation_rate, ai_adoption_stage, industry_Agriculture, industry_Consulting, industry_Education, industry_Finance, industry_Healthcare, industry_Logistics, industry_Retail, industry_Technology",1.0,0.09642004209632181,0.6263736263736264,1,176.86418802235283,4992,1703,0.8,0.0003288002227165567,57,91
"[-0.018600000000000005,0.5512], [27.893546231699915,41.581649999999996], [-0.7609000000000012,33.869800000000005], [-0.8143499999999992,25.574350000000003], 1.0, 0.0, 0.0, 0.0, 0.0","ai_maturity_score, ai_failure_rate, ai_training_hours, task_automation_rate, ai_adoption_stage, industry_Consulting, industry_Healthcare, industry_Logistics, industry_Technology",0.0,0.09037922565960178,0.6183206106870229,1,188.8424535392656,4972,1708,0.6,0.0003793458393179921,324,524
"[50.03875,68.88125], [0.32235,0.69965], 0.0, 0.0, 0.0, 0.0","ai_adoption_rate, ai_maturity_score, industry_Agriculture, industry_Consulting, industry_Education, industry_Finance",2.0,0.3907356354886875,0.8286604361370716,1,248.62558527174724,4980,1724,0.4,0.00046220859476681103,266,321
"[38.5295,65.5705], [15.70035,49.059650000000005], 2.0, 0.0, 0.0, 0.0","ai_training_hours, task_automation_rate, ai_adoption_stage, industry_Agriculture, industry_Finance, industry_Healthcare",2.0,0.46991601719464476,0.8598130841121495,2,231.1710250397829,4995,1724,0.4,0.0008327218980304381,276,321
"[12.95835,46.2736], [-0.8143499999999992,22.3249], 1.0, 0.0, 0.0, 0.0, 0.0","ai_failure_rate, task_automation_rate, ai_adoption_stage, industry_Agriculture, industry_Consulting, industry_Manufacturing, industry_Technology",0.0,0.07735521170751607,0.5993740219092332,1,174.99393070142503,4983,1736,0.4666666666666667,0.0003253233118137084,383,639
"[-0.8143499999999992,22.3249], 1.0, 0.0, 0.0, 0.0, 0.0, 0.0","task_automation_rate, ai_adoption_stage, industry_Consulting, industry_Education, industry_Manufacturing, industry_Retail, industry_Technology",0.0,0.07446556817747328,0.5948275862068966,1,190.20649152399142,4951,1736,0.4666666666666667,0.0003825156160700487,276,464
"[3.7512000000000008,39.928799999999995], [-0.08034999999999999,0.31235], [12.95835,41.581649999999996], [-0.8143499999999992,22.3249], 0.0, 0.0, 0.0, 1.0, 0.0, 0.0, 0.0, 0.0","ai_adoption_rate, ai_maturity_score, ai_failure_rate, task_automation_rate, industry_Agriculture, industry_Consulting, industry_Education, industry_Finance, industry_Healthcare, industry_Logistics, industry_Manufacturing, industry_Technology",0.0,0.18421918152513717,0.7129629629629629,1,333.62505484990265,4934,1740,0.8,0.0006202272690987483,77,108
"[3.7512000000000008,17.27246316388013], [-0.08034999999999999,0.31235], [12.95835,41.581649999999996], [-0.8143499999999992,22.3249], 0.0, 0.0, 1.0, 0.0, 0.0, 0.0","ai_adoption_rate, ai_maturity_score, ai_failure_rate, task_automation_rate, industry_Agriculture, industry_Consulting, industry_Finance, industry_Healthcare, industry_Manufacturing, industry_Technology",0.0,0.3173112237881989,0.7948717948717948,1,346.74590814494246,4881,1740,0.6666666666666666,0.0006446196547698097,31,39
"[23.98135,45.838649999999994], [13.940100000000001,73.5793868480248], [25.039399999999997,37.9938], 0.0, 1.0","ai_adoption_rate, ai_training_hours, task_automation_rate, industry_Logistics, industry_Retail",2.0,0.026221056655577907,0.4827586206896552,1,132.9777732974119,4988,1744,0.3333333333333333,0.002480517246708699,28,58
"[-0.02158483877088535,0.7958500000000001], 2.0, 0.0","ai_maturity_score, ai_adoption_stage, industry_Finance",2.0,0.04730815508823828,0.5432343234323432,1,184.12875088486038,4995,1749,0.2,0.00030704324038108766,823,1515
"[-0.018600000000000005,0.2586], [31.3606,42.339400000000005], [-0.7609000000000012,32.4609], [-0.8143499999999992,25.574350000000003], 1.0, 0.0, 0.0, 0.0, 0.0, 0.0, 0.0","ai_maturity_score, ai_failure_rate, ai_training_hours, task_automation_rate, ai_adoption_stage, industry_Agriculture, industry_Consulting, industry_Education, industry_Healthcare, industry_Manufacturing, industry_Retail",0.0,0.3529301150587813,0.811965811965812,2,320.0954653584266,4934,1762,0.7333333333333333,0.0011901500408563086,95,117
"[-0.018600000000000005,0.2586], [31.3606,42.339400000000005], [-0.7609000000000012,32.4609], 1.0, 0.0, 0.0, 0.0, 0.0, 0.0","ai_maturity_score, ai_failure_rate, ai_training_hours, ai_adoption_stage, industry_Agriculture, industry_Consulting, industry_Healthcare, industry_Manufacturing, industry_Retail",0.0,0.2790863676785695,0.7747252747252747,2,298.2628448959764,4934,1762,0.6,0.001108973963880992,141,182
"[48.693844325678,52.424749015196056], [28.5228,65.5705], 0.0, 0.0","ai_adoption_rate, ai_training_hours, industry_Education, industry_Healthcare",2.0,0.04886455635519026,0.5467625899280576,1,173.32606763176634,4776,1763,0.26666666666666666,0.00032222266292092523,76,139
"[38.5295,65.5705], 2.0, 0.0, 0.0, 0.0","ai_training_hours, ai_adoption_stage, industry_Consulting, industry_Finance, industry_Healthcare",2.0,0.3265406408813656,0.7994428969359332,1,238.91211886753018,4995,1775,0.3333333333333333,0.0004343498463373227,287,359
"[3.074749999999998,52.065250000000006], [-0.018600000000000005,0.2586], [31.3606,42.339400000000005], [-0.7609000000000012,32.4609], 1.0, 0.0, 0.0, 0.0, 0.0, 0.0","ai_adoption_rate, ai_maturity_score, ai_failure_rate, ai_training_hours, ai_adoption_stage, industry_Agriculture, industry_Consulting, industry_Healthcare, industry_Manufacturing, industry_Retail",0.0,0.2768517697500553,0.7734806629834254,1,298.2628448959764,4934,1777,0.6666666666666666,0.000554486981940496,140,181
"[-9.96865,11.888649999999998], [26.784899999999997,51.0951], [1.7973,10.9538], 0.0, 0.0, 0.0, 0.0, 0.0","ai_adoption_rate, ai_failure_rate, task_automation_rate, ai_adoption_stage, industry_Education, industry_Healthcare, industry_Logistics, industry_Technology",0.0,0.6754622030323986,0.9245283018867925,1,235.9144659596718,4985,1788,0.5333333333333333,0.00043857792703514494,49,53
"[0.32615000000000005,0.7958500000000001], [12.2485,24.011499999999998], [13.940100000000001,70.3399], 0.0","ai_maturity_score, ai_failure_rate, ai_training_hours, industry_Finance",2.0,0.10566641503149635,0.6379511059371362,1,181.97408299398808,4988,1794,0.26666666666666666,0.00030203618319839297,548,859
"[20.84065,59.27935000000001], [0.09964999999999999,0.49234999999999995], [11.579349999999998,32.45335], [12.27045,26.709549999999997], 2.0, 0.0, 0.0, 0.0","ai_adoption_rate, ai_maturity_score, ai_failure_rate, task_automation_rate, ai_adoption_stage, industry_Education, industry_Manufacturing, industry_Technology",1.0,0.028127628957293156,0.4895833333333333,1,158.9232239121773,4993,1797,0.5333333333333333,0.00029544698676112446,235,480
"[20.84065,59.27935000000001], [21.86665,32.36065], 2.0, 0.0, 0.0, 0.0, 0.0, 0.0","ai_adoption_rate, ai_failure_rate, ai_adoption_stage, industry_Healthcare, industry_Logistics, industry_Manufacturing, industry_Retail, industry_Technology",1.0,0.023679829612723153,0.473015873015873,1,160.19412078921556,4993,1797,0.5333333333333333,0.0033088827901231834,149,315
"[26.784899999999997,41.581649999999996], [-0.7609000000000012,33.869800000000005], [-0.8143499999999992,22.3249], 0.0, 0.0","ai_failure_rate, ai_training_hours, task_automation_rate, industry_Education, industry_Manufacturing",0.0,0.09751633601943424,0.6277915632754343,3,188.83352830673294,4976,1800,0.3333333333333333,0.001137975296091597,506,806
"[24.3771,50.0029], [0.06274999999999997,0.56325], [21.195149999999998,43.54485], 2.0, 1.0, 0.0, 0.0","ai_adoption_rate, ai_maturity_score, ai_failure_rate, ai_adoption_stage, industry_Healthcare, industry_Manufacturing, industry_Retail",2,0.022828616759548087,0.46956521739130436,1,134.00088096717352,4907,1802,0.4666666666666667,0.002871054520149301,54,115
"[41.773799999999994,80.9662], [0.32235,0.69965], [-16.29970425798558,29.393749999999997], 2.0, 0.0, 0.0, 0.0","ai_adoption_rate, ai_maturity_score, ai_failure_rate, ai_adoption_stage, industry_Agriculture, industry_Healthcare, industry_Logistics",2.0,0.14315332398377192,0.677891654465593,2,195.7710992402155,4995,1805,0.4666666666666667,0.0007453466659516401,463,683
"[-0.018600000000000005,0.2586], [31.3606,42.339400000000005], [-8.9622,25.574350000000003], 1.0, 0.0, 0.0, 0.0","ai_maturity_score, ai_failure_rate, task_automation_rate, ai_adoption_stage, industry_Healthcare, industry_Logistics, industry_Retail",0.0,0.2131111563996246,0.7340425531914894,2,230.94037295889507,4951,1817,0.4666666666666667,0.0008586616308501369,207,282
"[-12.504700000000005,32.4609], [-2.489065571178026,8.9622], 0.0, 0.0, 0.0, 0.0, 0.0","ai_training_hours, task_automation_rate, industry_Agriculture, industry_Education, industry_Logistics, industry_Manufacturing, industry_Retail",0.0,0.17281744126719248,0.7039106145251397,1,239.62378930017206,4976,1817,0.4666666666666667,0.00044547376250145244,126,179
"[0.32615000000000005,0.7958500000000001], 0.0","ai_maturity_score, industry_Manufacturing",2.0,0.0485668580153066,0.5460947503201025,1,186.7626507419815,4988,1832,0.13333333333333333,0.00031883560287726553,853,1562
"[32.229549999999996,75.19045], [0.32235,0.69965], [38.5295,65.5705], [15.70035,49.059650000000005], 2.0, 0.0, 0.0, 0.0, 0.0","ai_adoption_rate, ai_maturity_score, ai_training_hours, task_automation_rate, ai_adoption_stage, industry_Agriculture, industry_Finance, industry_Manufacturing, industry_Technology",2.0,0.4832240485264657,0.8646288209606987,1,201.31956388018463,4988,1834,0.6,0.000346991570260247,198,229
"[-9.96865,11.888649999999998], [0.047899999999999984,0.2481], [26.784899999999997,51.0951], 0.0, 0.0, 0.0, 0.0, 0.0","ai_adoption_rate, ai_maturity_score, ai_failure_rate, industry_Agriculture, industry_Consulting, industry_Healthcare, industry_Logistics, industry_Technology",0.0,0.8219271067593519,0.9615384615384616,2,204.8014984003119,4985,1850,0.5333333333333333,0.0007614744289352295,75,78
"0.0, 0.0, 0.0, 0.0, 0.0","ai_adoption_stage, industry_Consulting, industry_Education, industry_Retail, industry_Technology",0.0,0.48894551440329226,0.8666666666666667,1,187.00557905978854,4985,1850,0.3333333333333333,0.0003476536246915406,65,75
"[-0.018600000000000005,0.2586], [12.95835,41.581649999999996], [-0.8143499999999992,22.3249], 0.0, 0.0, 0.0, 0.0","ai_maturity_score, ai_failure_rate, task_automation_rate, industry_Agriculture, industry_Consulting, industry_Education, industry_Manufacturing",0.0,0.23173440339857496,0.7464454976303317,2,230.803550156551,4972,1852,0.4666666666666667,0.0008581529086674671,315,422
"[-0.018600000000000005,0.2586], [-0.7609000000000012,32.4609], [-0.8143499999999992,22.3249], 1.0, 0.0, 0.0, 0.0, 0.0, 0.0, 0.0, 0.0, 0.0","ai_maturity_score, ai_training_hours, task_automation_rate, ai_adoption_stage, industry_Agriculture, industry_Consulting, industry_Education, industry_Healthcare, industry_Logistics, industry_Manufacturing, industry_Retail, industry_Technology",0.0,0.486145146547519,0.8656716417910447,1,370.6131244064193,4934,1852,0.8,0.0006889901184015201,58,67
"[0.32615000000000005,0.59425], 2.0, 0.0, 0.0, 0.0, 0.0, 0.0","ai_maturity_score, ai_adoption_stage, industry_Consulting, industry_Finance, industry_Healthcare, industry_Manufacturing, industry_Retail",2.0,0.06130246806218252,0.5721311475409836,1,228.66854747208487,4947,1865,0.4666666666666667,0.00041054564525868417,349,610
"[0.32615000000000005,0.7958500000000001], [12.2485,24.011499999999998], 2.0, 0.0","ai_maturity_score, ai_failure_rate, ai_adoption_stage, industry_Finance",2.0,0.11677570779832429,0.6508344030808729,1,181.97993102192714,4988,1865,0.26666666666666666,0.00030204977295411405,507,779
"[0.32235,0.69965], [38.5295,65.5705], 2.0, 0.0, 0.0, 0.0","ai_maturity_score, ai_training_hours, ai_adoption_stage, industry_Agriculture, industry_Consulting, industry_Finance",2.0,0.38799160542278915,0.8274932614555256,1,238.52388957024655,4995,1871,0.4,0.00043344767190026383,307,371
"[20.84065,59.27935000000001], [21.86665,32.45335], [12.27045,26.709549999999997], 2.0, 0.0, 0.0, 0.0, 0.0, 0.0, 0.0, 0.0","ai_adoption_rate, ai_failure_rate, task_automation_rate, ai_adoption_stage, industry_Education, industry_Finance, industry_Healthcare, industry_Logistics, industry_Manufacturing, industry_Retail, industry_Technology",1.0,0.1638260273545574,0.6964285714285714,1,171.01315435707312,4939,1875,0.7333333333333333,0.0003179228303299029,39,56
"[0.20435,0.42765], [12.27045,26.709549999999997], 2.0, 0.0, 0.0, 0.0, 0.0, 0.0, 0.0","ai_maturity_score, task_automation_rate, ai_adoption_stage, industry_Education, industry_Healthcare, industry_Logistics, industry_Manufacturing, industry_Retail, industry_Technology",1.0,0.03965272297984292,0.524390243902439,1,156.02489453985885,4993,1875,0.6,0.00029005883354718044,86,164
"[-0.018600000000000005,0.2586], [31.3606,42.339400000000005], [-0.7609000000000012,32.4609], 1.0, 0.0, 0.0, 0.0, 0.0, 0.0, 0.0","ai_maturity_score, ai_failure_rate, ai_training_hours, ai_adoption_stage, industry_Agriculture, industry_Consulting, industry_Finance, industry_Healthcare, industry_Manufacturing, industry_Retail",0.0,0.16617306684564512,0.6984126984126984,1,214.91987618542586,4847,1878,0.6666666666666666,0.00039954783354475236,88,126
"[12.2485,24.011499999999998], 0.0, 0.0, 0.0, 0.0, 0.0, 1.0","ai_failure_rate, industry_Agriculture, industry_Education, industry_Finance, industry_Healthcare, industry_Logistics, industry_Technology",2.0,0.1554073875237488,0.689119170984456,1,260.5547234723886,4947,1887,0.4666666666666667,0.00048438551673753665,133,193
"[12.2485,24.011499999999998], 0.0, 0.0, 0.0, 1.0","ai_failure_rate, industry_Education, industry_Healthcare, industry_Logistics, industry_Technology",2.0,0.1554073875237488,0.689119170984456,1,260.5547234723886,4947,1887,0.3333333333333333,0.00048438551673753665,133,193
"[-0.8143499999999992,22.3249], 1.0, 0.0, 0.0, 0.0, 0.0, 0.0","task_automation_rate, ai_adoption_stage, industry_Agriculture, industry_Consulting, industry_Education, industry_Manufacturing, industry_Technology",0.0,0.10217965449430831,0.6336842105263157,1,199.5651052082315,4972,1889,0.4666666666666667,0.0003710024724204011,301,475
"[-0.018600000000000005,0.2586], [12.7591,41.581649999999996], [-0.8143499999999992,8.9622], 0.0, 0.0","ai_maturity_score, ai_failure_rate, task_automation_rate, industry_Agriculture, industry_Consulting",0.0,0.3457021595413626,0.8086124401913876,1,244.1539993667996,4985,1889,0.3333333333333333,0.0004538956713995481,169,209
"[38.5295,65.5705], [-4.019099999999998,24.859099999999998], 2.0, 0.0, 0.0, 0.0, 0.0","ai_training_hours, task_automation_rate, ai_adoption_stage, industry_Consulting, industry_Finance, industry_Manufacturing, industry_Technology",2.0,0.06468680856411259,0.5783132530120482,1,192.39230387488973,4683,1891,0.4666666666666667,0.0003576678414683944,48,83
"[38.5295,65.5705], 2.0, 0.0, 0.0","ai_training_hours, ai_adoption_stage, industry_Finance, industry_Healthcare",2.0,0.31919134258499154,0.7958115183246073,1,228.99987837802772,4995,1891,0.26666666666666666,0.0004113155981593042,304,382
"[-0.12080000000000005,0.40280000000000005], [-12.504700000000005,32.4609], [-2.489065571178026,8.9622], 0.0, 0.0, 0.0, 0.0","ai_maturity_score, ai_training_hours, task_automation_rate, industry_Agriculture, industry_Education, industry_Logistics, industry_Retail",0.0,0.20290391889841083,0.7268722466960352,1,222.76652685197047,4985,1900,0.4666666666666667,0.00041413518735327357,165,227
"[41.773799999999994,80.9662], 0.0, 0.0, 0.0","ai_adoption_rate, industry_Agriculture, industry_Consulting, industry_Technology",2.0,0.12289282027823334,0.6575144508670521,1,201.16616447967985,4995,1907,0.26666666666666666,0.0003606745431275812,455,692
"[28.635437156062096,80.9662], [0.2158,0.7702], 0.0, 0.0","ai_adoption_rate, ai_maturity_score, industry_Agriculture, industry_Consulting",2.0,0.03152332194974256,0.5008715862870424,1,182.51998792075364,4995,1908,0.26666666666666666,0.00030651162974736215,862,1721
"[52.424749015196056,80.9662], [28.5228,65.5705], 2.0, 0.0, 0.0, 0.0, 0.0","ai_adoption_rate, ai_training_hours, ai_adoption_stage, industry_Consulting, industry_Logistics, industry_Retail, industry_Technology",2.0,0.36479139115107984,0.817351598173516,1,197.92748098378257,4995,1908,0.4666666666666667,0.000377684372841174,179,219
"[-8.9622,8.9622], 0.0, 0.0, 0.0","task_automation_rate, industry_Education, industry_Logistics, industry_Retail",0.0,0.19649623617673456,0.7222222222222222,1,217.891181894138,4985,1911,0.26666666666666666,0.00040507165376922903,208,288
"[-0.018600000000000005,0.2586], [31.3606,42.339400000000005], [-12.504700000000005,45.651300000000006], [-8.9622,25.574350000000003], 1.0, 0.0, 0.0, 0.0","ai_maturity_score, ai_failure_rate, ai_training_hours, task_automation_rate, ai_adoption_stage, industry_Healthcare, industry_Logistics, industry_Retail",0.0,0.20580321118004571,0.7289377289377289,1,230.94037295889507,4951,1911,0.5333333333333333,0.00042933081542506846,199,273
"[-9.96865,11.888649999999998], [0.050299999999999984,0.37370000000000003], [26.784899999999997,51.0951], 0.0, 0.0, 0.0, 0.0, 0.0","ai_adoption_rate, ai_maturity_score, ai_failure_rate, ai_adoption_stage, industry_Education, industry_Healthcare, industry_Logistics, industry_Technology",0.0,0.632651242980957,0.9125,1,220.53505287063783,4985,1914,0.5333333333333333,0.00040998675487379595,73,80
"[52.424749015196056,80.9662], [12.2485,24.011499999999998], 0.0, 1.0","ai_adoption_rate, ai_failure_rate, industry_Healthcare, industry_Technology",2.0,0.795290613020205,0.9552238805970149,1,319.1522689613531,4924,1924,0.26666666666666666,0.0005933215666120317,64,67
"[-0.018600000000000005,0.2586], [31.3606,41.581649999999996], [-0.8143499999999992,22.3249], 0.0, 0.0, 0.0, 0.0","ai_maturity_score, ai_failure_rate, task_automation_rate, industry_Agriculture, industry_Consulting, industry_Education, industry_Manufacturing",0.0,0.2994492622121735,0.7857142857142857,1,252.6125520844434,4934,1934,0.4666666666666667,0.00046962058467068195,198,252
"[-0.3572999999999986,43.357299999999995], [-0.018600000000000005,0.2586], [12.95835,42.339400000000005], [-0.7609000000000012,32.4609], [-0.8143499999999992,25.574350000000003], 1.0, 0.0, 0.0, 0.0, 0.0, 0.0, 0.0","ai_adoption_rate, ai_maturity_score, ai_failure_rate, ai_training_hours, task_automation_rate, ai_adoption_stage, industry_Agriculture, industry_Consulting, industry_Education, industry_Healthcare, industry_Manufacturing, industry_Retail",0.0,0.18706404256014506,0.7151515151515152,1,273.63370556480055,4934,1934,0.8,0.0005087000615471813,118,165
"[15.70035,49.059650000000005], 0.0, 0.0, 1.0","task_automation_rate, industry_Finance, industry_Healthcare, industry_Technology",2.0,0.09274760763908306,0.6215277777777778,1,200.24913417864192,4947,1946,0.26666666666666666,0.00037227411978061795,179,288
"[12.2485,24.011499999999998], 0.0, 0.0, 0.0, 0.0, 0.0, 1.0","ai_failure_rate, industry_Agriculture, industry_Finance, industry_Logistics, industry_Manufacturing, industry_Retail, industry_Technology",2.0,0.14995078952820548,0.6842105263157895,1,260.5547234723886,4947,1947,0.4666666666666667,0.00048438551673753665,130,190
"[-9.96865,11.888649999999998], [-8.9622,8.9622], 1.0, 0.0, 0.0","ai_adoption_rate, task_automation_rate, industry_Agriculture, industry_Education, industry_Technology",0.0,1.0,1.0,1,211.9583321112576,4951,1951,0.3333333333333333,0.0003940421607341076,18,18
"[-0.8143499999999992,8.9622], 0.0, 0.0, 0.0, 0.0, 0.0","task_automation_rate, industry_Education, industry_Healthcare, industry_Logistics, industry_Manufacturing, industry_Retail",0.0,0.1667830994741916,0.6989247311827957,1,232.44661728781554,4976,1951,0.4,0.0004321310062175199,130,186
"[21.195149999999998,43.54485], [-16.192100000000003,35.572100000000006], [1.7241,22.6359], 1.0, 0.0, 0.0","ai_failure_rate, ai_training_hours, task_automation_rate, industry_Education, industry_Retail, industry_Technology",1.0,0.024134909598866723,0.4748201438848921,1,173.11661861927846,4962,1962,0.4,0.003508378716328091,66,139
"[28.635437156062096,80.9662], 0.0, 0.0, 0.0","ai_adoption_rate, industry_Agriculture, industry_Logistics, industry_Retail",2.0,0.028341871926494355,0.4903268845897265,1,166.2040357170392,4995,1969,0.26666666666666666,0.0003039648427198229,735,1499
"[-0.018600000000000005,0.2586], [12.95835,41.581649999999996], [-0.8143499999999992,22.3249], 0.0, 0.0, 0.0","ai_maturity_score, ai_failure_rate, task_automation_rate, industry_Agriculture, industry_Education, industry_Manufacturing",0.0,0.21670400604559423,0.7365010799136069,1,228.82556767681177,4972,1972,0.4,0.00042539927645425513,341,463
"[3.7512000000000008,39.928799999999995], [-0.018600000000000005,0.2586], [-0.7609000000000012,32.4609], [-0.8143499999999992,22.3249], 1.0, 0.0, 0.0, 0.0, 0.0","ai_adoption_rate, ai_maturity_score, ai_training_hours, task_automation_rate, ai_adoption_stage, industry_Agriculture, industry_Consulting, industry_Manufacturing, industry_Technology",0.0,0.22397642588184608,0.7413793103448276,1,225.22892729964,4983,1983,0.6,0.00041871292479500355,258,348
"[-0.018600000000000005,0.2586], [-0.7609000000000012,32.4609], 1.0, 0.0, 0.0, 0.0, 0.0, 0.0","ai_maturity_score, ai_training_hours, ai_adoption_stage, industry_Agriculture, industry_Healthcare, industry_Manufacturing, industry_Retail, industry_Technology",0.0,0.16617306684564512,0.6984126984126984,1,218.28627603813513,4983,1983,0.5333333333333333,0.0004058061554453052,176,252
"[-0.018600000000000005,0.2586], [26.784899999999997,41.581649999999996], [-0.8143499999999992,8.9622], 0.0, 0.0, 0.0, 0.0, 0.0","ai_maturity_score, ai_failure_rate, task_automation_rate, industry_Agriculture, industry_Consulting, industry_Healthcare, industry_Logistics, industry_Technology",0.0,0.46554879828166185,0.8582089552238806,1,251.73601198940642,4985,1985,0.5333333333333333,0.00046799104857470466,115,134
"[30.83395,52.035650000000004], 2.0, 0.0, 0.0, 0.0, 0.0, 1.0","ai_adoption_rate, ai_adoption_stage, industry_Agriculture, industry_Consulting, industry_Education, industry_Manufacturing, industry_Retail",1.0,0.06872850940451601,0.5853658536585366,1,164.54272495241298,4992,1992,0.4666666666666667,0.00030589394730325467,72,123
"[-0.018600000000000005,0.2586], [12.95835,41.581649999999996], [-0.8143499999999992,22.3249], 0.0, 0.0, 0.0, 0.0, 0.0, 1.0","ai_maturity_score, ai_failure_rate, task_automation_rate, industry_Agriculture, industry_Consulting, industry_Education, industry_Healthcare, industry_Manufacturing, industry_Retail",0.0,0.3344500190985326,0.8032786885245902,1,231.12857880120836,4972,2002,0.6,0.0004296807004049568,98,122
"[-0.018600000000000005,0.2586], [12.95835,41.581649999999996], [-0.8143499999999992,22.3249], 0.0, 0.0, 0.0, 0.0, 1.0","ai_maturity_score, ai_failure_rate, task_automation_rate, industry_Agriculture, industry_Consulting, industry_Education, industry_Manufacturing, industry_Retail",0.0,0.3344500190985326,0.8032786885245902,1,231.12857880120836,4972,2002,0.5333333333333333,0.0004296807004049568,98,122
"[52.424749015196056,80.9662], [28.5228,65.5705], [13.9572,45.8228], 2.0, 0.0","ai_adoption_rate, ai_training_hours, task_automation_rate, ai_adoption_stage, industry_Consulting",2.0,0.4615146042656622,0.8567164179104477,1,227.4805109209878,4995,2007,0.3333333333333333,0.0004463602515899718,287,335
"[52.424749015196056,80.9662], [28.5228,65.5705], 2.0, 0.0, 0.0","ai_adoption_rate, ai_training_hours, ai_adoption_stage, industry_Consulting, industry_Technology",2.0,0.36042305607700653,0.8153846153846154,1,209.0509942951063,4995,2007,0.3333333333333333,0.00040353339925411,212,260
"[-0.13865,0.4737], [1.7241,37.956500000000005], 1.0, 0.0, 0.0, 0.0, 0.0","ai_maturity_score, task_automation_rate, industry_Consulting, industry_Finance, industry_Healthcare, industry_Manufacturing, industry_Technology",1.0,0.030440458544253514,0.4973821989528796,1,173.32104486768253,4953,2008,0.4666666666666667,0.00032221332532710327,95,191
"[-28.070861192752268,11.888649999999998], [0.047899999999999984,0.2481], [26.784899999999997,51.0951], 0.0, 0.0, 0.0, 0.0, 0.0","ai_adoption_rate, ai_maturity_score, ai_failure_rate, industry_Agriculture, industry_Consulting, industry_Healthcare, industry_Logistics, industry_Technology",0.0,0.8107293571891607,0.958904109589041,1,204.80149632360286,4985,2009,0.5333333333333333,0.00038073721060689875,70,73
"[3.7512000000000008,39.928799999999995], [31.3606,46.2736], 0.0, 0.0, 0.0, 0.0, 0.0","ai_adoption_rate, ai_failure_rate, industry_Agriculture, industry_Consulting, industry_Education, industry_Manufacturing, industry_Technology",0.0,0.11630310362135556,0.6503067484662577,1,226.33826605559312,4934,2016,0.4666666666666667,0.00042077524636560546,212,326
"[-0.13865,0.4737], 1.0, 1.0, 0.0, 0.0, 0.0, 0.0","ai_maturity_score, ai_adoption_stage, industry_Consulting, industry_Finance, industry_Healthcare, industry_Manufacturing, industry_Retail",1.0,0.04439117416222191,0.5363636363636364,1,197.42518967587418,4953,2020,0.4666666666666667,0.0003670242521175731,59,110
"[-7.2032500000000015,18.283250000000002], [52.362500000000004,71.67750000000001], [18.601950000000002,47.978049999999996], 3.0, 0.0, 0.0, 0.0, 1.0, 0.0, 0.0","ai_failure_rate, ai_training_hours, task_automation_rate, ai_adoption_stage, industry_Agriculture, industry_Consulting, industry_Education, industry_Finance, industry_Healthcare, industry_Technology",2.0,1.0,1.0,1,41.5,4025,2025,0.6666666666666666,7.71507753791998e-05,2,2
"[-7.2032500000000015,18.283250000000002], [52.362500000000004,71.67750000000001], [18.601950000000002,47.978049999999996], 3.0, 0.0, 0.0, 1.0, 0.0, 0.0, 0.0","ai_failure_rate, ai_training_hours, task_automation_rate, ai_adoption_stage, industry_Agriculture, industry_Education, industry_Finance, industry_Healthcare, industry_Logistics, industry_Technology",2.0,1.0,1.0,1,41.5,4025,2025,0.6666666666666666,7.71507753791998e-05,2,2
"[2.493649999999999,56.00635], [21.195149999999998,29.884971724001623], 0.0, 0.0, 0.0","ai_adoption_rate, ai_failure_rate, industry_Logistics, industry_Manufacturing, industry_Technology",1,0.0265016106233418,0.48378728923476005,1,160.0816614627061,4993,2027,0.3333333333333333,0.00029760058568285163,373,771
"[-14.782650000000002,39.928799999999995], [-12.504700000000005,40.804700000000004], 0.0, 0.0, 0.0, 0.0, 0.0","ai_adoption_rate, ai_training_hours, industry_Agriculture, industry_Consulting, industry_Finance, industry_Healthcare, industry_Technology",0,0.030504211005402914,0.4975903614457831,1,156.66597325960876,4985,2032,0.4666666666666667,0.00029125063403652527,413,830
"[-0.018600000000000005,0.2586], [26.784899999999997,41.581649999999996], [-0.8143499999999992,22.3249], 0.0, 0.0, 0.0, 0.0, 1.0","ai_maturity_score, ai_failure_rate, task_automation_rate, ai_adoption_stage, industry_Consulting, industry_Education, industry_Healthcare, industry_Retail",0.0,1.0,1.0,1,244.50981409326408,4914,2039,0.5333333333333333,0.00045455715048480286,23,23
"[10.85617615488908,24.011499999999998], 0.0, 0.0, 0.0, 1.0","ai_failure_rate, industry_Education, industry_Healthcare, industry_Logistics, industry_Technology",2.0,0.14561055627843128,0.6802030456852792,1,262.48376732024076,4947,2041,0.3333333333333333,0.0004879717150171094,134,197
"[-0.018600000000000005,0.2586], [-0.8143499999999992,22.3249], 0.0, 0.0, 0.0, 0.0, 0.0, 1.0","ai_maturity_score, task_automation_rate, industry_Agriculture, industry_Consulting, industry_Education, industry_Logistics, industry_Manufacturing, industry_Retail",0.0,0.32079621201964487,0.7966101694915254,1,231.12857880132748,4972,2048,0.5333333333333333,0.00042968070040517824,94,118
"[-10.9538,10.9538], 1.0, 0.0, 0.0, 0.0, 0.0","task_automation_rate, industry_Agriculture, industry_Healthcare, industry_Logistics, industry_Retail, industry_Technology",0,0.052112957475632465,0.5538461538461539,1,162.5631014674439,4951,2050,0.4,0.0003022137187050802,36,65
"[-0.018600000000000005,0.5512], [12.95835,41.581649999999996], [-0.8143499999999992,25.574350000000003], 1.0, 0.0, 0.0","ai_maturity_score, ai_failure_rate, task_automation_rate, ai_adoption_stage, industry_Consulting, industry_Healthcare",0.0,0.044687848892505586,0.5370786516853933,1,151.91463805607907,4983,2053,0.4,0.00029353229722197223,478,890
"[52.424749015196056,80.9662], [28.5228,65.5705], 2.0, 0.0, 0.0, 0.0","ai_adoption_rate, ai_training_hours, ai_adoption_stage, industry_Consulting, industry_Retail, industry_Technology",2.0,0.35952521614444727,0.8149779735682819,1,209.66921844316312,4995,2061,0.4,0.0004049700399884693,185,227
"[2.493649999999999,56.00635], [21.195149999999998,29.884971724001623], 0.0, 0.0, 0.0, 0.0","ai_adoption_rate, ai_failure_rate, industry_Consulting, industry_Logistics, industry_Manufacturing, industry_Technology",1,0.024728768610920954,0.4771341463414634,1,160.95665659160028,4993,2070,0.4,0.0031836098140887916,313,656
"[-0.08034999999999999,0.31235], [-0.8143499999999992,22.3249], 1.0, 0.0, 0.0, 0.0, 0.0, 0.0","ai_maturity_score, task_automation_rate, ai_adoption_stage, industry_Agriculture, industry_Consulting, industry_Education, industry_Manufacturing, industry_Technology",0.0,0.16551773157812225,0.6978609625668449,1,234.7506135151219,4972,2071,0.5333333333333333,0.0004364142615285425,261,374
"[3.7512000000000008,39.928799999999995], [0.15905,0.36695], [12.95835,41.581649999999996], [-0.8143499999999992,22.3249], 0.0, 0.0, 1.0, 0.0, 0.0, 0.0","ai_adoption_rate, ai_maturity_score, ai_failure_rate, task_automation_rate, industry_Agriculture, industry_Consulting, industry_Finance, industry_Healthcare, industry_Manufacturing, industry_Technology",0.0,0.07285561885009711,0.5922330097087378,1,307.7446972452623,4881,2071,0.6666666666666666,0.0005721142653327488,61,103
"[-0.13865,0.4737], [2.6555999999999997,38.5044], 1.0, 1.0, 0.0, 0.0, 0.0, 0.0, 0.0","ai_maturity_score, task_automation_rate, ai_adoption_stage, industry_Consulting, industry_Education, industry_Finance, industry_Healthcare, industry_Manufacturing, industry_Retail",1.0,0.0544971034054838,0.5588235294117647,1,192.40307874342002,4953,2080,0.6,0.0003576878725397612,57,102
"[-9.933600000000004,32.2736], [-0.8143499999999992,22.3249], 1.0, 0.0, 0.0, 0.0, 0.0","ai_adoption_rate, task_automation_rate, ai_adoption_stage, industry_Agriculture, industry_Consulting, industry_Education, industry_Technology",0.0,0.08227100486507016,0.6068052930056711,1,184.50215114434982,4972,2081,0.4666666666666667,0.0003429996149377567,321,529
"[41.773799999999994,80.9662], [0.32235,0.69965], [-16.29970425798558,24.011499999999998], 2.0, 0.0, 0.0, 0.0, 0.0","ai_adoption_rate, ai_maturity_score, ai_failure_rate, ai_adoption_stage, industry_Agriculture, industry_Education, industry_Finance, industry_Healthcare",2.0,0.27894700566812797,0.7746478873239436,3,238.67454341277104,4995,2090,0.5333333333333333,0.0013013932922759078,275,355
"[21.195149999999998,43.54485], [22.35583127417042,35.572100000000006], [1.7241,22.6359], 0.0, 0.0, 1.0, 0.0, 0.0, 0.0, 0.0","ai_failure_rate, ai_training_hours, task_automation_rate, industry_Agriculture, industry_Consulting, industry_Education, industry_Finance, industry_Manufacturing, industry_Retail, industry_Technology",1.0,0.05292214940134466,0.5555555555555556,1,183.58781267980456,4853,2092,0.6666666666666666,0.0003412998096004388,30,54
"[-0.018600000000000005,0.31235], [-0.8143499999999992,22.3249], 0.0, 0.0, 0.0, 0.0, 0.0","ai_maturity_score, task_automation_rate, industry_Agriculture, industry_Education, industry_Logistics, industry_Manufacturing, industry_Technology",0.0,0.13307633643463498,0.6680672268907563,1,216.3715645353925,4972,2094,0.4666666666666667,0.0004022466017811109,318,476
"[-0.08034999999999999,0.2586], 1.0, 0.0, 0.0, 0.0, 0.0, 1.0","ai_maturity_score, ai_adoption_stage, industry_Agriculture, industry_Consulting, industry_Education, industry_Manufacturing, industry_Retail",0.0,0.2575412249143059,0.7623762376237624,1,210.57339933624365,4972,2094,0.4666666666666667,0.0003914674947716885,77,101
"[0.38050594775420726,0.69965], 0.0, 0.0, 0.0","ai_maturity_score, industry_Finance, industry_Healthcare, industry_Retail",2.0,0.12763978988339753,0.6625172890733056,2,200.01868123888812,4995,2102,0.26666666666666666,0.000687937110131737,479,723
"[0.40175,0.7958500000000001], [13.940100000000001,57.5183], 2.0, 0.0","ai_maturity_score, ai_training_hours, ai_adoption_stage, industry_Finance",2.0,0.15123512473839054,0.685378590078329,1,197.06533108398125,4995,2102,0.26666666666666666,0.0003371055052340207,525,766
"[20.84065,59.27935000000001], [21.86665,32.45335], [8.573499999999996,51.066500000000005], [12.27045,26.709549999999997], 2.0, 0.0, 0.0, 0.0, 0.0, 0.0, 0.0","ai_adoption_rate, ai_failure_rate, ai_training_hours, task_automation_rate, ai_adoption_stage, industry_Education, industry_Healthcare, industry_Logistics, industry_Manufacturing, industry_Retail, industry_Technology",1.0,0.10237681876331389,0.6339285714285714,1,168.1087394545918,4993,2106,0.7333333333333333,0.00031252336378172614,71,112
"[3.074749999999998,39.928799999999995], [-0.7609000000000012,32.4609], 1.0, 0.0, 0.0, 0.0, 0.0","ai_adoption_rate, ai_training_hours, ai_adoption_stage, industry_Agriculture, industry_Consulting, industry_Retail, industry_Technology",0.0,0.047631085419913635,0.5439739413680782,1,168.33263633395782,4983,2116,0.4666666666666667,0.00031293960035637847,334,614
"[0.06274999999999997,0.7958500000000001], [13.940100000000001,57.5183], 2.0, 0.0","ai_maturity_score, ai_training_hours, ai_adoption_stage, industry_Finance",2,0.04627500138432998,0.5408406026962728,1,187.53591564607822,4995,2121,0.26666666666666666,0.00031496087300676966,682,1261
"[12.95835,41.581649999999996], [-0.7609000000000012,33.869800000000005], 1.0, 0.0, 0.0, 0.0, 0.0, 0.0, 0.0, 0.0, 0.0","ai_failure_rate, ai_training_hours, ai_adoption_stage, industry_Consulting, industry_Education, industry_Finance, industry_Healthcare, industry_Logistics, industry_Manufacturing, industry_Retail, industry_Technology",0.0,0.04158799090330928,0.5294117647058824,1,147.6901249070392,4951,2123,0.7333333333333333,0.00028371529526269367,54,102
"[-0.8143499999999992,25.574350000000003], 1.0, 0.0, 0.0, 0.0, 0.0, 0.0, 0.0","task_automation_rate, ai_adoption_stage, industry_Consulting, industry_Education, industry_Logistics, industry_Manufacturing, industry_Retail, industry_Technology",0.0,0.07426836074542652,0.5945121951219512,1,213.40355562360875,4951,2123,0.5333333333333333,0.0004364213835943402,195,328
"[31.3606,46.2736], 1.0, 0.0, 0.0, 0.0","ai_failure_rate, ai_adoption_stage, industry_Agriculture, industry_Education, industry_Manufacturing",0.0,0.0985806661506751,0.629156010230179,1,228.21348496589073,4934,2124,0.3333333333333333,0.00042426138113512834,246,391
"[3.7512000000000008,39.928799999999995], [31.3606,41.581649999999996], [-0.8143499999999992,25.574350000000003], 1.0, 0.0, 0.0, 0.0, 0.0, 0.0","ai_adoption_rate, ai_failure_rate, task_automation_rate, ai_adoption_stage, industry_Agriculture, industry_Education, industry_Finance, industry_Manufacturing, industry_Technology",0.0,0.1392017338694671,0.6741071428571429,1,205.89508660770463,4900,2124,0.6,0.0003827702549048653,151,224
"[-9.96865,11.888649999999998], [33.63245,45.78755], [-10.9538,10.9538], 0.0, 0.0, 0.0, 0.0","ai_adoption_rate, ai_failure_rate, task_automation_rate, industry_Consulting, industry_Education, industry_Logistics, industry_Technology",0.0,0.5904900000000001,0.9,2,240.5904739597288,4985,2131,0.4666666666666667,0.0008945417645707111,27,30
"[-2.0949500000000008,18.25495], [26.784899999999997,51.0951], 0.0, 0.0, 0.0, 0.0","ai_adoption_rate, ai_failure_rate, ai_adoption_stage, industry_Education, industry_Logistics, industry_Technology",0.0,0.5021188110901396,0.8712871287128713,1,215.26063157507735,4985,2131,0.4,0.0004001813164971922,88,101
"[11.81805,47.24195], [2.270999999999999,25.448999999999998], [6.716171765534312,35.393299999999996], 1.0, 0.0, 1.0, 0.0, 0.0, 0.0, 0.0, 0.0, 0.0","ai_adoption_rate, ai_training_hours, task_automation_rate, ai_adoption_stage, industry_Agriculture, industry_Consulting, industry_Education, industry_Finance, industry_Healthcare, industry_Logistics, industry_Retail, industry_Technology",1.0,0.11524825065124636,0.6491228070175439,1,211.99681607307588,4953,2135,0.8,0.0003941137045291424,37,57
"[-0.13865,0.4737], 1.0, 0.0, 0.0, 0.0, 0.0, 0.0","ai_maturity_score, industry_Consulting, industry_Education, industry_Finance, industry_Healthcare, industry_Manufacturing, industry_Retail",1.0,0.02520222919600549,0.4789473684210526,1,173.6022583406962,4953,2135,0.4666666666666667,0.0033692233128532747,91,190
"[0.32615000000000005,0.7958500000000001], [5.5643,18.8957], [25.841699999999996,57.5183], 3.0, 0.0","ai_maturity_score, ai_failure_rate, ai_training_hours, ai_adoption_stage, industry_Retail",2.0,1.0,1.0,1,112.76480000000001,4557,2147,0.3333333333333333,0.00020963594591519012,8,8
"[0.32615000000000005,0.7958500000000001], [25.841699999999996,57.5183], 1.0, 0.0","ai_maturity_score, ai_training_hours, industry_Education, industry_Finance",2.0,0.057686950493471195,0.5652173913043478,1,167.71867289213682,4973,2147,0.26666666666666666,0.0003117982086553912,65,115
"[41.773799999999994,80.9662], [-4.275800000000004,46.7158], 2.0, 0.0, 0.0, 1.0","ai_adoption_rate, ai_training_hours, ai_adoption_stage, industry_Agriculture, industry_Consulting, industry_Finance",2.0,0.059300923288031916,0.5683453237410072,1,161.05777938688166,4964,2151,0.4,0.0002920058768712756,79,139
"[0.32615000000000005,0.7958500000000001], [25.841699999999996,57.5183], 3.0, 0.0, 0.0, 0.0","ai_maturity_score, ai_training_hours, ai_adoption_stage, industry_Agriculture, industry_Finance, industry_Retail",0,0.0,0.0,1,108.85004799999999,2156,2156,0.4,0.00020235820730754494,0,10
"[-0.018600000000000005,-0.012690004446104297], [-0.7609000000000012,32.4609], [-0.8143499999999992,22.3249], 1.0, 0.0, 0.0, 0.0, 0.0, 0.0, 0.0, 0.0, 0.0","ai_maturity_score, ai_training_hours, task_automation_rate, ai_adoption_stage, industry_Agriculture, industry_Consulting, industry_Education, industry_Healthcare, industry_Logistics, industry_Manufacturing, industry_Retail, industry_Technology",0.0,0.1,1.0,1,331.64,2160,2160,0.8,0.0006165369432953691,0,0
"[0.32235,0.69965], [8.6556,44.5044], 0.0, 0.0, 0.0, 0.0, 0.0, 0.0","ai_maturity_score, task_automation_rate, industry_Agriculture, industry_Consulting, industry_Education, industry_Finance, industry_Healthcare, industry_Manufacturing",2.0,0.04590140126798571,0.5399644760213144,1,202.27150553078866,4988,2161,0.5333333333333333,0.0003492037099126523,304,563
"[50.03875,80.9662], [13.1843,26.515700000000002], 2.0, 0.0, 0.0","ai_adoption_rate, ai_failure_rate, ai_adoption_stage, industry_Agriculture, industry_Consulting",2.0,0.27876262666362334,0.7745454545454545,1,208.56627198254213,4980,2161,0.3333333333333333,0.0004024069925595942,213,275
"[-0.019600000000000006,0.2576], [-27.8136,27.8136], [-8.9622,8.9622], 0.0, 0.0, 0.0","ai_maturity_score, ai_training_hours, task_automation_rate, industry_Agriculture, industry_Education, industry_Technology",0.0,0.5359263549340257,0.8827160493827161,1,256.1589807375614,4985,2164,0.4,0.0004762135899818884,143,162
"[50.03875,80.9662], [18.52455,29.89545], [28.5228,62.5172], [8.6556,44.5044], 2.0, 0.0, 1.0","ai_adoption_rate, ai_failure_rate, ai_training_hours, task_automation_rate, ai_adoption_stage, industry_Consulting, industry_Healthcare",2.0,0.6011483889270763,0.9032258064516129,1,202.1539359589014,4810,2167,0.4666666666666667,0.0003758152507273818,28,31
"[-2.0949500000000008,22.425773754635273], [-0.8143499999999992,8.9622], 0.0, 0.0","ai_adoption_rate, task_automation_rate, ai_adoption_stage, industry_Education",0.0,0.6062776116457453,0.9047619047619048,1,222.72334425075093,4985,2171,0.26666666666666666,0.0004140549085299729,76,84
"[-9.96865,18.25495], [-0.2695,0.2695], [26.784899999999997,51.0951], 0.0, 0.0, 0.0, 0.0","ai_adoption_rate, ai_maturity_score, ai_failure_rate, industry_Education, industry_Healthcare, industry_Logistics, industry_Technology",0.0,0.5510429154816828,0.8876404494382022,1,255.37327828752979,4985,2171,0.4666666666666667,0.00047475292604846,158,178
"[41.773799999999994,80.9662], [13.1843,26.515700000000002], [-4.275800000000004,46.7158], 2.0, 0.0, 1.0","ai_adoption_rate, ai_failure_rate, ai_training_hours, ai_adoption_stage, industry_Agriculture, industry_Finance",2.0,0.05386547945621936,0.5575221238938053,1,162.35060980645778,4964,2172,0.4,0.00029501018016356816,63,113
"[50.03875,80.9662], 2.0, 0.0, 0.0, 0.0","ai_adoption_rate, ai_adoption_stage, industry_Agriculture, industry_Consulting, industry_Education",2.0,0.318965606142411,0.7956989247311828,1,224.36221812889548,4995,2172,0.3333333333333333,0.00043911390500053527,296,372
"[-0.018600000000000005,0.2586], [-0.7609000000000012,32.4609], [-0.8143499999999992,22.3249], 0.0, 0.0, 0.0, 0.0, 0.0, 0.0","ai_maturity_score, ai_training_hours, task_automation_rate, industry_Agriculture, industry_Consulting, industry_Education, industry_Logistics, industry_Manufacturing, industry_Retail",0.0,0.23913291219206384,0.7511520737327189,2,239.38145268645954,4934,2174,0.6,0.000890046490899257,163,217
"[12.750499999999999,65.5095], [26.784899999999997,41.581649999999996], [-5.819100000000006,33.869800000000005], 0.0, 0.0, 0.0","ai_adoption_rate, ai_failure_rate, ai_training_hours, industry_Education, industry_Healthcare, industry_Technology",0.0,0.03610013699998934,0.514637904468413,1,183.71358368774287,4972,2182,0.4,0.0003674272764907638,334,649
"[21.195149999999998,43.54485], [-16.192100000000003,35.572100000000006], [1.7241,22.6359], 0.0, 1.0, 0.0, 0.0","ai_failure_rate, ai_training_hours, task_automation_rate, industry_Consulting, industry_Education, industry_Retail, industry_Technology",1.0,0.02364289337032725,0.4728682170542636,1,173.11661861929474,4962,2195,0.4666666666666667,0.0035813892077796276,61,129
"[-0.018600000000000005,0.2586], [26.784899999999997,41.581649999999996], [-8.9622,8.9622], 0.0, 0.0, 0.0, 0.0","ai_maturity_score, ai_failure_rate, task_automation_rate, industry_Consulting, industry_Healthcare, industry_Logistics, industry_Technology",0.0,0.4498702381651794,0.8523489932885906,1,242.12420516827586,4985,2196,0.4666666666666667,0.0004501221726940949,127,149
"[-0.8143499999999992,8.9622], 0.0, 0.0, 0.0, 0.0, 1.0, 0.0","task_automation_rate, industry_Agriculture, industry_Consulting, industry_Education, industry_Logistics, industry_Retail, industry_Technology",0.0,0.3540925979614258,0.8125,1,264.0973980348712,4914,2196,0.4666666666666667,0.000490971542988421,26,32
"[12.2485,24.011499999999998], 1.0, 0.0, 0.0, 1.0","ai_failure_rate, ai_adoption_stage, industry_Healthcare, industry_Logistics, industry_Technology",2.0,0.06504222973314074,0.5789473684210527,1,157.04722499983768,4896,2201,0.3333333333333333,0.0002919594019250392,11,19
"[8.095899999999999,24.564099999999996], 0.0, 0.0, 0.0, 0.0, 0.0, 1.0","ai_failure_rate, industry_Agriculture, industry_Consulting, industry_Education, industry_Healthcare, industry_Logistics, industry_Technology",2.0,0.12541758676678105,0.6601941747572816,1,256.0503744157069,4947,2201,0.4666666666666667,0.0004760116848748485,136,206
"[31.3606,46.2736], [-0.8143499999999992,37.45805], 1.0, 0.0, 0.0, 0.0, 0.0, 0.0","ai_failure_rate, task_automation_rate, ai_adoption_stage, industry_Agriculture, industry_Education, industry_Manufacturing, industry_Retail, industry_Technology",0.0,0.10654139803857536,0.6390041493775933,1,239.72656204872504,4934,2203,0.5333333333333333,0.00044566482267587926,154,241
"[0.06274999999999997,0.56325], [0.46860000000000035,32.36065], [-4.490900571927861,25.30325], 2.0, 0.0, 0.0, 0.0, 0.0, 1.0","ai_maturity_score, ai_failure_rate, task_automation_rate, ai_adoption_stage, industry_Consulting, industry_Finance, industry_Healthcare, industry_Manufacturing, industry_Retail",1.0,0.19123137022949369,0.7183098591549296,1,176.55948291991658,4992,2210,0.6,0.00032823375922463004,51,71
"[30.83395,55.706050000000005], 0.0, 0.0, 0.0, 0.0, 1.0","ai_adoption_rate, industry_Agriculture, industry_Consulting, industry_Education, industry_Manufacturing, industry_Retail",1.0,0.06446833129637312,0.577922077922078,1,161.5404287578314,4992,2210,0.4,0.0003003125140663874,89,154
"2.0, 0.0, 0.0","ai_adoption_stage, industry_Agriculture, industry_Consulting",2.0,0.05161330518070328,0.5527800161160354,1,183.74141597408135,4995,2211,0.2,0.000310059601185018,686,1241
"[-0.018600000000000005,0.2586], [31.3606,42.339400000000005], [-8.9622,25.574350000000003], 1.0, 0.0, 0.0","ai_maturity_score, ai_failure_rate, task_automation_rate, ai_adoption_stage, industry_Logistics, industry_Retail",0.0,0.24670971643502393,0.7558528428093646,1,229.17221583485988,4951,2232,0.4,0.0004260437143862354,226,299
"[-0.05525000000000002,0.44525000000000003], [-0.7609000000000012,27.8136], 0.0, 0.0, 0.0","ai_maturity_score, ai_training_hours, industry_Logistics, industry_Manufacturing, industry_Technology",0.0,0.036160899352418195,0.5148110316649642,1,176.55730631165892,4983,2242,0.3333333333333333,0.0003507973864789114,504,979
"[-20.340450000000004,22.620450000000005], [-8.9622,8.9622], 0.0, 0.0, 0.0","ai_adoption_rate, task_automation_rate, industry_Education, industry_Healthcare, industry_Technology",0.0,0.5082881644640274,0.8734177215189873,1,256.9902047856321,4985,2246,0.3333333333333333,0.00047775888106194844,138,158
"[-0.7609000000000012,33.869800000000005], 1.0, 0.0, 0.0, 0.0","ai_training_hours, ai_adoption_stage, industry_Healthcare, industry_Manufacturing, industry_Technology",0.0,0.053622168098561795,0.5570175438596491,1,172.63355538152987,4983,2256,0.3333333333333333,0.00034167930133872123,381,684
"[20.711199999999998,42.668800000000005], [-1.6698000000000022,33.869800000000005], [-0.8143499999999992,25.574350000000003], 1.0, 0.0, 0.0, 0.0","ai_failure_rate, ai_training_hours, task_automation_rate, ai_adoption_stage, industry_Agriculture, industry_Healthcare, industry_Manufacturing",0.0,0.0550120259542473,0.5598755832037325,1,184.33760041992315,4983,2256,0.4666666666666667,0.00034269370611899225,360,643
"[0.40175,0.69965], [38.5295,65.5705], [15.70035,49.059650000000005], 2.0, 0.0, 0.0, 0.0","ai_maturity_score, ai_training_hours, task_automation_rate, ai_adoption_stage, industry_Agriculture, industry_Finance, industry_Healthcare",2.0,0.44206963483020245,0.8493723849372385,2,243.27341304588438,4995,2259,0.4666666666666667,0.0008889694051756584,203,239
"[15.70035,49.059650000000005], 0.0, 0.0, 0.0, 0.0, 1.0","task_automation_rate, industry_Consulting, industry_Education, industry_Finance, industry_Healthcare, industry_Technology",2.0,0.08847027146497173,0.615686274509804,1,200.24913417864192,4947,2262,0.4,0.00037227411978061795,157,255
"[0.13835,0.36165], [12.95835,41.581649999999996], [-0.8143499999999992,25.574350000000003], 0.0, 0.0, 0.0","ai_maturity_score, ai_failure_rate, task_automation_rate, industry_Consulting, industry_Retail, industry_Technology",0.0,0.033455504820161575,0.5068664169787765,1,160.80573746153829,4934,2269,0.4,0.000314193598821512,406,801
"[-9.96865,3.8691355173318858], [12.95835,51.0951], [-0.8143499999999992,25.574350000000003], 0.0, 0.0, 0.0","ai_adoption_rate, ai_failure_rate, task_automation_rate, industry_Consulting, industry_Healthcare, industry_Technology",0.0,0.5904900000000001,0.9,1,178.9253098207109,4985,2272,0.4,0.00033263196114774457,27,30
"[0.047899999999999984,0.36165], 0.0, 0.0, 0.0, 0.0, 0.0","ai_maturity_score, industry_Agriculture, industry_Consulting, industry_Logistics, industry_Retail, industry_Technology",0.0,0.03125,0.5,1,181.34086951059552,4985,2272,0.4,0.00033712261905254786,363,726
"[-0.8143499999999992,8.9622], 0.0, 0.0, 0.0","task_automation_rate, ai_adoption_stage, industry_Education, industry_Logistics",0.0,0.5904900000000001,0.9,1,234.00684474613004,4985,2275,0.26666666666666666,0.0004350315546073243,72,80
"[15.10435,59.27935000000001], [21.195149999999998,32.36065], [27.107300000000002,49.5127], 2.0, 0.0, 0.0, 0.0, 0.0, 0.0","ai_adoption_rate, ai_failure_rate, ai_training_hours, ai_adoption_stage, industry_Finance, industry_Healthcare, industry_Logistics, industry_Manufacturing, industry_Technology",1.0,0.030254859120342058,0.4967741935483871,1,169.24003307605435,4939,2276,0.6,0.00031462650065106057,77,155
"[0.13835,0.36165], [21.328774611399275,46.2736], [-0.8143499999999992,25.574350000000003], 0.0, 0.0, 0.0","ai_maturity_score, ai_failure_rate, task_automation_rate, industry_Education, industry_Manufacturing, industry_Retail",0.0,0.03339616313465961,0.5066864784546805,1,170.82650556326868,4976,2277,0.4,0.0003374800454764413,341,673
"[-0.8143499999999992,22.3249], 1.0, 0.0, 0.0, 0.0, 0.0","task_automation_rate, ai_adoption_stage, industry_Agriculture, industry_Consulting, industry_Education, industry_Manufacturing",0.0,0.08537794611344603,0.6113207547169811,1,184.81081744649487,4976,2286,0.4,0.0003435734425171283,324,530
"[-0.333750000000002,56.19375], [-0.018600000000000005,0.2586], [12.95835,41.581649999999996], 0.0, 0.0, 0.0, 0.0, 0.0, 1.0","ai_adoption_rate, ai_maturity_score, ai_failure_rate, industry_Agriculture, industry_Consulting, industry_Education, industry_Healthcare, industry_Manufacturing, industry_Retail",0.0,0.267181325549568,0.768,1,218.00129855577254,4972,2286,0.6,0.00040527636668072966,96,125
"[0.40175,0.69965], [38.5295,65.5705], [15.70035,49.059650000000005], 2.0, 0.0, 0.0, 0.0, 0.0","ai_maturity_score, ai_training_hours, task_automation_rate, ai_adoption_stage, industry_Agriculture, industry_Consulting, industry_Education, industry_Healthcare",2.0,0.34138857970267467,0.8065843621399177,1,232.1371014589798,4995,2294,0.5333333333333333,0.00045063808989615514,196,243
"[-0.018600000000000005,0.2586], [31.3606,41.581649999999996], 0.0, 0.0, 0.0, 0.0, 0.0, 0.0","ai_maturity_score, ai_failure_rate, industry_Agriculture, industry_Consulting, industry_Education, industry_Healthcare, industry_Manufacturing, industry_Retail",0.0,0.2588642078729486,0.7631578947368421,2,264.9009486060057,4934,2302,0.5333333333333333,0.0009849307751151276,87,114
"[8.506699999999999,35.393299999999996], 1.0, 1.0, 0.0, 0.0, 0.0, 0.0, 0.0","task_automation_rate, ai_adoption_stage, industry_Consulting, industry_Education, industry_Healthcare, industry_Logistics, industry_Retail, industry_Technology",1.0,0.16806999999999994,0.7,1,177.8894189797349,4953,2305,0.5333333333333333,0.0003307061832781178,49,70
"[12.95835,42.339400000000005], [-8.9622,22.3249], 1.0, 0.0, 0.0, 0.0, 0.0","ai_failure_rate, task_automation_rate, ai_adoption_stage, industry_Education, industry_Logistics, industry_Retail, industry_Technology",0.0,0.051279370812917745,0.5520628683693517,1,188.84354614905436,4951,2315,0.4666666666666667,0.0003793483783448714,281,509
"[-0.16002005861148688,0.2586], [31.3606,41.581649999999996], [-0.7609000000000012,32.4609], [-0.8143499999999992,25.574350000000003], 1.0, 0.0, 0.0, 0.0, 0.0, 0.0","ai_maturity_score, ai_failure_rate, ai_training_hours, task_automation_rate, ai_adoption_stage, industry_Agriculture, industry_Consulting, industry_Logistics, industry_Manufacturing, industry_Retail",0.0,0.3699992524594304,0.819672131147541,1,275.0181513032324,4934,2315,0.6666666666666666,0.0005112738220818908,150,183
"[52.424749015196056,80.9662], [0.40175,0.69965], [28.5228,65.5705], 2.0, 0.0, 0.0, 0.0, 0.0","ai_adoption_rate, ai_maturity_score, ai_training_hours, ai_adoption_stage, industry_Consulting, industry_Finance, industry_Retail, industry_Technology",2.0,0.557325020050315,0.8896551724137931,2,222.72870444912832,4995,2317,0.5333333333333333,0.0008281297468652953,129,145
"[-0.018600000000000005,0.2586], [12.95835,41.581649999999996], [-0.7609000000000012,32.4609], [-0.8143499999999992,25.574350000000003], 1.0, 0.0, 0.0, 0.0","ai_maturity_score, ai_failure_rate, ai_training_hours, task_automation_rate, ai_adoption_stage, industry_Agriculture, industry_Education, industry_Manufacturing",0.0,0.21101168211756946,0.7325905292479109,1,215.70440069359927,4972,2335,0.5333333333333333,0.0004010063076196816,263,359
"[-0.018600000000000005,0.2586], [12.95835,42.339400000000005], 0.0, 0.0, 0.0","ai_maturity_score, ai_failure_rate, industry_Agriculture, industry_Education, industry_Healthcare",0.0,0.1823861694344157,0.7115384615384616,1,185.71923122903132,4985,2335,0.3333333333333333,0.0003452622335457509,333,468
"[3.7512000000000008,39.928799999999995], [-0.8143499999999992,22.3249], 0.0, 0.0, 1.0, 0.0","ai_adoption_rate, task_automation_rate, industry_Agriculture, industry_Healthcare, industry_Logistics, industry_Manufacturing",0.0,0.03425268889546344,0.5092592592592593,1,147.03810891564706,4736,2336,0.4,0.00027335190634056387,55,108
"[38.5295,65.5705], 2.0, 0.0","ai_training_hours, ai_adoption_stage, industry_Finance",2.0,0.32463466798099466,0.7985074626865671,1,226.941353644039,4995,2339,0.2,0.0004065319602266388,321,402
"[38.5295,65.5705], 2.0, 0.0, 0.0, 0.0, 0.0","ai_training_hours, ai_adoption_stage, industry_Consulting, industry_Finance, industry_Healthcare, industry_Manufacturing",2.0,0.3361249177701937,0.8040816326530612,1,237.77568383936216,4988,2339,0.4,0.00043170897755445383,197,245
"[-0.05525000000000002,0.44525000000000003], [6.334599999999998,32.4609], 1.0, 0.0, 0.0, 0.0, 0.0, 0.0","ai_maturity_score, ai_training_hours, ai_adoption_stage, industry_Agriculture, industry_Education, industry_Logistics, industry_Manufacturing, industry_Technology",0.0,0.04708183656017647,0.542713567839196,1,217.54686101259531,4972,2351,0.5333333333333333,0.00040443154237187323,216,398
"[12.95835,41.581649999999996], [-0.7609000000000012,27.8136], [-0.8143499999999992,25.574350000000003], 1.0, 0.0, 0.0, 1.0","ai_failure_rate, ai_training_hours, task_automation_rate, ai_adoption_stage, industry_Agriculture, industry_Education, industry_Retail",0.0,0.13761815908027375,0.672566371681416,1,211.76510651206647,4972,2351,0.4666666666666667,0.0003936829437509581,76,113
"[4.80885,29.51115], [38.5295,65.5705], 2.0, 0.0, 0.0, 0.0, 1.0","ai_failure_rate, ai_training_hours, ai_adoption_stage, industry_Agriculture, industry_Finance, industry_Healthcare, industry_Manufacturing",2.0,0.26364723082896674,0.7659574468085106,1,223.8855249545066,4995,2353,0.4666666666666667,0.00041621546617878,36,47
"[0.32235,0.69965], [38.5295,65.5705], [15.70035,49.059650000000005], 2.0, 0.0, 0.0, 0.0","ai_maturity_score, ai_training_hours, task_automation_rate, ai_adoption_stage, industry_Agriculture, industry_Consulting, industry_Healthcare",2.0,0.40047925196738293,0.8327526132404182,2,222.53549538980258,4995,2353,0.4666666666666667,0.0008454952044065683,239,287
"[25.296399999999995,67.5036], [-4.490900571927861,25.30325], 2.0, 0.0, 0.0, 1.0, 0.0","ai_adoption_rate, task_automation_rate, ai_adoption_stage, industry_Consulting, industry_Healthcare, industry_Retail, industry_Technology",1.0,0.19766169100952616,0.7230769230769231,1,176.55949024600045,4992,2359,0.4666666666666667,0.00032823377284422166,47,65
"[28.5228,62.5172], 2.0, 0.0, 0.0, 0.0","ai_training_hours, ai_adoption_stage, industry_Agriculture, industry_Consulting, industry_Retail",2.0,0.14241184164036316,0.6771879483500718,1,193.32968554758295,4995,2360,0.3333333333333333,0.0003379113493830767,472,697
"[-0.05525000000000002,0.44525000000000003], [6.334599999999998,27.8136], 1.0, 0.0, 0.0, 1.0, 0.0","ai_maturity_score, ai_training_hours, ai_adoption_stage, industry_Agriculture, industry_Education, industry_Retail, industry_Technology",0.0,0.0902778354682678,0.6181818181818182,1,187.99655972420123,4972,2365,0.4666666666666667,0.0003494959120805824,68,110
"[12.95835,41.581649999999996], [-0.7609000000000012,32.4609], [-0.8143499999999992,25.574350000000003], 1.0, 0.0, 0.0, 0.0, 0.0","ai_failure_rate, ai_training_hours, task_automation_rate, ai_adoption_stage, industry_Agriculture, industry_Education, industry_Logistics, industry_Manufacturing",0.0,0.07383106990079312,0.5938104448742747,1,208.14628063354252,4976,2365,0.5333333333333333,0.00038695534802829696,307,517
"[-13.918074961768507,59.27935000000001], [21.86665,32.45335], [12.27045,26.709549999999997], 2.0, 0.0, 0.0, 0.0, 0.0, 0.0, 0.0, 0.0","ai_adoption_rate, ai_failure_rate, task_automation_rate, ai_adoption_stage, industry_Education, industry_Finance, industry_Healthcare, industry_Logistics, industry_Manufacturing, industry_Retail, industry_Technology",1.0,0.19001178639019078,0.717391304347826,1,171.0140540491253,4939,2383,0.7333333333333333,0.00031792450290675663,33,46
"[0.08824999999999997,0.51175], [26.784899999999997,41.581649999999996], [-0.7609000000000012,33.869800000000005], [-0.8143499999999992,22.3249], 1.0, 0.0","ai_maturity_score, ai_failure_rate, ai_training_hours, task_automation_rate, ai_adoption_stage, industry_Agriculture",0.0,0.09114554290290663,0.6193656093489148,1,194.82622613636872,4976,2387,0.4,0.00036219263640058236,371,599
"[0.08824999999999997,0.51175], [26.784899999999997,41.581649999999996], [-0.7609000000000012,33.869800000000005], [-0.8143499999999992,22.3249], 0.0, 0.0","ai_maturity_score, ai_failure_rate, ai_training_hours, task_automation_rate, industry_Agriculture, industry_Healthcare",0.0,0.07247622116230187,0.5916149068322981,1,199.30291845387268,4976,2387,0.4,0.00037051505286876397,381,644
"[0.08824999999999997,0.51175], [26.784899999999997,41.581649999999996], [-0.7609000000000012,33.869800000000005], 0.0, 0.0, 0.0","ai_maturity_score, ai_failure_rate, ai_training_hours, industry_Agriculture, industry_Healthcare, industry_Technology",0.0,0.04206165333798857,0.5306122448979592,1,203.03577113458113,4972,2397,0.4,0.00037745463066859487,364,686
"[7.5250499999999985,27.87495], [0.08824999999999997,0.51175], [-0.7609000000000012,33.869800000000005], [-0.8143499999999992,22.3249], 0.0","ai_adoption_rate, ai_maturity_score, ai_training_hours, task_automation_rate, industry_Agriculture",0.0,0.11256132332300141,0.6460674157303371,1,203.17518329649528,4983,2397,0.3333333333333333,0.00037771380552134104,345,534
"[0.32235,0.69965], [38.5295,65.5705], [15.70035,49.059650000000005], 2.0, 0.0, 0.0, 0.0, 1.0","ai_maturity_score, ai_training_hours, task_automation_rate, ai_adoption_stage, industry_Agriculture, industry_Consulting, industry_Healthcare, industry_Retail",2.0,0.14387251916983998,0.6785714285714286,1,228.51567686992817,4988,2402,0.5333333333333333,0.0004248231724534369,19,28
"[0.32235,0.69965], [15.70035,49.059650000000005], 2.0, 0.0, 0.0","ai_maturity_score, task_automation_rate, ai_adoption_stage, industry_Consulting, industry_Healthcare",2.0,0.0865695687323619,0.6130177514792899,1,192.9004659028762,4995,2403,0.3333333333333333,0.00033666456367535414,518,845
"[30.83395,55.706050000000005], [0.06274999999999997,0.56325], [0.46860000000000035,32.36065], 0.0, 0.0, 0.0, 0.0, 0.0, 1.0","ai_adoption_rate, ai_maturity_score, ai_failure_rate, industry_Consulting, industry_Finance, industry_Healthcare, industry_Logistics, industry_Manufacturing, industry_Retail",1.0,0.06862251234048695,0.5851851851851851,1,161.54072891436783,4992,2404,0.6,0.0003003130720738458,79,135
"[33.63245,51.0951], 0.0, 0.0, 0.0, 0.0","ai_failure_rate, industry_Consulting, industry_Education, industry_Logistics, industry_Technology",0.0,0.16589858215693667,0.6981818181818182,2,216.73104489334258,4985,2405,0.3333333333333333,0.0008883077296721703,192,275
"[-9.96865,18.25495], [-0.012149999999999994,0.28815], [26.784899999999997,45.78755], [-10.9538,10.9538], 0.0, 0.0, 0.0, 0.0","ai_adoption_rate, ai_maturity_score, ai_failure_rate, task_automation_rate, ai_adoption_stage, industry_Consulting, industry_Education, industry_Logistics",0.0,0.6785540297340756,0.9253731343283582,1,236.44436881935889,4985,2405,0.5333333333333333,0.0004395630455050369,62,67
"[-0.13865,0.4737], [24.398230170869034,38.5044], 1.0, 1.0, 0.0, 0.0, 0.0, 0.0, 0.0","ai_maturity_score, task_automation_rate, ai_adoption_stage, industry_Consulting, industry_Education, industry_Finance, industry_Healthcare, industry_Manufacturing, industry_Retail",1.0,1.0,1.0,1,192.0,4329,2411,0.6,0.00035693852705557497,2,2
"[20.84065,59.27935000000001], [21.195149999999998,43.54485], [22.35583127417042,35.572100000000006], 2.0, 0.0, 0.0, 0.0, 0.0, 0.0","ai_adoption_rate, ai_failure_rate, ai_training_hours, ai_adoption_stage, industry_Agriculture, industry_Healthcare, industry_Manufacturing, industry_Retail, industry_Technology",1.0,0.027563426592956207,0.48760330578512395,1,153.22717357441337,4993,2423,0.6,0.00028485771687781266,59,121
"[52.424749015196056,80.9662], [0.2745,0.69965], 0.0, 0.0, 0.0, 0.0, 0.0","ai_adoption_rate, ai_maturity_score, industry_Consulting, industry_Finance, industry_Healthcare, industry_Retail, industry_Technology",2.0,0.40885444641480395,0.8362068965517241,1,223.09673636204712,4995,2427,0.4666666666666667,0.00041474906493736994,97,116
"[52.424749015196056,80.9662], [0.40175,0.6595], [28.5228,65.5705], 2.0, 0.0, 0.0, 0.0, 0.0","ai_adoption_rate, ai_maturity_score, ai_training_hours, ai_adoption_stage, industry_Consulting, industry_Finance, industry_Retail, industry_Technology",2.0,0.5241073981293608,0.8787878787878788,1,222.71739564442893,4995,2427,0.5333333333333333,0.00041404384974466765,116,132
"[-0.019600000000000006,0.2576], [-27.8136,27.8136], [-8.9622,8.9622], 0.0, 0.0","ai_maturity_score, ai_training_hours, task_automation_rate, industry_Agriculture, industry_Education",0.0,0.5062822941801043,0.8727272727272727,2,252.62976797948832,4985,2433,0.3333333333333333,0.0009393051799269815,144,165
"[-27.8136,27.8136], 0.0, 0.0, 0.0, 0.0","ai_training_hours, industry_Agriculture, industry_Education, industry_Logistics, industry_Technology",0.0,0.02867792587360692,0.49148418491484186,1,187.2116823318371,4985,2433,0.3333333333333333,0.0003480367819745945,404,822
"[-2.0949500000000008,22.425773754635273], 0.0, 0.0, 0.0","ai_adoption_rate, ai_adoption_stage, industry_Education, industry_Logistics",0.0,0.41500972208362036,0.8387096774193549,1,215.2426279489466,4985,2439,0.26666666666666666,0.00040014784676910487,78,93
"[-8.646900000000002,47.1269], [-0.018600000000000005,0.2586], [31.3606,42.339400000000005], [-0.8143499999999992,25.574350000000003], 1.0, 0.0, 0.0, 0.0, 0.0, 0.0, 0.0","ai_adoption_rate, ai_maturity_score, ai_failure_rate, task_automation_rate, ai_adoption_stage, industry_Agriculture, industry_Consulting, industry_Education, industry_Healthcare, industry_Manufacturing, industry_Retail",0.0,0.3498127216399667,0.8105263157894737,1,320.09546537961734,4934,2446,0.7333333333333333,0.000595075020467549,77,95
"[21.195149999999998,43.54485], [22.35583127417042,35.572100000000006], [12.27045,26.709549999999997], 2.0, 0.0, 0.0, 0.0, 0.0, 0.0","ai_failure_rate, ai_training_hours, task_automation_rate, ai_adoption_stage, industry_Education, industry_Healthcare, industry_Manufacturing, industry_Retail, industry_Technology",1.0,0.05032843750000002,0.55,1,170.11035341388913,4993,2454,0.6,0.0003162444738773796,44,80
"[52.424749015196056,80.9662], [0.40175,0.69965], [8.6556,49.059650000000005], 2.0, 0.0, 0.0, 0.0, 1.0","ai_adoption_rate, ai_maturity_score, task_automation_rate, ai_adoption_stage, industry_Agriculture, industry_Finance, industry_Healthcare, industry_Technology",2.0,0.670176922268936,0.9230769230769231,1,298.67586495219246,4924,2463,0.5333333333333333,0.0005552548088702364,60,65
"[0.13835,0.36165], [21.328774611399275,46.2736], [9.596799999999998,59.0432], [-0.8143499999999992,25.574350000000003], 1.0, 0.0, 0.0, 0.0","ai_maturity_score, ai_failure_rate, ai_training_hours, task_automation_rate, ai_adoption_stage, industry_Education, industry_Manufacturing, industry_Retail",0.0,0.036652666997670044,0.5162037037037037,1,174.4850288727866,4976,2466,0.5333333333333333,0.00034598178975572396,223,432
"[-9.96865,11.888649999999998], [-0.8143499999999992,22.3249], 1.0, 0.0, 0.0, 0.0, 0.0","ai_adoption_rate, task_automation_rate, ai_adoption_stage, industry_Consulting, industry_Education, industry_Manufacturing, industry_Technology",0.0,1.0,1.0,1,267.3935104,4951,2469,0.4666666666666667,0.0004970991965958102,12,12
"[12.95835,51.0951], 1.0, 0.0, 0.0, 0.0, 0.0, 0.0","ai_failure_rate, ai_adoption_stage, industry_Agriculture, industry_Education, industry_Healthcare, industry_Manufacturing, industry_Technology",0.0,0.051784081225743836,0.5531453362255966,1,188.4503930957497,4972,2469,0.4666666666666667,0.00035033961320125515,255,461
"[0.09964999999999999,0.42765], [12.27045,26.709549999999997], 2.0, 0.0, 0.0, 0.0, 0.0, 0.0, 0.0","ai_maturity_score, task_automation_rate, ai_adoption_stage, industry_Education, industry_Healthcare, industry_Logistics, industry_Manufacturing, industry_Retail, industry_Technology",1.0,0.04054048830476065,0.5267175572519084,1,148.9718473314997,4993,2471,0.6,0.00027694683207944525,69,131
"[11.579349999999998,32.36065], [7.8767499999999995,25.30325], 2.0, 0.0, 0.0, 0.0, 0.0","ai_failure_rate, task_automation_rate, ai_adoption_stage, industry_Consulting, industry_Education, industry_Healthcare, industry_Manufacturing",1.0,0.03125,0.5,1,175.27987712032706,4993,2492,0.4666666666666667,0.00032585490188443604,189,378
"[3.7512000000000008,39.928799999999995], [-0.8143499999999992,22.3249], 0.0, 0.0, 0.0","ai_adoption_rate, task_automation_rate, industry_Agriculture, industry_Manufacturing, industry_Retail",0.0,0.032309944763876594,0.5033467202141901,1,186.05853755284656,4983,2493,0.3333333333333333,0.00034589302260535124,376,747
"[0.32235,0.69965], [38.5295,65.5705], [15.70035,49.059650000000005], 0.0, 0.0, 0.0","ai_maturity_score, ai_training_hours, task_automation_rate, industry_Agriculture, industry_Consulting, industry_Healthcare",2.0,0.38848286375085334,0.8277027027027027,3,211.8458131180186,4995,2499,0.4,0.001175089499852463,245,296
"[-0.018600000000000005,0.31235], [12.95835,41.581649999999996], [-0.8143499999999992,25.574350000000003], 1.0, 0.0, 0.0, 0.0, 0.0","ai_maturity_score, ai_failure_rate, task_automation_rate, ai_adoption_stage, industry_Agriculture, industry_Consulting, industry_Retail, industry_Technology",0.0,0.10682523578800285,0.639344262295082,1,184.37617425761624,4983,2500,0.5333333333333333,0.00034276541699820607,273,427
"[-0.08034999999999999,0.5512], [27.893546231699915,41.581649999999996], [-0.7609000000000012,33.869800000000005], 1.0, 0.0, 0.0, 0.0, 0.0","ai_maturity_score, ai_failure_rate, ai_training_hours, ai_adoption_stage, industry_Consulting, industry_Healthcare, industry_Retail, industry_Technology",0.0,0.06767163244067756,0.583554376657825,1,190.13925268275457,4951,2500,0.5333333333333333,0.0003823593652044758,220,377
"[11.81805,47.24195], [8.506699999999999,35.393299999999996], 1.0, 1.0, 0.0, 0.0, 0.0, 0.0, 0.0, 0.0","ai_adoption_rate, task_automation_rate, ai_adoption_stage, industry_Consulting, industry_Education, industry_Healthcare, industry_Logistics, industry_Manufacturing, industry_Retail, industry_Technology",1.0,0.15774104955529852,0.6911764705882353,1,177.88942163494895,4953,2502,0.6666666666666666,0.0003307061882143063,47,68
"[2.270999999999999,25.448999999999998], 1.0, 0.0, 1.0, 0.0, 0.0, 0.0, 0.0, 0.0, 0.0","ai_training_hours, ai_adoption_stage, industry_Agriculture, industry_Consulting, industry_Education, industry_Finance, industry_Healthcare, industry_Logistics, industry_Retail, industry_Technology",1.0,0.05962518390607958,0.5689655172413793,1,212.28909889883658,4953,2502,0.6666666666666666,0.0003946570743276355,33,58
"[28.5228,65.5705], [8.6556,44.5044], 2.0, 0.0, 0.0, 1.0, 0.0, 0.0","ai_training_hours, task_automation_rate, ai_adoption_stage, industry_Consulting, industry_Finance, industry_Healthcare, industry_Manufacturing, industry_Retail",2.0,0.2546951789996305,0.7606837606837606,1,165.6240920220127,4980,2505,0.5333333333333333,0.0003079042679752824,89,117
"[52.424749015196056,80.9662], [0.40175,0.69965], 2.0, 0.0, 0.0","ai_adoption_rate, ai_maturity_score, ai_adoption_stage, industry_Consulting, industry_Technology",2.0,0.3874748651669347,0.8272727272727273,1,207.38611723859367,4995,2505,0.3333333333333333,0.0003996645270908272,182,220
"[-20.340450000000004,22.425773754635273], 0.0, 0.0, 0.0","ai_adoption_rate, industry_Education, industry_Healthcare, industry_Technology",0.0,0.18362184356689457,0.7125,1,218.80448139273642,4985,2506,0.26666666666666666,0.000406769527611887,228,320
"[-2.0949500000000008,22.620450000000005], [-8.9622,8.9622], 0.0, 0.0, 0.0","ai_adoption_rate, task_automation_rate, ai_adoption_stage, industry_Education, industry_Logistics",0.0,0.5500611895322172,0.8873239436619719,1,234.00684599976532,4985,2506,0.3333333333333333,0.000435031556937901,63,71
"[0.40175,0.69965], [15.70035,49.059650000000005], 2.0, 0.0, 0.0, 0.0, 0.0","ai_maturity_score, task_automation_rate, ai_adoption_stage, industry_Agriculture, industry_Consulting, industry_Finance, industry_Healthcare",2.0,0.20048506734403354,0.725130890052356,1,217.56348319874763,4995,2523,0.4666666666666667,0.00038473949106218364,277,382
"[-8.9622,8.9622], 0.0, 0.0, 0.0, 0.0","task_automation_rate, industry_Agriculture, industry_Education, industry_Healthcare, industry_Technology",0.0,0.2278137396050989,0.7439024390243902,1,236.07785439517232,4985,2525,0.3333333333333333,0.00043888167509506927,122,164
"[-20.340450000000004,22.620450000000005], 0.0, 0.0","ai_adoption_rate, industry_Education, industry_Healthcare",0.0,0.18081258671706654,0.7103064066852368,1,212.4504029119731,4985,2525,0.2,0.00039495694733209956,255,359
"[-8.646900000000002,18.25495], [-0.2695,0.2695], [26.784899999999997,51.0951], 1.0, 0.0, 0.0, 0.0, 0.0","ai_adoption_rate, ai_maturity_score, ai_failure_rate, ai_adoption_stage, industry_Consulting, industry_Education, industry_Healthcare, industry_Manufacturing",0.0,0.38027638377823036,0.8241758241758241,1,270.21244566687403,4951,2529,0.5333333333333333,0.0005023397518146801,75,91
"[52.424749015196056,80.9662], [28.5228,62.5172], 2.0, 0.0, 0.0, 0.0","ai_adoption_rate, ai_training_hours, ai_adoption_stage, industry_Consulting, industry_Retail, industry_Technology",2.0,0.3504270747052985,0.8108108108108109,1,209.97407636357403,4995,2549,0.4,0.00040567847447461967,150,185
"[18.740900000000003,47.619099999999996], 2.0, 0.0","task_automation_rate, ai_adoption_stage, industry_Consulting",2.0,0.07521027477862532,0.5960125918153201,1,184.28485181647488,4995,2549,0.2,0.0003116381590392918,568,953
"[31.3606,42.339400000000005], [-0.8143499999999992,25.574350000000003], 1.0, 0.0, 0.0, 0.0, 0.0, 0.0, 0.0","ai_failure_rate, task_automation_rate, ai_adoption_stage, industry_Agriculture, industry_Consulting, industry_Education, industry_Healthcare, industry_Manufacturing, industry_Retail",0.0,0.13397342500120302,0.6689655172413793,1,278.6806377019189,4934,2550,0.6,0.0005180825851053712,97,145
"[0.32615000000000005,0.7958500000000001], [5.5643,18.8957], 3.0, 0.0, 0.0","ai_maturity_score, ai_failure_rate, ai_adoption_stage, industry_Finance, industry_Retail",2.0,1.0,1.0,1,111.12,4557,2557,0.3333333333333333,0.00020657817253341403,6,6
"[-0.08034999999999999,0.5512], [12.95835,41.581649999999996], [-0.7609000000000012,27.8136], 1.0, 0.0, 0.0, 0.0, 0.0, 0.0","ai_maturity_score, ai_failure_rate, ai_training_hours, ai_adoption_stage, industry_Consulting, industry_Healthcare, industry_Logistics, industry_Retail, industry_Technology",0.0,0.0613512757572101,0.5722222222222222,1,180.129529715049,4983,2560,0.6,0.00035909858543672066,206,360
"[27.893546231699915,41.581649999999996], [-0.7609000000000012,33.869800000000005], 1.0, 0.0","ai_failure_rate, ai_training_hours, ai_adoption_stage, industry_Retail",0.0,0.060036264510923996,0.5697478991596638,1,180.92910520148223,4976,2560,0.26666666666666666,0.0003609566537726401,339,595
"[52.424749015196056,80.9662], [0.40175,0.69965], [28.5228,65.5705], [20.7667,47.6533], 2.0, 0.0, 0.0, 0.0, 0.0","ai_adoption_rate, ai_maturity_score, ai_training_hours, task_automation_rate, ai_adoption_stage, industry_Consulting, industry_Finance, industry_Retail, industry_Technology",2.0,0.5792642820741052,0.896551724137931,1,225.47605039038405,4995,2578,0.6,0.000419172340170064,104,116
"[25.296399999999995,67.5036], [-0.02465000000000006,0.50665], [-4.490900571927861,25.30325], 2.0, 0.0, 0.0, 1.0, 0.0","ai_adoption_rate, ai_maturity_score, task_automation_rate, ai_adoption_stage, industry_Consulting, industry_Healthcare, industry_Retail, industry_Technology",1.0,0.17018672393742432,0.7017543859649122,1,175.23743772304124,4992,2580,0.5333333333333333,0.00032577600471799683,40,57
"[0.32615000000000005,0.7958500000000001], [16.086199999999998,37.9938], 0.0, 0.0","ai_maturity_score, task_automation_rate, industry_Finance, industry_Manufacturing",2.0,0.07352983286585513,0.5933250927070457,1,195.09074823877376,4988,2587,0.26666666666666666,0.0003325169330184116,480,809
"[-0.018600000000000005,0.31235], [-0.8143499999999992,22.3249], 0.0, 0.0, 0.0, 0.0, 0.0","ai_maturity_score, task_automation_rate, industry_Agriculture, industry_Consulting, industry_Education, industry_Manufacturing, industry_Technology",0.0,0.14659730003087448,0.6811224489795918,2,215.25739695997635,4972,2589,0.4666666666666667,0.0008003506063407412,267,392
"[-0.08034999999999999,0.31235], [-0.8143499999999992,22.3249], 1.0, 0.0, 0.0, 0.0, 0.0","ai_maturity_score, task_automation_rate, ai_adoption_stage, industry_Agriculture, industry_Education, industry_Logistics, industry_Technology",0.0,0.14032525735048015,0.6751918158567775,2,205.21668157346207,4972,2589,0.4666666666666667,0.0007630181255006719,264,391
"[0.32235,0.69965], [12.2485,24.011499999999998], [8.6556,44.5044], 2.0, 0.0, 0.0, 0.0, 0.0, 0.0","ai_maturity_score, ai_failure_rate, task_automation_rate, ai_adoption_stage, industry_Agriculture, industry_Consulting, industry_Education, industry_Finance, industry_Healthcare",2.0,0.13168724279835387,0.6666666666666666,1,193.37356417042258,4988,2597,0.6,0.00032852650885148075,206,309
"[41.773799999999994,80.9662], 2.0, 0.0, 0.0, 0.0, 0.0","ai_adoption_rate, ai_adoption_stage, industry_Agriculture, industry_Finance, industry_Healthcare, industry_Retail",2.0,0.16063446527395167,0.6936936936936937,1,225.7885380698361,4995,2597,0.4,0.00040385302602727227,308,444
"[-2.0949500000000008,22.425773754635273], [-0.8143499999999992,8.9622], 0.0, 0.0, 0.0","ai_adoption_rate, task_automation_rate, ai_adoption_stage, industry_Education, industry_Logistics",0.0,0.534824985896467,0.8823529411764706,1,234.00686276339326,4985,2610,0.3333333333333333,0.0004350315881024045,60,68
"[-0.018600000000000005,0.2586], [31.3606,42.339400000000005], [-0.7609000000000012,32.4609], [-2.489065571178026,25.574350000000003], 1.0, 0.0, 0.0, 0.0, 0.0, 0.0, 0.0","ai_maturity_score, ai_failure_rate, ai_training_hours, task_automation_rate, ai_adoption_stage, industry_Agriculture, industry_Healthcare, industry_Logistics, industry_Manufacturing, industry_Retail, industry_Technology",0.0,0.3201647236092616,0.7962962962962963,1,281.42250710298663,4934,2612,0.7333333333333333,0.000523179870654308,86,108
"[26.784899999999997,51.0951], 0.0, 0.0, 0.0","ai_failure_rate, ai_adoption_stage, industry_Education, industry_Logistics",0.0,0.43141507166104304,0.8452380952380952,1,215.26063183249374,4985,2619,0.26666666666666666,0.0004001813169757434,71,84
"[-8.9622,8.9622], 0.0, 0.0, 0.0, 1.0","task_automation_rate, ai_adoption_stage, industry_Education, industry_Logistics, industry_Retail",0.0,1.0,1.0,1,275.87056128,4914,2619,0.3333333333333333,0.0005128584989649893,13,13
"[-20.340450000000004,22.620450000000005], [-12.504700000000005,45.651300000000006], 0.0, 0.0, 0.0","ai_adoption_rate, ai_training_hours, industry_Education, industry_Healthcare, industry_Technology",0.0,0.18834600077103236,0.7161290322580646,1,214.19042116340023,4985,2629,0.3333333333333333,0.0003981917366639444,222,310
"[-20.340450000000004,22.620450000000005], [-8.9622,18.932782748864078], 1.0, 0.0, 0.0, 0.0","ai_adoption_rate, task_automation_rate, industry_Agriculture, industry_Consulting, industry_Education, industry_Healthcare",0.0,0.13168724279835387,0.6666666666666666,1,184.8789714823422,4951,2629,0.4,0.0003437001446065462,30,45
"[38.5295,65.5705], [15.70035,49.059650000000005], 2.0, 0.0, 0.0, 0.0","ai_training_hours, task_automation_rate, ai_adoption_stage, industry_Finance, industry_Healthcare, industry_Retail",2.0,0.36825452473517706,0.8188976377952756,1,240.14938944767042,4995,2631,0.4,0.00043722503864490375,208,254
"[-12.504700000000005,31.175907167111003], [-8.9622,8.9622], 0.0, 0.0, 0.0","ai_training_hours, task_automation_rate, industry_Education, industry_Logistics, industry_Retail",0.0,0.21905946222926423,0.7380952380952381,1,227.23643785403107,4985,2640,0.3333333333333333,0.00042244499698423726,155,210
"[2.270999999999999,25.448999999999998], [8.506699999999999,35.393299999999996], 1.0, 1.0, 0.0, 0.0, 0.0, 0.0, 0.0, 0.0","ai_training_hours, task_automation_rate, ai_adoption_stage, industry_Consulting, industry_Education, industry_Finance, industry_Healthcare, industry_Logistics, industry_Retail, industry_Technology",1.0,0.28962137296388657,0.7804878048780488,2,206.5154488198707,4953,2644,0.6666666666666666,0.0007678470845415169,32,41
"[11.81805,47.24195], [28.44825,42.17175], 1.0, 1.0, 0.0, 0.0, 0.0, 0.0, 0.0, 0.0","ai_adoption_rate, ai_failure_rate, ai_adoption_stage, industry_Consulting, industry_Education, industry_Healthcare, industry_Logistics, industry_Manufacturing, industry_Retail, industry_Technology",1.0,0.03125,0.5,1,211.86329595408586,4953,2644,0.6666666666666666,0.00039386548330724353,27,54
"[0.13835,0.36165], [12.95835,41.581649999999996], [-0.8143499999999992,25.574350000000003], 0.0","ai_maturity_score, ai_failure_rate, task_automation_rate, industry_Retail",0.0,0.03001706759723989,0.4959908361970218,1,166.1493492726678,4976,2651,0.26666666666666666,0.00032661118299482804,433,873
"[26.784899999999997,36.18125], [6.334599999999998,33.869800000000005], [-0.8143499999999992,22.3249], 1.0","ai_failure_rate, ai_training_hours, task_automation_rate, industry_Retail",0.0,0.38605762138600824,0.8266666666666667,2,222.32655863056456,4972,2658,0.26666666666666666,0.00082663452461384,62,75
"[26.37875,41.581649999999996], [-0.7609000000000012,27.8136], 1.0, 0.0, 0.0, 0.0, 0.0, 0.0, 1.0","ai_failure_rate, ai_training_hours, ai_adoption_stage, industry_Agriculture, industry_Consulting, industry_Education, industry_Logistics, industry_Manufacturing, industry_Retail",0.0,0.19724564886917628,0.7227722772277227,1,183.16597661718774,4972,2658,0.6,0.00034051559323143164,73,101
"[52.424749015196056,80.9662], [0.4918,0.7382], [8.6556,44.5044], 2.0, 0.0, 0.0, 0.0","ai_adoption_rate, ai_maturity_score, task_automation_rate, ai_adoption_stage, industry_Consulting, industry_Healthcare, industry_Manufacturing",2.0,0.42252781853558063,0.841726618705036,1,226.12876669064605,4908,2665,0.4666666666666667,0.000443219043292224,117,139
"[52.424749015196056,80.9662], [0.40175,0.7382], [28.5228,65.5705], 2.0, 0.0, 0.0, 0.0, 0.0, 0.0","ai_adoption_rate, ai_maturity_score, ai_training_hours, ai_adoption_stage, industry_Consulting, industry_Finance, industry_Healthcare, industry_Manufacturing, industry_Retail",2.0,0.552159856263168,0.888,1,255.97324841941955,4941,2673,0.6,0.00047586830341905416,111,125
"[-7.819350000000002,30.619350000000004], 0.0, 0.0, 1.0, 0.0","ai_adoption_rate, industry_Education, industry_Finance, industry_Manufacturing, industry_Technology",0.0,0.09711404145270756,0.6272727272727273,1,152.60685296264415,4985,2675,0.3333333333333333,0.0002837045068493381,69,110
"[32.229549999999996,75.19045], [0.40175,0.69965], [38.5295,65.5705], [15.70035,49.059650000000005], 2.0, 0.0, 0.0, 1.0, 0.0","ai_adoption_rate, ai_maturity_score, ai_training_hours, task_automation_rate, ai_adoption_stage, industry_Agriculture, industry_Consulting, industry_Education, industry_Finance",2.0,1.0,1.0,1,276.845076895499,4683,2683,0.6,0.0005146701769253479,27,27
"[-8.646900000000002,18.25495], [-0.2695,-0.1111988549237381], [26.784899999999997,51.0951], 0.0, 0.0, 0.0, 0.0","ai_adoption_rate, ai_maturity_score, ai_failure_rate, industry_Education, industry_Healthcare, industry_Logistics, industry_Technology",0.0,0.04018775720164611,0.8333333333333334,1,354.32,2687,2687,0.4666666666666667,0.0006587003068038089,0,0
"[26.784899999999997,51.0951], [6.3488500000000005,24.77115]","ai_failure_rate, task_automation_rate",0.0,0.043850255912308976,0.5350500715307582,1,177.9436228852022,4985,2694,0.13333333333333333,0.00035401893462860714,374,699
"[50.03875,80.9662], [0.32235,0.69965], [18.52455,29.89545], [28.5228,62.5172], 0.0, 0.0, 1.0","ai_adoption_rate, ai_maturity_score, ai_failure_rate, ai_training_hours, industry_Consulting, industry_Education, industry_Healthcare",2.0,0.49717673529828965,0.8695652173913043,1,205.1310921870326,4810,2701,0.4666666666666667,0.00038134994738823325,20,23
"[25.296399999999995,67.5036], [-4.490900571927861,25.30325], 2.0, 0.0, 0.0, 0.0, 1.0, 0.0","ai_adoption_rate, task_automation_rate, ai_adoption_stage, industry_Consulting, industry_Healthcare, industry_Logistics, industry_Retail, industry_Technology",1.0,0.1638260273545574,0.6964285714285714,1,176.55956051375165,4992,2703,0.5333333333333333,0.0003282339034758238,39,56
"[28.635437156062096,80.9662], [0.2158,0.7702], [8.6556,44.5044], 0.0, 0.0, 0.0","ai_adoption_rate, ai_maturity_score, task_automation_rate, industry_Agriculture, industry_Consulting, industry_Finance",2.0,0.037034393019667856,0.517274472168906,1,182.48765000863324,4995,2704,0.4,0.0003032296197462561,539,1042
"[41.773799999999994,80.9662], [0.40175,0.69965], [-16.29970425798558,24.011499999999998], [15.70035,49.059650000000005], 2.0, 0.0, 0.0, 0.0, 0.0, 0.0, 0.0","ai_adoption_rate, ai_maturity_score, ai_failure_rate, task_automation_rate, ai_adoption_stage, industry_Agriculture, industry_Consulting, industry_Education, industry_Finance, industry_Healthcare, industry_Logistics",2.0,0.2572354533504453,0.7621951219512195,1,240.74366460687156,4995,2714,0.7333333333333333,0.00044755567209759425,125,164
"[-0.019600000000000006,0.2576], [-27.8136,27.8136], 0.0, 0.0, 0.0","ai_maturity_score, ai_training_hours, industry_Agriculture, industry_Education, industry_Technology",0.0,0.2287694473461487,0.7445255474452555,1,182.68799069091398,4985,2720,0.3333333333333333,0.00033962699118727824,306,411
"[0.32615000000000005,0.7958500000000001], [25.841699999999996,57.5183], 0.0, 0.0, 0.0","ai_maturity_score, ai_training_hours, industry_Finance, industry_Manufacturing, industry_Technology",2.0,0.05496636386646473,0.5597826086956522,1,182.05339866340594,4988,2733,0.3333333333333333,0.00030222049842114324,309,552
"[52.424749015196056,80.9662], [0.40175,0.7382], 2.0, 0.0, 0.0, 0.0, 0.0","ai_adoption_rate, ai_maturity_score, ai_adoption_stage, industry_Consulting, industry_Healthcare, industry_Manufacturing, industry_Retail",2.0,0.3749159750044879,0.8218390804597702,2,232.2954456619795,4941,2734,0.4666666666666667,0.0009150985723767964,143,174
"[52.424749015196056,80.9662], [0.4918,0.7382], [28.5228,65.5705], [8.6556,44.5044], 2.0, 0.0, 0.0, 0.0","ai_adoption_rate, ai_maturity_score, ai_training_hours, task_automation_rate, ai_adoption_stage, industry_Consulting, industry_Finance, industry_Healthcare",2.0,0.5003995641837429,0.8706896551724138,1,253.91837595506559,4995,2734,0.5333333333333333,0.00047204818284242103,101,116
"[19.11455,30.48545], [-0.8143499999999992,22.3249], 1.0, 0.0, 0.0, 0.0, 0.0","ai_failure_rate, task_automation_rate, ai_adoption_stage, industry_Agriculture, industry_Consulting, industry_Education, industry_Technology",0.0,0.025259979467823677,0.4791666666666667,1,170.5567433193134,4972,2736,0.4666666666666667,0.003302549114586804,92,192
"[25.841699999999996,73.5793868480248], 0.0, 0.0, 0.0, 0.0","ai_training_hours, industry_Agriculture, industry_Finance, industry_Logistics, industry_Manufacturing",2.0,0.049724019726331316,0.5486725663716814,1,175.90579656624814,4988,2744,0.3333333333333333,0.0003270185204525741,372,678
"[52.424749015196056,80.9662], [28.5228,62.5172], 2.0, 0.0, 1.0, 0.0","ai_adoption_rate, ai_training_hours, ai_adoption_stage, industry_Consulting, industry_Healthcare, industry_Manufacturing",2.0,1.0,1.0,12,210.724290847227,4980,2751,0.4,0.004700976124364987,38,38
"[3.7512000000000008,39.928799999999995], [26.784899999999997,41.581649999999996], [-0.7609000000000012,32.4609], 0.0, 0.0","ai_adoption_rate, ai_failure_rate, ai_training_hours, industry_Healthcare, industry_Technology",0.0,0.06831778243766772,0.5846645367412141,1,186.5341562968934,4972,2754,0.3333333333333333,0.00037398177540068237,366,626
"[-9.96865,11.888649999999998], [26.784899999999997,45.78755], 0.0, 0.0, 0.0, 0.0, 0.0","ai_adoption_rate, ai_failure_rate, ai_adoption_stage, industry_Consulting, industry_Education, industry_Healthcare, industry_Logistics",0.0,0.7703357918738192,0.9491525423728814,2,222.1586582747655,4985,2757,0.4666666666666667,0.0008260102526795584,56,59
"[-9.96865,18.25495], [-0.012149999999999994,0.28815], [26.784899999999997,51.0951], [-10.9538,10.9538], 0.0, 0.0, 0.0, 0.0, 0.0","ai_adoption_rate, ai_maturity_score, ai_failure_rate, task_automation_rate, ai_adoption_stage, industry_Consulting, industry_Education, industry_Logistics, industry_Technology",0.0,0.6318913929089809,0.9122807017543859,1,236.4445184987078,4985,2757,0.6,0.0004395633237671532,52,57
"[-0.018600000000000005,0.2586], [-0.7609000000000012,32.4609], [-0.8143499999999992,25.574350000000003], 1.0, 0.0, 0.0, 0.0, 0.0, 0.0","ai_maturity_score, ai_training_hours, task_automation_rate, ai_adoption_stage, industry_Agriculture, industry_Consulting, industry_Healthcare, industry_Manufacturing, industry_Retail",0.0,0.19439424187181814,0.7206703910614525,1,234.65663539689132,4983,2762,0.6,0.0004362395510540806,129,179
"[52.424749015196056,80.9662], 2.0, 0.0, 0.0","ai_adoption_rate, ai_adoption_stage, industry_Healthcare, industry_Manufacturing",2.0,0.3982374006196018,0.8318181818181818,1,226.3581222216422,4941,2767,0.26666666666666666,0.00044375202392637645,183,220
"[0.40175,0.7382], [28.5228,62.5172], [14.775699999999999,31.704299999999996], 2.0, 0.0","ai_maturity_score, ai_training_hours, task_automation_rate, ai_adoption_stage, industry_Consulting",2.0,0.13168724279835387,0.6666666666666666,1,188.07054594000434,4980,2767,0.3333333333333333,0.0003162032567934446,256,384
"[31.3606,42.339400000000005], 1.0, 0.0, 0.0, 0.0, 0.0, 0.0, 0.0","ai_failure_rate, ai_adoption_stage, industry_Agriculture, industry_Consulting, industry_Education, industry_Healthcare, industry_Manufacturing, industry_Retail",0.0,0.09671822359199059,0.6267605633802817,1,275.6475158542553,4934,2777,0.5333333333333333,0.0005124438452893028,89,142
"[-8.646900000000002,52.065250000000006], [-0.018600000000000005,0.2586], [31.3606,42.339400000000005], [-0.7609000000000012,32.4609], 1.0, 0.0, 0.0, 0.0, 1.0, 0.0, 0.0","ai_adoption_rate, ai_maturity_score, ai_failure_rate, ai_training_hours, ai_adoption_stage, industry_Agriculture, industry_Consulting, industry_Healthcare, industry_Logistics, industry_Manufacturing, industry_Retail",0.0,0.1134276198236865,0.6470588235294118,1,257.187668353024,4716,2777,0.7333333333333333,0.0004781259766603442,11,17
"[0.38050594775420726,0.69965], [23.7085,35.4715], 0.0, 0.0","ai_maturity_score, ai_failure_rate, industry_Healthcare, industry_Retail",2.0,0.030464864277039455,0.49746192893401014,1,161.95566003703198,4973,2782,0.26666666666666666,0.00030108445178089396,98,197
"[11.81805,47.24195], [-10.386100000000003,25.9261], [8.506699999999999,35.393299999999996], 1.0, 1.0, 0.0, 0.0, 0.0, 0.0, 0.0","ai_adoption_rate, ai_training_hours, task_automation_rate, ai_adoption_stage, industry_Consulting, industry_Education, industry_Finance, industry_Healthcare, industry_Retail, industry_Technology",1.0,0.2957885573215846,0.7837837837837838,3,206.51798361401092,4953,2785,0.6666666666666666,0.0011517847637761314,29,37
"[2.270999999999999,25.448999999999998], 1.0, 1.0, 0.0, 0.0, 0.0, 0.0, 0.0, 0.0, 0.0","ai_training_hours, ai_adoption_stage, industry_Consulting, industry_Education, industry_Finance, industry_Healthcare, industry_Logistics, industry_Manufacturing, industry_Retail, industry_Technology",1.0,0.06563567679999997,0.58,1,212.2892606291706,4953,2785,0.6666666666666666,0.00039465737499319386,29,50
"[-8.9622,8.9622], 0.0, 0.0, 0.0, 1.0","task_automation_rate, ai_adoption_stage, industry_Education, industry_Healthcare, industry_Retail",0.0,1.0,1.0,1,272.90309119999995,4914,2788,0.3333333333333333,0.0005073418093845898,11,11
"[-0.8143499999999992,8.9622], 0.0, 0.0, 0.0, 0.0","task_automation_rate, ai_adoption_stage, industry_Consulting, industry_Education, industry_Logistics",0.0,0.6092939122134442,0.9056603773584906,1,236.64167510551275,4985,2788,0.3333333333333333,0.00043992984870898773,48,53
"[2.493649999999999,56.00635], [21.195149999999998,29.884971724001623], 1.0, 0.0, 0.0, 0.0","ai_adoption_rate, ai_failure_rate, industry_Agriculture, industry_Consulting, industry_Manufacturing, industry_Technology",1,0.04882170774650204,0.5466666666666666,1,144.57877607170767,4931,2791,0.4,0.0002687798717423601,41,75
"[0.32615000000000005,0.7958500000000001], [25.841699999999996,70.3399], 0.0","ai_maturity_score, ai_training_hours, industry_Finance",2.0,0.08786462580061301,0.6148409893992933,1,190.27328551976106,4995,2794,0.2,0.0003213220238578026,522,849
"[0.561449052660573,0.7958500000000001], [13.940100000000001,57.5183], 0.0, 0.0","ai_maturity_score, ai_training_hours, industry_Finance, industry_Manufacturing",2.0,0.5035835674196454,0.8717948717948718,1,214.6924763014219,4888,2794,0.26666666666666666,0.0003991250846924139,102,117
"[21.195149999999998,43.54485], [22.35583127417042,35.572100000000006], [12.27045,26.709549999999997], 0.0, 0.0, 0.0, 0.0, 0.0","ai_failure_rate, ai_training_hours, task_automation_rate, industry_Education, industry_Healthcare, industry_Manufacturing, industry_Retail, industry_Technology",1.0,0.03365275096687763,0.5074626865671642,1,184.1481487954651,4993,2797,0.5333333333333333,0.0003423415051617925,68,134
"[0.3322,0.5478000000000001], [21.195149999999998,43.54485], [22.35583127417042,35.572100000000006], [12.27045,26.709549999999997], 2.0, 0.0, 0.0, 0.0, 0.0, 0.0","ai_maturity_score, ai_failure_rate, ai_training_hours, task_automation_rate, ai_adoption_stage, industry_Education, industry_Healthcare, industry_Manufacturing, industry_Retail, industry_Technology",1.0,0.03431148168782393,0.5094339622641509,1,175.08750196510942,4993,2797,0.6666666666666666,0.0003254972659232617,27,53
"[0.06274999999999997,0.7958500000000001], [21.195149999999998,43.54485], 2.0, 0.0, 0.0, 1.0, 0.0, 0.0, 0.0","ai_maturity_score, ai_failure_rate, ai_adoption_stage, industry_Education, industry_Finance, industry_Healthcare, industry_Manufacturing, industry_Retail, industry_Technology",2.0,0.062450094358046306,0.5742574257425742,1,134.61242639373216,4907,2802,0.6,0.0002502518812518529,58,101
"2.0, 1.0, 0.0, 0.0","ai_adoption_stage, industry_Healthcare, industry_Manufacturing, industry_Retail",2,0.08002031450066496,0.603448275862069,1,146.97748795616923,4980,2802,0.26666666666666666,0.00027323920865314353,105,174
"[52.424749015196056,80.9662], [18.52455,29.89545], [28.5228,62.5172], [20.7667,47.6533], 0.0, 0.0, 0.0","ai_adoption_rate, ai_failure_rate, ai_training_hours, task_automation_rate, industry_Consulting, industry_Education, industry_Technology",2.0,0.2577503359985351,0.7625,1,196.0967932106755,4908,2810,0.4666666666666667,0.00036455469025489676,61,80
"[41.773799999999994,80.9662], [0.32235,0.69965], [-16.29970425798558,24.011499999999998], 2.0, 0.0, 0.0, 0.0","ai_adoption_rate, ai_maturity_score, ai_failure_rate, ai_adoption_stage, industry_Agriculture, industry_Finance, industry_Healthcare",2.0,0.28397280003203734,0.7774193548387097,1,235.3318945756299,4995,2816,0.4666666666666667,0.00042603005476649276,241,310
"[-0.018600000000000005,0.31235], [12.95835,41.581649999999996], [-10.159500000000005,40.0595], [-10.9538,25.574350000000003], 1.0, 0.0, 1.0, 0.0","ai_maturity_score, ai_failure_rate, ai_training_hours, task_automation_rate, ai_adoption_stage, industry_Agriculture, industry_Education, industry_Technology",0.0,0.09783795953954658,0.6282051282051282,2,179.99290413863758,4983,2825,0.5333333333333333,0.0006692333550385479,49,78
"[-0.018600000000000005,0.2586], [-0.7609000000000012,32.4609], 0.0, 0.0, 0.0, 0.0, 0.0, 0.0","ai_maturity_score, ai_training_hours, industry_Agriculture, industry_Consulting, industry_Healthcare, industry_Logistics, industry_Manufacturing, industry_Retail",0.0,0.2138748580224448,0.7345679012345679,1,222.61960000630185,4983,2852,0.5333333333333333,0.00041386204229140966,119,162
"[0.40175,0.69965], [38.5295,65.5705], [15.70035,49.059650000000005], 2.0, 0.0, 0.0","ai_maturity_score, ai_training_hours, task_automation_rate, ai_adoption_stage, industry_Agriculture, industry_Finance",2.0,0.4256709446617274,0.8429752066115702,1,238.2085126867826,4995,2856,0.4,0.00043271479325279635,204,242
"[0.32235,0.69965], [38.5295,65.5705], 2.0, 0.0, 0.0","ai_maturity_score, ai_training_hours, ai_adoption_stage, industry_Finance, industry_Healthcare",2.0,0.30747837196967365,0.7898832684824902,1,229.0799745598723,4995,2856,0.3333333333333333,0.0004115017271512989,203,257
"[2.270999999999999,25.448999999999998], [8.506699999999999,35.393299999999996], 1.0, 1.0, 0.0, 0.0, 0.0, 0.0, 0.0, 0.0, 0.0","ai_training_hours, task_automation_rate, ai_adoption_stage, industry_Consulting, industry_Education, industry_Finance, industry_Healthcare, industry_Logistics, industry_Manufacturing, industry_Retail, industry_Technology",1.0,0.2731986815017553,0.7714285714285715,1,206.51913242236736,4953,2862,0.7333333333333333,0.00038393039028976583,27,35
"[11.81805,47.24195], 1.0, 1.0, 0.0, 0.0, 0.0, 0.0, 0.0, 0.0, 0.0","ai_adoption_rate, ai_adoption_stage, industry_Consulting, industry_Education, industry_Finance, industry_Healthcare, industry_Logistics, industry_Manufacturing, industry_Retail, industry_Technology",1.0,0.04280215720207496,0.5324675324675324,1,196.52806509165225,4953,2862,0.6666666666666666,0.000365356448327586,41,77
"[38.5295,65.5705], [15.70035,49.059650000000005], 2.0, 0.0","ai_training_hours, task_automation_rate, ai_adoption_stage, industry_Finance",2.0,0.3699992524594304,0.819672131147541,1,227.18873323622523,4995,2873,0.26666666666666666,0.0004071068255082701,250,305
"[41.773799999999994,80.9662], [0.32235,0.69965], [-16.29970425798558,24.011499999999998], 2.0, 0.0, 0.0, 0.0, 0.0","ai_adoption_rate, ai_maturity_score, ai_failure_rate, ai_adoption_stage, industry_Agriculture, industry_Consulting, industry_Finance, industry_Healthcare",2.0,0.27175108279337573,0.7706093189964157,1,239.9760483066165,4995,2873,0.5333333333333333,0.00043682222528835477,215,279
"[-0.018600000000000005,0.2586], [12.95835,41.581649999999996], [-0.8143499999999992,22.3249], 0.0, 0.0, 0.0, 0.0, 0.0, 0.0, 1.0","ai_maturity_score, ai_failure_rate, task_automation_rate, industry_Agriculture, industry_Consulting, industry_Education, industry_Finance, industry_Logistics, industry_Manufacturing, industry_Retail",0.0,0.3418836901016481,0.8068181818181818,1,231.12857884683075,4972,2874,0.6666666666666666,0.0004296807004897713,71,88
"[-0.018600000000000005,0.2586], [28.59035,41.529650000000004], [-0.7609000000000012,32.4609], 0.0, 0.0, 0.0, 0.0, 0.0, 0.0","ai_maturity_score, ai_failure_rate, ai_training_hours, industry_Agriculture, industry_Consulting, industry_Healthcare, industry_Logistics, industry_Retail, industry_Technology",0.0,0.22758041953086858,0.74375,1,220.39599660326098,4985,2881,0.6,0.0004097282416485077,119,160
"[0.32235,0.69965], [-1.9801499999999992,14.88015], [38.5295,65.5705], 2.0, 0.0, 0.0, 0.0, 0.0, 0.0, 0.0","ai_maturity_score, ai_failure_rate, ai_training_hours, ai_adoption_stage, industry_Agriculture, industry_Education, industry_Finance, industry_Healthcare, industry_Manufacturing, industry_Technology",2.0,0.27550608968587587,0.7727272727272727,1,217.15924805857838,4888,2888,0.6666666666666666,0.0004037109486381521,17,22
"[-0.019600000000000006,0.2576], [-27.8136,27.8136], [-8.9622,5.6659836994841335], 0.0, 0.0, 0.0","ai_maturity_score, ai_training_hours, task_automation_rate, industry_Agriculture, industry_Education, industry_Logistics",0.0,0.4514351841417832,0.8529411764705882,1,303.7105430017793,4914,2901,0.4,0.0005646145514078331,58,68
"[-0.05525000000000002,0.44525000000000003], [-0.7609000000000012,27.8136], [-0.8143499999999992,25.574350000000003], 0.0, 0.0","ai_maturity_score, ai_training_hours, task_automation_rate, industry_Manufacturing, industry_Technology",0.0,0.05307014189670159,0.5558659217877095,1,166.51148906588486,4983,2903,0.3333333333333333,0.0003274527301587545,398,716
"[41.773799999999994,80.9662], 2.0, 0.0, 0.0, 0.0, 0.0","ai_adoption_rate, ai_adoption_stage, industry_Agriculture, industry_Consulting, industry_Education, industry_Manufacturing",2.0,0.11593144424665407,0.649890590809628,2,201.4278133152847,4980,2907,0.4,0.0007228691472901008,297,457
"[41.773799999999994,80.9662], 2.0, 0.0, 0.0, 0.0, 0.0, 0.0","ai_adoption_rate, ai_adoption_stage, industry_Agriculture, industry_Consulting, industry_Education, industry_Manufacturing, industry_Technology",2.0,0.0920416933162511,0.6205787781350482,1,194.00831885409434,4980,2908,0.4666666666666667,0.0003398826252036906,193,311
"[-0.7609000000000012,32.4609], [-0.8143499999999992,25.574350000000003], 0.0, 0.0, 0.0, 0.0, 0.0","ai_training_hours, task_automation_rate, industry_Consulting, industry_Healthcare, industry_Logistics, industry_Manufacturing, industry_Technology",0.0,0.04489357874946054,0.5375722543352601,1,175.6868270555761,4983,2911,0.4666666666666667,0.0003487745506488421,279,519
"[26.784899999999997,51.0951], 0.0, 0.0, 0.0, 0.0","ai_failure_rate, ai_adoption_stage, industry_Consulting, industry_Education, industry_Logistics",0.0,0.5603693956509233,0.890625,1,216.4985133265254,4985,2914,0.3333333333333333,0.00040248260654422783,57,64
"[52.424749015196056,80.9662], [8.6556,44.5044], 0.0, 1.0","ai_adoption_rate, task_automation_rate, industry_Finance, industry_Technology",2.0,0.7279178878136674,0.9384615384615385,1,280.94788202033476,4924,2924,0.26666666666666666,0.0005222975166027174,61,65
"[12.2485,24.011499999999998], [13.940100000000001,57.5183], 0.0, 0.0, 0.0, 0.0, 1.0","ai_failure_rate, ai_training_hours, industry_Agriculture, industry_Finance, industry_Healthcare, industry_Manufacturing, industry_Technology",2.0,0.15359020233154297,0.6875,1,260.5547234723956,4947,2924,0.4666666666666667,0.00048438551673754966,88,128
"[11.32505,31.674950000000003], [-0.018600000000000005,0.2586], [-0.7609000000000012,32.4609], 1.0, 0.0, 0.0, 0.0, 0.0, 0.0, 0.0","ai_adoption_rate, ai_maturity_score, ai_training_hours, ai_adoption_stage, industry_Agriculture, industry_Consulting, industry_Healthcare, industry_Logistics, industry_Manufacturing, industry_Retail",0.0,0.21456700908753956,0.7350427350427351,1,262.47172181370877,4983,2934,0.6666666666666666,0.0004879493217600304,86,117
"[-0.018600000000000005,0.2586], [-0.8143499999999992,22.3249], 0.0, 0.0, 0.0, 1.0, 0.0, 0.0, 0.0, 0.0, 0.0","ai_maturity_score, task_automation_rate, industry_Agriculture, industry_Consulting, industry_Education, industry_Finance, industry_Healthcare, industry_Logistics, industry_Manufacturing, industry_Retail, industry_Technology",0.0,0.3047211266817917,0.7884615384615384,1,346.48900169489787,4934,2934,0.7333333333333333,0.0006441420515934035,41,52
"1.0, 0.0, 0.0, 0.0, 0.0","ai_adoption_stage, industry_Consulting, industry_Education, industry_Manufacturing, industry_Technology",0.0,0.056313514709472656,0.5625,1,166.82105657718935,4972,2951,0.3333333333333333,0.00032817210887951814,261,464
"[0.21175,0.40425], [2.270999999999999,25.448999999999998], [8.506699999999999,35.393299999999996], 1.0, 0.0, 0.0, 0.0, 0.0, 0.0, 0.0","ai_maturity_score, ai_training_hours, task_automation_rate, ai_adoption_stage, industry_Education, industry_Finance, industry_Healthcare, industry_Logistics, industry_Retail, industry_Technology",1.0,0.03748187928181567,0.5185185185185185,1,143.1575556070493,4953,2953,0.6666666666666666,0.0002731824267098569,42,81
"[2.270999999999999,25.448999999999998], 1.0, 1.0, 0.0, 0.0, 0.0, 0.0, 0.0, 0.0","ai_training_hours, ai_adoption_stage, industry_Consulting, industry_Education, industry_Finance, industry_Logistics, industry_Manufacturing, industry_Retail, industry_Technology",1.0,0.05180568853631072,0.5531914893617021,1,212.28924143724512,4953,2953,0.6,0.00039465733931435214,26,47
"[41.773799999999994,80.9662], 2.0, 0.0, 0.0, 0.0, 1.0, 0.0, 0.0","ai_adoption_rate, ai_adoption_stage, industry_Agriculture, industry_Consulting, industry_Education, industry_Finance, industry_Healthcare, industry_Manufacturing",2.0,0.051983837228233604,0.5535714285714286,1,161.06369943638308,4964,2955,0.5333333333333333,0.0002920196339920382,62,112
"[41.773799999999994,80.9662], [3.782549999999997,30.83745], 2.0, 0.0, 0.0, 0.0, 0.0, 0.0, 0.0","ai_adoption_rate, ai_failure_rate, ai_adoption_stage, industry_Agriculture, industry_Consulting, industry_Education, industry_Manufacturing, industry_Retail, industry_Technology",2.0,0.10529335052490231,0.6375,1,192.38442093909842,4980,2955,0.6,0.00033516557011036973,153,240
"[0.32235,0.69965], [38.5295,65.5705], [15.70035,49.059650000000005], 2.0, 0.0, 0.0, 0.0, 0.0","ai_maturity_score, ai_training_hours, task_automation_rate, ai_adoption_stage, industry_Agriculture, industry_Finance, industry_Manufacturing, industry_Technology",2.0,0.5005681056319217,0.8707482993197279,1,201.31956388018475,4988,2957,0.5333333333333333,0.0003469915702602473,128,147
"[28.5228,62.5172], 2.0, 1.0, 0.0","ai_training_hours, ai_adoption_stage, industry_Healthcare, industry_Manufacturing",2.0,0.27214629954271363,0.7708333333333334,1,165.6240920122166,4980,2980,0.26666666666666666,0.00030790426795707093,74,96
"[0.20435,0.42765], [12.01245,24.16755], [12.27045,26.709549999999997], 0.0, 0.0, 0.0, 0.0, 0.0, 0.0","ai_maturity_score, ai_failure_rate, task_automation_rate, industry_Education, industry_Healthcare, industry_Logistics, industry_Manufacturing, industry_Retail, industry_Technology",1.0,0.0566740353922708,0.5632183908045977,1,152.59855396672387,4993,2986,0.6,0.0002836890785609015,49,87
"[24.181776244718293,52.035650000000004], [0.06274999999999997,0.56325], [0.46860000000000035,27.1314], [7.8767499999999995,25.30325], 2.0, 0.0, 0.0, 0.0, 0.0, 0.0, 0.0, 1.0","ai_adoption_rate, ai_maturity_score, ai_failure_rate, task_automation_rate, ai_adoption_stage, industry_Agriculture, industry_Consulting, industry_Education, industry_Finance, industry_Healthcare, industry_Manufacturing, industry_Retail",1.0,0.2373046875,0.75,1,180.02921039457254,4992,2992,0.8,0.0003346841728396715,30,40
"[52.424749015196056,80.9662], [28.5228,62.5172], 2.0, 0.0, 0.0, 0.0","ai_adoption_rate, ai_training_hours, ai_adoption_stage, industry_Consulting, industry_Finance, industry_Healthcare",2.0,0.546203833165425,0.8860759493670886,1,248.44259163442445,4995,2995,0.4,0.00046186839956177694,140,158
"[52.424749015196056,80.9662], [0.4918,0.7382], [28.5228,65.5705], [8.6556,44.5044], 2.0, 0.0","ai_adoption_rate, ai_maturity_score, ai_training_hours, task_automation_rate, ai_adoption_stage, industry_Consulting",2.0,0.46014989174551546,0.8562091503267973,1,226.348676270162,4995,2995,0.4,0.0004437300732492412,131,153
"[10.01585,54.48415], [0.21175,0.40425], [2.270999999999999,25.448999999999998], [8.506699999999999,35.393299999999996], 1.0, 0.0, 0.0, 0.0, 0.0, 0.0, 0.0","ai_adoption_rate, ai_maturity_score, ai_training_hours, task_automation_rate, ai_adoption_stage, industry_Education, industry_Finance, industry_Healthcare, industry_Logistics, industry_Retail, industry_Technology",1.0,0.03765163389194024,0.5189873417721519,1,143.15755589713834,4953,3001,0.7333333333333333,0.0002731824273839712,41,79
"[26.784899999999997,36.18125], [6.334599999999998,33.869800000000005], [-0.8143499999999992,22.3249], 0.0, 1.0","ai_failure_rate, ai_training_hours, task_automation_rate, industry_Logistics, industry_Retail",0.0,0.34765472254481466,0.8095238095238095,1,222.32654575878095,4972,3002,0.3333333333333333,0.00041331723837756857,51,63
"[-9.883600000000003,32.323600000000006], [-0.018600000000000005,0.2481], [26.784899999999997,51.0951], [-8.9622,8.9622], 0.0, 0.0, 0.0, 0.0","ai_adoption_rate, ai_maturity_score, ai_failure_rate, task_automation_rate, industry_Consulting, industry_Healthcare, industry_Logistics, industry_Technology",0.0,0.5277319168,0.88,1,243.33780568249836,4985,3009,0.5333333333333333,0.00045237832258982646,88,100
"[0.40175,0.69965], [38.5295,65.5705], [15.70035,49.059650000000005], 2.0, 0.0, 0.0, 0.0, 0.0","ai_maturity_score, ai_training_hours, task_automation_rate, ai_adoption_stage, industry_Agriculture, industry_Education, industry_Finance, industry_Manufacturing",2.0,0.44855981016533175,0.8518518518518519,1,233.95371644082894,4980,3011,0.5333333333333333,0.00042282741887159656,138,162
"[0.32235,0.69965], 2.0, 0.0, 0.0, 0.0, 0.0, 0.0","ai_maturity_score, ai_adoption_stage, industry_Agriculture, industry_Consulting, industry_Finance, industry_Healthcare, industry_Technology",2.0,0.06839422740540779,0.5847953216374269,1,191.0001904498231,4995,3011,0.4666666666666667,0.0003230112190078402,200,342
"[-0.7609000000000012,27.8136], 1.0, 0.0, 0.0, 0.0, 0.0","ai_training_hours, ai_adoption_stage, industry_Consulting, industry_Manufacturing, industry_Retail, industry_Technology",0.0,0.07496819267544655,0.5956284153005464,1,171.201433986966,4983,3016,0.4,0.00033835131109692174,218,366
"[-0.16002005861148688,0.2586], [31.3606,41.581649999999996], [-27.8136,32.4609], [-0.8143499999999992,25.574350000000003], 0.0, 0.0","ai_maturity_score, ai_failure_rate, ai_training_hours, task_automation_rate, industry_Education, industry_Logistics",0.0,0.2776862083891833,0.7739463601532567,1,216.91266389467975,4985,3016,0.4,0.0004032525351576458,202,261
"[11.81805,47.24195], [-10.386100000000003,25.9261], [8.506699999999999,35.393299999999996], 1.0, 1.0, 0.0, 0.0, 0.0, 0.0, 0.0, 0.0","ai_adoption_rate, ai_training_hours, task_automation_rate, ai_adoption_stage, industry_Consulting, industry_Education, industry_Finance, industry_Healthcare, industry_Logistics, industry_Retail, industry_Technology",1.0,0.2495343537242618,0.7575757575757576,1,206.51992160914241,4953,3020,0.7333333333333333,0.0003839318574312505,25,33
"[52.424749015196056,80.9662], [16.919850000000004,33.78015], [28.5228,62.5172], 2.0, 1.0, 0.0, 0.0","ai_adoption_rate, ai_failure_rate, ai_training_hours, ai_adoption_stage, industry_Healthcare, industry_Manufacturing, industry_Retail",2.0,1.0,1.0,1,219.88127476999782,4810,3021,0.4666666666666667,0.00040877134553908947,19,19
"[28.5228,62.5172], [8.6556,44.5044], 0.0, 1.0, 0.0","ai_training_hours, task_automation_rate, industry_Consulting, industry_Healthcare, industry_Manufacturing",2.0,0.24141020746326297,0.7525773195876289,1,165.60425078265592,4980,3021,0.3333333333333333,0.00030786738202345445,73,97
"[-13.277299999999999,41.5773], [1.7241,22.6359], 0.0, 1.0, 0.0, 0.0","ai_training_hours, task_automation_rate, industry_Agriculture, industry_Education, industry_Manufacturing, industry_Retail",1.0,0.02372953536686795,0.4732142857142857,1,163.88401147082192,4962,3027,0.4,0.0033780084734217255,53,112
"[12.95835,41.581649999999996], [-0.7609000000000012,32.4609], [-0.8143499999999992,25.574350000000003], 0.0, 0.0, 0.0","ai_failure_rate, ai_training_hours, task_automation_rate, industry_Agriculture, industry_Healthcare, industry_Manufacturing",0.0,0.029698895170100496,0.49493487698986977,1,178.5210785351399,4983,3028,0.4,0.0003318804730245076,342,691
"[-0.7609000000000012,33.869800000000005], 1.0, 0.0, 0.0, 0.0, 0.0","ai_training_hours, ai_adoption_stage, industry_Education, industry_Finance, industry_Logistics, industry_Manufacturing",0.0,0.042460969966084075,0.531615925058548,1,178.97026250004595,4976,3028,0.4,0.00035640465879487813,227,427
"[20.84065,59.27935000000001], [0.20435,0.42765], [21.86665,32.45335], [12.27045,26.709549999999997], 2.0, 0.0, 0.0, 0.0, 0.0, 0.0","ai_adoption_rate, ai_maturity_score, ai_failure_rate, task_automation_rate, ai_adoption_stage, industry_Education, industry_Healthcare, industry_Logistics, industry_Manufacturing, industry_Technology",1.0,0.07968465929249387,0.6029411764705882,1,176.20130473605448,4993,3037,0.6666666666666666,0.0003275678863424885,41,68
"[-12.7757,17.355700000000002], 0.0, 0.0, 1.0, 0.0","ai_training_hours, ai_adoption_stage, industry_Education, industry_Retail, industry_Technology",0.0,0.534824985896467,0.8823529411764706,1,238.819821002752,4914,3039,0.3333333333333333,0.0004439791413562415,15,17
"[26.784899999999997,51.0951], [-10.9538,14.7427], 0.0, 0.0, 0.0, 0.0, 1.0","ai_failure_rate, task_automation_rate, ai_adoption_stage, industry_Consulting, industry_Education, industry_Healthcare, industry_Retail",0.0,1.0,1.0,1,244.51288403968002,4914,3039,0.4666666666666667,0.00045456285768351036,15,15
"[52.424749015196056,80.9662], [15.70035,49.059650000000005], 2.0, 0.0, 0.0, 0.0","ai_adoption_rate, task_automation_rate, ai_adoption_stage, industry_Agriculture, industry_Finance, industry_Manufacturing",2.0,0.7195954550624178,0.9363057324840764,1,240.6056843964089,4980,3041,0.4,0.00044729915932110797,147,157
"[0.40175,0.69965], [28.5228,65.5705], 2.0, 0.0, 0.0, 0.0, 0.0, 0.0","ai_maturity_score, ai_training_hours, ai_adoption_stage, industry_Consulting, industry_Education, industry_Finance, industry_Healthcare, industry_Logistics",2.0,0.11912256301335217,0.6534296028880866,1,194.31380174779605,4995,3041,0.5333333333333333,0.000361240011366809,181,277
"[0.13835,0.36165], [-0.8143499999999992,25.574350000000003], 1.0, 0.0, 0.0, 0.0","ai_maturity_score, task_automation_rate, industry_Agriculture, industry_Consulting, industry_Retail, industry_Technology",0.0,0.03965272297984292,0.524390243902439,1,140.67456160116348,4629,3054,0.4,0.00026741239921539926,43,82
"[20.84065,52.035650000000004], [0.09964999999999999,0.49234999999999995], [0.46860000000000035,32.45335], [8.3964,64.0236], [12.27045,26.709549999999997], 2.0, 0.0, 0.0, 0.0, 0.0","ai_adoption_rate, ai_maturity_score, ai_failure_rate, ai_training_hours, task_automation_rate, ai_adoption_stage, industry_Education, industry_Logistics, industry_Manufacturing, industry_Technology",1.0,0.033874627601704746,0.508130081300813,1,158.64074322214498,4993,3060,0.6666666666666666,0.00029492183967038603,125,246
"[52.424749015196056,80.9662], [28.5228,65.5705], [20.7667,47.6533], 2.0, 0.0, 0.0, 0.0, 0.0","ai_adoption_rate, ai_training_hours, task_automation_rate, ai_adoption_stage, industry_Consulting, industry_Finance, industry_Retail, industry_Technology",2.0,0.6001068985520744,0.9029126213592233,2,226.01690046822108,4995,3061,0.5333333333333333,0.0008403556202374305,93,103
"[-0.16002005861148688,0.2586], [-0.8143499999999992,25.574350000000003], 0.0, 0.0, 0.0, 0.0, 0.0","ai_maturity_score, task_automation_rate, industry_Agriculture, industry_Consulting, industry_Education, industry_Healthcare, industry_Technology",0.0,0.20511319454588003,0.728448275862069,1,206.5199310702174,4985,3073,0.4666666666666667,0.00038393187501990767,169,232
"[0.32615000000000005,0.7958500000000001], [7.318599999999998,33.9814], [37.6606,57.5183], 0.0, 1.0, 0.0, 0.0, 0.0, 0.0","ai_maturity_score, ai_failure_rate, ai_training_hours, industry_Agriculture, industry_Education, industry_Finance, industry_Manufacturing, industry_Retail, industry_Technology",2.0,0.3504270747052985,0.8108108108108109,1,218.51490229243075,4973,3074,0.6,0.0004062311841872558,30,37
"[0.32615000000000005,0.7958500000000001], [37.6606,57.5183], [0.24564999999999948,26.634349999999998], 1.0, 0.0, 0.0, 0.0, 0.0","ai_maturity_score, ai_training_hours, task_automation_rate, industry_Education, industry_Finance, industry_Manufacturing, industry_Retail, industry_Technology",2.0,0.11602906250000002,0.65,1,206.53398138208257,4973,3074,0.5333333333333333,0.0003839579953200213,13,20
"[0.32615000000000005,0.7958500000000001], [13.940100000000001,57.5183], 0.0, 0.0","ai_maturity_score, ai_training_hours, industry_Finance, industry_Manufacturing",2.0,0.046399413845024634,0.5411311053984575,1,190.33858161120148,4988,3078,0.26666666666666666,0.0003214737601253887,421,778
"[0.32615000000000005,0.7958500000000001], [16.086199999999998,37.9938], 0.0, 0.0","ai_maturity_score, task_automation_rate, industry_Finance, industry_Logistics",2.0,0.07698123812803868,0.5987933634992458,1,163.67457801095458,4988,3078,0.26666666666666666,0.0003042800145399632,397,663
"1.0, 1.0, 0.0, 0.0, 0.0, 0.0","ai_adoption_stage, industry_Consulting, industry_Education, industry_Healthcare, industry_Logistics, industry_Technology",1.0,0.033449861179010436,0.5068493150684932,1,196.61224610054578,4953,3080,0.4,0.00036551294543863034,37,73
"[0.32615000000000005,0.7958500000000001], [13.940100000000001,57.5183], 0.0, 0.0, 1.0","ai_maturity_score, ai_training_hours, industry_Finance, industry_Manufacturing, industry_Technology",2.0,0.1075518365345213,0.6402116402116402,1,232.21706228469947,4947,3083,0.3333333333333333,0.0004317042508805903,121,189
"[0.047899999999999984,0.2586], [26.784899999999997,41.581649999999996], 0.0, 0.0, 0.0, 0.0, 0.0","ai_maturity_score, ai_failure_rate, industry_Agriculture, industry_Consulting, industry_Healthcare, industry_Logistics, industry_Technology",0.0,0.27115379039084836,0.7702702702702703,1,219.75877578917283,4985,3087,0.4666666666666667,0.00040854361321731095,171,222
"[-9.96865,11.888649999999998], [-0.018600000000000005,0.2481], [26.784899999999997,51.0951], [-0.8143499999999992,8.9622], 0.0, 0.0, 1.0, 0.0, 0.0, 0.0","ai_adoption_rate, ai_maturity_score, ai_failure_rate, task_automation_rate, industry_Agriculture, industry_Consulting, industry_Education, industry_Finance, industry_Healthcare, industry_Logistics",0.0,0.18593443208187066,0.7142857142857143,1,161.984046592,4909,3087,0.6666666666666666,0.0003011372239429693,10,14
"[-0.019600000000000006,0.2576], [-27.8136,27.8136], 0.0, 0.0","ai_maturity_score, ai_training_hours, industry_Agriculture, industry_Education",0.0,0.21335510229485466,0.7342105263157894,2,173.61652648552285,4985,3094,0.26666666666666666,0.000645525283710914,279,380
"[52.424749015196056,80.9662], [28.5228,65.5705], [8.6556,44.5044], 2.0, 0.0","ai_adoption_rate, ai_training_hours, task_automation_rate, ai_adoption_stage, industry_Consulting",2.0,0.43283663056951166,0.8457943925233645,1,227.15066798446472,4995,3104,0.3333333333333333,0.00044559375646026974,181,214
"[-0.7609000000000012,32.4609], 1.0, 0.0, 0.0, 0.0, 0.0, 0.0, 0.0","ai_training_hours, ai_adoption_stage, industry_Consulting, industry_Healthcare, industry_Logistics, industry_Manufacturing, industry_Retail, industry_Technology",0.0,0.05292214940134466,0.5555555555555556,1,203.66536611863634,4983,3123,0.5333333333333333,0.0004137915983202978,120,216
"[-13.277299999999999,41.5773], [1.7241,22.6359], 0.0, 1.0, 0.0, 0.0, 0.0","ai_training_hours, task_automation_rate, industry_Agriculture, industry_Education, industry_Healthcare, industry_Manufacturing, industry_Retail",1.0,0.020140094858320794,0.45794392523364486,1,163.88401146814914,4962,3127,0.4666666666666667,0.003980049354395963,49,107
"[26.784899999999997,51.0951], [-10.9538,14.7427], 0.0, 0.0, 0.0, 0.0, 0.0, 1.0, 0.0","ai_failure_rate, task_automation_rate, ai_adoption_stage, industry_Consulting, industry_Education, industry_Logistics, industry_Manufacturing, industry_Retail, industry_Technology",0.0,1.0,1.0,2,246.3436138496,4914,3132,0.6,0.0009159325695523287,14,14
"[30.83395,55.706050000000005], [0.06274999999999997,0.56325], 0.0, 0.0, 0.0, 1.0","ai_adoption_rate, ai_maturity_score, industry_Consulting, industry_Healthcare, industry_Manufacturing, industry_Retail",1.0,0.07042962777237427,0.5882352941176471,1,161.54042875472902,4992,3134,0.4,0.0003003125140606199,60,102
"[25.841699999999996,57.5183], 3.0, 0.0","ai_training_hours, ai_adoption_stage, industry_Retail",2.0,1.0,1.0,1,110.0,4557,3147,0.2,0.00020449603112558982,7,7
"[-9.96865,18.25495], [-0.2695,0.2695], [26.784899999999997,51.0951], [-11.2027,11.2027], 0.0, 0.0, 0.0","ai_adoption_rate, ai_maturity_score, ai_failure_rate, ai_training_hours, industry_Education, industry_Logistics, industry_Technology",0.0,0.6771870800781251,0.925,2,228.54119109220787,4985,3148,0.4666666666666667,0.0008497412095831184,74,80
"[-0.16002005861148688,0.2586], [12.95835,41.581649999999996], [-0.8143499999999992,22.3249], 1.0, 0.0, 0.0, 0.0, 0.0, 0.0","ai_maturity_score, ai_failure_rate, task_automation_rate, ai_adoption_stage, industry_Education, industry_Logistics, industry_Manufacturing, industry_Retail, industry_Technology",0.0,0.21770390041567111,0.7371794871794872,1,241.9081667187336,4951,3150,0.6,0.0004497205453713502,115,156
"[-0.018600000000000005,0.2586], [-27.8136,32.4609], [-0.8143499999999992,25.574350000000003], 0.0, 0.0, 0.0, 0.0","ai_maturity_score, ai_training_hours, task_automation_rate, industry_Agriculture, industry_Education, industry_Logistics, industry_Manufacturing",0.0,0.2149341667858102,0.7352941176470589,1,228.77406597561992,4972,3150,0.4666666666666667,0.0004253035319679828,200,272
"2.0, 0.0, 0.0, 0.0, 0.0","ai_adoption_stage, industry_Agriculture, industry_Consulting, industry_Logistics, industry_Manufacturing",2.0,0.04252771286476272,0.5317829457364341,1,167.16122693908625,4988,3151,0.3333333333333333,0.00030618918142365096,343,645
"[41.773799999999994,80.9662], [5.767999999999997,36.672], 2.0, 0.0, 0.0, 0.0","ai_adoption_rate, ai_training_hours, ai_adoption_stage, industry_Agriculture, industry_Consulting, industry_Education",2.0,0.03195064477981338,0.5022222222222222,1,175.37035533251012,4924,3151,0.4,0.0003260231058416612,113,225
"[30.83395,55.706050000000005], [0.06274999999999997,0.56325], [5.013200000000001,32.826800000000006], [17.60625,30.053749999999997], 0.0, 0.0, 1.0","ai_adoption_rate, ai_maturity_score, ai_training_hours, task_automation_rate, industry_Healthcare, industry_Manufacturing, industry_Retail",1.0,0.04378213161539298,0.5348837209302325,2,178.2935877403665,4764,3152,0.4666666666666667,0.007967318830195549,23,43
"[0.561449052660573,0.7958500000000001], [13.940100000000001,57.5183], 0.0, 0.0, 0.0","ai_maturity_score, ai_training_hours, industry_Finance, industry_Manufacturing, industry_Technology",2.0,0.4514351841417832,0.8529411764705882,1,202.75313490008324,4888,3161,0.3333333333333333,0.00037692919441216667,58,68
"[-0.019600000000000006,0.2576], [-8.9622,5.6659836994841335], 0.0, 0.0, 0.0, 0.0","ai_maturity_score, task_automation_rate, industry_Agriculture, industry_Education, industry_Logistics, industry_Technology",0.0,0.48894551440329226,0.8666666666666667,1,293.1988290027178,4914,3164,0.4,0.000545072698742966,52,60
"[-27.8136,27.8136], [-8.9622,5.6659836994841335], 0.0, 0.0, 0.0, 0.0","ai_training_hours, task_automation_rate, industry_Agriculture, industry_Education, industry_Logistics, industry_Technology",0.0,0.4514351841417832,0.8529411764705882,1,282.5294292125544,4914,3164,0.4,0.0005252376995467787,58,68
"[52.424749015196056,80.9662], [16.919850000000004,38.475459515334386], [28.5228,62.5172], 2.0, 1.0, 0.0, 0.0","ai_adoption_rate, ai_failure_rate, ai_training_hours, ai_adoption_stage, industry_Healthcare, industry_Manufacturing, industry_Retail",2.0,1.0,1.0,1,219.45631352586238,4810,3167,0.4666666666666667,0.0004079813192862905,17,17
"[52.424749015196056,80.9662], [16.919850000000004,33.78015], [28.5228,62.5172], 1.0, 0.0, 0.0, 0.0","ai_adoption_rate, ai_failure_rate, ai_training_hours, industry_Healthcare, industry_Logistics, industry_Manufacturing, industry_Retail",2.0,1.0,1.0,1,219.45631352586238,4810,3167,0.4666666666666667,0.0004079813192862905,17,17
"[2.493649999999999,56.00635], [21.195149999999998,29.884971724001623], [-0.5790000000000006,22.599], 0.0, 0.0, 0.0","ai_adoption_rate, ai_failure_rate, ai_training_hours, industry_Logistics, industry_Manufacturing, industry_Technology",1,0.023384726321166022,0.47183098591549294,1,143.44412404177143,4931,3170,0.4,0.0030002942840094515,67,142
"[0.32235,0.69965], [38.5295,65.5705], [15.70035,49.059650000000005], 2.0, 0.0, 0.0, 1.0, 0.0","ai_maturity_score, ai_training_hours, task_automation_rate, ai_adoption_stage, industry_Agriculture, industry_Consulting, industry_Finance, industry_Healthcare",2.0,0.18183912073024103,0.7111111111111111,1,171.2081511105859,4908,3172,0.5333333333333333,0.0003155934988252179,32,45
"[16.0108,40.1292], 1.0, 0.0, 0.0, 0.0","ai_adoption_rate, ai_adoption_stage, industry_Consulting, industry_Education, industry_Manufacturing",0.0,0.030897294811247755,0.4988662131519274,1,146.3729916258854,4976,3177,0.3333333333333333,0.00028065451653020064,220,441
"[12.95835,46.2736], 1.0, 0.0, 0.0, 0.0","ai_failure_rate, ai_adoption_stage, industry_Consulting, industry_Manufacturing, industry_Retail",0.0,0.04051039768772681,0.5266393442622951,1,149.04925714538396,4983,3177,0.3333333333333333,0.00028687367195037933,257,488
"[0.40175,0.69965], [15.70035,49.059650000000005], 2.0, 0.0, 0.0, 0.0, 0.0, 0.0","ai_maturity_score, task_automation_rate, ai_adoption_stage, industry_Agriculture, industry_Consulting, industry_Finance, industry_Healthcare, industry_Retail",2.0,0.26487008230452685,0.7666666666666667,1,218.285202035445,4995,3186,0.5333333333333333,0.00038641663467233356,184,240
"[-9.96865,18.25495], [-0.2695,0.2695], [12.165893967019786,51.0951], 0.0, 0.0, 0.0, 0.0","ai_adoption_rate, ai_maturity_score, ai_failure_rate, industry_Education, industry_Healthcare, industry_Logistics, industry_Technology",0.0,0.45647910258498414,0.8548387096774194,2,255.3388897150362,4985,3187,0.4666666666666667,0.0009493779916134471,106,124
"[-0.7609000000000012,33.869800000000005], [-16.030712984800733,25.574350000000003], 0.0, 0.0","ai_training_hours, task_automation_rate, industry_Consulting, industry_Logistics",0.0,0.029979846186040392,0.49586776859504134,1,168.81805779074168,4985,3190,0.26666666666666666,0.0003328127773150231,420,847
"[0.32235,0.69965], [12.2485,24.011499999999998], [15.70035,49.059650000000005], 0.0, 0.0, 0.0, 1.0","ai_maturity_score, ai_failure_rate, task_automation_rate, industry_Agriculture, industry_Finance, industry_Healthcare, industry_Technology",2.0,0.279581552734375,0.775,1,280.6090385253054,4947,3201,0.4666666666666667,0.0005216675879672062,62,80
"[31.3606,41.581649999999996], [-0.8143499999999992,25.574350000000003], 1.0, 0.0, 0.0, 0.0","ai_failure_rate, task_automation_rate, ai_adoption_stage, industry_Agriculture, industry_Consulting, industry_Education",0.0,0.1158408869598352,0.6497890295358649,1,222.29909731408966,4934,3203,0.4,0.00041326621021393276,154,237
"[52.424749015196056,80.9662], [0.2745,0.6595], [28.5228,65.5705], [18.740900000000003,47.619099999999996], 2.0, 0.0, 0.0, 0.0","ai_adoption_rate, ai_maturity_score, ai_training_hours, task_automation_rate, ai_adoption_stage, industry_Consulting, industry_Retail, industry_Technology",2.0,0.3921708428882455,0.8292682926829268,1,211.24060479821523,4995,3211,0.5333333333333333,0.0004086216567267996,102,123
"[52.424749015196056,80.9662], [0.4918,0.7382], [18.740900000000003,44.5044], 2.0, 0.0, 0.0","ai_adoption_rate, ai_maturity_score, task_automation_rate, ai_adoption_stage, industry_Consulting, industry_Manufacturing",2.0,0.5378028459362139,0.8833333333333333,1,222.07501695545824,4908,3223,0.4,0.00043379886451924314,106,120
"[52.424749015196056,80.9662], [28.5228,62.5172], [8.6556,47.619099999999996], 2.0, 0.0, 0.0","ai_adoption_rate, ai_training_hours, task_automation_rate, ai_adoption_stage, industry_Consulting, industry_Healthcare",2.0,0.3882095537407485,0.8275862068965517,1,231.25712934318443,4995,3223,0.4,0.00045513642748105134,144,174
"[-0.0031999999999999806,0.5512], [27.893546231699915,41.581649999999996], [-0.7609000000000012,33.869800000000005], [-0.8143499999999992,25.574350000000003], 0.0, 0.0","ai_maturity_score, ai_failure_rate, ai_training_hours, task_automation_rate, industry_Education, industry_Healthcare",0.0,0.09021923632999422,0.6181015452538632,1,187.08480980271892,4985,3229,0.4,0.00037526139422416774,280,453
"[-9.96865,18.25495], [-0.2695,0.2695], [12.165893967019786,51.0951], 0.0, 0.0, 0.0, 0.0, 0.0","ai_adoption_rate, ai_maturity_score, ai_failure_rate, industry_Education, industry_Finance, industry_Healthcare, industry_Logistics, industry_Technology",0.0,0.4587032218490558,0.8556701030927835,1,217.6502145893778,4985,3232,0.5333333333333333,0.00040462368233782465,83,97
"[-9.96865,18.25495], [-0.2695,0.2695], [26.784899999999997,51.0951], 0.0, 0.0, 0.0, 0.0","ai_adoption_rate, ai_maturity_score, ai_failure_rate, industry_Education, industry_Healthcare, industry_Logistics, industry_Manufacturing",0.0,0.4514351841417832,0.8529411764705882,1,258.33094732742325,4951,3232,0.4666666666666667,0.0004802513949579259,87,102
"[52.424749015196056,80.9662], [28.5228,62.5172], 2.0, 0.0, 0.0","ai_adoption_rate, ai_training_hours, ai_adoption_stage, industry_Consulting, industry_Healthcare",2.0,0.39052583328375096,0.8285714285714286,1,231.25920828115483,4995,3236,0.3333333333333333,0.0004551412585556411,145,175
"[-20.340450000000004,22.620450000000005], [-8.9622,8.9622], 0.0, 0.0, 0.0, 0.0","ai_adoption_rate, task_automation_rate, industry_Education, industry_Healthcare, industry_Logistics, industry_Technology",0.0,0.4984209207,0.87,3,258.9491281092206,4985,3246,0.4,0.0014442018807754782,87,100
"[-0.7609000000000012,33.869800000000005], [-0.8143499999999992,25.574350000000003], 1.0, 0.0, 0.0","ai_training_hours, task_automation_rate, ai_adoption_stage, industry_Agriculture, industry_Education",0.0,0.0537795175200016,0.5573440643863179,1,177.8104284525153,4976,3256,0.3333333333333333,0.0003305593355570912,277,497
"[-8.506750000000002,32.94675], [12.7591,41.581649999999996], [-0.8143499999999992,8.9622], 0.0, 0.0, 0.0, 0.0","ai_adoption_rate, ai_failure_rate, task_automation_rate, industry_Agriculture, industry_Consulting, industry_Healthcare, industry_Retail",0.0,0.1582121055094713,0.6915887850467289,1,216.25491352335234,4985,3261,0.4666666666666667,0.00040202974115393817,74,107
"[-0.018600000000000005,0.2586], [-0.7609000000000012,32.4609], [-0.8143499999999992,25.574350000000003], 1.0, 0.0, 0.0, 0.0","ai_maturity_score, ai_training_hours, task_automation_rate, ai_adoption_stage, industry_Agriculture, industry_Consulting, industry_Manufacturing",0.0,0.215967833522176,0.736,1,202.9978976079592,4983,3261,0.4666666666666667,0.0003773842217060593,184,250
"[0.32235,0.69965], [25.109099999999998,47.850899999999996], [38.5295,65.5705], [15.70035,49.059650000000005], 2.0, 0.0, 0.0, 0.0, 0.0","ai_maturity_score, ai_failure_rate, ai_training_hours, task_automation_rate, ai_adoption_stage, industry_Agriculture, industry_Finance, industry_Manufacturing, industry_Technology",2.0,0.18593443208187066,0.7142857142857143,2,216.8815437824,4834,3268,0.6,0.0008063893623253026,10,14
"[-9.96865,11.888649999999998], [0.047899999999999984,0.2481], 0.0, 0.0, 1.0, 0.0, 0.0, 0.0","ai_adoption_rate, ai_maturity_score, industry_Agriculture, industry_Consulting, industry_Education, industry_Healthcare, industry_Logistics, industry_Technology",0.0,0.5904900000000001,0.9,1,179.5952,4909,3272,0.5333333333333333,0.0003338773237200594,9,10
"[-9.96865,22.620450000000005], [0.03755,0.32245], 0.0, 0.0, 0.0, 0.0","ai_adoption_rate, ai_maturity_score, industry_Consulting, industry_Healthcare, industry_Logistics, industry_Technology",0.0,0.25215824602712034,0.7591623036649214,1,225.14557089093393,4985,3275,0.4,0.0004185579606609192,145,191
"[-20.340450000000004,11.888649999999998], [0.047899999999999984,0.2481], [26.784899999999997,51.0951], [-8.9622,8.9622], 0.0, 0.0, 0.0, 0.0","ai_adoption_rate, ai_maturity_score, ai_failure_rate, task_automation_rate, industry_Education, industry_Healthcare, industry_Logistics, industry_Technology",0.0,0.7787602063699636,0.9512195121951219,2,229.0007510755741,4985,3275,0.5333333333333333,0.0008514499039951645,39,41
"[50.03875,80.9662], [0.32235,0.69965], [49.209081053862974,65.5705], 2.0, 0.0, 0.0, 0.0, 1.0","ai_adoption_rate, ai_maturity_score, ai_training_hours, ai_adoption_stage, industry_Agriculture, industry_Consulting, industry_Finance, industry_Healthcare",1,0.0,0.0,1,195.50897152,3279,3279,0.5333333333333333,0.00036346189750259973,0,12
"[1.550499999999996,54.3095], [-0.018600000000000005,0.2586], [26.784899999999997,41.581649999999996], [-0.8143499999999992,22.3249], 0.0, 1.0","ai_adoption_rate, ai_maturity_score, ai_failure_rate, task_automation_rate, industry_Agriculture, industry_Retail",0.0,0.3699992524594304,0.819672131147541,1,230.9112168013016,4972,3286,0.4,0.0004292766125295163,50,61
"[12.95835,36.18125], [6.334599999999998,33.869800000000005], [-0.8143499999999992,22.3249], 0.0, 0.0, 1.0","ai_failure_rate, ai_training_hours, task_automation_rate, industry_Consulting, industry_Education, industry_Retail",0.0,0.07916357385047922,0.6021505376344086,1,193.97590480553495,4972,3286,0.4,0.00036061184242479203,56,93
"[30.83395,55.706050000000005], 0.0, 0.0, 0.0, 1.0","ai_adoption_rate, industry_Consulting, industry_Education, industry_Manufacturing, industry_Retail",1.0,0.06011247441448353,0.5698924731182796,1,161.5404287882431,4992,3293,0.3333333333333333,0.00030031251412292447,53,93
"[0.03755,0.32245], [26.784899999999997,51.0951], 0.0, 1.0, 0.0","ai_maturity_score, ai_failure_rate, industry_Logistics, industry_Retail, industry_Technology",0.0,0.24710935412080362,0.7560975609756098,1,191.27962603350994,4972,3299,0.3333333333333333,0.00035559931235490757,62,82
"[-0.16002005861148688,0.2586], [31.3606,41.581649999999996], [-0.7609000000000012,32.4609], [-0.8143499999999992,25.574350000000003], 1.0, 0.0, 0.0, 0.0, 0.0, 0.0, 0.0","ai_maturity_score, ai_failure_rate, ai_training_hours, task_automation_rate, ai_adoption_stage, industry_Agriculture, industry_Consulting, industry_Finance, industry_Logistics, industry_Manufacturing, industry_Retail",0.0,0.3100669808748286,0.7912087912087912,2,211.62788746953873,4900,3302,0.7333333333333333,0.000786855692054793,72,91
"[52.424749015196056,80.9662], [12.2485,24.011499999999998], [8.6556,44.5044], 0.0, 0.0, 0.0, 0.0, 0.0, 1.0","ai_adoption_rate, ai_failure_rate, task_automation_rate, industry_Agriculture, industry_Education, industry_Finance, industry_Healthcare, industry_Retail, industry_Technology",2.0,0.8573935107793603,0.9696969696969697,2,321.8469070854513,4924,3304,0.6,0.001196662093254932,32,33
"[52.424749015196056,80.9662], [13.940100000000001,57.5183], 0.0, 1.0","ai_adoption_rate, ai_training_hours, industry_Healthcare, industry_Technology",2.0,0.7385081737104511,0.9411764705882353,1,282.9881476653168,4924,3304,0.26666666666666666,0.0005260904823012693,48,51
"[11.81805,47.24195], [2.270999999999999,25.9261], [8.506699999999999,35.393299999999996], 1.0, 1.0, 0.0, 0.0, 0.0, 0.0, 0.0, 0.0, 0.0","ai_adoption_rate, ai_training_hours, task_automation_rate, ai_adoption_stage, industry_Consulting, industry_Education, industry_Finance, industry_Healthcare, industry_Logistics, industry_Manufacturing, industry_Retail, industry_Technology",1.0,0.2994492622121735,0.7857142857142857,1,206.43929947960027,4953,3305,0.8,0.00038378197647204816,22,28
"[-10.386100000000003,25.448999999999998], 1.0, 1.0, 0.0, 0.0, 0.0","ai_training_hours, ai_adoption_stage, industry_Consulting, industry_Education, industry_Healthcare, industry_Technology",1.0,0.03125,0.5,1,211.33726781767396,4953,3305,0.4,0.0003928875681603652,22,44
"[-0.16002005861148688,0.2586], [31.3606,41.581649999999996], [-0.7609000000000012,32.4609], 1.0, 0.0, 0.0, 0.0, 0.0, 0.0, 0.0","ai_maturity_score, ai_failure_rate, ai_training_hours, ai_adoption_stage, industry_Agriculture, industry_Consulting, industry_Finance, industry_Logistics, industry_Manufacturing, industry_Retail",0.0,0.30554782485732185,0.7888888888888889,1,211.62788745471732,4900,3315,0.6666666666666666,0.0003934278459998427,71,90
"[31.3606,41.581649999999996], [-0.7609000000000012,32.4609], [-0.8143499999999992,25.574350000000003], 1.0, 0.0, 0.0, 0.0, 0.0, 0.0","ai_failure_rate, ai_training_hours, task_automation_rate, ai_adoption_stage, industry_Agriculture, industry_Consulting, industry_Logistics, industry_Manufacturing, industry_Retail",0.0,0.16356033485884772,0.6962025316455697,1,266.15539527524595,4934,3315,0.6,0.0004947974726950033,110,158
"[24.398230170869034,38.5044], 1.0, 1.0, 0.0, 0.0, 0.0","task_automation_rate, ai_adoption_stage, industry_Consulting, industry_Education, industry_Finance, industry_Healthcare",1.0,1.0,1.0,1,162.0,4329,3329,0.4,0.0003011668822031414,1,1
"[11.81805,47.24195], [8.506699999999999,35.393299999999996], 0.0, 0.0, 0.0, 0.0, 0.0, 0.0, 0.0","ai_adoption_rate, task_automation_rate, industry_Education, industry_Finance, industry_Healthcare, industry_Logistics, industry_Manufacturing, industry_Retail, industry_Technology",1.0,0.05046394748478794,0.5502958579881657,1,139.91144632369554,4953,3333,0.6,0.00026563905778888226,93,169
"[-0.018600000000000005,0.2586], [-3.0772999999999975,51.7773], [-0.8143499999999992,22.3249], 1.0, 0.0, 0.0, 0.0, 0.0, 0.0","ai_maturity_score, ai_training_hours, task_automation_rate, ai_adoption_stage, industry_Agriculture, industry_Consulting, industry_Education, industry_Healthcare, industry_Manufacturing",0.0,0.21830874510774548,0.7375886524822695,1,277.0453961901864,4972,3335,0.6,0.0005150425814773611,104,141
"[-0.018600000000000005,0.2586], [11.2158,37.4842], [-0.8143499999999992,22.3249], 1.0, 0.0, 0.0, 0.0, 0.0, 0.0","ai_maturity_score, ai_training_hours, task_automation_rate, ai_adoption_stage, industry_Agriculture, industry_Consulting, industry_Education, industry_Healthcare, industry_Manufacturing",0.0,0.19649623617673456,0.7222222222222222,1,315.4349899314316,4934,3335,0.6,0.0005864109410828923,65,90
"[21.195149999999998,32.45335], [12.27045,26.709549999999997], 0.0, 0.0, 0.0","ai_failure_rate, task_automation_rate, industry_Logistics, industry_Manufacturing, industry_Technology",1,0.028082457082254472,0.48942598187311176,1,162.49681254311687,4993,3338,0.3333333333333333,0.0003020904839602397,162,331
"[27.333399999999997,54.4666], [0.20435,0.42765], [21.86665,29.884971724001623], 2.0, 0.0, 0.0, 0.0, 0.0","ai_adoption_rate, ai_maturity_score, ai_failure_rate, ai_adoption_stage, industry_Education, industry_Healthcare, industry_Logistics, industry_Manufacturing",1.0,0.028953237124169483,0.49242424242424243,1,168.71240837049413,4993,3338,0.5333333333333333,0.0003136456173945981,65,132
"[52.424749015196056,80.9662], [13.940100000000001,57.5183], [8.6556,44.5044], 2.0, 0.0, 0.0, 0.0, 1.0","ai_adoption_rate, ai_training_hours, task_automation_rate, ai_adoption_stage, industry_Finance, industry_Healthcare, industry_Manufacturing, industry_Technology",2.0,0.6965586323501161,0.9302325581395349,1,288.30136797790396,4924,3340,0.5333333333333333,0.0005359680501778143,40,43
"[13.940100000000001,57.5183], 0.0, 0.0, 1.0","ai_training_hours, industry_Agriculture, industry_Healthcare, industry_Technology",2.0,0.038901487519704334,0.5223880597014925,1,211.05022924213682,4947,3340,0.26666666666666666,0.00039235394771057166,105,201
"[-0.0031999999999999806,0.5512], [26.784899999999997,51.0951], [-10.9538,25.574350000000003], 0.0, 0.0, 0.0, 0.0","ai_maturity_score, ai_failure_rate, task_automation_rate, industry_Agriculture, industry_Education, industry_Healthcare, industry_Technology",0.0,0.07003261848132697,0.5875706214689266,1,208.78956513789748,4985,3342,0.4666666666666667,0.0003881512491921623,208,354
"[-20.340450000000004,22.620450000000005], 0.0, 0.0, 0.0, 0.0, 0.0","ai_adoption_rate, ai_adoption_stage, industry_Education, industry_Healthcare, industry_Logistics, industry_Technology",0.0,0.5417169694823225,0.8846153846153846,1,220.12510548911035,4985,3347,0.4,0.0004092246402147714,46,52
"[0.40175,0.69965], [63.4781570375995,65.5705], 2.0, 0.0, 0.0, 0.0, 0.0","ai_maturity_score, ai_training_hours, ai_adoption_stage, industry_Agriculture, industry_Consulting, industry_Finance, industry_Healthcare",2.0,0.07435049327753684,0.9329896907216495,1,266.86609179190975,3353,3353,0.4666666666666667,0.0004961186964858444,0,0
"[0.40175,0.69965], [12.0627,22.2573], [38.5295,65.5705], [15.70035,49.059650000000005], 2.0, 0.0, 0.0, 0.0, 0.0","ai_maturity_score, ai_failure_rate, ai_training_hours, task_automation_rate, ai_adoption_stage, industry_Agriculture, industry_Education, industry_Finance, industry_Healthcare",2.0,0.3591654751124945,0.8148148148148148,1,235.85589949323335,4947,3353,0.6,0.0004272477471067223,66,81
"[1.550499999999996,54.3095], [-0.018600000000000005,0.2586], [11.2158,37.4842], 1.0, 0.0, 1.0","ai_adoption_rate, ai_maturity_score, ai_training_hours, ai_adoption_stage, industry_Agriculture, industry_Retail",0.0,0.2149341667858102,0.7352941176470589,1,242.97078613255985,4874,3365,0.4,0.0004516960131233908,25,34
"[-9.96865,11.888649999999998], [-0.8143499999999992,22.3249], 1.0, 0.0, 0.0, 0.0","ai_adoption_rate, task_automation_rate, ai_adoption_stage, industry_Consulting, industry_Education, industry_Manufacturing",0.0,1.0,1.0,1,264.496,4951,3369,0.4,0.0004917125658963091,8,8
"2.0, 0.0, 0.0, 0.0","ai_adoption_stage, industry_Agriculture, industry_Healthcare, industry_Logistics",2.0,0.04206165333798857,0.5306122448979592,1,169.54446680889032,4995,3381,0.26666666666666666,0.00031172739840768735,312,588
"[41.773799999999994,80.9662], [0.32235,0.69965], [8.6556,44.5044], 2.0, 0.0","ai_adoption_rate, ai_maturity_score, task_automation_rate, ai_adoption_stage, industry_Healthcare",2.0,0.1198127350703226,0.6541850220264317,1,208.1973598489432,4995,3381,0.3333333333333333,0.0003810985707850099,297,454
"[-0.018600000000000005,0.2586], [-0.7609000000000012,32.4609], [-0.8143499999999992,22.3249], 0.0, 0.0, 0.0, 0.0","ai_maturity_score, ai_training_hours, task_automation_rate, industry_Education, industry_Logistics, industry_Manufacturing, industry_Retail",0.0,0.19537083114210363,0.7213930348258707,1,226.10967054904,4951,3385,0.4666666666666667,0.00042035027478539404,145,201
"[-20.340450000000004,22.620450000000005], [-8.9622,8.9622], 0.0, 0.0, 0.0","ai_adoption_rate, task_automation_rate, industry_Healthcare, industry_Logistics, industry_Technology",0.0,0.45920132498577176,0.8558558558558559,1,249.10560336331133,4985,3387,0.3333333333333333,0.00046310097471765954,95,111
"[41.773799999999994,84.86234115416572], [12.2485,24.011499999999998], 2.0, 0.0, 0.0, 0.0, 0.0, 0.0, 0.0","ai_adoption_rate, ai_failure_rate, ai_adoption_stage, industry_Agriculture, industry_Consulting, industry_Education, industry_Finance, industry_Healthcare, industry_Retail",2.0,0.2495343537242618,0.7575757575757576,1,247.60093735553377,4924,3390,0.6,0.00045454108379149754,100,132
"[41.773799999999994,80.9662], [12.2485,24.011499999999998], 2.0, 0.0, 0.0, 0.0, 0.0, 0.0","ai_adoption_rate, ai_failure_rate, ai_adoption_stage, industry_Agriculture, industry_Consulting, industry_Finance, industry_Healthcare, industry_Retail",2.0,0.24710935412080362,0.7560975609756098,1,230.47833751250369,4924,3390,0.5333333333333333,0.00041475126890000544,124,164
"[-20.340450000000004,22.620450000000005], 0.0, 1.0, 0.0, 0.0, 0.0, 0.0","ai_adoption_rate, ai_adoption_stage, industry_Agriculture, industry_Education, industry_Healthcare, industry_Logistics, industry_Technology",0.0,1.0,1.0,1,209.8624,4771,3394,0.4666666666666667,0.0003901457080226453,8,8
"[25.296399999999995,55.706050000000005], [0.06274999999999997,0.56325], [16.64255,32.07745], 0.0, 0.0, 0.0, 1.0","ai_adoption_rate, ai_maturity_score, task_automation_rate, industry_Finance, industry_Healthcare, industry_Manufacturing, industry_Retail",1.0,0.06693506692530402,0.5822784810126582,1,169.3765417589752,4880,3396,0.4666666666666667,0.00031488027777716506,46,79
"[30.83395,67.5036], [15.08885,39.79115], [5.013200000000001,32.826800000000006], [-4.490900571927861,30.053749999999997], 2.0, 0.0, 0.0, 1.0, 0.0","ai_adoption_rate, ai_failure_rate, ai_training_hours, task_automation_rate, ai_adoption_stage, industry_Consulting, industry_Healthcare, industry_Retail, industry_Technology",1.0,0.03597678110311178,0.5142857142857142,1,179.85656429933684,4764,3396,0.6,0.0003343632142827167,18,35
"[26.784899999999997,41.581649999999996], [-0.8143499999999992,22.3249], 0.0, 0.0, 0.0","ai_failure_rate, task_automation_rate, industry_Agriculture, industry_Consulting, industry_Manufacturing",0.0,0.08301219859229679,0.6078947368421053,1,189.9828863905945,4976,3397,0.3333333333333333,0.00035318860226054915,231,380
"[0.40175,0.69965], 2.0, 0.0, 0.0, 0.0, 0.0","ai_maturity_score, ai_adoption_stage, industry_Agriculture, industry_Consulting, industry_Finance, industry_Healthcare",2.0,0.1583729228427086,0.6917293233082706,1,209.6153430601958,4995,3403,0.4,0.00036626945568532185,184,266
"[52.424749015196056,80.9662], [28.5228,32.48898953109151], [18.740900000000003,47.619099999999996], 2.0, 0.0","ai_adoption_rate, ai_training_hours, task_automation_rate, ai_adoption_stage, industry_Retail",2.0,0.28462802079628785,0.7777777777777778,1,198.80481149026303,4763,3410,0.3333333333333333,0.00036958904471299863,14,18
"[11.81805,47.24195], 1.0, 0.0, 0.0, 0.0, 0.0, 0.0","ai_adoption_rate, industry_Consulting, industry_Finance, industry_Healthcare, industry_Manufacturing, industry_Retail, industry_Technology",1.0,0.028188749379596083,0.4897959183673469,1,173.9119628486356,4953,3411,0.4666666666666667,0.000323311874252791,48,98
"[28.498500000000003,40.261500000000005], 1.0, 0.0, 0.0, 0.0, 0.0","ai_failure_rate, ai_adoption_stage, industry_Agriculture, industry_Consulting, industry_Manufacturing, industry_Retail",0.0,0.08780255698011873,0.6147540983606558,1,214.35664854296323,4976,3417,0.4,0.0003985007624765357,150,244
"[0.32235,0.69965], [15.70035,49.059650000000005], 2.0, 0.0, 0.0, 0.0, 0.0, 0.0","ai_maturity_score, task_automation_rate, ai_adoption_stage, industry_Agriculture, industry_Education, industry_Finance, industry_Healthcare, industry_Technology",2.0,0.08082104508786613,0.6046511627906976,1,191.63206649197667,4995,3425,0.5333333333333333,0.00032447958426674644,130,215
"[0.40175,0.69965], [38.5295,65.5705], 2.0, 0.0, 0.0, 0.0, 0.0","ai_maturity_score, ai_training_hours, ai_adoption_stage, industry_Agriculture, industry_Consulting, industry_Finance, industry_Manufacturing",2.0,0.451979737979688,0.8531468531468531,2,251.47389319826897,4980,3425,0.4666666666666667,0.000927082260732177,122,143
"[-0.019600000000000006,0.31235], [-0.8143499999999992,5.6659836994841335], 1.0, 0.0, 0.0, 0.0, 0.0, 0.0, 0.0","ai_maturity_score, task_automation_rate, ai_adoption_stage, industry_Agriculture, industry_Consulting, industry_Education, industry_Logistics, industry_Retail, industry_Technology",0.0,0.3276800000000001,0.8,1,317.09536485761265,4900,3433,0.6,0.0005894976691063874,20,25
"[12.95835,41.581649999999996], [-27.8136,32.4609], [-8.9622,25.574350000000003], 0.0, 0.0, 0.0, 0.0","ai_failure_rate, ai_training_hours, task_automation_rate, industry_Agriculture, industry_Logistics, industry_Manufacturing, industry_Technology",0.0,0.031885141822047026,0.5020161290322581,1,187.84314937606229,4983,3433,0.4666666666666667,0.0003492107138321459,249,496
"[0.40175,0.69965], [38.5295,65.5705], 2.0, 0.0, 0.0, 0.0, 0.0, 0.0","ai_maturity_score, ai_training_hours, ai_adoption_stage, industry_Agriculture, industry_Consulting, industry_Finance, industry_Manufacturing, industry_Retail",2.0,0.5389837915635907,0.8837209302325582,1,251.0182355950065,4980,3437,0.5333333333333333,0.0004624822647817775,114,129
"[-20.340450000000004,22.620450000000005], 1.0, 0.0, 0.0, 0.0, 0.0","ai_adoption_rate, industry_Agriculture, industry_Education, industry_Healthcare, industry_Logistics, industry_Technology",0.0,0.13168724279835387,0.6666666666666666,1,184.87221162035826,4951,3439,0.4,0.00034368757765248554,20,30
"[-8.9622,8.9622], 0.0, 1.0, 0.0, 0.0","task_automation_rate, ai_adoption_stage, industry_Agriculture, industry_Healthcare, industry_Technology",0.0,1.0,1.0,1,203.872,4771,3439,0.3333333333333333,0.0003790092259785114,7,7
"[52.424749015196056,80.9662], [0.32235,0.69965], 2.0, 0.0, 0.0, 0.0","ai_adoption_rate, ai_maturity_score, ai_adoption_stage, industry_Consulting, industry_Retail, industry_Technology",2.0,0.38310160451236014,0.8253968253968254,1,209.8178909280843,4995,3453,0.4,0.0004053155278646507,104,126
"[52.424749015196056,80.9662], [0.40175,0.69965], [5.228599999999998,31.891399999999997], [28.5228,65.5705], 2.0, 0.0, 0.0","ai_adoption_rate, ai_maturity_score, ai_failure_rate, ai_training_hours, ai_adoption_stage, industry_Consulting, industry_Finance",2.0,0.5784395893234237,0.8962962962962963,3,242.59934369433782,4995,3453,0.4666666666666667,0.0013530164437954083,121,135
"[41.773799999999994,80.9662], [0.32235,0.69965], 2.0, 0.0, 0.0, 0.0, 0.0","ai_adoption_rate, ai_maturity_score, ai_adoption_stage, industry_Agriculture, industry_Consulting, industry_Finance, industry_Healthcare",2.0,0.18096321137389174,0.7104247104247104,2,231.75476172293116,4995,3455,0.4666666666666667,0.0008354348942787616,184,259
"[-16.29970425798558,24.011499999999998], [15.70035,49.059650000000005], 2.0, 0.0, 0.0, 0.0, 0.0, 0.0","ai_failure_rate, task_automation_rate, ai_adoption_stage, industry_Agriculture, industry_Consulting, industry_Finance, industry_Healthcare, industry_Retail",2.0,0.1800134415442498,0.7096774193548387,1,215.36637633093855,4995,3455,0.5333333333333333,0.00037963381339825494,154,217
"[-20.340450000000004,22.620450000000005], 0.0, 0.0, 0.0, 0.0","ai_adoption_rate, industry_Education, industry_Healthcare, industry_Logistics, industry_Technology",0.0,0.2147019059832424,0.7351351351351352,1,236.76930188559484,4985,3457,0.3333333333333333,0.00044016711389073434,136,185
"[-20.340450000000004,22.620450000000005], [-8.9622,8.9622], 0.0, 0.0, 0.0, 0.0","ai_adoption_rate, task_automation_rate, ai_adoption_stage, industry_Healthcare, industry_Logistics, industry_Technology",0.0,0.4293934488306322,0.8444444444444444,1,220.85382871090866,4985,3457,0.4,0.0004105793766388333,38,45
"[-0.018600000000000005,0.31235], [-0.8143499999999992,22.3249], 0.0, 0.0, 0.0, 1.0, 0.0, 0.0","ai_maturity_score, task_automation_rate, industry_Agriculture, industry_Consulting, industry_Education, industry_Healthcare, industry_Manufacturing, industry_Technology",0.0,0.06693506692530402,0.5822784810126582,1,175.6099320967058,4900,3466,0.5333333333333333,0.00032646849218191513,46,79
"[-20.340450000000004,22.620450000000005], [21.6565,49.103500000000004], 0.0, 0.0, 0.0","ai_adoption_rate, ai_failure_rate, industry_Education, industry_Logistics, industry_Technology",0.0,0.2129695166622419,0.7339449541284404,1,233.89393948468225,4985,3469,0.3333333333333333,0.0004348216575358764,160,218
"[0.20435,0.42765], [12.27045,26.709549999999997], 0.0, 0.0, 0.0, 0.0, 0.0, 0.0, 0.0","ai_maturity_score, task_automation_rate, industry_Education, industry_Finance, industry_Healthcare, industry_Logistics, industry_Manufacturing, industry_Retail, industry_Technology",1.0,0.04186710393381439,0.5301204819277109,1,149.71962286408342,4953,3471,0.6,0.000288431480233069,44,83
"[41.773799999999994,80.9662], [0.32235,0.69965], 2.0, 0.0, 0.0, 0.0","ai_adoption_rate, ai_maturity_score, ai_adoption_stage, industry_Consulting, industry_Finance, industry_Healthcare",2.0,0.14136609068189063,0.6761904761904762,1,231.04039851086375,4995,3473,0.4,0.0004160573966660864,213,315
"[-16.29970425798558,24.011499999999998], [15.70035,49.059650000000005], 2.0, 0.0, 0.0, 0.0, 0.0","ai_failure_rate, task_automation_rate, ai_adoption_stage, industry_Agriculture, industry_Consulting, industry_Healthcare, industry_Retail",2.0,0.13168724279835387,0.6666666666666666,1,197.7429407908723,4995,3473,0.4666666666666667,0.0003507308548034868,186,279
"[30.83395,59.27935000000001], [11.579349999999998,32.36065], [7.8767499999999995,25.30325], 2.0, 0.0, 0.0, 0.0, 0.0","ai_adoption_rate, ai_failure_rate, task_automation_rate, ai_adoption_stage, industry_Consulting, industry_Education, industry_Healthcare, industry_Manufacturing",1.0,0.040196856936555114,0.5258215962441315,1,173.03978878656824,4993,3492,0.5333333333333333,0.0003216904548514868,112,213
"[52.424749015196056,80.9662], [0.34065,0.57935], [28.5228,65.5705], 2.0, 0.0, 0.0","ai_adoption_rate, ai_maturity_score, ai_training_hours, ai_adoption_stage, industry_Consulting, industry_Finance",2.0,0.5792642820741052,0.896551724137931,1,243.0243703560655,4995,3498,0.4,0.0004517956291328258,78,87
"[-20.340450000000004,22.620450000000005], 0.0, 0.0","ai_adoption_rate, industry_Healthcare, industry_Logistics",0.0,0.2084017036410597,0.7307692307692307,1,224.18275404961275,4985,3500,0.2,0.0004167680313631824,171,234
"[0.03755,0.32245], [-8.773200000000003,40.6732], 0.0, 0.0, 0.0, 0.0","ai_maturity_score, ai_training_hours, industry_Consulting, industry_Education, industry_Healthcare, industry_Technology",0.0,0.08049776132214705,0.6041666666666666,1,169.59809611943302,4985,3500,0.4,0.0003346254448416506,232,384
"[0.40175,0.7958500000000001], [-0.013749999999999929,29.393749999999997], 2.0, 0.0, 0.0","ai_maturity_score, ai_failure_rate, ai_adoption_stage, industry_Consulting, industry_Healthcare",2.0,0.1406790278369715,0.675531914893617,1,195.80152173049578,4995,3501,0.3333333333333333,0.00034509147280634806,254,376
"[11.81805,47.24195], [20.832800000000002,45.9272], [8.506699999999999,35.393299999999996], 1.0, 1.0, 0.0, 0.0, 0.0, 0.0, 0.0, 0.0","ai_adoption_rate, ai_failure_rate, task_automation_rate, ai_adoption_stage, industry_Consulting, industry_Education, industry_Finance, industry_Healthcare, industry_Logistics, industry_Retail, industry_Technology",1.0,0.2481884326272296,0.7567567567567568,1,196.14086371255127,4953,3502,0.7333333333333333,0.0003646366197341996,28,37
"[7.314699999999998,31.2653], [-8.9622,8.9622], 0.0, 0.0, 0.0, 0.0","ai_training_hours, task_automation_rate, industry_Education, industry_Healthcare, industry_Logistics, industry_Technology",0.0,0.17206514639208775,0.7032967032967034,1,232.52026966882252,4951,3506,0.4,0.0004322679300320552,64,91
"[-20.340450000000004,22.620450000000005], 0.0, 0.0, 0.0","ai_adoption_rate, industry_Education, industry_Healthcare, industry_Technology",0.0,0.1759792387958707,0.7064676616915423,1,214.19042116340023,4985,3506,0.26666666666666666,0.0003981917366639444,142,201
"[30.83395,55.706050000000005], [0.46860000000000035,32.36065], [10.407599999999999,47.4924], 1.0, 0.0, 0.0, 0.0, 0.0, 0.0, 1.0","ai_adoption_rate, ai_failure_rate, ai_training_hours, ai_adoption_stage, industry_Agriculture, industry_Consulting, industry_Education, industry_Finance, industry_Manufacturing, industry_Retail",1.0,0.07775999999999998,0.6,1,154.47921729536,4732,3507,0.6666666666666666,0.0002871853348026245,9,15
"[-0.018600000000000005,0.2586], [31.3606,42.339400000000005], [-0.7609000000000012,32.4609], [-2.489065571178026,25.574350000000003], 1.0, 0.0, 0.0, 0.0, 0.0, 0.0, 0.0","ai_maturity_score, ai_failure_rate, ai_training_hours, task_automation_rate, ai_adoption_stage, industry_Agriculture, industry_Consulting, industry_Healthcare, industry_Logistics, industry_Manufacturing, industry_Retail",0.0,0.3504270747052985,0.8108108108108109,2,299.79635855765844,4934,3511,0.7333333333333333,0.001114675735835371,60,74
"[8.6556,44.5044], 2.0, 0.0, 1.0, 0.0","task_automation_rate, ai_adoption_stage, industry_Consulting, industry_Healthcare, industry_Manufacturing",2.0,0.08250009529139642,0.6071428571428571,1,146.9774879563966,4980,3512,0.3333333333333333,0.0002732392086535662,68,112
"[31.3606,41.581649999999996], [-0.7609000000000012,32.4609], [-0.8143499999999992,25.574350000000003], 1.0, 0.0, 0.0, 0.0, 0.0","ai_failure_rate, ai_training_hours, task_automation_rate, ai_adoption_stage, industry_Agriculture, industry_Consulting, industry_Education, industry_Manufacturing",0.0,0.17763514119247517,0.7077922077922078,1,252.199061405937,4934,3520,0.5333333333333333,0.00046885188282830026,109,154
"[0.40175,0.69965], [12.0627,22.2573], [38.5295,65.5705], [0.595600000000001,36.4444], 2.0, 0.0, 0.0, 0.0, 0.0","ai_maturity_score, ai_failure_rate, ai_training_hours, task_automation_rate, ai_adoption_stage, industry_Agriculture, industry_Education, industry_Finance, industry_Manufacturing",2.0,0.3580008669006961,0.8142857142857143,1,235.28012663153717,4980,3523,0.6,0.0004259097554584644,57,70
"[38.5295,65.5705], [15.70035,49.059650000000005], 2.0, 0.0, 0.0, 0.0, 0.0, 0.0","ai_training_hours, task_automation_rate, ai_adoption_stage, industry_Agriculture, industry_Consulting, industry_Finance, industry_Healthcare, industry_Retail",2.0,0.5674268557185995,0.8928571428571429,1,262.0529329247555,4995,3523,0.5333333333333333,0.00048812489897047997,100,112
"[0.32615000000000005,0.7958500000000001], [16.7817,34.8183], [25.841699999999996,57.5183], 3.0, 0.0, 0.0","ai_maturity_score, ai_failure_rate, ai_training_hours, ai_adoption_stage, industry_Finance, industry_Retail",2.0,1.0,1.0,1,115.0,4557,3534,0.4,0.0002137913052676621,3,3
"[0.32615000000000005,0.7958500000000001], [25.841699999999996,57.5183], [22.968799999999995,50.8512], 3.0, 0.0, 0.0, 0.0","ai_maturity_score, ai_training_hours, task_automation_rate, ai_adoption_stage, industry_Agriculture, industry_Finance, industry_Retail",2.0,1.0,1.0,1,104.6,4557,3534,0.4666666666666667,0.00019445713505215177,5,5
"[1.034550000000003,36.38545], 1.0, 0.0, 0.0, 0.0, 0.0","task_automation_rate, ai_adoption_stage, industry_Finance, industry_Manufacturing, industry_Retail, industry_Technology",0.0,0.02724920932908401,0.4864864864864865,1,158.9923598046405,4983,3553,0.4,0.00030997963821051866,144,296
"[12.95835,41.581649999999996], [-0.7609000000000012,27.8136], [-0.8143499999999992,25.574350000000003], 0.0, 0.0, 0.0, 0.0, 0.0","ai_failure_rate, ai_training_hours, task_automation_rate, industry_Consulting, industry_Education, industry_Manufacturing, industry_Retail, industry_Technology",0,0.043852419177755314,0.5350553505535055,1,170.9334665001051,4951,3553,0.5333333333333333,0.0003377286032840382,145,271
"[0.32615000000000005,0.7958500000000001], 3.0, 0.0, 0.0","ai_maturity_score, ai_adoption_stage, industry_Finance, industry_Retail",2.0,1.0,1.0,1,99.5,4557,3557,0.26666666666666666,0.00018497595542723807,4,4
"[25.841699999999996,57.5183], [22.968799999999995,50.8512], 3.0, 0.0","ai_training_hours, task_automation_rate, ai_adoption_stage, industry_Retail",2.0,1.0,1.0,1,99.5,4557,3557,0.26666666666666666,0.00018497595542723807,4,4
"[-27.8136,27.8136], [1.034550000000003,5.6659836994841335], 0.0, 0.0, 0.0, 0.0, 0.0, 0.0, 0.0","ai_training_hours, task_automation_rate, industry_Agriculture, industry_Education, industry_Finance, industry_Logistics, industry_Manufacturing, industry_Retail, industry_Technology",0.0,1.0,1.0,3,222.596638687232,4900,3559,0.6,0.0012414580678209782,16,16
"[-0.019600000000000006,0.2576], 1.0, 0.0, 0.0, 0.0","ai_maturity_score, ai_adoption_stage, industry_Agriculture, industry_Logistics, industry_Technology",0.0,0.26010635629992535,0.7638888888888888,1,200.43545902548817,4983,3559,0.3333333333333333,0.000372620507886801,165,216
"[30.83395,52.035650000000004], [7.8767499999999995,25.30325], 2.0, 0.0, 0.0, 0.0, 0.0, 0.0, 1.0","ai_adoption_rate, task_automation_rate, ai_adoption_stage, industry_Agriculture, industry_Consulting, industry_Education, industry_Finance, industry_Manufacturing, industry_Retail",1.0,0.19649623617673456,0.7222222222222222,2,176.55921132999197,4992,3562,0.6,0.0006564665086481388,26,36
"[0.06274999999999997,0.56325], [0.46860000000000035,32.36065], [-4.490900571927861,25.30325], 2.0, 0.0, 0.0, 0.0, 1.0","ai_maturity_score, ai_failure_rate, task_automation_rate, ai_adoption_stage, industry_Consulting, industry_Finance, industry_Manufacturing, industry_Retail",1.0,0.19649623617673456,0.7222222222222222,2,176.55921132999197,4992,3562,0.5333333333333333,0.0006564665086481388,26,36
"[41.773799999999994,80.9662], [0.32235,0.69965], [6.610950000000001,30.529049999999998], 0.0, 0.0, 0.0, 0.0, 1.0","ai_adoption_rate, ai_maturity_score, ai_failure_rate, industry_Agriculture, industry_Consulting, industry_Finance, industry_Healthcare, industry_Manufacturing",2.0,0.22059995870325735,0.7391304347826086,1,192.98848483793324,4995,3565,0.5333333333333333,0.0003587761745663492,34,46
"[0.20435,0.42765], [12.27045,26.709549999999997], 1.0, 0.0, 0.0, 0.0, 0.0, 0.0, 0.0, 0.0","ai_maturity_score, task_automation_rate, industry_Agriculture, industry_Education, industry_Finance, industry_Healthcare, industry_Logistics, industry_Manufacturing, industry_Retail, industry_Technology",1.0,0.03125,0.5,1,140.24979857078628,4898,3577,0.6666666666666666,0.00026642532701220587,21,42
"[52.424749015196056,80.9662], [0.40175,0.69965], 2.0, 0.0, 0.0, 0.0, 0.0","ai_adoption_rate, ai_maturity_score, ai_adoption_stage, industry_Consulting, industry_Finance, industry_Retail, industry_Technology",2.0,0.5549289573066435,0.8888888888888888,1,221.42986169426882,4995,3578,0.4666666666666667,0.000411650253537875,72,81
"[52.424749015196056,80.9662], [0.40175,0.69965], [28.5228,65.5705], [18.52615,49.89385], 2.0, 0.0, 0.0, 0.0","ai_adoption_rate, ai_maturity_score, ai_training_hours, task_automation_rate, ai_adoption_stage, industry_Consulting, industry_Finance, industry_Retail",2.0,0.6956883693000002,0.93,1,242.34279242884628,4995,3578,0.5333333333333333,0.0004505285383962882,93,100
"[-20.340450000000004,22.620450000000005], [-10.9538,10.9538], 0.0, 0.0, 0.0, 0.0, 0.0, 0.0","ai_adoption_rate, task_automation_rate, industry_Consulting, industry_Education, industry_Finance, industry_Healthcare, industry_Logistics, industry_Technology",0.0,0.3951121110236596,0.8305084745762712,1,230.1628649346069,4985,3584,0.5333333333333333,0.0004278853853783845,49,59
"[-0.08034999999999999,0.31235], [26.37875,41.581649999999996], 1.0, 0.0, 0.0, 0.0, 0.0, 0.0","ai_maturity_score, ai_failure_rate, ai_adoption_stage, industry_Agriculture, industry_Consulting, industry_Education, industry_Logistics, industry_Manufacturing",0.0,0.16347820151971013,0.6961325966850829,1,216.25715420982485,4972,3589,0.5333333333333333,0.0004020339067129438,126,181
"[-0.7609000000000012,27.8136], [-0.8143499999999992,22.3249], 1.0, 0.0, 0.0, 0.0, 0.0, 1.0","ai_training_hours, task_automation_rate, ai_adoption_stage, industry_Agriculture, industry_Consulting, industry_Education, industry_Manufacturing, industry_Retail",0.0,0.24432505180968345,0.7543859649122807,1,212.02454353412116,4972,3589,0.5333333333333333,0.00039416525139947836,43,57
"[-2.489065571178026,25.574350000000003], 1.0, 0.0, 0.0, 0.0, 0.0, 0.0, 0.0","task_automation_rate, ai_adoption_stage, industry_Agriculture, industry_Consulting, industry_Healthcare, industry_Logistics, industry_Manufacturing, industry_Retail",0.0,0.04300329480434805,0.532967032967033,1,189.6327624926273,4983,3590,0.5333333333333333,0.00035253770273749,97,182
"[-0.08034999999999999,0.31235], [26.37875,42.339400000000005], [-0.7609000000000012,32.4609], [7.227800000000002,25.1522], 1.0, 0.0, 0.0, 0.0, 0.0, 0.0, 0.0","ai_maturity_score, ai_failure_rate, ai_training_hours, task_automation_rate, ai_adoption_stage, industry_Agriculture, industry_Consulting, industry_Education, industry_Healthcare, industry_Logistics, industry_Manufacturing",0.0,0.18593443208187066,0.7142857142857143,2,229.6415734284244,4972,3590,0.7333333333333333,0.0008538325517736091,65,91
"[0.40175,0.69965], 2.0, 0.0, 0.0, 0.0, 0.0","ai_maturity_score, ai_adoption_stage, industry_Consulting, industry_Finance, industry_Retail, industry_Technology",2.0,0.16857715110971064,0.70042194092827,1,196.1428146086038,4995,3598,0.4,0.0003349617443492178,166,237
"[15.636199999999999,65.5705], 2.0, 0.0, 0.0, 0.0, 0.0, 0.0","ai_training_hours, ai_adoption_stage, industry_Consulting, industry_Education, industry_Manufacturing, industry_Retail, industry_Technology",2.0,0.04791257663590964,0.5446153846153846,1,183.43592479980873,4980,3598,0.4666666666666667,0.00030917221861850316,177,325
"[0.06274999999999997,0.56325], 2.0, 0.0, 0.0, 0.0, 0.0, 1.0","ai_maturity_score, ai_adoption_stage, industry_Consulting, industry_Finance, industry_Healthcare, industry_Manufacturing, industry_Retail",1.0,0.03943364769872244,0.5238095238095238,1,166.59333418012815,4992,3600,0.4666666666666667,0.00030970614228922975,33,63
"[24.181776244718293,55.706050000000005], [0.06274999999999997,0.56325], [0.46860000000000035,27.1314], [7.8767499999999995,25.30325], 0.0, 0.0, 0.0, 0.0, 0.0, 0.0, 1.0","ai_adoption_rate, ai_maturity_score, ai_failure_rate, task_automation_rate, industry_Agriculture, industry_Consulting, industry_Education, industry_Healthcare, industry_Logistics, industry_Manufacturing, industry_Retail",1.0,0.12385100560996302,0.6585365853658537,1,163.90182833385228,4992,3600,0.7333333333333333,0.0003047024853500049,27,41
"[-13.918074961768507,59.27935000000001], [21.86665,32.45335], [12.27045,26.709549999999997], 0.0, 0.0, 0.0, 0.0, 0.0, 0.0, 0.0","ai_adoption_rate, ai_failure_rate, task_automation_rate, industry_Education, industry_Finance, industry_Healthcare, industry_Logistics, industry_Manufacturing, industry_Retail, industry_Technology",1.0,0.1259123951475064,0.6607142857142857,2,176.53229062173313,4953,3603,0.6666666666666666,0.0006563664145027928,37,56
"[-20.340450000000004,11.888649999999998], [26.784899999999997,51.0951], [-10.9538,10.9538], 0.0, 0.0, 0.0, 0.0","ai_adoption_rate, ai_failure_rate, task_automation_rate, industry_Education, industry_Healthcare, industry_Logistics, industry_Technology",0.0,0.5904900000000001,0.9,1,234.17211320404581,4985,3610,0.4666666666666667,0.0004353387977319972,36,40
"[21.86665,32.45335], [1.7241,37.956500000000005], 0.0, 0.0, 0.0, 0.0","ai_failure_rate, task_automation_rate, industry_Consulting, industry_Education, industry_Manufacturing, industry_Technology",1.0,0.012385692277159653,0.4155124653739612,1,157.6650529686668,4993,3616,0.4,0.006226278443329054,150,361
"[-20.340450000000004,22.620450000000005], 0.0, 0.0, 0.0, 0.0, 0.0, 0.0","ai_adoption_rate, ai_adoption_stage, industry_Agriculture, industry_Education, industry_Healthcare, industry_Logistics, industry_Technology",0.0,0.4128571866759781,0.8378378378378378,1,221.46096004149314,4985,3619,0.4666666666666667,0.00041170806707043807,31,37
"[-20.340450000000004,22.620450000000005], [-8.9622,10.9538], 0.0, 0.0, 0.0, 0.0, 0.0, 0.0","ai_adoption_rate, task_automation_rate, industry_Consulting, industry_Education, industry_Finance, industry_Healthcare, industry_Logistics, industry_Technology",0.0,0.3591654751124945,0.8148148148148148,1,230.16291059168967,4985,3629,0.5333333333333333,0.0004278854702574047,44,54
"[-20.340450000000004,22.620450000000005], [-10.9538,8.9622], 0.0, 0.0","ai_adoption_rate, task_automation_rate, industry_Education, industry_Healthcare",0.0,0.438060280309797,0.8478260869565217,1,255.0080767423621,4985,3629,0.26666666666666666,0.00047407399635257167,78,92
"[0.40175,0.69965], [26.227999999999998,57.132000000000005], 2.0, 0.0, 0.0, 0.0, 0.0","ai_maturity_score, ai_training_hours, ai_adoption_stage, industry_Consulting, industry_Finance, industry_Retail, industry_Technology",2.0,0.15774104955529852,0.6911764705882353,1,196.68985066168136,4995,3631,0.4666666666666667,0.0003362329568689561,141,204
"[0.40175,0.69965], 0.0, 0.0, 0.0, 0.0","ai_maturity_score, industry_Consulting, industry_Finance, industry_Retail, industry_Technology",2.0,0.15414952512716792,0.688,1,190.7742389517619,4995,3631,0.3333333333333333,0.00032248614872851754,172,250
"[0.40175,0.69965], [38.5295,65.5705], [15.70035,49.059650000000005], 2.0, 0.0, 0.0, 0.0, 0.0, 0.0","ai_maturity_score, ai_training_hours, task_automation_rate, ai_adoption_stage, industry_Agriculture, industry_Consulting, industry_Education, industry_Healthcare, industry_Logistics",2.0,0.28871743680000006,0.78,1,225.97346951935367,4995,3639,0.6,0.0004428581608470613,78,100
"[2.578599999999998,35.7414], [2.270999999999999,25.448999999999998], [8.506699999999999,35.393299999999996], 1.0, 1.0, 0.0, 0.0, 0.0, 0.0, 0.0","ai_adoption_rate, ai_training_hours, task_automation_rate, ai_adoption_stage, industry_Consulting, industry_Finance, industry_Healthcare, industry_Logistics, industry_Retail, industry_Technology",1.0,0.3109652044351208,0.7916666666666666,2,206.4631326729435,4953,3644,0.6666666666666666,0.0007676525673704188,19,24
"[0.13835,0.36165], [21.328774611399275,41.581649999999996], [-0.8143499999999992,25.574350000000003], 0.0","ai_maturity_score, ai_failure_rate, task_automation_rate, industry_Education",0.0,0.03662616470883121,0.5161290322580645,1,170.99139513380354,4976,3651,0.26666666666666666,0.0003378632189167638,240,465
"[26.784899999999997,41.581649999999996], [28.699097355718074,33.869800000000005], [-0.8143499999999992,22.3249], 0.0, 0.0","ai_failure_rate, ai_training_hours, task_automation_rate, industry_Education, industry_Manufacturing",0.0,0.0024299999999999994,0.3,1,161.93756196268276,4976,3653,0.3333333333333333,0.03259527926903804,6,20
"[52.424749015196056,80.9662], [18.740900000000003,44.5044], 2.0, 0.0, 0.0","ai_adoption_rate, task_automation_rate, ai_adoption_stage, industry_Consulting, industry_Manufacturing",2.0,0.5182405834125324,0.8768115942028986,1,222.40713876673183,4980,3665,0.3333333333333333,0.00043457065534033057,121,138
"[15.10435,56.00635], [21.195149999999998,29.884971724001623], 0.0","ai_adoption_rate, ai_failure_rate, industry_Technology",1.0,0.020544884002097225,0.45977011494252873,1,153.96240693015838,4993,3667,0.2,0.003665425372630777,200,435
"[-0.2695,0.2695], [26.784899999999997,51.0951], 0.0, 0.0, 0.0, 0.0","ai_maturity_score, ai_failure_rate, industry_Education, industry_Healthcare, industry_Logistics, industry_Manufacturing",0.0,0.1840352199045846,0.7128205128205128,1,210.3691828954987,4972,3668,0.4,0.00039108784521148005,139,195
"[41.773799999999994,84.86234115416572], [0.13286384690807707,0.69965], [12.2485,24.011499999999998], 2.0, 0.0, 0.0, 0.0","ai_adoption_rate, ai_maturity_score, ai_failure_rate, ai_adoption_stage, industry_Agriculture, industry_Finance, industry_Healthcare",2.0,0.2012928557908491,0.7257142857142858,1,211.4375608080236,4924,3669,0.4666666666666667,0.00037050395906347404,127,175
"[0.4918,0.7382], [18.740900000000003,44.5044], 2.0, 0.0, 0.0, 0.0","ai_maturity_score, task_automation_rate, ai_adoption_stage, industry_Consulting, industry_Finance, industry_Manufacturing",2.0,0.44940839072125266,0.8521739130434782,2,239.56878054428222,4947,3673,0.4,0.0008907429964164207,98,115
"[52.424749015196056,80.9662], [18.14835,31.59165], 2.0, 1.0, 0.0, 0.0","ai_adoption_rate, task_automation_rate, ai_adoption_stage, industry_Agriculture, industry_Consulting, industry_Manufacturing",2.0,0.2373046875,0.75,1,172.25229824,4941,3673,0.4,0.0003202264667485584,9,12
"[-20.340450000000004,22.620450000000005], [-8.9622,10.9538], 0.0, 0.0, 0.0, 0.0, 0.0","ai_adoption_rate, task_automation_rate, industry_Consulting, industry_Education, industry_Finance, industry_Healthcare, industry_Logistics",0.0,0.36042305607700653,0.8153846153846154,1,229.11130601932922,4985,3679,0.4666666666666667,0.0004259304796995753,53,65
"[11.81805,47.24195], [2.270999999999999,25.9261], [8.506699999999999,35.393299999999996], 1.0, 1.0, 0.0, 0.0, 0.0, 0.0, 0.0, 0.0","ai_adoption_rate, ai_training_hours, task_automation_rate, ai_adoption_stage, industry_Consulting, industry_Education, industry_Finance, industry_Logistics, industry_Manufacturing, industry_Retail, industry_Technology",1.0,0.2935778904262872,0.782608695652174,1,206.36585492099232,4953,3682,0.7333333333333333,0.00038364543901074725,18,23
"[2.578599999999998,35.7414], [14.242799999999999,39.337199999999996], [2.270999999999999,25.448999999999998], [8.506699999999999,35.393299999999996], 1.0, 1.0, 0.0, 0.0, 0.0, 0.0, 0.0","ai_adoption_rate, ai_failure_rate, ai_training_hours, task_automation_rate, ai_adoption_stage, industry_Consulting, industry_Finance, industry_Healthcare, industry_Logistics, industry_Retail, industry_Technology",1.0,0.3066820026178275,0.7894736842105263,1,212.11841766509775,4953,3682,0.7333333333333333,0.0003943397685559336,15,19
"[38.5295,65.5705], [15.70035,49.059650000000005], 2.0, 0.0, 0.0, 0.0, 0.0, 0.0, 0.0","ai_training_hours, task_automation_rate, ai_adoption_stage, industry_Agriculture, industry_Consulting, industry_Finance, industry_Healthcare, industry_Retail, industry_Technology",2.0,0.46266436603796024,0.8571428571428571,1,247.4581011132878,4995,3683,0.6,0.00045420915828422255,54,63
"[-9.96865,18.25495], [-0.2695,0.2695], [20.826236960179376,51.0951], [-11.2027,11.2027], 0.0, 0.0, 0.0, 0.0, 0.0","ai_adoption_rate, ai_maturity_score, ai_failure_rate, ai_training_hours, industry_Education, industry_Logistics, industry_Manufacturing, industry_Retail, industry_Technology",0.0,0.6112798750400543,0.90625,1,238.22246010129714,4900,3687,0.6,0.0004428686146880858,29,32
"[30.83395,59.27935000000001], [0.2714,0.7026], [8.573499999999996,51.066500000000005], [7.8767499999999995,26.709549999999997], 2.0, 0.0, 0.0, 0.0, 0.0","ai_adoption_rate, ai_maturity_score, ai_training_hours, task_automation_rate, ai_adoption_stage, industry_Education, industry_Healthcare, industry_Logistics, industry_Manufacturing",1.0,0.03362837904512624,0.5073891625615764,1,173.6613274737468,4993,3696,0.6,0.0003228459293489325,103,203
"[20.84065,59.27935000000001], [21.86665,32.36065], 2.0, 0.0, 0.0, 0.0, 0.0, 0.0","ai_adoption_rate, ai_failure_rate, ai_adoption_stage, industry_Education, industry_Healthcare, industry_Manufacturing, industry_Retail, industry_Technology",1.0,0.02724920932908401,0.4864864864864865,1,159.3171792281584,4993,3696,0.5333333333333333,0.0002961793712934787,54,111
"2.0, 0.0, 0.0, 0.0, 0.0","ai_adoption_stage, industry_Agriculture, industry_Consulting, industry_Education, industry_Finance",2.0,0.06205524171514277,0.5735294117647058,1,184.41583017306556,4995,3701,0.3333333333333333,0.0003077103605521822,234,408
"[50.03875,80.9662], [0.32235,0.69965], 0.0, 0.0, 0.0","ai_adoption_rate, ai_maturity_score, industry_Agriculture, industry_Consulting, industry_Education",2.0,0.3540925979614258,0.8125,1,224.9724508495063,4995,3701,0.3333333333333333,0.00044053197510767026,130,160
"[30.83395,59.27935000000001], 2.0, 0.0, 0.0, 0.0, 0.0, 1.0","ai_adoption_rate, ai_adoption_stage, industry_Education, industry_Healthcare, industry_Logistics, industry_Manufacturing, industry_Retail",1.0,0.04075459127853908,0.5272727272727272,1,164.62699410278884,4992,3703,0.4666666666666667,0.0003060506082741473,29,55
"[28.635437156062096,80.9662], [0.2158,0.7702], [4.71790181213167,73.5793868480248], 0.0, 0.0, 1.0","ai_adoption_rate, ai_maturity_score, ai_training_hours, industry_Agriculture, industry_Healthcare, industry_Manufacturing",2.0,0.053469993066329255,0.5567010309278351,1,148.41342698210002,4995,3704,0.4,0.0002759086980326089,54,97
"[41.773799999999994,84.86234115416572], [12.2485,24.011499999999998], 2.0, 0.0, 0.0, 0.0, 0.0, 0.0, 0.0","ai_adoption_rate, ai_failure_rate, ai_adoption_stage, industry_Agriculture, industry_Consulting, industry_Finance, industry_Healthcare, industry_Manufacturing, industry_Retail",2.0,0.2535525376,0.76,1,249.3277609184854,4924,3714,0.6,0.0004585539083946539,76,100
"[-9.96865,18.25495], [-0.2695,0.2695], [12.95835,51.0951], 1.0, 0.0, 0.0, 0.0","ai_adoption_rate, ai_maturity_score, ai_failure_rate, ai_adoption_stage, industry_Agriculture, industry_Logistics, industry_Technology",0.0,0.49717673529828965,0.8695652173913043,1,240.2237551669146,4983,3720,0.4666666666666667,0.000446589131942904,60,69
"[12.2485,24.011499999999998], [38.5295,65.5705], 2.0, 0.0, 0.0, 0.0, 0.0, 0.0, 0.0","ai_failure_rate, ai_training_hours, ai_adoption_stage, industry_Agriculture, industry_Consulting, industry_Finance, industry_Healthcare, industry_Manufacturing, industry_Retail",2.0,0.6995662212779985,0.9310344827586207,1,288.3335124811839,4947,3724,0.6,0.0005491961968678655,54,58
"[2.493649999999999,56.00635], [21.195149999999998,29.884971724001623], [-11.1496,12.749600000000001], 0.0, 0.0","ai_adoption_rate, ai_failure_rate, task_automation_rate, industry_Manufacturing, industry_Technology",1,0.012788680355912099,0.41818181818181815,1,146.9525234611548,4960,3729,0.3333333333333333,0.005620367308088063,23,55
"[21.224999999999998,59.855000000000004], [-0.8143499999999992,22.3249], 1.0, 0.0, 0.0, 0.0, 0.0","ai_training_hours, task_automation_rate, ai_adoption_stage, industry_Agriculture, industry_Education, industry_Manufacturing, industry_Technology",0.0,0.02632644661874552,0.48314606741573035,1,182.12088652491298,4934,3736,0.4666666666666667,0.00033857271344926016,43,89
"[3.7512000000000008,39.928799999999995], [-0.08034999999999999,0.31235], [12.95835,41.581649999999996], [-0.8143499999999992,22.3249], 0.0, 1.0, 0.0, 0.0, 0.0, 0.0","ai_adoption_rate, ai_maturity_score, ai_failure_rate, task_automation_rate, industry_Agriculture, industry_Finance, industry_Healthcare, industry_Logistics, industry_Manufacturing, industry_Technology",0.0,0.15694357368977896,0.6904761904761905,1,333.6248561207755,4934,3740,0.6666666666666666,0.0006202268996504049,29,42
"[23.98135,45.838649999999994], [0.14065,0.37935], [25.841699999999996,73.5793868480248], [25.039399999999997,38.980599999999995], 0.0, 0.0, 0.0, 0.0, 0.0, 0.0, 1.0","ai_adoption_rate, ai_maturity_score, ai_training_hours, task_automation_rate, industry_Agriculture, industry_Consulting, industry_Education, industry_Finance, industry_Logistics, industry_Manufacturing, industry_Retail",2.0,0.01734152991583261,0.4444444444444444,1,151.48704000000004,4988,3744,0.7333333333333333,0.00028162271315421345,4,9
"[20.84065,59.27935000000001], [8.573499999999996,51.066500000000005], [12.27045,26.709549999999997], 2.0, 0.0, 0.0, 0.0, 0.0, 0.0","ai_adoption_rate, ai_training_hours, task_automation_rate, ai_adoption_stage, industry_Education, industry_Healthcare, industry_Logistics, industry_Manufacturing, industry_Technology",1.0,0.04433667972469779,0.5362318840579711,1,165.5503750062,4993,3745,0.6,0.0003077672240010995,74,138
"[-0.08034999999999999,0.31235], [26.37875,41.581649999999996], 1.0, 0.0, 0.0, 0.0, 0.0, 0.0, 0.0","ai_maturity_score, ai_failure_rate, ai_adoption_stage, industry_Agriculture, industry_Consulting, industry_Education, industry_Healthcare, industry_Logistics, industry_Manufacturing",0.0,0.17335480851781832,0.7043478260869566,1,231.00488819977022,4972,3747,0.6,0.0004294507527951237,81,115
"[0.32235,0.7958500000000001], [13.56725,35.13275], [15.70035,49.059650000000005], 2.0, 0.0","ai_maturity_score, ai_failure_rate, task_automation_rate, ai_adoption_stage, industry_Healthcare",2.0,0.06391305182160717,0.5769230769230769,1,183.22531821636434,4988,3749,0.3333333333333333,0.00030856045426561545,225,390
"[0.32615000000000005,0.69965], 2.0, 0.0, 0.0","ai_maturity_score, ai_adoption_stage, industry_Consulting, industry_Finance",2.0,0.07775999999999998,0.6,1,192.95410989604437,4995,3749,0.26666666666666666,0.0003275517732338784,276,460
"[52.424749015196056,80.9662], [0.29674999999999996,0.64325], [24.7136,46.3464], 2.0, 0.0, 0.0, 1.0, 0.0","ai_adoption_rate, ai_maturity_score, ai_training_hours, ai_adoption_stage, industry_Consulting, industry_Finance, industry_Healthcare, industry_Manufacturing",2.0,1.0,1.0,1,209.29936128,4980,3751,0.5333333333333333,0.000389098988171645,12,12
"[2.493649999999999,52.035650000000004], [0.037599999999999995,0.37639999999999996], [15.73305,36.146950000000004], 0.0, 0.0, 0.0, 0.0, 0.0","ai_adoption_rate, ai_maturity_score, task_automation_rate, industry_Agriculture, industry_Healthcare, industry_Logistics, industry_Manufacturing, industry_Retail",1,0.03125,0.5,1,157.61787265335016,4962,3755,0.5333333333333333,0.00029302026720062497,69,138
"[-9.96865,11.888649999999998], 0.0, 0.0, 0.0, 0.0","ai_adoption_rate, ai_adoption_stage, industry_Consulting, industry_Healthcare, industry_Logistics",0.0,0.5035835674196454,0.8717948717948718,2,210.5677288885795,4985,3757,0.3333333333333333,0.0007829139061971584,34,39
"[0.047899999999999984,0.2481], [26.784899999999997,51.0951], 0.0, 0.0, 0.0, 0.0, 0.0, 0.0, 0.0","ai_maturity_score, ai_failure_rate, ai_adoption_stage, industry_Agriculture, industry_Consulting, industry_Education, industry_Healthcare, industry_Logistics, industry_Technology",0.0,1.0,1.0,1,218.28071518722797,4985,3757,0.6,0.0004057958175185762,22,22
"[52.424749015196056,80.9662], [16.919850000000004,38.475459515334386], [28.5228,62.5172], 2.0, 0.0, 1.0, 0.0","ai_adoption_rate, ai_failure_rate, ai_training_hours, ai_adoption_stage, industry_Finance, industry_Healthcare, industry_Retail",2.0,1.0,1.0,1,218.3597312,4810,3761,0.4666666666666667,0.00040594271261864206,11,11
"[-0.018600000000000005,0.2586], [31.3606,41.581649999999996], [-0.7609000000000012,32.4609], [-2.489065571178026,25.574350000000003], 1.0, 0.0, 0.0, 0.0, 0.0, 0.0","ai_maturity_score, ai_failure_rate, ai_training_hours, task_automation_rate, ai_adoption_stage, industry_Agriculture, industry_Consulting, industry_Logistics, industry_Manufacturing, industry_Retail",0.0,0.3970589518489515,0.8313253012048193,3,275.018150657651,4934,3762,0.6666666666666666,0.0015338214626451588,69,83
"[52.424749015196056,80.9662], [28.5228,62.5172], [18.740900000000003,44.5044], 2.0, 0.0, 0.0, 0.0","ai_adoption_rate, ai_training_hours, task_automation_rate, ai_adoption_stage, industry_Consulting, industry_Manufacturing, industry_Retail",2.0,0.4946708092786746,0.8686868686868687,1,223.96176811304798,4980,3767,0.4666666666666667,0.0004381833318311604,86,99
"[52.424749015196056,80.9662], [0.35910000000000003,0.9289000000000001], [7.225900000000001,23.6941], [18.740900000000003,47.619099999999996], 2.0","ai_adoption_rate, ai_maturity_score, ai_failure_rate, task_automation_rate, ai_adoption_stage",2.0,0.5549289573066435,0.8888888888888888,1,225.02303832634067,4995,3767,0.3333333333333333,0.0004406495312240031,96,108
"[2.493649999999999,52.035650000000004], 1.0, 1.0, 0.0, 0.0, 0.0, 0.0, 0.0, 0.0","ai_adoption_rate, ai_adoption_stage, industry_Consulting, industry_Education, industry_Finance, industry_Healthcare, industry_Logistics, industry_Manufacturing, industry_Retail",1,0.038660462936795,0.5217391304347826,2,196.61134605962008,4953,3769,0.6,0.009949812600462533,24,46
"[0.037599999999999995,0.37639999999999996], [8.506699999999999,36.146950000000004], 0.0, 0.0, 0.0, 0.0","ai_maturity_score, task_automation_rate, industry_Agriculture, industry_Healthcare, industry_Retail, industry_Technology",1.0,0.01343047923578227,0.4222972972972973,1,136.3144976948732,4962,3769,0.4,0.0049643674711322095,125,296
"[-0.018600000000000005,0.2586], [31.3606,42.339400000000005], [-0.8143499999999992,22.3249], 1.0, 0.0, 0.0, 0.0, 0.0, 0.0","ai_maturity_score, ai_failure_rate, task_automation_rate, ai_adoption_stage, industry_Agriculture, industry_Consulting, industry_Education, industry_Healthcare, industry_Manufacturing",0.0,0.3339332546436929,0.803030303030303,1,308.889649610438,4934,3777,0.6,0.0005742427945555333,53,66
"[-8.646900000000002,47.1269], [-0.018600000000000005,0.2586], [31.3606,41.581649999999996], [-0.8143499999999992,25.574350000000003], 0.0, 0.0, 0.0, 0.0, 0.0, 0.0","ai_adoption_rate, ai_maturity_score, ai_failure_rate, task_automation_rate, industry_Agriculture, industry_Consulting, industry_Education, industry_Manufacturing, industry_Retail, industry_Technology",0.0,0.3276800000000001,0.8,1,258.9221531236444,4934,3777,0.6666666666666666,0.0004813504789479775,48,60
"[2.493649999999999,52.035650000000004], 1.0, 0.0, 1.0, 0.0, 0.0, 0.0, 0.0, 0.0, 0.0","ai_adoption_rate, ai_adoption_stage, industry_Agriculture, industry_Consulting, industry_Education, industry_Finance, industry_Healthcare, industry_Logistics, industry_Manufacturing, industry_Retail",1,0.03488001083845618,0.5111111111111111,1,196.61067612871022,4953,3785,0.6666666666666666,0.000365510026774909,23,45
"[-10.9538,14.7427], 0.0, 0.0, 0.0, 1.0, 0.0","task_automation_rate, ai_adoption_stage, industry_Consulting, industry_Education, industry_Retail, industry_Technology",0.0,0.620921323059155,0.9090909090909091,1,235.302528,4914,3788,0.4,0.000437440300816527,10,11
"[26.784899999999997,51.0951], [-10.9538,14.7427], 0.0, 0.0, 0.0, 0.0, 0.0, 1.0","ai_failure_rate, task_automation_rate, ai_adoption_stage, industry_Education, industry_Healthcare, industry_Logistics, industry_Manufacturing, industry_Retail",0.0,1.0,1.0,1,239.30022400000001,4914,3788,0.5333333333333333,0.0004448722368678602,10,10
"[41.773799999999994,80.9662], [0.32235,0.69965], [15.70035,49.059650000000005], 2.0, 0.0, 0.0, 0.0, 0.0","ai_adoption_rate, ai_maturity_score, task_automation_rate, ai_adoption_stage, industry_Agriculture, industry_Consulting, industry_Finance, industry_Healthcare",2.0,0.18689982165678118,0.7150259067357513,1,231.93956632160734,4995,3805,0.5333333333333333,0.00041814689949123355,138,193
"2.0, 0.0, 0.0, 0.0, 0.0, 0.0","ai_adoption_stage, industry_Agriculture, industry_Consulting, industry_Finance, industry_Healthcare, industry_Logistics",2.0,0.04854813178322139,0.5460526315789473,1,167.97355574406689,4995,3805,0.4,0.0003122720498519518,166,304
"[15.708749999999998,34.551249999999996], [-0.018600000000000005,0.2586], [31.3606,42.339400000000005], [-0.7609000000000012,32.4609], [-2.489065571178026,25.574350000000003], 1.0, 0.0, 0.0, 0.0, 0.0, 0.0","ai_adoption_rate, ai_maturity_score, ai_failure_rate, ai_training_hours, task_automation_rate, ai_adoption_stage, industry_Agriculture, industry_Consulting, industry_Healthcare, industry_Logistics, industry_Manufacturing",0.0,0.22397642588184608,0.7413793103448276,1,262.9557915520206,4934,3807,0.7333333333333333,0.0004888492339443284,43,58
"[52.424749015196056,80.9662], [28.5228,62.5172], 0.0, 0.0, 1.0, 0.0","ai_adoption_rate, ai_training_hours, industry_Consulting, industry_Finance, industry_Healthcare, industry_Manufacturing",2.0,1.0,1.0,1,210.43750757829835,4980,3810,0.4,0.00039121486454293857,19,19
"[28.5228,62.5172], 2.0, 0.0, 0.0, 1.0, 0.0","ai_training_hours, ai_adoption_stage, industry_Consulting, industry_Education, industry_Healthcare, industry_Manufacturing",2.0,0.24432505180968345,0.7543859649122807,1,165.6240582577996,4980,3810,0.4,0.00030790420520575897,43,57
"[2.578599999999998,35.7414], [2.270999999999999,25.448999999999998], [8.506699999999999,35.393299999999996], 1.0, 1.0, 0.0, 0.0, 0.0, 0.0, 0.0, 0.0","ai_adoption_rate, ai_training_hours, task_automation_rate, ai_adoption_stage, industry_Consulting, industry_Finance, industry_Healthcare, industry_Logistics, industry_Manufacturing, industry_Retail, industry_Technology",1.0,0.3066820026178275,0.7894736842105263,2,206.20324682694655,4953,3824,0.7333333333333333,0.0007666862832967444,15,19
"[-0.019600000000000006,0.2586], [-27.8136,27.8136], 0.0, 0.0, 0.0, 0.0, 0.0","ai_maturity_score, ai_training_hours, industry_Agriculture, industry_Consulting, industry_Education, industry_Logistics, industry_Technology",0.0,0.29309850141950916,0.7823529411764706,3,188.91163525102462,4985,3826,0.4666666666666667,0.001053591262971262,133,170
"[26.784899999999997,41.581649999999996], [10.232099999999999,35.727900000000005], 0.0, 0.0, 0.0","ai_failure_rate, ai_training_hours, industry_Agriculture, industry_Healthcare, industry_Technology",0.0,0.033162708796808486,0.5059760956175299,1,202.51182267114683,4934,3826,0.3333333333333333,0.000376480581747807,127,251
"[0.38050594775420726,0.69965], [22.362450000000003,34.51755], 0.0, 0.0","ai_maturity_score, ai_failure_rate, industry_Education, industry_Retail",2.0,0.06148087282919928,0.572463768115942,1,172.74182935850314,4964,3832,0.26666666666666666,0.00032113653193807076,79,138
"[30.83395,59.27935000000001], [21.86665,32.45335], [12.27045,26.709549999999997], 2.0, 0.0, 0.0, 0.0, 0.0, 0.0, 0.0","ai_adoption_rate, ai_failure_rate, task_automation_rate, ai_adoption_stage, industry_Education, industry_Healthcare, industry_Logistics, industry_Manufacturing, industry_Retail, industry_Technology",1.0,0.09161328319999999,0.62,1,168.10617644611312,4993,3845,0.6666666666666666,0.0003125185990084386,31,50
"[31.3606,42.339400000000005], [-0.7609000000000012,32.4609], 1.0, 0.0, 0.0, 0.0, 0.0, 0.0, 0.0, 0.0","ai_failure_rate, ai_training_hours, ai_adoption_stage, industry_Agriculture, industry_Consulting, industry_Education, industry_Healthcare, industry_Logistics, industry_Manufacturing, industry_Retail",0.0,0.0852316508323596,0.6111111111111112,1,299.22079744024165,4934,3847,0.6666666666666666,0.0005562678682433042,33,54
"[-9.96865,11.888649999999998], [16.606499999999997,44.0535], 0.0, 0.0, 0.0, 0.0, 0.0","ai_adoption_rate, ai_failure_rate, ai_adoption_stage, industry_Consulting, industry_Healthcare, industry_Logistics, industry_Retail",0.0,0.4182119423999999,0.84,2,189.74324165851132,4985,3850,0.4666666666666667,0.0007054861791285317,21,25
"[-0.08034999999999999,0.2586], [-0.8143499999999992,22.3249], 0.0, 0.0, 0.0, 1.0, 0.0, 0.0, 0.0, 0.0","ai_maturity_score, task_automation_rate, industry_Agriculture, industry_Consulting, industry_Education, industry_Finance, industry_Healthcare, industry_Logistics, industry_Manufacturing, industry_Technology",0.0,0.3276800000000001,0.8,1,346.54638281704854,4934,3852,0.6666666666666666,0.0006442487262455976,24,30
"[21.195149999999998,43.54485], [22.35583127417042,35.572100000000006], [1.7241,22.6359], 0.0, 0.0, 1.0, 0.0, 0.0, 0.0","ai_failure_rate, ai_training_hours, task_automation_rate, industry_Agriculture, industry_Consulting, industry_Education, industry_Finance, industry_Manufacturing, industry_Technology",1.0,0.06504222973314074,0.5789473684210527,1,182.2425083501609,4853,3853,0.6,0.0003387988150907279,11,19
"[0.12118475595502043,0.7958500000000001], [38.5295,57.5183], 2.0, 0.0, 0.0","ai_maturity_score, ai_training_hours, ai_adoption_stage, industry_Finance, industry_Healthcare",2.0,0.2876303994929155,0.7794117647058824,1,226.9917281189709,4995,3856,0.3333333333333333,0.0004066490213652026,106,136
"[30.83395,59.27935000000001], [21.86665,32.45335], [7.8767499999999995,26.709549999999997], 2.0, 0.0, 0.0, 0.0","ai_adoption_rate, ai_failure_rate, task_automation_rate, ai_adoption_stage, industry_Healthcare, industry_Logistics, industry_Manufacturing",1.0,0.03398961265408045,0.5084745762711864,1,181.69135542643068,4993,3867,0.4666666666666667,0.00033777419158667247,60,118
"[0.17285000000000003,0.62715], [26.784899999999997,41.581649999999996], [-0.7609000000000012,33.869800000000005], [-0.8143499999999992,22.3249], 0.0, 0.0","ai_maturity_score, ai_failure_rate, ai_training_hours, task_automation_rate, industry_Education, industry_Manufacturing",0.0,0.04433667972469779,0.5362318840579711,1,188.46146667233563,4976,3870,0.4,0.00037846049497483136,111,207
"[-0.019600000000000006,0.2586], [9.5386,36.2014], 1.0, 0.0, 0.0, 0.0, 0.0","ai_maturity_score, ai_failure_rate, ai_adoption_stage, industry_Agriculture, industry_Consulting, industry_Education, industry_Logistics",0.0,0.2495343537242618,0.7575757575757576,1,203.50495222002476,4972,3874,0.4666666666666667,0.0003783268640308896,75,99
"[-27.8136,27.8136], [-0.8143499999999992,22.3249], 0.0, 0.0, 0.0, 0.0, 0.0","ai_training_hours, task_automation_rate, industry_Agriculture, industry_Consulting, industry_Education, industry_Manufacturing, industry_Technology",0.0,0.08637722109126246,0.6127450980392157,1,190.2349305797215,4972,3874,0.4666666666666667,0.0003536571662273195,125,204
"[0.06274999999999997,0.56325], [0.46860000000000035,32.36065], [-4.490900571927861,25.30325], 2.0, 0.0, 0.0, 0.0, 0.0, 1.0","ai_maturity_score, ai_failure_rate, task_automation_rate, ai_adoption_stage, industry_Agriculture, industry_Consulting, industry_Finance, industry_Manufacturing, industry_Retail",1.0,0.14387251916983998,0.6785714285714286,1,176.48799665316557,4992,3880,0.6,0.00032810086233526126,19,28
"[-0.08034999999999999,0.2586], [-0.8143499999999992,22.3249], 0.0, 0.0, 1.0, 0.0, 0.0, 0.0","ai_maturity_score, task_automation_rate, industry_Agriculture, industry_Consulting, industry_Finance, industry_Logistics, industry_Manufacturing, industry_Technology",0.0,0.2994492622121735,0.7857142857142857,1,346.433234916119,4934,3881,0.5333333333333333,0.0006440383780940494,22,28
"[-0.018600000000000005,0.2586], [31.3606,42.339400000000005], [-0.8143499999999992,22.3249], 0.0, 0.0, 0.0, 1.0, 0.0, 0.0","ai_maturity_score, ai_failure_rate, task_automation_rate, industry_Agriculture, industry_Consulting, industry_Education, industry_Finance, industry_Healthcare, industry_Manufacturing",0.0,0.44370531249999995,0.85,1,359.3507851241128,4934,3881,0.6,0.0006680528121795065,17,20
"[49.29065,87.72935000000001], [0.12118475595502043,0.7958500000000001], [38.5295,57.5183], 2.0, 0.0, 0.0","ai_adoption_rate, ai_maturity_score, ai_training_hours, ai_adoption_stage, industry_Finance, industry_Healthcare",2.0,0.31792832049740294,0.7951807228915663,1,242.89434181201864,4995,3888,0.4,0.0004515538989401838,66,83
"[0.32235,0.69965], [12.2485,24.011499999999998], [15.70035,49.059650000000005], 0.0, 0.0, 0.0, 0.0, 1.0","ai_maturity_score, ai_failure_rate, task_automation_rate, industry_Agriculture, industry_Education, industry_Healthcare, industry_Logistics, industry_Technology",2.0,0.2805030468350874,0.7755102040816326,2,280.60968843253215,4947,3896,0.5333333333333333,0.0010433375923607484,38,49
"[30.83395,59.27935000000001], [0.037599999999999995,0.37639999999999996], 2.0, 0.0, 0.0, 0.0","ai_adoption_rate, ai_maturity_score, ai_adoption_stage, industry_Logistics, industry_Manufacturing, industry_Retail",1.0,0.01350489341602471,0.42276422764227645,1,125.08975352310688,4962,3898,0.4,0.0045304773054538365,52,123
"[21.195149999999998,43.54485], [1.7241,22.6359], 0.0, 1.0, 0.0","ai_failure_rate, task_automation_rate, industry_Agriculture, industry_Education, industry_Manufacturing",1.0,0.028510535420456874,0.4909090909090909,1,159.31840099178575,4962,3899,0.3333333333333333,0.0002961816426190493,27,55
"[-0.019600000000000006,0.2586], [9.5386,42.339400000000005], [-3.783200000000001,45.6632], [-0.8143499999999992,22.3249], 1.0, 0.0, 0.0, 0.0, 0.0","ai_maturity_score, ai_failure_rate, ai_training_hours, task_automation_rate, ai_adoption_stage, industry_Agriculture, industry_Consulting, industry_Education, industry_Healthcare",0.0,0.20458142776139396,0.7280701754385965,1,222.75273680034346,4972,3901,0.6,0.00041410955089121233,83,114
"[31.3606,36.2014], 1.0, 0.0, 0.0, 0.0, 0.0","ai_failure_rate, ai_adoption_stage, industry_Agriculture, industry_Consulting, industry_Education, industry_Logistics",0.0,0.07277707679309771,0.5921052631578947,1,227.10593063659502,4881,3901,0.4,0.00042220237691151984,45,76
"[43.3075,80.9925], [0.13119999999999998,0.6548], [13.1843,26.515700000000002], 2.0, 0.0, 0.0, 0.0","ai_adoption_rate, ai_maturity_score, ai_failure_rate, ai_adoption_stage, industry_Agriculture, industry_Consulting, industry_Manufacturing",2.0,0.13354720262734612,0.6685393258426966,2,197.52720445631445,4980,3907,0.4666666666666667,0.0007002083793743979,119,178
"[43.3075,80.9925], [0.4918,0.6548], [13.1843,26.515700000000002], [18.740900000000003,44.5044], 2.0, 0.0, 0.0","ai_adoption_rate, ai_maturity_score, ai_failure_rate, task_automation_rate, ai_adoption_stage, industry_Consulting, industry_Manufacturing",2.0,0.4746498542121722,0.8615384615384616,1,221.78094193091405,4908,3908,0.4666666666666667,0.00043311548752637444,56,65
"[-9.96865,11.888649999999998], [16.606499999999997,44.0535], 0.0, 0.0, 0.0, 0.0","ai_adoption_rate, ai_failure_rate, industry_Consulting, industry_Healthcare, industry_Logistics, industry_Retail",0.0,0.48894551440329226,0.8666666666666667,1,198.8373856569154,4985,3909,0.4,0.0003696496018747952,26,30
"[-9.883600000000003,32.323600000000006], [-0.018600000000000005,0.2481], [26.784899999999997,51.0951], [-8.9622,8.9622], 0.0, 0.0, 0.0","ai_adoption_rate, ai_maturity_score, ai_failure_rate, task_automation_rate, industry_Consulting, industry_Healthcare, industry_Logistics",0.0,0.5011991798150075,0.8709677419354839,2,240.5952809490306,4985,3911,0.4666666666666667,0.0008945596374840544,54,62
"[20.84065,59.27935000000001], [8.573499999999996,51.066500000000005], [12.27045,26.709549999999997], 2.0, 1.0, 0.0, 0.0, 0.0, 0.0, 0.0, 0.0","ai_adoption_rate, ai_training_hours, task_automation_rate, ai_adoption_stage, industry_Consulting, industry_Education, industry_Finance, industry_Healthcare, industry_Logistics, industry_Manufacturing, industry_Technology",1.0,0.013233719653374115,0.42105263157894735,1,146.5682922321019,4939,3913,0.7333333333333333,0.0002724784913665496,8,19
"[11.81805,47.24195], [8.506699999999999,35.393299999999996], 0.0, 0.0, 0.0, 0.0, 0.0, 0.0","ai_adoption_rate, task_automation_rate, industry_Education, industry_Finance, industry_Healthcare, industry_Logistics, industry_Manufacturing, industry_Retail",1.0,0.024734784854979146,0.47715736040609136,1,146.6385762569947,4953,3913,0.5333333333333333,0.0029166766966548115,94,197
"[26.784899999999997,51.0951], 0.0, 0.0, 0.0, 0.0, 1.0","ai_failure_rate, ai_adoption_stage, industry_Consulting, industry_Education, industry_Healthcare, industry_Retail",0.0,1.0,1.0,1,236.1504,4914,3914,0.4,0.00043901654135200443,8,8
"0.0, 0.0, 0.0, 1.0","ai_adoption_stage, industry_Consulting, industry_Education, industry_Retail",0.0,0.5549289573066435,0.8888888888888888,1,230.10880000000003,4914,3914,0.26666666666666666,0.0004277848757006557,8,9
"[-0.019600000000000006,0.2586], [9.5386,41.581649999999996], [-0.8143499999999992,22.3249], 1.0, 0.0, 0.0, 0.0, 0.0, 0.0","ai_maturity_score, ai_failure_rate, task_automation_rate, ai_adoption_stage, industry_Agriculture, industry_Consulting, industry_Education, industry_Healthcare, industry_Technology",0.0,0.2089920763607051,0.7311827956989247,1,225.7387933778498,4972,3934,0.6,0.0004196607937895442,68,93
"[30.83395,56.00635], [21.195149999999998,32.45335], [12.27045,26.709549999999997], 0.0, 0.0, 0.0, 0.0, 0.0, 0.0","ai_adoption_rate, ai_failure_rate, task_automation_rate, industry_Education, industry_Healthcare, industry_Logistics, industry_Manufacturing, industry_Retail, industry_Technology",1.0,0.08729029141895421,0.6140350877192983,2,168.39580346479283,4993,3939,0.6,0.0006261140630319088,35,57
"[52.424749015196056,80.9662], [18.740900000000003,44.5044], 2.0, 1.0, 0.0, 0.0","ai_adoption_rate, task_automation_rate, ai_adoption_stage, industry_Agriculture, industry_Consulting, industry_Manufacturing",2.0,0.3540925979614258,0.8125,1,170.031430115328,4941,3941,0.4,0.00031609775113811513,13,16
"[0.32235,0.69965], [12.2485,24.011499999999998], [15.70035,49.059650000000005], 0.0, 0.0, 0.0, 0.0, 1.0","ai_maturity_score, ai_failure_rate, task_automation_rate, industry_Agriculture, industry_Education, industry_Healthcare, industry_Retail, industry_Technology",2.0,0.26364723082896674,0.7659574468085106,1,280.61014509146855,4947,3947,0.5333333333333333,0.0005216696451343748,36,47
"[26.784899999999997,51.0951], [-8.9622,8.9622], 0.0, 0.0, 0.0, 0.0, 0.0","ai_failure_rate, task_automation_rate, industry_Consulting, industry_Education, industry_Healthcare, industry_Logistics, industry_Technology",0.0,0.2581086210919234,0.7627118644067796,1,240.8861505343536,4985,3951,0.4666666666666667,0.0004478205612490608,45,59
"[-9.96865,32.323600000000006], [-0.018600000000000005,0.2481], [12.95835,51.0951], [3.5794999999999995,30.620500000000003], [-9.581199999999999,18.3012], 1.0, 0.0, 0.0","ai_adoption_rate, ai_maturity_score, ai_failure_rate, ai_training_hours, task_automation_rate, ai_adoption_stage, industry_Logistics, industry_Manufacturing",0.0,0.2567458542283846,0.7619047619047619,1,224.6381221709856,4983,3951,0.5333333333333333,0.00041761458566792655,80,105
"[2.578599999999998,35.7414], [2.270999999999999,25.448999999999998], [8.506699999999999,35.393299999999996], 1.0, 1.0, 0.0, 0.0, 0.0, 0.0, 0.0","ai_adoption_rate, ai_training_hours, task_automation_rate, ai_adoption_stage, industry_Consulting, industry_Healthcare, industry_Logistics, industry_Manufacturing, industry_Retail, industry_Technology",1.0,0.26150027784488145,0.7647058823529411,2,206.068556652544,4953,3953,0.6666666666666666,0.0007661854904586183,13,17
"[0.13119999999999998,0.7382], [10.99355,30.206450000000004], [3.0404999999999944,53.2595], 2.0, 0.0, 0.0, 0.0","ai_maturity_score, ai_failure_rate, ai_training_hours, ai_adoption_stage, industry_Agriculture, industry_Consulting, industry_Manufacturing",2.0,0.03828069709177136,0.5207100591715976,1,186.93263570260123,4988,3969,0.4666666666666667,0.00031932937063007484,176,338
"[18.403799999999997,57.5962], [0.13119999999999998,0.7382], [10.99355,30.206450000000004], 2.0, 0.0, 0.0, 0.0","ai_adoption_rate, ai_maturity_score, ai_failure_rate, ai_adoption_stage, industry_Agriculture, industry_Consulting, industry_Manufacturing",2.0,0.024285151350668766,0.47540983606557374,1,185.1405416467532,4988,3969,0.4666666666666667,0.003529839064721527,145,305
"[3.732149999999997,49.70785], [-0.019600000000000006,0.2586], [-27.8136,27.8136], 0.0, 0.0, 0.0, 0.0, 0.0","ai_adoption_rate, ai_maturity_score, ai_training_hours, industry_Agriculture, industry_Consulting, industry_Education, industry_Logistics, industry_Technology",0.0,0.24622492641704344,0.7555555555555555,1,183.8160139107576,4972,3972,0.5333333333333333,0.00034172404820069215,102,135
"[0.32615000000000005,0.69965], [7.318599999999998,33.9814], [37.6606,65.5705], [15.70035,49.059650000000005], 0.0, 1.0, 0.0, 0.0","ai_maturity_score, ai_failure_rate, ai_training_hours, task_automation_rate, industry_Agriculture, industry_Education, industry_Healthcare, industry_Manufacturing",2.0,0.534824985896467,0.8823529411764706,1,223.95823095726078,4973,3973,0.5333333333333333,0.00041635063062425487,15,17
"[0.32235,0.7958500000000001], [13.103050000000001,36.23695], [38.5295,57.5183], 0.0, 0.0, 0.0, 0.0, 0.0","ai_maturity_score, ai_failure_rate, ai_training_hours, industry_Agriculture, industry_Consulting, industry_Finance, industry_Retail, industry_Technology",2.0,0.43375716751999094,0.8461538461538461,1,203.47817378109826,4980,3973,0.5333333333333333,0.0003520077879589429,55,65
"[13.103050000000001,36.23695], [38.5295,46.3464], 2.0, 0.0, 0.0, 0.0, 1.0, 0.0, 0.0","ai_failure_rate, ai_training_hours, ai_adoption_stage, industry_Agriculture, industry_Consulting, industry_Finance, industry_Healthcare, industry_Manufacturing, industry_Technology",2.0,0.3276800000000001,0.8,1,183.61651795968,4980,3980,0.6,0.0003413531742895922,12,15
"[52.424749015196056,80.9662], [0.29674999999999996,0.7958500000000001], [24.7136,57.5183], 0.0, 0.0, 0.0","ai_adoption_rate, ai_maturity_score, ai_training_hours, industry_Consulting, industry_Finance, industry_Retail",2.0,0.6312239960601349,0.9120879120879121,2,240.57162042010253,4995,3980,0.4,0.0008944716650429612,83,91
"[-7.750450000000004,35.21045000000001], [-0.08205000000000001,0.32605], 1.0, 0.0, 0.0, 0.0","ai_adoption_rate, ai_maturity_score, ai_adoption_stage, industry_Agriculture, industry_Logistics, industry_Technology",0.0,0.09136097466920001,0.6196581196581197,2,194.50101711910895,4983,3983,0.4,0.0007231761100136033,145,234
"[-9.96865,18.25495], [-0.2695,0.2695], [12.95835,51.0951], 1.0, 0.0, 0.0, 0.0","ai_adoption_rate, ai_maturity_score, ai_failure_rate, ai_adoption_stage, industry_Healthcare, industry_Logistics, industry_Technology",0.0,0.4182119423999999,0.84,1,244.87235755820765,4983,3983,0.4666666666666667,0.00045523113866381633,42,50
"[30.83395,59.27935000000001], [11.579349999999998,32.36065], [7.8767499999999995,25.30325], 2.0, 0.0, 0.0, 0.0, 0.0, 0.0","ai_adoption_rate, ai_failure_rate, task_automation_rate, ai_adoption_stage, industry_Consulting, industry_Education, industry_Healthcare, industry_Manufacturing, industry_Technology",1.0,0.06531900477872332,0.5794392523364486,1,165.89167393309776,4993,3986,0.6,0.0003084017174190814,62,107
"[0.452985105772686,0.69965], 2.0, 0.0, 0.0, 0.0","ai_maturity_score, ai_adoption_stage, industry_Agriculture, industry_Finance, industry_Technology",2.0,0.3540925979614258,0.8125,1,195.89846583072605,4995,3988,0.3333333333333333,0.00033439392213005433,91,112
"[32.229549999999996,75.19045], [0.32235,0.69965], [38.5295,65.5705], [15.70035,49.059650000000005], 2.0, 0.0, 0.0","ai_adoption_rate, ai_maturity_score, ai_training_hours, task_automation_rate, ai_adoption_stage, industry_Agriculture, industry_Finance",2.0,0.48894551440329226,0.8666666666666667,2,228.31011459047664,4995,3988,0.4666666666666667,0.0008194254245693278,104,120
"[-7.750450000000004,35.21045000000001], [-0.08205000000000001,0.32605], 1.0, 0.0, 0.0, 0.0, 0.0","ai_adoption_rate, ai_maturity_score, ai_adoption_stage, industry_Agriculture, industry_Healthcare, industry_Logistics, industry_Technology",0.0,0.09434637647606854,0.6236559139784946,2,197.7267585353286,4983,3990,0.4666666666666667,0.0007351697703236826,116,186
"[0.21175,0.40425], [8.506699999999999,35.393299999999996], 1.0, 0.0, 0.0, 0.0, 0.0","ai_maturity_score, task_automation_rate, ai_adoption_stage, industry_Finance, industry_Logistics, industry_Retail, industry_Technology",1,0.04220501262331711,0.5309734513274337,1,142.6968481771084,4953,4001,0.4666666666666667,0.0002721118262447093,60,113
"[0.4918,0.6548], [13.1843,26.515700000000002], [18.740900000000003,44.5044], 2.0, 0.0, 0.0, 0.0","ai_maturity_score, ai_failure_rate, task_automation_rate, ai_adoption_stage, industry_Consulting, industry_Manufacturing, industry_Retail",2.0,0.4501606643905961,0.8524590163934426,1,229.50599658296977,4947,4007,0.4666666666666667,0.00045106711271471157,52,61
"[43.3075,80.9925], [28.5228,62.5172], [18.740900000000003,44.5044], 2.0, 0.0","ai_adoption_rate, ai_training_hours, task_automation_rate, ai_adoption_stage, industry_Consulting",2.0,0.21348443304808698,0.7342995169082126,1,211.33960224250262,4995,4007,0.3333333333333333,0.00039022607218156495,152,207
"[-0.13865,0.4737], [1.7241,37.956500000000005], 0.0, 1.0, 0.0, 0.0, 0.0","ai_maturity_score, task_automation_rate, industry_Agriculture, industry_Consulting, industry_Finance, industry_Healthcare, industry_Manufacturing",1.0,0.02884733658986194,0.49206349206349204,1,173.32104611113786,4953,4008,0.4666666666666667,0.0003222133276387549,31,63
"[-9.96865,32.323600000000006], [0.047899999999999984,0.2481], [26.784899999999997,51.0951], 0.0, 1.0, 0.0, 0.0, 0.0","ai_adoption_rate, ai_maturity_score, ai_failure_rate, industry_Consulting, industry_Education, industry_Healthcare, industry_Logistics, industry_Technology",0.0,0.22059995870325735,0.7391304347826086,1,185.69677472815323,4909,4009,0.5333333333333333,0.0003452204856793642,17,23
"[-8.9622,8.9622], 0.0, 0.0, 0.0, 0.0, 0.0","task_automation_rate, industry_Agriculture, industry_Consulting, industry_Finance, industry_Healthcare, industry_Logistics",0.0,0.1765140646801405,0.7068965517241379,1,191.56431467202722,4985,4009,0.4,0.00035612856414293787,41,58
"[31.3606,36.2014], 1.0, 0.0, 0.0, 0.0","ai_failure_rate, ai_adoption_stage, industry_Agriculture, industry_Logistics, industry_Technology",0.0,0.06999054168701173,0.5875,1,220.8801102222624,4881,4016,0.3333333333333333,0.0004106282354094135,47,80
"[0.32615000000000005,0.7958500000000001], [6.314719958204833,12.2485], [8.6556,44.5044], 0.0, 0.0, 1.0, 0.0","ai_maturity_score, ai_failure_rate, task_automation_rate, industry_Consulting, industry_Finance, industry_Healthcare, industry_Manufacturing",2.0,0.46266436603796024,0.8571428571428571,2,156.848,4677,4019,0.4666666666666667,0.0005831780634543003,6,7
"[16.919850000000004,38.475459515334386], [28.5228,62.5172], 0.0, 0.0, 1.0, 0.0, 0.0","ai_failure_rate, ai_training_hours, industry_Consulting, industry_Finance, industry_Healthcare, industry_Manufacturing, industry_Retail",2.0,0.1134276198236865,0.6470588235294118,1,153.50348092128291,4971,4021,0.4666666666666667,0.00028537138738513686,22,34
"[-9.96865,18.25495], [-0.2695,0.2695], [26.784899999999997,51.0951], [-11.2027,11.2027], 0.0, 0.0, 0.0","ai_adoption_rate, ai_maturity_score, ai_failure_rate, ai_training_hours, industry_Education, industry_Logistics, industry_Manufacturing",0.0,0.5821262541771084,0.8974358974358975,1,236.13811665089534,4914,4038,0.4666666666666667,0.00043899370593254234,35,39
"[0.32235,0.69965], [38.5295,65.5705], [15.70035,49.059650000000005], 2.0, 0.0, 0.0, 0.0, 0.0, 0.0, 1.0","ai_maturity_score, ai_training_hours, task_automation_rate, ai_adoption_stage, industry_Agriculture, industry_Finance, industry_Healthcare, industry_Manufacturing, industry_Retail, industry_Technology",2.0,0.5417169694823225,0.8846153846153846,1,302.63193848502294,4947,4041,0.6666666666666666,0.0005626093664730076,23,26
"[12.2485,24.011499999999998], 0.0, 0.0, 0.0, 0.0, 0.0","ai_failure_rate, industry_Agriculture, industry_Consulting, industry_Education, industry_Healthcare, industry_Logistics",2.0,0.042580499692325975,0.5319148936170213,1,163.01231185818128,4988,4041,0.4,0.0002965478556563536,100,188
"[0.03755,0.36165], 1.0, 0.0, 0.0, 0.0, 0.0, 0.0","ai_maturity_score, industry_Agriculture, industry_Consulting, industry_Education, industry_Finance, industry_Healthcare, industry_Technology",0.0,0.05292214940134466,0.5555555555555556,1,133.05400850005614,4951,4054,0.4666666666666667,0.00024970361666814633,30,54
"[0.13835,0.32245], [-0.8143499999999992,25.574350000000003], 0.0, 0.0, 0.0","ai_maturity_score, task_automation_rate, industry_Consulting, industry_Retail, industry_Technology",0.0,0.05481372527783159,0.5594713656387665,1,170.37952432150774,4934,4054,0.3333333333333333,0.0003364413421818084,127,227
"[52.424749015196056,80.9662], [28.5228,65.5705], [20.7667,47.6533], 2.0, 0.0, 0.0, 1.0, 0.0, 0.0","ai_adoption_rate, ai_training_hours, task_automation_rate, ai_adoption_stage, industry_Consulting, industry_Healthcare, industry_Manufacturing, industry_Retail, industry_Technology",1,4.018775720164608e-06,0.08333333333333333,2,231.21195776,4138,4061,0.6,0.0008596714129217731,1,12
"[-0.018600000000000005,0.32245], [-0.8143499999999992,25.574350000000003], 1.0, 0.0, 0.0, 0.0, 0.0, 0.0","ai_maturity_score, task_automation_rate, ai_adoption_stage, industry_Agriculture, industry_Consulting, industry_Education, industry_Healthcare, industry_Logistics",0.0,0.10840266322422945,0.6412213740458015,1,197.94268552359762,4976,4073,0.5333333333333333,0.0003679863052719678,84,131
"[0.13835,0.2586], [31.3606,42.339400000000005], 0.0, 0.0, 0.0, 0.0, 0.0","ai_maturity_score, ai_failure_rate, industry_Consulting, industry_Education, industry_Manufacturing, industry_Retail, industry_Technology",0.0,0.13746212943750738,0.6724137931034483,1,237.12502147941933,4934,4073,0.4666666666666667,0.0004408284161191954,39,58
"[0.32615000000000005,0.7958500000000001], [7.318599999999998,33.9814], [37.6606,57.5183], [5.224649999999999,21.65535], 1.0, 0.0, 0.0, 0.0, 0.0","ai_maturity_score, ai_failure_rate, ai_training_hours, task_automation_rate, industry_Education, industry_Finance, industry_Manufacturing, industry_Retail, industry_Technology",2.0,0.03125,0.5,1,182.0,4683,4074,0.6,0.00033834797877143046,2,4
"[11.81805,47.24195], [16.4654,36.854600000000005], 1.0, 0.0, 1.0, 0.0, 0.0, 0.0, 0.0","ai_adoption_rate, ai_failure_rate, ai_adoption_stage, industry_Agriculture, industry_Consulting, industry_Finance, industry_Healthcare, industry_Manufacturing, industry_Retail",1.0,0.037022548078608386,0.5172413793103449,1,191.31068425740273,4953,4080,0.6,0.0003556570512959974,15,29
"[0.32235,0.69965], [15.70035,49.059650000000005], 2.0, 0.0, 0.0, 0.0","ai_maturity_score, task_automation_rate, ai_adoption_stage, industry_Agriculture, industry_Finance, industry_Retail",2.0,0.14323194797439662,0.6779661016949152,2,196.94520011757112,4995,4083,0.4,0.0006736526853351743,160,236
"[32.229549999999996,75.19045], [38.5295,65.5705], [15.70035,49.059650000000005], 2.0, 0.0, 0.0, 0.0","ai_adoption_rate, ai_training_hours, task_automation_rate, ai_adoption_stage, industry_Agriculture, industry_Finance, industry_Healthcare",2.0,0.4847341225002062,0.8651685393258427,2,231.17102520252837,4995,4083,0.4666666666666667,0.00083272189878682,77,89
"[20.84065,59.27935000000001], [21.86665,32.45335], 2.0, 0.0, 0.0, 0.0, 0.0, 0.0, 0.0","ai_adoption_rate, ai_failure_rate, ai_adoption_stage, industry_Education, industry_Healthcare, industry_Logistics, industry_Manufacturing, industry_Retail, industry_Technology",1.0,0.036280637324889,0.5151515151515151,1,159.27960079652092,4993,4086,0.6,0.0002961095109286988,34,66
"[0.03345000000000001,0.36455000000000004], [21.195149999999998,43.54485], [1.7241,22.6359], 0.0, 1.0, 0.0, 0.0","ai_maturity_score, ai_failure_rate, task_automation_rate, industry_Agriculture, industry_Education, industry_Manufacturing, industry_Retail",1.0,0.01734152991583261,0.4444444444444444,1,176.19597655689577,4962,4092,0.4666666666666667,0.004969606030267686,16,36
"[-9.883600000000003,32.323600000000006], [-0.018600000000000005,0.2481], [26.784899999999997,51.0951], [-8.9622,8.9622], 0.0, 0.0, 0.0, 0.0, 1.0","ai_adoption_rate, ai_maturity_score, ai_failure_rate, task_automation_rate, industry_Consulting, industry_Healthcare, industry_Logistics, industry_Manufacturing, industry_Retail",0.0,1.0,1.0,1,280.144,4914,4094,0.6,0.0005208030558513385,7,7
"[0.40175,0.69965], 2.0, 0.0, 0.0, 0.0, 0.0, 0.0","ai_maturity_score, ai_adoption_stage, industry_Agriculture, industry_Consulting, industry_Education, industry_Finance, industry_Healthcare",2.0,0.14539335680000004,0.68,1,210.83563891553004,4995,4102,0.4666666666666667,0.0003691052018127634,85,125
"2.0, 0.0, 0.0, 1.0, 0.0","ai_adoption_stage, industry_Agriculture, industry_Finance, industry_Logistics, industry_Technology",2.0,0.08648873310982921,0.6129032258064516,1,228.03811016941643,4724,4102,0.3333333333333333,0.0004090806233692613,19,31
"[32.229549999999996,71.16311898290242], [38.5295,65.5705], [15.70035,44.5044], 2.0, 0.0","ai_adoption_rate, ai_training_hours, task_automation_rate, ai_adoption_stage, industry_Finance",2.0,0.3617851975925759,0.816,1,227.18873316923114,4995,4104,0.3333333333333333,0.000407106825352588,102,125
"[18.740900000000003,49.059650000000005], 0.0, 0.0, 0.0","task_automation_rate, industry_Agriculture, industry_Healthcare, industry_Logistics",2.0,0.028573072214619424,0.4911242603550296,1,165.68860978192976,4995,4104,0.26666666666666666,0.0003027670863781288,166,338
"[-0.2695,0.2695], [31.3606,51.0951], [-0.7609000000000012,32.4609], 1.0, 0.0, 0.0, 0.0, 0.0","ai_maturity_score, ai_failure_rate, ai_training_hours, ai_adoption_stage, industry_Logistics, industry_Manufacturing, industry_Retail, industry_Technology",0.0,0.24309233458977172,0.7536231884057971,1,250.14530377767946,4951,4116,0.5333333333333333,0.0004650338347930951,52,69
"[-9.96865,18.25495], [12.95835,41.581649999999996], [-2.489065571178026,25.574350000000003], 1.0, 0.0, 0.0, 0.0, 0.0","ai_adoption_rate, ai_failure_rate, task_automation_rate, ai_adoption_stage, industry_Agriculture, industry_Consulting, industry_Healthcare, industry_Logistics",0.0,0.4234790289079717,0.8421052631578947,1,239.28200746167792,4983,4116,0.5333333333333333,0.0004448383713243355,32,38
"[21.195149999999998,43.54485], [22.35583127417042,35.572100000000006], [1.7241,22.6359], 0.0, 0.0, 1.0, 0.0, 0.0, 0.0, 0.0","ai_failure_rate, ai_training_hours, task_automation_rate, industry_Agriculture, industry_Consulting, industry_Education, industry_Finance, industry_Healthcare, industry_Manufacturing, industry_Technology",1.0,0.04158799090330928,0.5294117647058824,2,180.96872412938242,4853,4117,0.6666666666666666,0.0006728615607694631,9,17
"[0.40175,0.69965], 0.0, 0.0, 0.0, 0.0","ai_maturity_score, industry_Agriculture, industry_Consulting, industry_Healthcare, industry_Retail",2.0,0.17978499811996382,0.7094972067039106,2,195.28721799855649,4995,4120,0.3333333333333333,0.0006871950742497794,127,179
"[0.32235,0.69965], [38.5295,65.5705], [15.70035,49.059650000000005], 0.0, 0.0, 0.0","ai_maturity_score, ai_training_hours, task_automation_rate, industry_Consulting, industry_Finance, industry_Technology",2.0,0.30554782485732185,0.7888888888888889,1,210.4938003825835,4995,4120,0.4,0.00036831083109374786,71,90
"[15.10435,52.035650000000004], [21.195149999999998,43.54485], 1.0, 0.0, 0.0, 0.0, 0.0, 0.0","ai_adoption_rate, ai_failure_rate, ai_adoption_stage, industry_Education, industry_Finance, industry_Logistics, industry_Retail, industry_Technology",1.0,0.02438662120096358,0.47580645161290325,1,160.9083435436008,4953,4130,0.5333333333333333,0.0032577178900564203,59,124
"[0.21175,0.40425], [8.506699999999999,35.393299999999996], 0.0, 0.0, 0.0, 0.0","ai_maturity_score, task_automation_rate, industry_Agriculture, industry_Finance, industry_Logistics, industry_Retail",1,0.02128918708279786,0.4630541871921182,1,125.30041660938299,4962,4130,0.4,0.002878769017377544,94,203
"[-0.21134999999999998,0.33535], [26.784899999999997,51.0951], 0.0, 0.0, 0.0, 0.0, 1.0, 0.0","ai_maturity_score, ai_failure_rate, ai_adoption_stage, industry_Consulting, industry_Education, industry_Logistics, industry_Retail, industry_Technology",0.0,1.0,1.0,1,246.64000000000001,4914,4132,0.5333333333333333,0.0004585172828801407,6,6
"[52.424749015196056,80.9662], [0.35910000000000003,0.9289000000000001], [7.225900000000001,23.6941], [18.740900000000003,47.619099999999996], 2.0, 0.0, 0.0","ai_adoption_rate, ai_maturity_score, ai_failure_rate, task_automation_rate, ai_adoption_stage, industry_Education, industry_Retail",2.0,0.49717673529828965,0.8695652173913043,1,226.17466456475694,4995,4133,0.4666666666666667,0.0004433257016228238,60,69
"[30.83395,55.706050000000005], [0.037599999999999995,0.33298958421066815], [21.195149999999998,32.36065], 0.0, 0.0, 0.0, 0.0, 0.0","ai_adoption_rate, ai_maturity_score, ai_failure_rate, industry_Consulting, industry_Finance, industry_Healthcare, industry_Manufacturing, industry_Technology",1.0,0.051122245760098564,0.5517241379310345,1,135.70129472311012,4931,4134,0.5333333333333333,0.0002522761471770906,16,29
"[0.46860000000000035,32.36065], 1.0, 0.0, 0.0, 1.0","ai_failure_rate, ai_adoption_stage, industry_Finance, industry_Healthcare, industry_Retail",1.0,0.0054766078555798245,0.35294117647058826,1,172.93872028106142,4732,4134,0.3333333333333333,0.015445215754148487,12,34
"[0.21175,0.40425], 0.0, 0.0, 0.0, 0.0","ai_maturity_score, industry_Agriculture, industry_Finance, industry_Logistics, industry_Retail",1,0.016366544309594007,0.4393305439330544,1,159.62180483498398,4962,4135,0.3333333333333333,0.004770332046630242,105,239
"[52.424749015196056,80.9662], [28.5228,65.5705], [20.7667,47.6533], 2.0, 0.0, 0.0, 1.0, 0.0, 0.0","ai_adoption_rate, ai_training_hours, task_automation_rate, ai_adoption_stage, industry_Agriculture, industry_Healthcare, industry_Manufacturing, industry_Retail, industry_Technology",1,0.0,0.0,1,230.93932800000002,4138,4138,0.6,0.0004293288727891891,0,10
"[0.474,0.9359999999999999], [25.841699999999996,57.5183], 3.0, 0.0","ai_maturity_score, ai_training_hours, ai_adoption_stage, industry_Retail",2.0,1.0,1.0,1,111.33333333333333,4557,4147,0.26666666666666666,0.00020697477089680908,3,3
"[30.83395,55.706050000000005], [-4.490900571927861,25.30325], 2.0, 0.0, 0.0, 0.0, 0.0, 1.0, 0.0","ai_adoption_rate, task_automation_rate, ai_adoption_stage, industry_Consulting, industry_Finance, industry_Healthcare, industry_Manufacturing, industry_Retail, industry_Technology",1.0,0.20346349914002398,0.7272727272727273,1,176.3038128311186,4992,4152,0.6,0.000327758454511569,16,22
"[-0.018600000000000005,0.2586], [-8.9622,8.9622], 0.0, 0.0, 0.0, 0.0, 0.0","ai_maturity_score, task_automation_rate, industry_Agriculture, industry_Consulting, industry_Finance, industry_Healthcare, industry_Logistics",0.0,0.3392169036785128,0.8055555555555556,1,209.05270055152283,4985,4155,0.4666666666666667,0.0003886404323533893,29,36
"[26.784899999999997,41.581649999999996], [-12.022728475214027,8.9622], 0.0, 0.0, 0.0, 0.0, 0.0, 0.0","ai_failure_rate, task_automation_rate, industry_Agriculture, industry_Consulting, industry_Finance, industry_Healthcare, industry_Logistics, industry_Technology",0.0,0.2373046875,0.75,1,213.27537652842335,4985,4155,0.5333333333333333,0.00039649061851707593,24,32
"[0.474,0.7958500000000001], [25.841699999999996,57.5183], 0.0","ai_maturity_score, ai_training_hours, industry_Retail",2.0,0.3153626223172353,0.7938931297709924,2,219.87782359011393,4995,4156,0.2,0.0008300553369329681,104,131
"[0.32615000000000005,0.9359999999999999], [25.841699999999996,57.5183], 3.0, 0.0","ai_maturity_score, ai_training_hours, ai_adoption_stage, industry_Retail",2.0,1.0,1.0,1,110.0,4557,4156,0.26666666666666666,0.00020449603112558982,2,2
"[20.84065,59.27935000000001], [0.20435,0.42765], [8.573499999999996,51.066500000000005], [12.27045,21.653303093453378], 2.0, 0.0, 0.0, 0.0, 0.0, 0.0","ai_adoption_rate, ai_maturity_score, ai_training_hours, task_automation_rate, ai_adoption_stage, industry_Education, industry_Healthcare, industry_Logistics, industry_Manufacturing, industry_Technology",1.0,0.03125,0.5,1,166.55711255973952,4898,4158,0.6666666666666666,0.0003096388043109533,15,30
"[-0.018600000000000005,0.2586], [-0.7609000000000012,32.4609], [-2.489065571178026,22.3249], 1.0, 0.0, 0.0, 0.0, 0.0, 0.0, 0.0, 0.0","ai_maturity_score, ai_training_hours, task_automation_rate, ai_adoption_stage, industry_Agriculture, industry_Consulting, industry_Education, industry_Logistics, industry_Manufacturing, industry_Retail, industry_Technology",0.0,0.2994492622121735,0.7857142857142857,1,271.7999573187643,4934,4160,0.7333333333333333,0.0005052910230162911,33,42
"[-0.018600000000000005,0.2586], [31.3606,41.581649999999996], [-0.7609000000000012,32.4609], [-0.8143499999999992,25.574350000000003], 1.0, 0.0, 0.0, 0.0, 0.0","ai_maturity_score, ai_failure_rate, ai_training_hours, task_automation_rate, ai_adoption_stage, industry_Agriculture, industry_Consulting, industry_Logistics, industry_Retail",0.0,0.2994492622121735,0.7857142857142857,1,241.70674043425373,4934,4160,0.6,0.0004493460828646183,55,70
"[-9.96865,18.25495], [26.784899999999997,41.581649999999996], [-12.022728475214027,25.574350000000003], 0.0, 0.0, 0.0, 0.0, 0.0, 0.0, 0.0","ai_adoption_rate, ai_failure_rate, task_automation_rate, industry_Agriculture, industry_Consulting, industry_Education, industry_Finance, industry_Healthcare, industry_Logistics, industry_Technology",0.0,0.8153726975999999,0.96,1,217.08028376790935,4985,4164,0.6666666666666666,0.00040356414969231147,24,25
"[12.95835,41.581649999999996], [-2.489065571178026,8.9622], 1.0, 0.0, 0.0, 0.0","ai_failure_rate, task_automation_rate, ai_adoption_stage, industry_Consulting, industry_Healthcare, industry_Logistics",0.0,0.0902778354682678,0.6181818181818182,1,219.83616594833177,4976,4164,0.4,0.00040868748576636715,34,55
"[11.81805,47.24195], [16.4654,45.9272], [8.506699999999999,35.393299999999996], 1.0, 0.0, 0.0, 0.0","ai_adoption_rate, ai_failure_rate, task_automation_rate, industry_Consulting, industry_Finance, industry_Retail, industry_Technology",1.0,0.06327006860516261,0.5757575757575758,1,151.95713552015516,4953,4166,0.4666666666666667,0.00028249664650077384,19,33
"[11.81805,47.24195], 1.0, 0.0, 1.0, 0.0, 0.0, 0.0, 0.0, 0.0, 0.0","ai_adoption_rate, ai_adoption_stage, industry_Agriculture, industry_Consulting, industry_Education, industry_Finance, industry_Healthcare, industry_Logistics, industry_Manufacturing, industry_Retail",1.0,0.021573797840929377,0.4642857142857143,1,196.4882089261455,4953,4166,0.6666666666666666,0.004454749343327574,13,28
"[52.424749015196056,80.9662], [28.5228,62.5172], 2.0, 0.0, 1.0","ai_adoption_rate, ai_training_hours, ai_adoption_stage, industry_Finance, industry_Healthcare",2.0,1.0,1.0,2,209.69659135999999,4980,4167,0.3333333333333333,0.0007796749213397208,13,13
"[16.919850000000004,38.475459515334386], [28.5228,62.5172], 2.0, 1.0, 0.0, 0.0","ai_failure_rate, ai_training_hours, ai_adoption_stage, industry_Healthcare, industry_Manufacturing, industry_Retail",2.0,0.2535525376,0.76,3,154.89189808322092,4971,4167,0.4,0.0008638575930416737,19,25
"[-9.96865,11.888649999999998], [-0.8143499999999992,10.9538], 0.0, 0.0, 0.0, 0.0","ai_adoption_rate, task_automation_rate, industry_Education, industry_Healthcare, industry_Logistics, industry_Technology",0.0,0.5277319168,0.88,1,234.01718011640008,4985,4171,0.4,0.0004350507686273283,22,25
"[-9.96865,11.888649999999998], [26.784899999999997,51.0951], [-10.9538,8.9622], 0.0, 0.0, 0.0, 0.0, 0.0","ai_adoption_rate, ai_failure_rate, task_automation_rate, industry_Education, industry_Finance, industry_Healthcare, industry_Logistics, industry_Technology",0.0,0.7835261664684589,0.9523809523809523,1,227.93095664323002,4985,4171,0.5333333333333333,0.0004237361454927221,20,21
"[38.5295,65.5705], [15.70035,49.059650000000005], 2.0, 0.0, 0.0, 0.0, 0.0","ai_training_hours, task_automation_rate, ai_adoption_stage, industry_Agriculture, industry_Finance, industry_Healthcare, industry_Retail",2.0,0.5500611895322172,0.8873239436619719,1,242.56601078411092,4995,4186,0.4666666666666667,0.00044284082809985264,63,71
"[26.784899999999997,69.18625883823633], 0.0, 0.0, 0.0, 1.0, 0.0","ai_failure_rate, industry_Education, industry_Healthcare, industry_Manufacturing, industry_Retail, industry_Technology",0.0,0.11878715787945013,0.6530612244897959,1,189.3448087328178,4972,4187,0.4,0.000352002380909956,32,49
"[-39.08217316881411,18.25495], [-11.2027,11.2027], 1.0, 0.0, 0.0, 0.0, 1.0, 0.0","ai_adoption_rate, ai_training_hours, ai_adoption_stage, industry_Education, industry_Healthcare, industry_Logistics, industry_Retail, industry_Technology",1,0.0,0.0,1,270.6666666666667,4187,4187,0.5333333333333333,0.000503184173557512,0,3
"[0.03755,0.36165], [12.95835,41.581649999999996], [-0.8143499999999992,25.574350000000003], 0.0, 0.0","ai_maturity_score, ai_failure_rate, task_automation_rate, industry_Consulting, industry_Technology",0.0,0.054093688557208496,0.5579937304075235,1,166.70571403810357,4985,4190,0.3333333333333333,0.0003279040737492569,178,319
"[0.40175,0.69965], [6.5359,23.0041], [38.5295,65.5705], 2.0, 0.0, 0.0, 0.0","ai_maturity_score, ai_failure_rate, ai_training_hours, ai_adoption_stage, industry_Agriculture, industry_Finance, industry_Manufacturing",2.0,0.407911661774615,0.835820895522388,1,235.34379998626395,4980,4200,0.4666666666666667,0.00042605772078039715,56,67
"[0.40175,0.69965], [38.5295,65.5705], 2.0, 0.0, 0.0, 0.0","ai_maturity_score, ai_training_hours, ai_adoption_stage, industry_Agriculture, industry_Finance, industry_Manufacturing",2.0,0.401877572016461,0.8333333333333334,1,233.60231247352246,4980,4200,0.4,0.00042201081981891523,70,84
"[3.7512000000000008,39.928799999999995], [31.3606,46.2736], 1.0, 0.0, 0.0, 0.0","ai_adoption_rate, ai_failure_rate, ai_adoption_stage, industry_Agriculture, industry_Consulting, industry_Education",0.0,0.09298733298789365,0.6218487394957983,1,219.67802791720322,4934,4203,0.4,0.00040839349849604165,74,119
"[30.83395,52.035650000000004], [0.06274999999999997,0.56325], [19.8673,42.2727], [-4.490900571927861,25.30325], 2.0, 0.0, 0.0, 0.0, 0.0, 0.0, 1.0","ai_adoption_rate, ai_maturity_score, ai_training_hours, task_automation_rate, ai_adoption_stage, industry_Consulting, industry_Education, industry_Finance, industry_Healthcare, industry_Manufacturing, industry_Retail",1.0,0.2373046875,0.75,1,180.97726004428802,4992,4210,0.7333333333333333,0.00033644664911855167,12,16
"[24.181776244718293,55.706050000000005], [0.46860000000000035,27.1314], 2.0, 0.0, 0.0, 0.0, 0.0, 0.0, 1.0, 0.0","ai_adoption_rate, ai_failure_rate, ai_adoption_stage, industry_Agriculture, industry_Consulting, industry_Finance, industry_Healthcare, industry_Manufacturing, industry_Retail, industry_Technology",1.0,0.049594799370753236,0.5483870967741935,1,163.3736862045056,4992,4210,0.6666666666666666,0.00030372064017435385,17,31
"[-0.019600000000000006,0.2586], [-27.8136,27.8136], 0.0, 0.0, 0.0, 0.0, 0.0, 0.0","ai_maturity_score, ai_training_hours, industry_Agriculture, industry_Consulting, industry_Education, industry_Finance, industry_Logistics, industry_Technology",0.0,0.2373046875,0.75,1,171.29913907233407,4985,4220,0.5333333333333333,0.00031845449159566155,66,88
"[-9.96865,18.25495], [-0.2695,0.135272893103937], [26.784899999999997,51.0951], 1.0, 0.0, 0.0, 0.0, 0.0","ai_adoption_rate, ai_maturity_score, ai_failure_rate, industry_Agriculture, industry_Consulting, industry_Healthcare, industry_Logistics, industry_Technology",0.0,1.0,1.0,1,187.0,4771,4232,0.5333333333333333,0.0003476432529135027,2,2
"[24.181776244718293,55.706050000000005], [7.8767499999999995,25.30325], 2.0, 0.0, 0.0, 0.0, 0.0, 0.0, 0.0, 1.0","ai_adoption_rate, task_automation_rate, ai_adoption_stage, industry_Agriculture, industry_Consulting, industry_Education, industry_Finance, industry_Healthcare, industry_Manufacturing, industry_Retail",1.0,0.16806999999999994,0.7,1,176.40373644785092,4992,4234,0.6666666666666666,0.0003279442179937279,14,20
"[30.83395,52.035650000000004], [0.06274999999999997,0.56325], [0.46860000000000035,27.1314], [-4.490900571927861,25.30325], 2.0, 0.0, 0.0, 0.0, 0.0, 1.0, 0.0","ai_adoption_rate, ai_maturity_score, ai_failure_rate, task_automation_rate, ai_adoption_stage, industry_Consulting, industry_Finance, industry_Healthcare, industry_Manufacturing, industry_Retail, industry_Technology",1.0,0.17525145137855438,0.7058823529411765,1,179.53541710970882,4992,4234,0.7333333333333333,0.00033376618404920696,12,17
"[53.67143157880178,80.9662], [12.2485,24.011499999999998], [8.6556,44.5044], 0.0, 0.0, 0.0, 0.0, 1.0","ai_adoption_rate, ai_failure_rate, task_automation_rate, industry_Agriculture, industry_Education, industry_Healthcare, industry_Retail, industry_Technology",2.0,1.0,1.0,1,322.313420288,4924,4236,0.5333333333333333,0.0005991983202491833,14,14
"[-0.018600000000000005,0.31235], [17.9264,30.473599999999998], [-0.8143499999999992,22.3249], 0.0, 0.0, 0.0, 0.0, 0.0","ai_maturity_score, ai_failure_rate, task_automation_rate, industry_Agriculture, industry_Consulting, industry_Manufacturing, industry_Retail, industry_Technology",0.0,0.028188749379596083,0.4897959183673469,1,159.7538138796065,4983,4242,0.5333333333333333,0.0002969910990505063,24,49
"[-0.018600000000000005,0.31235], [8.992799999999995,42.9872], [-0.8143499999999992,22.3249], 0.0, 0.0, 0.0, 0.0","ai_maturity_score, ai_training_hours, task_automation_rate, industry_Agriculture, industry_Consulting, industry_Education, industry_Technology",0.0,0.08613643731319175,0.6124031007751938,2,197.9269987867548,4972,4242,0.4666666666666667,0.0007359142855361962,79,129
"[26.23875,36.04125], [8.992799999999995,42.9872], [-0.8143499999999992,22.3249], 0.0, 0.0, 0.0, 0.0","ai_failure_rate, ai_training_hours, task_automation_rate, industry_Agriculture, industry_Consulting, industry_Education, industry_Technology",0.0,0.06563567679999997,0.58,1,193.84573592213354,4972,4246,0.4666666666666667,0.00036036985133359534,58,100
"[0.20435,0.33298958421066815], [21.86665,32.36065], [12.27045,26.709549999999997], 0.0, 0.0, 0.0","ai_maturity_score, ai_failure_rate, task_automation_rate, industry_Education, industry_Logistics, industry_Technology",1.0,0.03408911379396854,0.5087719298245614,1,172.89004176495513,4953,4251,0.4,0.00032141206692791626,29,57
"[-7.750450000000004,35.21045000000001], [-0.08205000000000001,0.03750220107055685], 1.0, 0.0, 0.0, 0.0, 0.0","ai_adoption_rate, ai_maturity_score, ai_adoption_stage, industry_Agriculture, industry_Healthcare, industry_Logistics, industry_Technology",0.0,0.010823731447036737,0.6410256410256411,1,171.96938128142526,4256,4256,0.4666666666666667,0.0003197005086106797,0,0
"[22.35583127417042,35.572100000000006], 0.0, 0.0, 0.0","ai_training_hours, industry_Healthcare, industry_Logistics, industry_Technology",1,0.018056844144684416,0.44805194805194803,1,178.71932674774817,4993,4257,0.26666666666666666,0.0048410888523513825,69,154
"[21.195149999999998,43.54485], [22.35583127417042,35.572100000000006], 0.0, 1.0, 0.0, 0.0, 0.0, 0.0","ai_failure_rate, ai_training_hours, industry_Consulting, industry_Education, industry_Healthcare, industry_Logistics, industry_Retail, industry_Technology",1,0.01734152991583261,0.4444444444444444,1,158.5696850632704,4853,4263,0.5333333333333333,0.000294789738657032,8,18
"[11.81805,47.24195], [-12.504700000000005,40.804700000000004], [8.506699999999999,35.393299999999996], 2.0, 0.0, 0.0, 0.0","ai_adoption_rate, ai_training_hours, task_automation_rate, ai_adoption_stage, industry_Finance, industry_Healthcare, industry_Manufacturing",1.0,0.032562843612755486,0.5041322314049587,1,154.36123525319348,4992,4267,0.4666666666666667,0.0002869659997174686,61,121
"[0.40175,0.69965], [38.5295,65.5705], [15.70035,49.059650000000005], 2.0, 0.0, 0.0, 0.0, 0.0","ai_maturity_score, ai_training_hours, task_automation_rate, ai_adoption_stage, industry_Agriculture, industry_Consulting, industry_Finance, industry_Manufacturing",2.0,0.5549289573066435,0.8888888888888888,1,252.92142756118454,4980,4268,0.5333333333333333,0.0004669049375494311,56,63
"[-9.883600000000003,11.888649999999998], [-0.018600000000000005,0.2481], [26.784899999999997,51.0951], [-8.9622,8.9622], 0.0, 0.0, 0.0","ai_adoption_rate, ai_maturity_score, ai_failure_rate, task_automation_rate, industry_Consulting, industry_Healthcare, industry_Technology",0.0,0.792470436383506,0.9545454545454546,1,207.02728190640102,4985,4272,0.4666666666666667,0.00038487506804161495,21,22
"[-28.070861192752268,32.323600000000006], [0.047899999999999984,0.2481], [26.784899999999997,51.0951], 0.0, 0.0, 0.0, 0.0, 0.0","ai_adoption_rate, ai_maturity_score, ai_failure_rate, industry_Agriculture, industry_Consulting, industry_Healthcare, industry_Logistics, industry_Technology",0.0,0.37190058068567605,0.8205128205128205,2,219.82926489624597,4985,4272,0.5333333333333333,0.0008173493126643318,64,78
"[-28.070861192752268,32.323600000000006], [0.047899999999999984,0.2481], [26.784899999999997,51.0951], 0.0, 0.0, 0.0, 0.0, 0.0","ai_adoption_rate, ai_maturity_score, ai_failure_rate, industry_Agriculture, industry_Consulting, industry_Education, industry_Logistics, industry_Technology",0.0,0.36910854692087514,0.8192771084337349,1,210.77025947783628,4985,4275,0.5333333333333333,0.0003918334685684387,68,83
"[20.84065,59.27935000000001], [21.86665,32.45335], 2.0, 0.0, 1.0, 0.0, 0.0, 0.0, 0.0, 0.0","ai_adoption_rate, ai_failure_rate, ai_adoption_stage, industry_Agriculture, industry_Consulting, industry_Education, industry_Healthcare, industry_Logistics, industry_Manufacturing, industry_Technology",1.0,0.03125,0.5,1,139.16569088,4939,4281,0.6666666666666666,0.0002587166495800972,6,12
"[-28.070861192752268,32.323600000000006], [0.047899999999999984,0.2481], [28.370584285938946,51.0951], 0.0, 0.0, 0.0, 0.0, 0.0","ai_adoption_rate, ai_maturity_score, ai_failure_rate, industry_Agriculture, industry_Consulting, industry_Education, industry_Logistics, industry_Technology",0.0,0.3540925979614258,0.8125,1,210.83576950241687,4985,4286,0.5333333333333333,0.00039195525529594474,65,80
"[-9.7636,45.863600000000005], [-0.8143499999999992,25.574350000000003], 1.0, 0.0, 0.0, 0.0, 0.0","ai_training_hours, task_automation_rate, ai_adoption_stage, industry_Agriculture, industry_Consulting, industry_Education, industry_Manufacturing",0.0,0.06693506692530402,0.5822784810126582,1,172.84819706301863,4976,4290,0.4666666666666667,0.00032133427533273767,92,158
"[14.2501,54.9499], [0.46860000000000035,32.36065], [7.8767499999999995,25.30325], 0.0, 0.0, 0.0, 0.0, 0.0, 0.0, 0.0, 1.0","ai_adoption_rate, ai_failure_rate, task_automation_rate, industry_Agriculture, industry_Consulting, industry_Education, industry_Finance, industry_Healthcare, industry_Logistics, industry_Manufacturing, industry_Retail",1.0,0.02448519270213934,0.47619047619047616,1,178.36539894380553,4992,4293,0.7333333333333333,0.003563038102401198,20,42
"[24.181776244718293,55.706050000000005], [0.06274999999999997,0.56325], [0.46860000000000035,27.1314], 1.0, 0.0, 0.0, 0.0, 1.0","ai_adoption_rate, ai_maturity_score, ai_failure_rate, ai_adoption_stage, industry_Consulting, industry_Healthcare, industry_Manufacturing, industry_Retail",1.0,0.03125,0.5,1,134.871296,4732,4293,0.5333333333333333,0.0002507331340433149,5,10
"[53.67143157880178,80.9662], [12.2485,24.011499999999998], [8.6556,44.5044], 0.0, 0.0, 0.0, 1.0","ai_adoption_rate, ai_failure_rate, task_automation_rate, industry_Agriculture, industry_Education, industry_Healthcare, industry_Technology",2.0,1.0,1.0,2,319.32707584,4924,4304,0.4666666666666667,0.0011872930843676406,12,12
"[2.578599999999998,35.7414], [14.242799999999999,39.337199999999996], [8.506699999999999,35.393299999999996], 1.0, 1.0, 0.0, 0.0, 0.0, 0.0, 0.0","ai_adoption_rate, ai_failure_rate, task_automation_rate, ai_adoption_stage, industry_Consulting, industry_Finance, industry_Healthcare, industry_Logistics, industry_Retail, industry_Technology",1.0,0.10979242280002384,0.6428571428571429,2,178.2900119552,4953,4305,0.6666666666666666,0.0006629018151667702,9,14
"[22.35583127417042,35.572100000000006], [1.7241,22.6359], 1.0, 0.0, 0.0, 1.0, 0.0, 0.0, 0.0","ai_training_hours, task_automation_rate, ai_adoption_stage, industry_Agriculture, industry_Consulting, industry_Education, industry_Finance, industry_Manufacturing, industry_Technology",1.0,0.06092699470458736,0.5714285714285714,2,174.07999999999998,4853,4309,0.6,0.0006472485290607759,4,7
"[-8.646900000000002,47.1269], [-0.018600000000000005,0.2586], [31.3606,41.581649999999996], [-0.8143499999999992,25.574350000000003], 0.0, 0.0, 0.0, 0.0, 0.0","ai_adoption_rate, ai_maturity_score, ai_failure_rate, task_automation_rate, industry_Agriculture, industry_Consulting, industry_Education, industry_Retail, industry_Technology",0.0,0.26150027784488145,0.7647058823529411,1,223.94615338434127,4985,4315,0.6,0.00041632817775400335,39,51
"[-28.070861192752268,32.323600000000006], [0.047899999999999984,0.2481], 0.0, 0.0, 0.0, 0.0, 0.0","ai_adoption_rate, ai_maturity_score, industry_Agriculture, industry_Consulting, industry_Education, industry_Logistics, industry_Technology",0.0,0.3276800000000001,0.8,1,210.78389543174217,4985,4318,0.4666666666666667,0.00039185881855438744,68,85
"[30.83395,59.27935000000001], [0.22824999999999998,0.65175], 2.0, 0.0, 0.0, 0.0","ai_adoption_rate, ai_maturity_score, ai_adoption_stage, industry_Education, industry_Healthcare, industry_Manufacturing",1.0,0.014700844299999998,0.43,1,190.75605323936742,4993,4319,0.4,0.005623952194150728,86,200
"[0.32235,0.69965], [15.70035,49.059650000000005], 2.0, 0.0, 0.0, 0.0, 0.0","ai_maturity_score, task_automation_rate, ai_adoption_stage, industry_Consulting, industry_Finance, industry_Healthcare, industry_Logistics",2.0,0.09840436844326676,0.6289308176100629,1,185.80835457245263,4995,4323,0.4666666666666667,0.0003454279187276628,100,159
"[15.70035,49.059650000000005], 2.0, 0.0, 0.0, 0.0, 0.0","task_automation_rate, ai_adoption_stage, industry_Agriculture, industry_Education, industry_Healthcare, industry_Technology",2.0,0.045476481667522196,0.538961038961039,1,185.62129060834482,4995,4323,0.4,0.00031552021058445766,83,154
"[0.20435,0.42765], [12.01245,24.16755], [9.941599999999998,62.47840000000001], [12.27045,26.709549999999997], 0.0, 0.0, 0.0, 0.0, 0.0","ai_maturity_score, ai_failure_rate, ai_training_hours, task_automation_rate, industry_Education, industry_Healthcare, industry_Logistics, industry_Manufacturing, industry_Retail",1.0,0.04378213161539298,0.5348837209302325,1,173.6466765855975,4993,4324,0.6,0.000322818692544578,23,43
"[-10.386100000000003,25.448999999999998], [8.506699999999999,35.393299999999996], 1.0, 1.0, 0.0, 0.0, 0.0, 0.0, 0.0","ai_training_hours, task_automation_rate, ai_adoption_stage, industry_Consulting, industry_Finance, industry_Healthcare, industry_Logistics, industry_Retail, industry_Technology",1.0,0.3276800000000001,0.8,1,205.62265599999998,4953,4329,0.6,0.00038226379146820405,8,10
"[2.578599999999998,47.24195], [2.270999999999999,25.9261], [8.506699999999999,35.393299999999996], 1.0, 1.0, 0.0, 0.0, 0.0, 0.0","ai_adoption_rate, ai_training_hours, task_automation_rate, ai_adoption_stage, industry_Consulting, industry_Finance, industry_Healthcare, industry_Retail, industry_Technology",1.0,0.3276800000000001,0.8,1,205.62265599999998,4953,4329,0.6,0.00038226379146820405,8,10
"2.0, 0.0, 0.0, 0.0, 0.0, 0.0","ai_adoption_stage, industry_Agriculture, industry_Consulting, industry_Finance, industry_Healthcare, industry_Retail",2.0,0.07113204535995196,0.5894039735099338,1,192.71837131906517,4995,4334,0.4,0.00032700395955915753,89,151
"[3.7512000000000008,39.928799999999995], [0.3252,0.5408], [-0.8143499999999992,22.3249], 0.0, 0.0, 1.0, 0.0","ai_adoption_rate, ai_maturity_score, task_automation_rate, industry_Agriculture, industry_Healthcare, industry_Logistics, industry_Manufacturing",0.0,0.004115226337448558,0.3333333333333333,1,119.6,4736,4336,0.4666666666666667,0.00022234295747836856,2,6
"[3.7512000000000008,39.928799999999995], [0.24434999999999998,0.62165], [-0.8143499999999992,22.3249], 0.0, 0.0, 1.0, 0.0","ai_adoption_rate, ai_maturity_score, task_automation_rate, industry_Agriculture, industry_Healthcare, industry_Logistics, industry_Manufacturing",0.0,0.013233719653374115,0.42105263157894735,1,144.75608940678347,4736,4336,0.4666666666666667,0.0002691095069540751,8,19
"[21.86665,34.50375], [12.27045,26.709549999999997], 0.0, 0.0, 0.0, 0.0, 0.0","ai_failure_rate, task_automation_rate, industry_Education, industry_Healthcare, industry_Logistics, industry_Manufacturing, industry_Technology",1.0,0.048282842081079885,0.5454545454545454,1,181.71885381618728,4993,4338,0.4666666666666667,0.0003378253126009231,42,77
"[-0.018600000000000005,0.2586], [-0.7609000000000012,32.4609], [-0.8143499999999992,22.3249], 2.0, 0.0, 0.0, 0.0, 0.0, 0.0","ai_maturity_score, ai_training_hours, task_automation_rate, ai_adoption_stage, industry_Agriculture, industry_Consulting, industry_Education, industry_Logistics, industry_Manufacturing",0.0,0.03125,0.5,1,138.5,4349,4349,0.6,0.00025747909373540173,1,2
"[-28.070861192752268,32.323600000000006], [0.047899999999999984,0.2481], [13.940100000000001,57.5183], 0.0, 0.0, 0.0, 0.0","ai_adoption_rate, ai_maturity_score, ai_training_hours, industry_Agriculture, industry_Education, industry_Finance, industry_Manufacturing",0,0.14854939011853155,0.6829268292682927,2,183.6906171491616,4788,4351,0.4666666666666667,0.0006829818574911592,28,41
"[27.277100000000004,52.9029], [0.40175,0.69965], [5.638349999999999,34.26165], [38.5295,65.5705], [15.70035,49.059650000000005], 0.0, 0.0, 0.0, 0.0","ai_adoption_rate, ai_maturity_score, ai_failure_rate, ai_training_hours, task_automation_rate, industry_Agriculture, industry_Finance, industry_Healthcare, industry_Manufacturing",2.0,0.2693290743429045,0.7692307692307693,1,190.37058390927533,4973,4354,0.6,0.00032154812765883186,20,26
"[38.5295,65.5705], 2.0, 0.0, 0.0, 0.0","ai_training_hours, ai_adoption_stage, industry_Agriculture, industry_Consulting, industry_Finance",2.0,0.3559121861004116,0.8133333333333334,1,237.72546674801737,4995,4354,0.3333333333333333,0.000431592282146787,61,75
"[31.3606,41.581649999999996], [-0.7609000000000012,32.4609], [-0.8143499999999992,25.574350000000003], 1.0, 0.0, 0.0, 1.0, 0.0, 0.0, 0.0, 0.0","ai_failure_rate, ai_training_hours, task_automation_rate, ai_adoption_stage, industry_Agriculture, industry_Consulting, industry_Education, industry_Healthcare, industry_Logistics, industry_Manufacturing, industry_Retail",0.0,0.15359020233154297,0.6875,1,208.757555777536,4787,4357,0.7333333333333333,0.0003880917420362278,11,16
"[-13.918074961768507,59.27935000000001], [21.86665,32.45335], [12.27045,26.709549999999997], 2.0, 0.0, 0.0, 0.0, 0.0, 0.0, 0.0","ai_adoption_rate, ai_failure_rate, task_automation_rate, ai_adoption_stage, industry_Education, industry_Finance, industry_Logistics, industry_Manufacturing, industry_Retail, industry_Technology",1.0,0.01996455762479919,0.45714285714285713,1,151.64689331278964,4939,4367,0.6666666666666666,0.00371524287124748,16,35
"[-9.96865,11.888649999999998], [-0.8143499999999992,22.3249], 1.0, 0.0, 0.0, 0.0, 0.0, 0.0","ai_adoption_rate, task_automation_rate, ai_adoption_stage, industry_Consulting, industry_Education, industry_Logistics, industry_Manufacturing, industry_Technology",0.0,1.0,1.0,2,262.3333333333333,4951,4369,0.5333333333333333,0.0009753840999747829,3,3
"[38.5295,65.5705], [15.70035,49.059650000000005], 0.0, 0.0, 0.0, 0.0","ai_training_hours, task_automation_rate, industry_Agriculture, industry_Finance, industry_Healthcare, industry_Retail",2.0,0.4234790289079717,0.8421052631578947,1,224.63807219369778,4995,4373,0.4,0.000401179552099821,48,57
"[41.773799999999994,80.9662], [0.32235,0.69965], [-16.29970425798558,29.393749999999997], 2.0, 0.0, 0.0, 0.0, 0.0","ai_adoption_rate, ai_maturity_score, ai_failure_rate, ai_adoption_stage, industry_Agriculture, industry_Education, industry_Healthcare, industry_Logistics",2.0,0.11298385033754997,0.646551724137931,1,195.90602927046402,4995,4381,0.5333333333333333,0.0003729868858811096,75,116
"[-28.070861192752268,32.323600000000006], [0.047899999999999984,0.2481], [13.940100000000001,79.5088737549664], 0.0, 0.0, 0.0, 0.0","ai_adoption_rate, ai_maturity_score, ai_training_hours, industry_Agriculture, industry_Education, industry_Finance, industry_Manufacturing",0,0.12324861859319845,0.6578947368421053,1,183.69862667271408,4788,4387,0.4666666666666667,0.00034150581888901316,25,38
"[38.5295,65.5705], 0.0, 0.0, 0.0","ai_training_hours, industry_Agriculture, industry_Healthcare, industry_Retail",2.0,0.3437397318290407,0.8076923076923077,1,210.29990285557102,4995,4391,0.26666666666666666,0.00038720598129816686,63,78
"[-9.96865,11.888649999999998], [-10.9538,8.9622], 0.0, 0.0, 0.0, 0.0, 0.0","ai_adoption_rate, task_automation_rate, industry_Consulting, industry_Education, industry_Healthcare, industry_Logistics, industry_Technology",2,0.0,0.0,1,235.116436348928,4394,4394,0.4666666666666667,0.00043709434623407403,0,16
"[-9.883600000000003,11.888649999999998], [-0.018600000000000005,0.2481], [26.784899999999997,51.0951], [-8.9622,8.9622], 0.0, 0.0","ai_adoption_rate, ai_maturity_score, ai_failure_rate, task_automation_rate, industry_Finance, industry_Technology",0.0,0.6472278485082303,0.9166666666666666,1,206.52563475099637,4985,4394,0.4,0.00038394247847519953,22,24
"[21.195149999999998,43.54485], 0.0, 0.0, 0.0, 0.0, 0.0, 0.0","ai_failure_rate, industry_Agriculture, industry_Education, industry_Healthcare, industry_Logistics, industry_Manufacturing, industry_Retail",1,0.014628757919064579,0.4295774647887324,1,192.67691399146037,4993,4399,0.4666666666666667,0.0064422208950136945,61,142
"[0.40175,0.69965], [5.638349999999999,34.26165], [38.5295,65.5705], [15.70035,49.059650000000005], 0.0, 0.0, 0.0, 0.0","ai_maturity_score, ai_failure_rate, ai_training_hours, task_automation_rate, industry_Agriculture, industry_Consulting, industry_Finance, industry_Manufacturing",2.0,0.44124847849567816,0.8490566037735849,1,231.42032291093236,4980,4403,0.5333333333333333,0.00041694027202906136,45,53
"[27.277100000000004,52.9029], [0.40175,0.69965], [38.5295,65.5705], [15.70035,49.059650000000005], 2.0, 0.0, 0.0, 0.0, 0.0","ai_adoption_rate, ai_maturity_score, ai_training_hours, task_automation_rate, ai_adoption_stage, industry_Agriculture, industry_Finance, industry_Healthcare, industry_Manufacturing",2.0,0.27550608968587587,0.7727272727272727,1,210.07223713305933,4947,4403,0.6,0.00036733119460061046,17,22
"[52.424749015196056,80.9662], [0.35910000000000003,0.9289000000000001], [7.225900000000001,23.6941], [18.740900000000003,47.619099999999996], 2.0, 0.0","ai_adoption_rate, ai_maturity_score, ai_failure_rate, task_automation_rate, ai_adoption_stage, industry_Manufacturing",2.0,0.6032156097702825,0.9038461538461539,1,223.82865519862565,4980,4410,0.4,0.0004378740015733089,47,52
"[52.424749015196056,80.9662], [18.740900000000003,44.5044], 2.0, 0.0","ai_adoption_rate, task_automation_rate, ai_adoption_stage, industry_Consulting",2.0,0.47347381451739246,0.8611111111111112,1,223.80698617597187,4995,4410,0.26666666666666666,0.00043782364669681947,62,72
"[11.81805,47.24195], [16.4654,36.854600000000005], [19.493599999999997,41.126400000000004], 1.0, 1.0, 0.0, 0.0, 0.0, 0.0","ai_adoption_rate, ai_failure_rate, ai_training_hours, ai_adoption_stage, industry_Consulting, industry_Finance, industry_Healthcare, industry_Manufacturing, industry_Retail",1.0,0.0063582343481257495,0.36363636363636365,1,169.7953536,4953,4411,0.6,0.00031565887195241936,4,11
"[-15.488339774721187,39.928799999999995], [-0.8143499999999992,22.3249], 0.0","ai_adoption_rate, task_automation_rate, industry_Agriculture",0.0,0.03957841130100443,0.5241935483870968,1,183.68287130858624,4985,4422,0.2,0.00034147652880325786,130,248
"[21.195149999999998,43.54485], [22.35583127417042,35.572100000000006], 0.0, 0.0, 1.0, 0.0, 0.0, 0.0","ai_failure_rate, ai_training_hours, industry_Agriculture, industry_Consulting, industry_Education, industry_Finance, industry_Retail, industry_Technology",1.0,0.005810451002558458,0.35714285714285715,1,157.9258694656,4853,4423,0.5333333333333333,0.0002935928501615743,5,14
"[33.63245,51.0951], 0.0, 0.0, 0.0, 0.0, 0.0","ai_failure_rate, industry_Consulting, industry_Education, industry_Logistics, industry_Retail, industry_Technology",0.0,0.11235755559348279,0.6458333333333334,1,223.58669800240966,4985,4424,0.4,0.0004600851586040173,31,48
"[0.40175,0.69965], [38.5295,65.5705], [15.70035,49.059650000000005], 2.0, 0.0, 0.0, 0.0, 0.0, 1.0","ai_maturity_score, ai_training_hours, task_automation_rate, ai_adoption_stage, industry_Agriculture, industry_Consulting, industry_Finance, industry_Manufacturing, industry_Retail",2.0,0.010240000000000003,0.4,1,246.6,4888,4425,0.6,0.0004584429206870041,2,5
"[-0.018600000000000005,0.2586], [12.95835,41.581649999999996], [-0.7609000000000012,32.4609], [-0.8143499999999992,22.3249], 1.0, 0.0, 0.0, 0.0, 0.0, 0.0, 0.0, 0.0","ai_maturity_score, ai_failure_rate, ai_training_hours, task_automation_rate, ai_adoption_stage, industry_Agriculture, industry_Education, industry_Healthcare, industry_Logistics, industry_Manufacturing, industry_Retail, industry_Technology",0.0,0.3276800000000001,0.8,1,302.64423410928447,4934,4429,0.8,0.0005626322247126594,20,25
"[-0.018600000000000005,0.2586], [-0.7609000000000012,32.4609], 1.0, 0.0, 0.0, 0.0, 0.0, 0.0, 0.0, 0.0, 0.0","ai_maturity_score, ai_training_hours, ai_adoption_stage, industry_Agriculture, industry_Consulting, industry_Education, industry_Healthcare, industry_Logistics, industry_Manufacturing, industry_Retail, industry_Technology",2,0.0,0.0,1,370.930996224,4429,4429,0.7333333333333333,0.0006895810595388105,0,13
"[38.5295,62.5172], 2.0, 0.0, 0.0, 0.0, 0.0, 0.0","ai_training_hours, ai_adoption_stage, industry_Agriculture, industry_Consulting, industry_Manufacturing, industry_Retail, industry_Technology",2.0,0.36250963708328304,0.8163265306122449,1,205.21745037715897,4980,4437,0.4666666666666667,0.00037244260970413734,40,49
"[0.32235,0.7958500000000001], [13.103050000000001,38.475459515334386], [28.5228,57.5183], 0.0, 1.0, 0.0","ai_maturity_score, ai_failure_rate, ai_training_hours, industry_Finance, industry_Healthcare, industry_Retail",2.0,0.21720617794361205,0.7368421052631579,1,167.6505822059233,4980,4437,0.4,0.0003116716243364159,14,19
"[0.21175,0.40425], [1.5245949093115243,2.270999999999999], [8.506699999999999,35.393299999999996], 1.0, 0.0, 0.0, 0.0, 0.0, 0.0, 0.0","ai_maturity_score, ai_training_hours, task_automation_rate, ai_adoption_stage, industry_Education, industry_Finance, industry_Healthcare, industry_Logistics, industry_Retail, industry_Technology",1.0,0.003702254807860839,0.5172413793103449,1,140.03830814734943,4441,4441,0.6666666666666666,0.000260338892924321,0,0
"[2.270999999999999,25.448999999999998], [8.506699999999999,35.393299999999996], 1.0, 0.0, 0.0, 0.0, 0.0, 1.0, 0.0, 0.0","ai_training_hours, task_automation_rate, ai_adoption_stage, industry_Education, industry_Finance, industry_Healthcare, industry_Logistics, industry_Manufacturing, industry_Retail, industry_Technology",1.0,0.001903968584518355,0.2857142857142857,1,126.5762379776,4858,4441,0.6666666666666666,0.00023531216637479415,4,14
"[0.2492,0.6188], [2.962299999999999,31.9777], [24.046749999999996,41.47325], 0.0, 0.0, 0.0, 0.0, 0.0, 1.0, 0.0","ai_maturity_score, ai_failure_rate, task_automation_rate, industry_Agriculture, industry_Education, industry_Finance, industry_Healthcare, industry_Logistics, industry_Manufacturing, industry_Technology",0.0,4.0386107340619247e-07,0.05263157894736842,1,172.2354763405394,4450,4450,0.6666666666666666,0.00032019519391514306,1,19
"[52.424749015196056,80.9662], [0.29674999999999996,0.7958500000000001], 0.0, 0.0, 0.0","ai_adoption_rate, ai_maturity_score, industry_Consulting, industry_Finance, industry_Retail",2.0,0.6032156097702825,0.9038461538461539,1,243.56619681758815,4995,4453,0.3333333333333333,0.0004528029142322822,47,52
"[20.84065,59.27935000000001], [0.20435,0.42765], [2.3734999999999964,44.8665], [12.27045,26.709549999999997], 2.0, 0.0, 0.0, 0.0, 0.0, 0.0, 0.0, 0.0","ai_adoption_rate, ai_maturity_score, ai_training_hours, task_automation_rate, ai_adoption_stage, industry_Education, industry_Finance, industry_Healthcare, industry_Logistics, industry_Manufacturing, industry_Retail, industry_Technology",1.0,0.06754356352880661,0.5833333333333334,1,140.68681472,4898,4454,0.8,0.00026154450219946555,7,12
"[-9.96865,11.888649999999998], [-0.018600000000000005,0.2481], [26.784899999999997,51.0951], [-10.9538,8.9622], 0.0, 0.0, 0.0, 0.0","ai_adoption_rate, ai_maturity_score, ai_failure_rate, task_automation_rate, industry_Education, industry_Finance, industry_Healthcare, industry_Technology",0.0,0.708245596707819,0.9333333333333333,1,217.54655596544,4985,4457,0.5333333333333333,0.00040443097527248625,14,15
"[-0.16002005861148688,0.2586], [31.3606,42.339400000000005], [-0.7609000000000012,32.4609], 1.0, 0.0, 0.0, 0.0, 0.0, 0.0, 0.0","ai_maturity_score, ai_failure_rate, ai_training_hours, ai_adoption_stage, industry_Agriculture, industry_Consulting, industry_Healthcare, industry_Logistics, industry_Manufacturing, industry_Retail",0.0,0.3882095537407485,0.8275862068965517,1,299.7563681178549,4934,4462,0.6666666666666666,0.0005572635234974783,24,29
"[31.3606,41.581649999999996], [-0.7609000000000012,32.4609], [-2.489065571178026,25.574350000000003], 1.0, 0.0, 0.0, 0.0, 0.0, 0.0, 0.0","ai_failure_rate, ai_training_hours, task_automation_rate, ai_adoption_stage, industry_Agriculture, industry_Consulting, industry_Logistics, industry_Manufacturing, industry_Retail, industry_Technology",0.0,0.21720617794361205,0.7368421052631579,1,271.86704799546516,4934,4462,0.6666666666666666,0.0005054157482627534,28,38
"[-9.96865,11.888649999999998], [-0.8143499999999992,22.3249], 1.0, 0.0, 0.0, 0.0","ai_adoption_rate, task_automation_rate, ai_adoption_stage, industry_Education, industry_Manufacturing, industry_Technology",0.0,1.0,1.0,1,243.0,4951,4469,0.4,0.00045175032330471205,3,3
"[-9.96865,11.888649999999998], 1.0, 0.0, 0.0","ai_adoption_rate, ai_adoption_stage, industry_Consulting, industry_Manufacturing",0.0,1.0,1.0,1,232.0,4951,4469,0.26666666666666666,0.0004313007201921531,4,4
"[38.5295,65.5705], [15.70035,49.059650000000005], 2.0, 0.0, 0.0, 0.0","ai_training_hours, task_automation_rate, ai_adoption_stage, industry_Agriculture, industry_Consulting, industry_Healthcare",2.0,0.3494212571294762,0.8103448275862069,1,221.82143553174438,4995,4470,0.4,0.0004206734202862529,47,58
"[28.5228,62.5172], 2.0, 0.0, 0.0, 0.0, 1.0, 0.0, 0.0, 0.0","ai_training_hours, ai_adoption_stage, industry_Agriculture, industry_Consulting, industry_Finance, industry_Healthcare, industry_Manufacturing, industry_Retail, industry_Technology",2.0,0.2373046875,0.75,1,165.79074068122787,4980,4474,0.6,0.00030821407696984517,18,24
"[52.424749015196056,80.9662], [38.5295,62.5172], 2.0","ai_adoption_rate, ai_training_hours, ai_adoption_stage",2.0,0.438060280309797,0.8478260869565217,1,226.26142773011193,4995,4474,0.2,0.00044352732347467596,39,46
"[0.15424999999999997,0.42374999999999996], [22.35583127417042,35.572100000000006], [1.7241,22.6359], 1.0, 0.0, 0.0, 1.0, 0.0, 0.0, 0.0","ai_maturity_score, ai_training_hours, task_automation_rate, ai_adoption_stage, industry_Agriculture, industry_Consulting, industry_Education, industry_Finance, industry_Manufacturing, industry_Technology",1.0,0.03125,0.5,1,185.25,4853,4477,0.6666666666666666,0.0003443899069637774,2,4
"[-0.018600000000000005,0.31235], [7.899349999999998,28.68065], [-0.8143499999999992,22.3249], 0.0, 0.0, 0.0","ai_maturity_score, ai_failure_rate, task_automation_rate, industry_Agriculture, industry_Manufacturing, industry_Technology",0.0,0.021573797840929377,0.4642857142857143,1,157.7803952149085,4983,4482,0.4,0.003577171962709319,13,28
"[20.84065,59.27935000000001], [0.20435,0.42765], [21.86665,32.45335], [12.27045,26.709549999999997], 2.0, 0.0, 0.0, 0.0, 0.0, 0.0","ai_adoption_rate, ai_maturity_score, ai_failure_rate, task_automation_rate, ai_adoption_stage, industry_Healthcare, industry_Logistics, industry_Manufacturing, industry_Retail, industry_Technology",1.0,0.03125,0.5,1,162.3030012456141,4993,4486,0.6666666666666666,0.0003017301781318159,9,18
"[24.7136,57.5183], 0.0, 0.0, 0.0","ai_training_hours, industry_Consulting, industry_Finance, industry_Retail",2.0,0.050586003172044675,0.550561797752809,1,188.11685206210672,4995,4498,0.26666666666666666,0.0003163108638182941,98,178
"[52.424749015196056,80.9662], [0.29674999999999996,0.7958500000000001], 0.0, 0.0","ai_adoption_rate, ai_maturity_score, industry_Finance, industry_Retail",2.0,0.6032156097702825,0.9038461538461539,1,238.77006549140302,4995,4498,0.26666666666666666,0.00044388664313262794,47,52
"[0.03755,0.32245], 0.0, 0.0, 0.0, 0.0, 0.0","ai_maturity_score, industry_Consulting, industry_Education, industry_Healthcare, industry_Logistics, industry_Technology",0.0,0.09370601882276472,0.6228070175438597,1,178.95452719486906,4985,4500,0.4,0.0003563680928010461,71,114
"[-20.340450000000004,22.620450000000005], 0.0, 0.0, 0.0, 0.0, 0.0","ai_adoption_rate, industry_Education, industry_Healthcare, industry_Logistics, industry_Retail, industry_Technology",0.0,0.19001178639019078,0.717391304347826,1,258.21144962553467,4985,4500,0.4,0.00048002924217824554,33,46
"[0.474,0.7958500000000001], [-0.013749999999999929,29.393749999999997], [25.841699999999996,65.5705], 2.0, 1.0, 0.0","ai_maturity_score, ai_failure_rate, ai_training_hours, ai_adoption_stage, industry_Finance, industry_Healthcare",2.0,0.2373046875,0.75,1,169.56383488,4964,4501,0.4,0.00031177240629032927,9,12
"[0.40175,0.7958500000000001], [38.5295,57.5183], 0.0","ai_maturity_score, ai_training_hours, industry_Retail",2.0,0.24248581709132566,0.7532467532467533,2,208.77446285747956,4995,4501,0.2,0.0007655498482403699,58,77
"[-10.386100000000003,25.448999999999998], [8.506699999999999,35.393299999999996], 1.0, 1.0, 0.0, 0.0, 0.0, 0.0, 0.0, 0.0","ai_training_hours, task_automation_rate, ai_adoption_stage, industry_Consulting, industry_Finance, industry_Healthcare, industry_Logistics, industry_Manufacturing, industry_Retail, industry_Technology",1.0,0.28462802079628785,0.7777777777777778,1,204.90176,4953,4502,0.6666666666666666,0.0003809236062786194,7,9
"[0.047899999999999984,0.2481], [26.784899999999997,51.0951], [-7.068049999999999,22.308049999999998], 0.0, 0.0, 0.0, 0.0, 0.0","ai_maturity_score, ai_failure_rate, task_automation_rate, ai_adoption_stage, industry_Agriculture, industry_Consulting, industry_Healthcare, industry_Technology",0.0,1.0,1.0,1,196.9616384,4985,4506,0.5333333333333333,0.00036616248487994155,12,12
"[-9.883600000000003,11.888649999999998], [-0.018600000000000005,0.2481], [26.784899999999997,51.0951], [-8.9622,8.9622], 0.0, 0.0, 0.0, 0.0, 0.0","ai_adoption_rate, ai_maturity_score, ai_failure_rate, task_automation_rate, industry_Consulting, industry_Education, industry_Healthcare, industry_Logistics, industry_Technology",0.0,1.0,1.0,1,232.42542079999998,4985,4506,0.6,0.000432091600784501,11,11
"[-0.16002005861148688,0.2586], [31.3606,41.581649999999996], [-0.7609000000000012,32.4609], [-0.8143499999999992,25.574350000000003], 1.0, 0.0, 0.0, 0.0, 0.0, 0.0, 0.0","ai_maturity_score, ai_failure_rate, ai_training_hours, task_automation_rate, ai_adoption_stage, industry_Agriculture, industry_Consulting, industry_Healthcare, industry_Logistics, industry_Manufacturing, industry_Retail",0.0,0.43375716751999094,0.8461538461538461,3,299.86102756503146,4934,4511,0.7333333333333333,0.0016723742734442734,22,26
"[52.424749015196056,80.9662], [38.5295,62.5172], 2.0, 1.0","ai_adoption_rate, ai_training_hours, ai_adoption_stage, industry_Healthcare",2.0,1.0,1.0,1,217.66666666666666,4980,4512,0.26666666666666666,0.0004046542676515459,3,3
"[0.40175,0.7958500000000001], [28.5228,57.5183], 2.0, 0.0, 0.0","ai_maturity_score, ai_training_hours, ai_adoption_stage, industry_Manufacturing, industry_Retail",2.0,0.15047109017133767,0.6846846846846847,2,200.44269176927742,4980,4512,0.3333333333333333,0.0007171460380192257,76,111
"[0.06274999999999997,0.56325], [21.195149999999998,29.884971724001623], 2.0, 0.0, 0.0, 0.0","ai_maturity_score, ai_failure_rate, ai_adoption_stage, industry_Agriculture, industry_Education, industry_Manufacturing",1,0.029272806180385812,0.4935064935064935,1,169.09229059506893,4993,4515,0.4,0.0003143518392784227,38,77
"[21.195149999999998,32.36065], [9.72455,45.07545], 2.0, 0.0, 0.0, 0.0, 1.0","ai_failure_rate, task_automation_rate, ai_adoption_stage, industry_Agriculture, industry_Consulting, industry_Manufacturing, industry_Retail",1,0.06092699470458736,0.5714285714285714,1,177.2174685184,4880,4521,0.4666666666666667,0.0003294569905285179,8,14
"[0.40175,0.7958500000000001], [38.5295,57.5183]","ai_maturity_score, ai_training_hours",2.0,0.198493132730532,0.7236842105263158,1,208.7950238041604,4995,4523,0.13333333333333333,0.0003828346490064409,55,76
"[-9.96865,11.888649999999998], [-10.9538,22.3249], 0.0, 0.0, 0.0, 0.0, 0.0","ai_adoption_rate, task_automation_rate, industry_Education, industry_Finance, industry_Healthcare, industry_Manufacturing, industry_Technology",0.0,0.5904900000000001,0.9,1,216.19878400000002,4951,4525,0.4666666666666667,0.00040192539329253344,9,10
"[-9.96865,11.888649999999998], [26.784899999999997,51.0951], [-0.8143499999999992,8.9622], 0.0, 0.0, 0.0","ai_adoption_rate, ai_failure_rate, task_automation_rate, industry_Education, industry_Logistics, industry_Technology",0.0,0.46266436603796024,0.8571428571428571,1,235.42164746240002,4985,4525,0.4,0.0004376617504282599,12,14
"[-0.16002005861148688,0.2695], [-0.7609000000000012,32.4609], [-0.8143499999999992,25.574350000000003], 0.0, 0.0, 0.0","ai_maturity_score, ai_training_hours, task_automation_rate, industry_Consulting, industry_Logistics, industry_Retail",0.0,0.18805694925897654,0.7159090909090909,1,196.2726483196953,4985,4529,0.4,0.0003648816145444214,63,88
"[-9.96865,18.25495], [-0.2695,0.2586], [31.3606,41.581649999999996], 1.0, 0.0, 0.0, 0.0, 0.0, 0.0, 0.0, 0.0","ai_adoption_rate, ai_maturity_score, ai_failure_rate, ai_adoption_stage, industry_Agriculture, industry_Consulting, industry_Education, industry_Healthcare, industry_Logistics, industry_Manufacturing, industry_Technology",0.0,1.0,1.0,1,353.52,4881,4529,0.7333333333333333,0.0006572130629410774,7,7
"[60.15449999999999,82.76549999999999], [25.841699999999996,57.5183], 3.0, 0.0","ai_adoption_rate, ai_training_hours, ai_adoption_stage, industry_Retail",2.0,1.0,1.0,1,126.0,4557,4534,0.26666666666666666,0.00023424090838022107,1,1
"[0.06274999999999997,0.56325], [16.4654,45.9272], 2.0, 0.0, 1.0, 0.0, 0.0","ai_maturity_score, ai_failure_rate, ai_adoption_stage, industry_Agriculture, industry_Consulting, industry_Finance, industry_Manufacturing",1.0,0.01734152991583261,0.4444444444444444,1,132.59967999999998,4939,4539,0.4666666666666667,0.00024651007535021134,4,9
"[52.424749015196056,80.9662], [0.32235,0.69965], 2.0, 0.0, 0.0","ai_adoption_rate, ai_maturity_score, ai_adoption_stage, industry_Consulting, industry_Retail",2.0,0.438060280309797,0.8478260869565217,1,228.37349200530005,4995,4540,0.3333333333333333,0.00044843537758556363,39,46
"[-0.0109108885750556,0.2576], [-27.8136,27.8136], [-8.9622,8.9622], 0.0, 0.0, 0.0","ai_maturity_score, ai_training_hours, task_automation_rate, industry_Agriculture, industry_Education, industry_Technology",0.0,0.670176922268936,0.9230769230769231,1,256.3021302669275,4985,4559,0.4,0.0004764797128056417,24,26
"[30.83395,55.706050000000005], [0.06274999999999997,0.56325], [0.46860000000000035,27.1314], [-4.490900571927861,25.30325], 2.0, 0.0, 0.0, 0.0, 0.0, 1.0","ai_adoption_rate, ai_maturity_score, ai_failure_rate, task_automation_rate, ai_adoption_stage, industry_Consulting, industry_Finance, industry_Healthcare, industry_Manufacturing, industry_Retail",0,0.000541922809869769,0.2222222222222222,1,181.38431999999997,4970,4562,0.6666666666666666,0.0003372033958946722,2,9
"2.0, 0.0, 0.0, 0.0, 0.0, 0.0, 1.0, 0.0","ai_adoption_stage, industry_Agriculture, industry_Consulting, industry_Education, industry_Finance, industry_Manufacturing, industry_Retail, industry_Technology",1.0,0.040386107340619246,0.5263157894736842,1,170.9215438768046,4992,4562,0.5333333333333333,0.00031775252142422636,10,19
"[15.10435,52.035650000000004], [21.195149999999998,32.36065], 1.0, 0.0, 0.0, 1.0","ai_adoption_rate, ai_failure_rate, ai_adoption_stage, industry_Finance, industry_Logistics, industry_Retail",1.0,0.00012860082304526745,0.16666666666666666,1,174.25323250483203,4729,4569,0.4,0.0003239463132549343,3,18
"[0.06274999999999997,0.56325], [21.195149999999998,43.54485], 0.0, 0.0, 0.0, 0.0, 0.0, 0.0","ai_maturity_score, ai_failure_rate, industry_Agriculture, industry_Education, industry_Healthcare, industry_Manufacturing, industry_Retail, industry_Technology",1.0,0.022724424250973346,0.4691358024691358,1,184.95769123131853,4993,4574,0.5333333333333333,0.0039810065335911,38,81
"[22.35583127417042,35.572100000000006], [12.27045,26.709549999999997], 2.0, 0.0, 0.0","ai_training_hours, task_automation_rate, ai_adoption_stage, industry_Education, industry_Manufacturing",1,0.04662947792084618,0.5416666666666666,2,173.1437666594176,4993,4574,0.3333333333333333,0.007264733427897808,26,48
"[22.579100000000004,45.3209], [-6.846100000000002,29.466100000000004], [-13.282250000000001,14.102250000000002], 0.0, 1.0, 0.0, 0.0","ai_failure_rate, ai_training_hours, task_automation_rate, industry_Agriculture, industry_Education, industry_Logistics, industry_Technology",1.0,0.007415771484375,0.375,1,166.57760000000002,4899,4575,0.4666666666666667,0.0003096768915856914,3,8
"[-13.918074961768507,59.27935000000001], [0.20435,0.33298958421066815], [21.86665,32.45335], [12.27045,26.709549999999997], 0.0, 0.0, 0.0, 0.0, 0.0","ai_adoption_rate, ai_maturity_score, ai_failure_rate, task_automation_rate, industry_Education, industry_Healthcare, industry_Logistics, industry_Manufacturing, industry_Technology",1.0,0.01734152991583261,0.4444444444444444,1,192.51564729810946,4953,4577,0.6,0.00035789714365488424,8,18
"[-0.08034999999999999,0.31235], [-0.8143499999999992,22.3249], 1.0, 0.0, 0.0, 0.0, 0.0, 0.0","ai_maturity_score, task_automation_rate, ai_adoption_stage, industry_Agriculture, industry_Education, industry_Logistics, industry_Retail, industry_Technology",0.0,0.15102186224009959,0.6851851851851852,1,209.02590784661987,4934,4581,0.5333333333333333,0.0003885906232459732,37,54
"[-9.96865,11.888649999999998], [27.204360242513278,51.0951], 0.0, 0.0, 0.0, 0.0","ai_adoption_rate, ai_failure_rate, industry_Education, industry_Healthcare, industry_Logistics, industry_Technology",0.0,0.46266436603796024,0.8571428571428571,1,222.8036868096,4985,4584,0.4,0.00041420426975192847,12,14
"[-0.018600000000000005,0.2481], [-10.9538,8.9622], 0.0, 0.0, 0.0, 0.0, 0.0, 0.0","ai_maturity_score, task_automation_rate, industry_Consulting, industry_Education, industry_Finance, industry_Healthcare, industry_Logistics, industry_Technology",0.0,0.7385081737104511,0.9411764705882353,1,216.6985332834304,4985,4584,0.5333333333333333,0.0004028544546108913,16,17
"[4.427349999999997,56.43265], [-0.018600000000000005,0.2586], [-0.7609000000000012,32.4609], [-2.489065571178026,25.574350000000003], 1.0, 0.0, 0.0, 0.0, 0.0, 0.0","ai_adoption_rate, ai_maturity_score, ai_training_hours, task_automation_rate, ai_adoption_stage, industry_Agriculture, industry_Consulting, industry_Logistics, industry_Manufacturing, industry_Retail",0.0,0.279581552734375,0.775,1,230.8078993132988,4983,4590,0.6666666666666666,0.00042908453965458506,31,40
"[2.493649999999999,52.035650000000004], [0.037599999999999995,0.37639999999999996], [-10.068300000000002,21.6083], [15.73305,36.146950000000004], 0.0, 0.0, 0.0, 0.0, 0.0","ai_adoption_rate, ai_maturity_score, ai_training_hours, task_automation_rate, industry_Agriculture, industry_Healthcare, industry_Logistics, industry_Manufacturing, industry_Retail",1,0.005252187499999998,0.35,1,154.82140215721986,4962,4594,0.6,0.01441797134487579,7,20
"[25.693799999999996,64.8862], [0.32235,0.69965], [-16.29970425798558,30.529049999999998], 0.0, 0.0, 0.0","ai_adoption_rate, ai_maturity_score, ai_failure_rate, industry_Agriculture, industry_Finance, industry_Healthcare",2.0,0.06030017910643679,0.5702479338842975,1,181.21623955846295,4988,4597,0.4,0.00030027509257589895,69,121
"[41.773799999999994,80.9662], [0.32235,0.69965], [6.610950000000001,24.011499999999998], 0.0, 0.0, 0.0, 0.0, 0.0, 1.0, 0.0","ai_adoption_rate, ai_maturity_score, ai_failure_rate, industry_Agriculture, industry_Consulting, industry_Education, industry_Finance, industry_Healthcare, industry_Manufacturing, industry_Retail",2.0,0.03125,0.5,1,213.56,4995,4597,0.6666666666666666,0.00039701974915619056,3,6
"[22.35583127417042,35.572100000000006], [12.27045,26.709549999999997], 2.0, 0.0, 0.0, 1.0","ai_training_hours, task_automation_rate, ai_adoption_stage, industry_Education, industry_Manufacturing, industry_Technology",1,0.03125,0.5,1,204.140096,4867,4599,0.4,0.00037950763114178994,5,10
"[22.35583127417042,35.572100000000006], 0.0, 0.0","ai_training_hours, industry_Education, industry_Manufacturing",1,0.020310355821823303,0.45871559633027525,1,181.0114375298186,4993,4599,0.2,0.004359150555459954,50,109
"[-13.918074961768507,59.27935000000001], [2.3734999999999964,44.8665], [12.27045,26.709549999999997], 2.0, 0.0, 0.0, 0.0, 0.0, 0.0, 0.0, 0.0","ai_adoption_rate, ai_training_hours, task_automation_rate, ai_adoption_stage, industry_Education, industry_Finance, industry_Healthcare, industry_Logistics, industry_Manufacturing, industry_Retail, industry_Technology",1.0,0.056313514709472656,0.5625,1,152.60534034841598,4939,4603,0.7333333333333333,0.00028370169481655366,9,16
"[20.84065,59.27935000000001], [0.20435,0.42765], [21.86665,32.45335], [12.27045,26.709549999999997], 2.0, 0.0, 0.0, 0.0, 0.0, 0.0, 0.0, 0.0","ai_adoption_rate, ai_maturity_score, ai_failure_rate, task_automation_rate, ai_adoption_stage, industry_Education, industry_Finance, industry_Healthcare, industry_Logistics, industry_Manufacturing, industry_Retail, industry_Technology",1.0,0.2373046875,0.75,1,160.0,4898,4603,0.8,0.0002974487725463125,3,4
"[-9.96865,11.888649999999998], 0.0, 0.0, 0.0, 0.0","ai_adoption_rate, industry_Education, industry_Healthcare, industry_Logistics, industry_Technology",0.0,0.43375716751999094,0.8461538461538461,1,223.649258496,4985,4610,0.3333333333333333,0.0004157762338783009,11,13
"[-0.018600000000000005,0.2481], [27.204360242513278,51.0951], [-10.9538,8.9622], 0.0, 0.0, 0.0, 0.0, 0.0","ai_maturity_score, ai_failure_rate, task_automation_rate, industry_Consulting, industry_Education, industry_Finance, industry_Healthcare, industry_Logistics",0.0,0.7514188428254499,0.9444444444444444,1,217.77674724212733,4985,4610,0.5333333333333333,0.0004048589134768707,17,18
"[-0.018600000000000005,0.2586], [31.3606,42.339400000000005], [-2.489065571178026,25.574350000000003], 1.0, 0.0, 0.0, 0.0, 0.0, 0.0, 0.0","ai_maturity_score, ai_failure_rate, task_automation_rate, ai_adoption_stage, industry_Agriculture, industry_Healthcare, industry_Logistics, industry_Manufacturing, industry_Retail, industry_Technology",0.0,0.3276800000000001,0.8,1,281.8880872389542,4934,4612,0.6666666666666666,0.0005240454096540923,16,20
"[-0.018600000000000005,0.2586], [-0.7609000000000012,32.4609], [-2.489065571178026,25.574350000000003], 1.0, 0.0, 0.0, 0.0, 0.0","ai_maturity_score, ai_training_hours, task_automation_rate, ai_adoption_stage, industry_Agriculture, industry_Consulting, industry_Logistics, industry_Retail",0.0,0.34548459997648856,0.8085106382978723,1,197.0436930471616,4983,4612,0.5333333333333333,0.0003663150289679412,38,47
"[9.72455,45.07545], 2.0, 0.0, 0.0, 0.0, 0.0, 1.0, 0.0","task_automation_rate, ai_adoption_stage, industry_Agriculture, industry_Consulting, industry_Education, industry_Manufacturing, industry_Retail, industry_Technology",1,0.010240000000000003,0.4,2,169.34766170112,4992,4617,0.5333333333333333,0.0006296531763323289,6,15
"[21.195149999999998,32.36065], 2.0, 0.0, 0.0, 0.0, 0.0, 1.0","ai_failure_rate, ai_adoption_stage, industry_Agriculture, industry_Consulting, industry_Finance, industry_Manufacturing, industry_Retail",1.0,0.004115226337448558,0.3333333333333333,2,172.01952,4880,4617,0.4666666666666667,0.0006395874384750731,3,9
"[-9.96865,11.888649999999998], 0.0, 0.0, 0.0, 0.0, 1.0, 0.0","ai_adoption_rate, industry_Agriculture, industry_Education, industry_Healthcare, industry_Logistics, industry_Retail, industry_Technology",0.0,1.0,1.0,1,256.25,4914,4619,0.4666666666666667,0.0004763827997812036,4,4
"[-9.96865,11.888649999999998], [0.010199999999999987,0.2258], [26.784899999999997,51.0951], 0.0, 0.0, 0.0, 0.0","ai_adoption_rate, ai_maturity_score, ai_failure_rate, industry_Education, industry_Healthcare, industry_Logistics, industry_Technology",0.0,0.620921323059155,0.9090909090909091,1,214.25802240000002,4985,4619,0.4666666666666667,0.00039831741106925207,10,11
"[52.424749015196056,80.9662], [12.2485,24.011499999999998], [8.6556,44.5044], 0.0, 0.0, 0.0, 0.0, 0.0, 0.0, 1.0","ai_adoption_rate, ai_failure_rate, task_automation_rate, industry_Agriculture, industry_Education, industry_Finance, industry_Healthcare, industry_Manufacturing, industry_Retail, industry_Technology",2.0,1.0,1.0,1,324.53599999999994,4924,4620,0.6666666666666666,0.0006033302177943128,7,7
"[0.21175,0.40425], 0.0, 0.0, 0.0","ai_maturity_score, industry_Agriculture, industry_Finance, industry_Retail",1,0.009174309075821474,0.391304347826087,1,152.67279409749125,4962,4621,0.26666666666666666,0.008139573891955083,45,115
"[8.506699999999999,35.393299999999996], 1.0, 0.0, 1.0, 0.0, 0.0","task_automation_rate, ai_adoption_stage, industry_Agriculture, industry_Education, industry_Finance, industry_Retail",1,0.008416533573215765,0.38461538461538464,1,162.136187904,4899,4624,0.4,0.00030142006298364423,5,13
"[0.40175,0.7958500000000001], [38.5295,65.5705], 2.0, 0.0, 0.0, 0.0, 0.0","ai_maturity_score, ai_training_hours, ai_adoption_stage, industry_Agriculture, industry_Finance, industry_Healthcare, industry_Retail",2.0,0.39052583328375096,0.8285714285714286,1,242.97103909071043,4995,4631,0.4666666666666667,0.0004437820403861381,29,35
"[2.578599999999998,47.24195], [-10.386100000000003,25.9261], [8.506699999999999,35.393299999999996], 1.0, 1.0, 0.0, 0.0, 0.0, 0.0","ai_adoption_rate, ai_training_hours, task_automation_rate, ai_adoption_stage, industry_Consulting, industry_Finance, industry_Healthcare, industry_Retail, industry_Technology",1.0,0.46266436603796024,0.8571428571428571,1,205.296,4953,4644,0.6,0.0003816565200541735,6,7
"[11.81805,35.7414], [-0.13405,0.27405], [14.242799999999999,39.337199999999996], [8.506699999999999,35.393299999999996], 1.0, 1.0, 0.0, 0.0, 0.0, 0.0, 0.0, 0.0","ai_adoption_rate, ai_maturity_score, ai_failure_rate, task_automation_rate, ai_adoption_stage, industry_Consulting, industry_Education, industry_Finance, industry_Healthcare, industry_Logistics, industry_Retail, industry_Technology",1.0,0.13168724279835387,0.6666666666666666,1,212.33333333333334,4862,4644,0.8,0.00039473930856666887,2,3
"[12.95835,42.339400000000005], [-8.9622,22.3249], 1.0, 0.0, 0.0, 0.0","ai_failure_rate, task_automation_rate, ai_adoption_stage, industry_Logistics, industry_Retail, industry_Technology",0.0,0.051688587118280234,0.5529411764705883,1,175.99720471888025,4983,4646,0.4,0.0003494958120158391,47,85
"[15.10435,56.00635], [21.195149999999998,29.884971724001623], 1.0, 1.0, 0.0, 0.0, 0.0","ai_adoption_rate, ai_failure_rate, ai_adoption_stage, industry_Agriculture, industry_Consulting, industry_Education, industry_Technology",1,0.2373046875,0.75,1,87.0,4931,4647,0.4666666666666667,0.0001617377700720574,3,4
"[0.40175,0.7958500000000001], [38.5295,65.5705], 2.0, 0.0, 0.0, 0.0","ai_maturity_score, ai_training_hours, ai_adoption_stage, industry_Agriculture, industry_Finance, industry_Retail",2.0,0.3090667656414808,0.7906976744186046,1,237.9550494355081,4995,4648,0.4,0.000432125790651412,34,43
"[0.13835,0.36165], [-0.8143499999999992,25.574350000000003], 0.0, 0.0","ai_maturity_score, task_automation_rate, industry_Education, industry_Manufacturing",0.0,0.03414162320143662,0.5089285714285714,1,173.5750058673197,4976,4651,0.26666666666666666,0.00034386706142787215,57,112
"[-0.7609000000000012,33.869800000000005], [-0.8143499999999992,25.574350000000003], 0.0, 0.0","ai_training_hours, task_automation_rate, industry_Education, industry_Healthcare",0.0,0.03125,0.5,1,169.20001620383175,4985,4653,0.26666666666666666,0.00033370037935515887,72,144
"[26.784899999999997,41.581649999999996], [-0.7609000000000012,33.869800000000005], [-0.8143499999999992,22.3249]","ai_failure_rate, ai_training_hours, task_automation_rate",0.0,0.0852316508323596,0.6111111111111112,1,183.82060904254325,4985,4653,0.2,0.0003676759839940194,77,126
"[30.83395,56.00635], [0.06274999999999997,0.56325], 0.0, 0.0, 0.0, 0.0, 0.0, 0.0","ai_adoption_rate, ai_maturity_score, industry_Agriculture, industry_Education, industry_Healthcare, industry_Manufacturing, industry_Retail, industry_Technology",1.0,0.019403791345598595,0.45454545454545453,1,185.65013345483337,4993,4656,0.5333333333333333,0.0033912526583676048,20,44
"[21.195149999999998,43.54485], [21.789899999999996,42.6501], [12.27045,26.709549999999997], 0.0, 0.0, 0.0, 0.0, 0.0, 0.0","ai_failure_rate, ai_training_hours, task_automation_rate, industry_Education, industry_Healthcare, industry_Logistics, industry_Manufacturing, industry_Retail, industry_Technology",1.0,0.16291487262254356,0.6956521739130435,1,178.88440195092403,4993,4656,0.6,0.0003325559111748971,16,23
"[26.784899999999997,36.18125], [-0.8143499999999992,22.3249], 0.0, 0.0, 1.0","ai_failure_rate, task_automation_rate, industry_Consulting, industry_Logistics, industry_Retail",0.0,0.620921323059155,0.9090909090909091,1,221.82272,4972,4658,0.3333333333333333,0.00041238059866802727,10,11
"[23.73615,38.243849999999995], [6.334599999999998,33.869800000000005], [-0.8143499999999992,22.3249], 1.0","ai_failure_rate, ai_training_hours, task_automation_rate, industry_Retail",0.0,0.48894551440329226,0.8666666666666667,1,213.21535864831998,4972,4658,0.26666666666666666,0.00039637904198727854,13,15
"[3.198999999999998,48.421], [0.11715,0.43285000000000007], 1.0, 1.0, 0.0, 0.0, 0.0, 0.0, 0.0","ai_adoption_rate, ai_maturity_score, ai_adoption_stage, industry_Agriculture, industry_Finance, industry_Healthcare, industry_Manufacturing, industry_Retail, industry_Technology",2.0,0.0013484773662551439,0.26666666666666666,1,137.56198862848,4997,4661,0.6,0.00026017934444832477,4,15
"[-9.96865,11.888649999999998], [0.13135,0.35465], [-7.318,12.598], 1.0, 0.0, 0.0, 0.0","ai_adoption_rate, ai_maturity_score, task_automation_rate, ai_adoption_stage, industry_Agriculture, industry_Manufacturing, industry_Technology",0.0,1.0,1.0,1,243.0,4662,4662,0.4666666666666667,0.00045175032330471205,1,1
"[0.3463999999999956,42.5536], [22.35583127417042,35.572100000000006], 0.0, 0.0, 0.0, 0.0","ai_adoption_rate, ai_training_hours, industry_Education, industry_Logistics, industry_Manufacturing, industry_Technology",1,0.04924846832877054,0.5476190476190477,2,192.74209233129974,4992,4667,0.4,0.0076569747659911876,23,42
"[21.86665,34.50375], [12.27045,26.709549999999997], 1.0, 0.0, 0.0, 0.0","ai_failure_rate, task_automation_rate, ai_adoption_stage, industry_Education, industry_Healthcare, industry_Manufacturing",1.0,0.013742649779957495,0.42424242424242425,1,149.1605572860342,4953,4667,0.4,0.005308806568646233,14,33
"[41.773799999999994,80.9662], [-16.29970425798558,24.011499999999998], [-3.8717500000000005,28.491750000000003], 2.0, 0.0, 0.0, 0.0, 0.0","ai_adoption_rate, ai_failure_rate, task_automation_rate, ai_adoption_stage, industry_Agriculture, industry_Education, industry_Finance, industry_Healthcare",2.0,0.07775999999999998,0.6,1,211.2632988731179,4924,4669,0.5333333333333333,0.0003700990059491049,12,20
"[41.773799999999994,80.9662], [0.32235,0.69965], 2.0, 0.0, 0.0, 0.0","ai_adoption_rate, ai_maturity_score, ai_adoption_stage, industry_Agriculture, industry_Finance, industry_Healthcare",2.0,0.17405764484871927,0.7049180327868853,1,226.58991489895726,4995,4669,0.4,0.00040571528035671865,43,61
"[0.32615000000000005,0.7958500000000001], [6.314719958204833,12.2485], [8.6556,44.5044], 0.0, 0.0, 0.0","ai_maturity_score, ai_failure_rate, task_automation_rate, industry_Consulting, industry_Finance, industry_Manufacturing",2.0,0.18593443208187066,0.7142857142857143,1,219.13600000000002,4888,4677,0.4,0.0004073858388794296,5,7
"[-0.018600000000000005,0.2481], [26.784899999999997,51.0951], [-10.9538,8.9622], 0.0, 0.0, 0.0, 0.0, 0.0","ai_maturity_score, ai_failure_rate, task_automation_rate, industry_Consulting, industry_Education, industry_Healthcare, industry_Logistics, industry_Technology",0.0,0.534824985896467,0.8823529411764706,1,255.526531964928,4985,4679,0.5333333333333333,0.00047503783303739946,15,17
"0.0, 0.0, 0.0, 0.0, 0.0, 0.0, 0.0, 0.0","ai_adoption_stage, industry_Agriculture, industry_Consulting, industry_Education, industry_Finance, industry_Healthcare, industry_Logistics, industry_Technology",0.0,1.0,1.0,1,212.64000000000001,4985,4679,0.5333333333333333,0.0003953094187140493,6,6
"[2.578599999999998,35.7414], [14.242799999999999,39.337199999999996], [2.270999999999999,25.448999999999998], [8.506699999999999,35.393299999999996], 1.0, 1.0, 0.0, 0.0, 0.0, 0.0, 0.0, 0.0","ai_adoption_rate, ai_failure_rate, ai_training_hours, task_automation_rate, ai_adoption_stage, industry_Consulting, industry_Education, industry_Finance, industry_Healthcare, industry_Logistics, industry_Retail, industry_Technology",1.0,0.3276800000000001,0.8,1,205.4,4953,4682,0.8,0.00038184986175632865,4,5
"[0.003440434449255049,0.56325], [21.195149999999998,29.884971724001623], 2.0, 0.0, 0.0, 0.0, 0.0","ai_maturity_score, ai_failure_rate, ai_adoption_stage, industry_Agriculture, industry_Education, industry_Logistics, industry_Manufacturing",1,0.017807673484690246,0.44680851063829785,1,169.09198559742697,4993,4686,0.4666666666666667,0.004644395797242605,21,47
"[-9.96865,18.25495], [-0.2695,0.2586], [26.784899999999997,51.0951], 1.0, 0.0, 0.0","ai_adoption_rate, ai_maturity_score, ai_failure_rate, ai_adoption_stage, industry_Agriculture, industry_Logistics",0.0,0.401877572016461,0.8333333333333334,1,268.0739447558963,4900,4687,0.4,0.0004983641613705584,15,18
"[-0.018600000000000005,0.2695], [-11.2027,32.4609], [-2.489065571178026,25.574350000000003], 0.0, 0.0, 0.0, 0.0","ai_maturity_score, ai_training_hours, task_automation_rate, industry_Education, industry_Logistics, industry_Manufacturing, industry_Retail",0.0,0.13168724279835387,0.6666666666666666,1,225.64850967689205,4951,4687,0.4666666666666667,0.00041949295143935155,30,45
"[30.83395,56.00635], [0.06274999999999997,0.56325], [22.35583127417042,35.572100000000006], 0.0, 0.0, 0.0, 0.0","ai_adoption_rate, ai_maturity_score, ai_training_hours, industry_Agriculture, industry_Education, industry_Healthcare, industry_Manufacturing",1,0.015121375320419057,0.43243243243243246,1,161.0151902749024,4993,4688,0.4666666666666667,0.005208215432265649,16,37
"[0.003440434449255049,0.56325], [21.195149999999998,29.884971724001623], [21.789899999999996,42.6501], 0.0, 0.0, 0.0, 0.0, 0.0, 0.0","ai_maturity_score, ai_failure_rate, ai_training_hours, industry_Agriculture, industry_Education, industry_Healthcare, industry_Logistics, industry_Manufacturing, industry_Retail",1.0,0.022132674897119342,0.4666666666666667,1,170.70708574139738,4993,4691,0.6,0.0037725154485158514,14,30
"[21.195149999999998,43.54485], [12.27045,26.709549999999997], 0.0, 0.0, 0.0, 0.0","ai_failure_rate, task_automation_rate, industry_Education, industry_Logistics, industry_Manufacturing, industry_Technology",1,0.025480396799999996,0.48,1,163.67878840375442,4993,4691,0.4,0.00032087004785452157,36,75
"[0.21175,0.40425], [2.270999999999999,25.448999999999998], [8.506699999999999,35.393299999999996], 1.0, 0.0, 0.0, 0.0, 0.0, 0.0","ai_maturity_score, ai_training_hours, task_automation_rate, ai_adoption_stage, industry_Education, industry_Finance, industry_Healthcare, industry_Logistics, industry_Retail",1.0,0.03125,0.5,1,151.90214656,4953,4698,0.6,0.00029350326925184735,6,12
"[50.03875,80.9662], [18.52455,29.89545], 0.0, 0.0","ai_adoption_rate, ai_failure_rate, industry_Agriculture, industry_Consulting",2.0,0.18593443208187066,0.7142857142857143,1,198.286252032,4924,4701,0.26666666666666666,0.00036862501424829474,10,14
"[50.03875,80.9662], [0.32235,0.69965], [28.5228,62.5172], 2.0, 0.0, 0.0, 1.0","ai_adoption_rate, ai_maturity_score, ai_training_hours, ai_adoption_stage, industry_Consulting, industry_Education, industry_Healthcare",2.0,0.18593443208187066,0.7142857142857143,1,194.488,4980,4701,0.4666666666666667,0.00036156385546867015,5,7
"[30.83395,55.706050000000005], [0.037599999999999995,0.33298958421066815], [21.195149999999998,32.36065], [12.27045,26.709549999999997], 0.0, 0.0, 0.0, 0.0, 0.0, 0.0","ai_adoption_rate, ai_maturity_score, ai_failure_rate, task_automation_rate, industry_Education, industry_Finance, industry_Healthcare, industry_Logistics, industry_Manufacturing, industry_Technology",1.0,0.004115226337448558,0.3333333333333333,1,180.66666666666666,4845,4705,0.6666666666666666,0.00033586923900021115,1,3
"[21.195149999999998,43.54485], [21.789899999999996,42.6501], 0.0, 0.0, 0.0, 0.0, 0.0, 0.0","ai_failure_rate, ai_training_hours, industry_Consulting, industry_Education, industry_Healthcare, industry_Manufacturing, industry_Retail, industry_Technology",1.0,0.02348183883829531,0.4722222222222222,1,172.8829114235954,4993,4705,0.5333333333333333,0.003601084796311625,17,36
"[0.32235,0.69965], [38.5295,65.5705], [15.70035,49.059650000000005], 1.0, 0.0, 0.0, 0.0, 0.0","ai_maturity_score, ai_training_hours, task_automation_rate, ai_adoption_stage, industry_Agriculture, industry_Consulting, industry_Education, industry_Healthcare",2.0,0.0,0.0,1,67.0,4706,4706,0.5333333333333333,0.00012455667350376836,0,1
"[12.95835,41.581649999999996], [-0.7609000000000012,32.4609], 1.0, 0.0, 0.0, 0.0, 0.0, 0.0","ai_failure_rate, ai_training_hours, ai_adoption_stage, industry_Agriculture, industry_Consulting, industry_Manufacturing, industry_Retail, industry_Technology",0.0,0.06256472372210835,0.574468085106383,1,180.2597944190243,4983,4708,0.5333333333333333,0.0003351128411836838,27,47
"[-0.08034999999999999,0.31235], [-0.7609000000000012,32.4609], [-0.8143499999999992,25.574350000000003], 1.0, 0.0, 0.0, 1.0, 0.0, 0.0, 0.0, 0.0","ai_maturity_score, ai_training_hours, task_automation_rate, ai_adoption_stage, industry_Agriculture, industry_Consulting, industry_Education, industry_Logistics, industry_Manufacturing, industry_Retail, industry_Technology",0.0,0.28462802079628785,0.7777777777777778,1,192.09024000000002,4983,4708,0.7333333333333333,0.00035710628816329113,7,9
"[3.7512000000000008,39.928799999999995], [-0.8143499999999992,22.3249], 0.0, 0.0","ai_adoption_rate, task_automation_rate, industry_Agriculture, industry_Manufacturing",0.0,0.03271003115460463,0.5045871559633027,1,182.72163142173525,4983,4713,0.26666666666666666,0.00033968953115034295,55,109
"[3.7512000000000008,39.928799999999995], 0.0, 0.0, 0.0","ai_adoption_rate, industry_Healthcare, industry_Manufacturing, industry_Retail",0.0,0.022132674897119342,0.4666666666666667,1,162.33628700995274,4983,4713,0.26666666666666666,0.0036007541964671306,49,105
"[-8.646900000000002,47.1269], [-0.8143499999999992,22.3249], 0.0, 0.0, 0.0, 0.0, 0.0","ai_adoption_rate, task_automation_rate, industry_Agriculture, industry_Consulting, industry_Manufacturing, industry_Retail, industry_Technology",0.0,0.015662474369218984,0.43548387096774194,1,167.7071268785732,4983,4716,0.4666666666666667,0.005237264753912148,27,62
"[2.460099999999997,43.1599], [-0.018600000000000005,0.2586], [31.3606,41.581649999999996], [-0.8143499999999992,25.574350000000003], 0.0, 0.0, 0.0","ai_adoption_rate, ai_maturity_score, ai_failure_rate, task_automation_rate, industry_Agriculture, industry_Education, industry_Manufacturing",0.0,0.29103830456733704,0.78125,1,242.59158664069346,4934,4716,0.4666666666666667,0.0004509910604771043,25,32
"[-0.0109108885750556,0.2576], [-27.8136,27.8136], [-8.9622,8.9622], 0.0, 0.0, 0.0, 0.0","ai_maturity_score, ai_training_hours, task_automation_rate, industry_Agriculture, industry_Education, industry_Logistics, industry_Technology",0.0,0.6903615309097401,0.9285714285714286,1,260.4133521408,4985,4721,0.4666666666666667,0.00048412269968094743,13,14
"[0.40175,0.7958500000000001], 2.0, 0.0, 0.0","ai_maturity_score, ai_adoption_stage, industry_Finance, industry_Retail",2.0,0.10644534557634333,0.6388888888888888,1,202.6692830974293,4995,4724,0.26666666666666666,0.00035012807279502506,46,72
"[38.5295,65.5705], [15.70035,49.059650000000005], 0.0, 1.0, 0.0","ai_training_hours, task_automation_rate, industry_Agriculture, industry_Logistics, industry_Retail",2.0,0.03125,0.5,1,214.75,4724,4724,0.3333333333333333,0.00037119128074008574,2,4
"[0.24734999999999996,0.7786500000000001], [31.0757,78.2043], [14.248299999999999,37.1517], 0.0, 0.0, 0.0, 1.0, 0.0, 0.0","ai_maturity_score, ai_training_hours, task_automation_rate, industry_Agriculture, industry_Consulting, industry_Finance, industry_Manufacturing, industry_Retail, industry_Technology",1.0,0.095367431640625,0.625,1,176.5696,4996,4727,0.6,0.0003282525674312086,5,8
"[0.3059,0.5061], [22.35583127417042,35.572100000000006], [12.27045,26.709549999999997], 2.0, 0.0, 0.0","ai_maturity_score, ai_training_hours, task_automation_rate, ai_adoption_stage, industry_Education, industry_Manufacturing",1,0.04412311230067828,0.5357142857142857,1,173.319884486244,4993,4728,0.4,0.00032221116811438714,15,28
"[0.12110000000000004,0.6909000000000001], [22.35583127417042,35.572100000000006], [12.27045,26.709549999999997], 2.0, 0.0, 0.0","ai_maturity_score, ai_training_hours, task_automation_rate, ai_adoption_stage, industry_Education, industry_Manufacturing",1,0.03125,0.5,1,173.12496132530063,4993,4728,0.4,0.00032184879527086556,16,32
"0.0, 0.0, 0.0, 0.0","industry_Education, industry_Logistics, industry_Manufacturing, industry_Technology",1,0.006665834596553329,0.3670886075949367,1,174.07575724779915,4993,4729,0.26666666666666666,0.012715057275006266,58,158
"[21.195149999999998,43.54485], [1.7241,22.6359], 0.0, 0.0, 0.0","ai_failure_rate, task_automation_rate, industry_Finance, industry_Manufacturing, industry_Retail",1.0,0.012396419534681062,0.4155844155844156,1,165.08024376178426,4962,4731,0.3333333333333333,0.006443979704581995,32,77
"[0.46860000000000035,32.36065], [10.407599999999999,47.4924], 1.0, 0.0, 0.0, 0.0, 1.0","ai_failure_rate, ai_training_hours, ai_adoption_stage, industry_Consulting, industry_Education, industry_Manufacturing, industry_Retail",1,1.6935087808430282e-05,0.1111111111111111,1,157.62624,4732,4732,0.4666666666666667,0.0002930358225568154,1,9
"[30.83395,55.706050000000005], [9.72455,45.07545], 0.0, 0.0, 0.0, 0.0, 0.0, 1.0","ai_adoption_rate, task_automation_rate, industry_Agriculture, industry_Consulting, industry_Education, industry_Finance, industry_Manufacturing, industry_Retail",1.0,0.012558674125514407,0.4166666666666667,1,161.1062528,4992,4732,0.5333333333333333,0.00029950535715559946,5,12
"[3.7512000000000008,39.928799999999995], [-0.08034999999999999,0.31235], [-0.8143499999999992,22.3249], 0.0, 0.0, 0.0, 0.0, 0.0","ai_adoption_rate, ai_maturity_score, task_automation_rate, industry_Agriculture, industry_Consulting, industry_Healthcare, industry_Manufacturing, industry_Technology",0.0,0.3666478320532007,0.8181818181818182,1,233.24621955078356,4983,4740,0.5333333333333333,0.0004336175106653018,27,33
"[3.7512000000000008,39.928799999999995], [12.95835,41.581649999999996], 0.0, 0.0, 0.0, 1.0, 0.0, 0.0, 0.0","ai_adoption_rate, ai_failure_rate, industry_Agriculture, industry_Consulting, industry_Education, industry_Finance, industry_Healthcare, industry_Manufacturing, industry_Technology",0.0,0.02094302882090425,0.46153846153846156,1,290.399542272,4934,4740,0.6,0.0005398686712301087,6,13
"[30.83395,67.5036], [0.037599999999999995,0.40425], [21.195149999999998,32.36065], [17.283549999999998,42.67645], 0.0, 0.0, 0.0","ai_adoption_rate, ai_maturity_score, ai_failure_rate, task_automation_rate, industry_Education, industry_Logistics, industry_Retail",1.0,0.01734152991583261,0.4444444444444444,1,125.5772453528239,4993,4741,0.4666666666666667,0.0035419051442884615,12,27
"[30.83395,59.27935000000001], [21.86665,32.45335], [7.8767499999999995,20.423293544071317], 2.0, 0.0, 0.0, 0.0, 0.0","ai_adoption_rate, ai_failure_rate, task_automation_rate, ai_adoption_stage, industry_Education, industry_Healthcare, industry_Manufacturing, industry_Retail",1.0,0.07775999999999998,0.6,2,157.99660799999998,4939,4745,0.5333333333333333,0.0005874487139510111,6,10
"[-0.7609000000000012,27.8136], 0.0, 0.0, 0.0, 0.0, 1.0, 0.0","ai_training_hours, industry_Agriculture, industry_Consulting, industry_Logistics, industry_Manufacturing, industry_Retail, industry_Technology",0.0,0.3276800000000001,0.8,1,183.73825212891794,4972,4747,0.4666666666666667,0.00034157948478469704,16,20
"[0.03755,0.32245], [26.37875,44.436203717926524], [13.3969,41.9831], 1.0, 0.0, 0.0, 0.0, 1.0","ai_maturity_score, ai_failure_rate, ai_training_hours, ai_adoption_stage, industry_Agriculture, industry_Education, industry_Logistics, industry_Retail",1,0.0,0.0,1,247.5,4747,4747,0.5333333333333333,0.0004601160700325771,0,4
"[0.32615000000000005,0.7958500000000001], [8.095899999999999,24.564099999999996], 0.0, 0.0, 0.0","ai_maturity_score, ai_failure_rate, industry_Agriculture, industry_Consulting, industry_Education",2.0,0.0891768994341564,0.6166666666666667,1,189.04442402270408,4995,4749,0.3333333333333333,0.0003254636366817568,37,60
"2.0, 0.0, 0.0, 0.0, 0.0, 0.0, 1.0","ai_adoption_stage, industry_Finance, industry_Healthcare, industry_Logistics, industry_Manufacturing, industry_Retail, industry_Technology",2.0,0.19649623617673456,0.7222222222222222,1,203.68559380512767,4947,4749,0.4666666666666667,0.0003786626866418876,13,18
"[2.493649999999999,52.035650000000004], [0.037599999999999995,0.37639999999999996], [12.27045,36.146950000000004], 0.0, 0.0, 1.0, 0.0, 0.0, 0.0","ai_adoption_rate, ai_maturity_score, task_automation_rate, industry_Agriculture, industry_Education, industry_Finance, industry_Healthcare, industry_Logistics, industry_Manufacturing",1.0,0.03125,0.5,1,228.2464,4895,4753,0.6,0.0004243225719882166,4,8
"[21.86665,34.50375], 1.0, 0.0, 0.0, 0.0","ai_failure_rate, ai_adoption_stage, industry_Healthcare, industry_Manufacturing, industry_Retail",1,0.015121375320419057,0.43243243243243246,1,150.71257687276167,4960,4753,0.3333333333333333,0.004874965941816424,16,37
"[53.67143157880178,80.9662], [12.2485,24.011499999999998], [36.0999,56.960100000000004], [8.6556,44.5044], 0.0, 0.0, 0.0, 1.0","ai_adoption_rate, ai_failure_rate, ai_training_hours, task_automation_rate, industry_Agriculture, industry_Education, industry_Healthcare, industry_Technology",2.0,1.0,1.0,1,355.0,4756,4756,0.5333333333333333,0.0006599644640871308,1,1
"[30.83395,55.706050000000005], [21.195149999999998,34.50375], 0.0, 0.0, 0.0, 0.0","ai_adoption_rate, ai_failure_rate, industry_Consulting, industry_Healthcare, industry_Manufacturing, industry_Retail",1,0.02724920932908401,0.4864864864864865,2,147.86524239280837,4993,4760,0.4,0.010616602794080561,18,37
"[-6.396900000000002,49.3769], [-0.16002005861148688,0.2586], [31.3606,41.581649999999996], [-0.7609000000000012,32.4609], [-0.8143499999999992,25.574350000000003], 1.0, 0.0, 0.0, 0.0, 0.0, 0.0, 0.0","ai_adoption_rate, ai_maturity_score, ai_failure_rate, ai_training_hours, task_automation_rate, ai_adoption_stage, industry_Agriculture, industry_Consulting, industry_Healthcare, industry_Logistics, industry_Manufacturing, industry_Retail",0.0,0.401877572016461,0.8333333333333334,1,295.19384063999996,4934,4762,0.8,0.0005487815347599985,10,12
"2.0, 0.0, 0.0, 0.0, 0.0, 1.0, 0.0","ai_adoption_stage, industry_Agriculture, industry_Consulting, industry_Finance, industry_Manufacturing, industry_Retail, industry_Technology",1.0,0.0015088388150337464,0.2727272727272727,1,170.0846848,4992,4764,0.4666666666666667,0.0003161967545167903,3,11
"[0.037599999999999995,0.33298958421066815], [21.789899999999996,42.6501], [12.27045,26.709549999999997], 1.0, 1.0, 0.0, 0.0, 0.0, 0.0, 0.0","ai_maturity_score, ai_training_hours, task_automation_rate, ai_adoption_stage, industry_Consulting, industry_Finance, industry_Healthcare, industry_Logistics, industry_Manufacturing, industry_Technology",1.0,0.0,0.0,1,76.0,4769,4769,0.6666666666666666,0.00014128816695949844,0,1
"[21.195149999999998,43.54485], 1.0, 0.0, 0.0, 0.0, 0.0, 0.0","ai_failure_rate, industry_Consulting, industry_Education, industry_Healthcare, industry_Manufacturing, industry_Retail, industry_Technology",1.0,0.1043582467665522,0.6363636363636364,1,188.257024,4953,4769,0.4666666666666667,0.00034998012945013557,7,11
"[-8.9622,8.9622], 0.0, 1.0, 0.0, 0.0, 0.0","task_automation_rate, ai_adoption_stage, industry_Agriculture, industry_Finance, industry_Healthcare, industry_Technology",1,0.1,1.0,1,203.872,4771,4771,0.4,0.0003790092259785114,0,0
"[-9.96865,11.888649999999998], [-8.9622,8.9622], 1.0, 0.0","ai_adoption_rate, task_automation_rate, industry_Agriculture, industry_Education",0.0,1.0,1.0,1,218.0,4951,4771,0.26666666666666666,0.0004052739525943507,1,1
"[0.40175,0.59425], [12.2485,24.011499999999998], 2.0, 0.0, 0.0, 0.0, 0.0","ai_maturity_score, ai_failure_rate, ai_adoption_stage, industry_Consulting, industry_Finance, industry_Healthcare, industry_Retail",1,0.005091089769454486,0.34782608695652173,1,207.37039172972,4996,4776,0.4666666666666667,0.01494015579477693,8,23
"[24.49475,73.48525000000001], [0.40175,0.59425], [12.2485,24.011499999999998], 2.0, 1.0, 0.0, 0.0, 0.0, 0.0","ai_adoption_rate, ai_maturity_score, ai_failure_rate, ai_adoption_stage, industry_Agriculture, industry_Consulting, industry_Finance, industry_Healthcare, industry_Retail",2.0,0.03125,0.5,1,167.51039999999998,4921,4776,0.6,0.00031141101792963634,4,8
"[30.83395,55.706050000000005], [0.10774999999999996,0.60825], [21.195149999999998,34.50375], 0.0, 0.0, 0.0, 0.0","ai_adoption_rate, ai_maturity_score, ai_failure_rate, industry_Consulting, industry_Healthcare, industry_Manufacturing, industry_Retail",1,0.022631138563156128,0.46875,1,147.82949640994647,4993,4778,0.4666666666666667,0.0031949795093178827,15,32
"[-0.019600000000000006,0.2576], 0.0, 0.0, 0.0, 0.0","ai_maturity_score, industry_Agriculture, industry_Education, industry_Manufacturing, industry_Technology",0.0,0.3276800000000001,0.8,2,207.8546396048457,4972,4781,0.3333333333333333,0.0007728263427314688,28,35
"[0.32235,0.69965], [38.5295,65.5705], [15.70035,49.059650000000005], 0.0, 0.0","ai_maturity_score, ai_training_hours, task_automation_rate, industry_Agriculture, industry_Consulting",2.0,0.26487008230452685,0.7666666666666667,1,210.17695957360948,4995,4783,0.3333333333333333,0.00038684885895136736,23,30
"[1.550499999999996,54.3095], [-0.018600000000000005,0.2586], [12.95835,41.581649999999996], [-0.8143499999999992,22.3249], 0.0, 0.0, 0.0, 1.0","ai_adoption_rate, ai_maturity_score, ai_failure_rate, task_automation_rate, industry_Agriculture, industry_Logistics, industry_Manufacturing, industry_Retail",0.0,0.5904900000000001,0.9,1,229.322496,4972,4784,0.5333333333333333,0.00042632309345285406,9,10
"[-0.018600000000000005,0.2586], [-0.8143499999999992,22.3249], 0.0, 0.0, 0.0, 0.0, 0.0, 1.0","ai_maturity_score, task_automation_rate, industry_Agriculture, industry_Consulting, industry_Education, industry_Finance, industry_Logistics, industry_Retail",0.0,0.620921323059155,0.9090909090909091,1,232.3219968,4972,4784,0.5333333333333333,0.0004318993298979271,10,11
"[21.195149999999998,43.54485], 1.0, 0.0, 0.0, 0.0, 0.0","ai_failure_rate, industry_Consulting, industry_Education, industry_Healthcare, industry_Retail, industry_Technology",1.0,0.07775999999999998,0.6,1,187.601664,4953,4785,0.4,0.00034876177927778586,6,10
"[-6.396900000000002,49.3769], [0.010765248771152397,0.2586], [31.3606,41.581649999999996], [-0.7609000000000012,32.4609], [-0.8143499999999992,25.574350000000003], 1.0, 0.0, 0.0, 0.0, 0.0, 0.0, 0.0","ai_adoption_rate, ai_maturity_score, ai_failure_rate, ai_training_hours, task_automation_rate, ai_adoption_stage, industry_Agriculture, industry_Consulting, industry_Healthcare, industry_Logistics, industry_Manufacturing, industry_Retail",0.0,0.3666478320532007,0.8181818181818182,1,295.6237568,4934,4787,0.8,0.00054958077247306,9,11
"[-9.96865,11.888649999999998], [-10.373200000000002,39.0732], [-8.9622,8.9622], 0.0, 0.0, 0.0, 0.0, 1.0, 0.0","ai_adoption_rate, ai_training_hours, task_automation_rate, ai_adoption_stage, industry_Education, industry_Healthcare, industry_Logistics, industry_Retail, industry_Technology",0.0,1.0,1.0,1,266.0,4914,4788,0.6,0.0004945085843582445,1,1
"0.0, 0.0, 0.0, 1.0","ai_adoption_stage, industry_Education, industry_Logistics, industry_Retail",0.0,1.0,1.0,1,226.0,4914,4788,0.26666666666666666,0.0004201463912216664,2,2
"[0.5285523949894703,0.7958500000000001], [22.738300000000002,68.32169999999999], [15.70035,49.059650000000005], 2.0, 0.0","ai_maturity_score, ai_training_hours, task_automation_rate, ai_adoption_stage, industry_Agriculture",2.0,0.3540925979614258,0.8125,1,217.068831412224,4995,4792,0.3333333333333333,0.00042216539776163283,13,16
"[38.5295,65.5705], 0.0, 0.0, 0.0, 0.0","ai_training_hours, industry_Agriculture, industry_Consulting, industry_Finance, industry_Retail",2.0,0.2373046875,0.75,1,233.96777414510774,4995,4792,0.3333333333333333,0.00042286008642536654,18,24
"[30.83395,59.27935000000001], [21.86665,32.45335], [7.8767499999999995,20.423293544071317], 2.0, 0.0, 0.0, 0.0","ai_adoption_rate, ai_failure_rate, task_automation_rate, ai_adoption_stage, industry_Education, industry_Healthcare, industry_Retail",1.0,0.03125,0.5,1,154.981952,4939,4797,0.4666666666666667,0.000288119946182697,5,10
"[12.01245,24.16755], 0.0, 0.0, 0.0, 0.0, 0.0, 0.0, 0.0","ai_failure_rate, industry_Consulting, industry_Education, industry_Finance, industry_Healthcare, industry_Logistics, industry_Manufacturing, industry_Retail",1.0,0.0009765625,0.25,1,224.90402376499202,4867,4798,0.5333333333333333,0.0004181089113101473,4,16
"[0.36666154365474896,0.59425], [9.941599999999998,62.47840000000001], [12.27045,26.709549999999997], 2.0, 0.0, 0.0, 0.0, 0.0","ai_maturity_score, ai_training_hours, task_automation_rate, ai_adoption_stage, industry_Consulting, industry_Finance, industry_Healthcare, industry_Retail",1,0.0024299999999999994,0.3,1,190.9860342049276,4996,4799,0.5333333333333333,0.038442243083974696,6,20
"[8.6556,44.5044], 2.0, 0.0, 0.0, 0.0, 1.0, 0.0","task_automation_rate, ai_adoption_stage, industry_Agriculture, industry_Education, industry_Finance, industry_Healthcare, industry_Retail",2.0,0.05032843750000002,0.55,1,147.21445294058373,4980,4802,0.4666666666666667,0.00027367973955158445,11,20
"[52.424749015196056,80.9662], [28.5228,62.5172], [25.46255,40.89745], 2.0, 0.0, 1.0","ai_adoption_rate, ai_training_hours, task_automation_rate, ai_adoption_stage, industry_Finance, industry_Healthcare",2.0,1.0,1.0,1,209.5,4980,4810,0.4,0.0003894719865528279,2,2
"[52.424749015196056,80.9662], [16.919850000000004,38.475459515334386], [28.5228,62.5172], 2.0, 0.0, 1.0","ai_adoption_rate, ai_failure_rate, ai_training_hours, ai_adoption_stage, industry_Finance, industry_Healthcare",2.0,0.1,1.0,1,209.46342399999997,4810,4810,0.4,0.00038940398976342375,0,0
"[-0.019600000000000006,0.2576], 0.0, 0.0, 0.0","ai_maturity_score, industry_Agriculture, industry_Education, industry_Technology",0.0,0.28962137296388657,0.7804878048780488,1,187.20576887166268,4985,4817,0.26666666666666666,0.0003480257885279046,32,41
"[24.7136,57.5183], [22.08465,38.51535], 0.0","ai_training_hours, task_automation_rate, industry_Finance",2.0,0.12437314232952602,0.6590909090909091,1,179.3413984935585,4988,4823,0.2,0.0002959183021581236,29,44
"[3.7512000000000008,39.928799999999995], [26.37875,52.803642379210785], 1.0, 0.0, 0.0, 0.0, 0.0, 0.0","ai_adoption_rate, ai_failure_rate, ai_adoption_stage, industry_Agriculture, industry_Consulting, industry_Education, industry_Healthcare, industry_Manufacturing",0.0,0.16291487262254356,0.6956521739130435,1,197.95908527775714,4976,4829,0.5333333333333333,0.00036801679331412287,16,23
"[-0.08034999999999999,0.31235], [31.3606,41.581649999999996], 1.0, 0.0, 0.0, 0.0, 0.0, 0.0, 0.0","ai_maturity_score, ai_failure_rate, ai_adoption_stage, industry_Agriculture, industry_Consulting, industry_Education, industry_Logistics, industry_Manufacturing, industry_Technology",0.0,0.670176922268936,0.9230769230769231,1,260.982331392,4934,4829,0.6,0.00048518046330515844,12,13
"[13.940100000000001,57.5183], 0.0, 0.0, 0.0, 0.0","ai_training_hours, industry_Consulting, industry_Finance, industry_Manufacturing, industry_Retail",2.0,0.03125,0.5,1,172.52022668812643,4997,4832,0.3333333333333333,0.0002905941663441216,36,72
"[0.32615000000000005,0.7958500000000001], 0.0, 0.0, 1.0","ai_maturity_score, industry_Agriculture, industry_Healthcare, industry_Technology",2.0,0.670176922268936,0.9230769230769231,1,227.74051071999997,4947,4832,0.26666666666666666,0.00042338209607958947,12,13
"[15.70035,49.059650000000005], 2.0, 0.0, 0.0, 0.0, 0.0","task_automation_rate, ai_adoption_stage, industry_Consulting, industry_Finance, industry_Healthcare, industry_Retail",2.0,0.09958658297887482,0.6304347826086957,1,192.76149021711026,4995,4834,0.4,0.0003271041600536658,29,46
"[26.784899999999997,41.581649999999996], [-0.7609000000000012,62.47809384565358], [-0.8143499999999992,22.3249]","ai_failure_rate, ai_training_hours, task_automation_rate",0.0,0.08210307920825242,0.6065573770491803,1,183.67836505692256,4985,4840,0.2,0.00036734543478366804,37,61
"[-0.28650000000000375,42.206500000000005], [-0.8143499999999992,22.3249], 0.0","ai_training_hours, task_automation_rate, industry_Manufacturing",0.0,0.018946175363929542,0.4523809523809524,1,175.8950202853876,4983,4840,0.2,0.00456815116352026,38,84
"[21.195149999999998,43.54485], [1.7241,26.709549999999997], 0.0, 0.0, 1.0, 0.0, 0.0","ai_failure_rate, task_automation_rate, industry_Education, industry_Finance, industry_Healthcare, industry_Logistics, industry_Technology",1.0,0.0013484773662551439,0.26666666666666666,1,161.12257132544,4923,4843,0.4666666666666667,0.00029953569418911133,4,15
"[-6.396900000000002,18.25495], [-0.21576251464256324,0.2695], [26.784899999999997,41.581649999999996], [-11.2027,32.4609], [-0.8143499999999992,25.574350000000003], 0.0, 0.0","ai_adoption_rate, ai_maturity_score, ai_failure_rate, ai_training_hours, task_automation_rate, industry_Agriculture, industry_Manufacturing",0.0,0.3540925979614258,0.8125,1,244.845780733952,4914,4847,0.4666666666666667,0.00045518173089035993,13,16
"[-9.96865,49.3769], [31.3606,51.0951], [-0.7609000000000012,11.2027], 1.0, 0.0, 0.0, 0.0, 0.0, 0.0","ai_adoption_rate, ai_failure_rate, ai_training_hours, ai_adoption_stage, industry_Consulting, industry_Education, industry_Healthcare, industry_Logistics, industry_Manufacturing",0.0,0.010240000000000003,0.4,1,233.0,4847,4847,0.6,0.00043315977502056754,2,5
"[-9.96865,18.25495], 1.0, 0.0, 0.0, 0.0, 0.0","ai_adoption_rate, ai_adoption_stage, industry_Agriculture, industry_Education, industry_Manufacturing, industry_Technology",0.0,1.0,1.0,1,277.91776,4900,4852,0.4,0.0005166643536301291,9,9
"[0.21175,0.33298958421066815], [2.270999999999999,25.448999999999998], [8.506699999999999,35.393299999999996], 1.0, 0.0, 0.0, 0.0, 0.0","ai_maturity_score, ai_training_hours, task_automation_rate, ai_adoption_stage, industry_Education, industry_Healthcare, industry_Logistics, industry_Technology",1.0,0.0009765625,0.25,1,152.4992,4953,4858,0.5333333333333333,0.00029489071310241416,2,8
"[10.01585,54.48415], [0.20435,0.40425], [21.86665,32.36065], 0.0, 0.0, 0.0, 0.0, 0.0","ai_adoption_rate, ai_maturity_score, ai_failure_rate, industry_Education, industry_Finance, industry_Logistics, industry_Retail, industry_Technology",1.0,0.06092699470458736,0.5714285714285714,1,136.8578843648,4953,4858,0.5333333333333333,0.0002544263107349683,8,14
"[21.195149999999998,43.54485], [2.270999999999999,25.448999999999998], 0.0, 1.0, 0.0, 0.0, 0.0, 0.0","ai_failure_rate, ai_training_hours, industry_Agriculture, industry_Consulting, industry_Healthcare, industry_Logistics, industry_Retail, industry_Technology",1.0,0.03125,0.5,1,221.5,4953,4862,0.5333333333333333,0.0004117806444938013,1,2
"[2.578599999999998,35.7414], [8.506699999999999,35.393299999999996], 1.0, 1.0, 0.0, 0.0, 0.0, 0.0","ai_adoption_rate, task_automation_rate, ai_adoption_stage, industry_Consulting, industry_Education, industry_Healthcare, industry_Manufacturing, industry_Retail",1.0,1.0,1.0,1,206.0,4953,4862,0.5333333333333333,0.0003829652946533773,1,1
"[6.334599999999998,33.869800000000005], [-0.8143499999999992,22.3249], 0.0, 1.0","ai_training_hours, task_automation_rate, industry_Logistics, industry_Retail",0.0,0.3276800000000001,0.8,1,193.67820799999998,4972,4870,0.26666666666666666,0.0003600584077410587,8,10
"[23.73615,38.243849999999995], [-0.8143499999999992,22.3249], 0.0, 0.0, 0.0, 1.0","ai_failure_rate, task_automation_rate, industry_Agriculture, industry_Consulting, industry_Healthcare, industry_Retail",0.0,0.46266436603796024,0.8571428571428571,1,222.912,4972,4870,0.4,0.00041440562991152253,6,7
"[0.40175,0.7958500000000001], [38.5295,76.64805850784806], 2.0, 0.0, 0.0, 0.0, 0.0","ai_maturity_score, ai_training_hours, ai_adoption_stage, industry_Agriculture, industry_Finance, industry_Healthcare, industry_Retail",2.0,0.10979242280002384,0.6428571428571429,1,237.87364352,4995,4873,0.4666666666666667,0.0004319366180760535,9,14
"[15.70035,49.059650000000005], 2.0, 0.0, 0.0, 0.0, 0.0","task_automation_rate, ai_adoption_stage, industry_Agriculture, industry_Finance, industry_Healthcare, industry_Retail",2.0,0.046146775269833545,0.5405405405405406,1,191.14905520636555,4995,4873,0.4,0.00032335715368837895,20,37
"[11.782700000000002,55.497299999999996], [6.334599999999998,33.869800000000005], [-0.8143499999999992,22.3249], 0.0, 0.0, 1.0","ai_adoption_rate, ai_training_hours, task_automation_rate, industry_Education, industry_Logistics, industry_Retail",0.0,0.28462802079628785,0.7777777777777778,2,197.16799999999998,4972,4874,0.4,0.0007330922448176416,7,9
"[-0.018600000000000005,0.2586], [-0.8143499999999992,22.3249], 0.0, 0.0, 0.0, 0.0, 1.0","ai_maturity_score, task_automation_rate, industry_Agriculture, industry_Consulting, industry_Education, industry_Finance, industry_Retail",0.0,0.401877572016461,0.8333333333333334,1,240.95999999999998,4972,4874,0.4666666666666667,0.0004479578514547466,5,6
"[0.3059,0.5061], [22.35583127417042,35.572100000000006], [12.27045,45.07545], 2.0, 0.0, 1.0","ai_maturity_score, ai_training_hours, task_automation_rate, ai_adoption_stage, industry_Manufacturing, industry_Retail",1,0.004115226337448558,0.3333333333333333,1,185.0,4992,4880,0.4,0.0003439251432566738,1,3
"[21.195149999999998,32.36065], [9.72455,26.709549999999997], 2.0, 0.0, 0.0, 0.0, 0.0, 0.0, 0.0","ai_failure_rate, task_automation_rate, ai_adoption_stage, industry_Agriculture, industry_Consulting, industry_Education, industry_Finance, industry_Logistics, industry_Manufacturing",1,1.0000000000000003e-05,0.1,1,171.379008,4880,4880,0.6,0.00031860297231127915,1,10
"[-9.96865,18.25495], 0.0, 0.0, 0.0, 0.0, 0.0, 0.0","ai_adoption_rate, industry_Agriculture, industry_Consulting, industry_Education, industry_Logistics, industry_Manufacturing, industry_Technology",0.0,0.46266436603796024,0.8571428571428571,2,258.672,4914,4881,0.4666666666666667,0.0009617708611512468,6,7
"[-0.2695,0.2586], [31.3606,41.581649999999996], [-11.830600000000002,36.0706], 1.0, 0.0, 0.0, 0.0, 0.0, 0.0","ai_maturity_score, ai_failure_rate, ai_training_hours, ai_adoption_stage, industry_Agriculture, industry_Education, industry_Healthcare, industry_Manufacturing, industry_Technology",0.0,0.46266436603796024,0.8571428571428571,1,260.57599999999996,4934,4881,0.6,0.00048442507096892445,6,7
"[52.424749015196056,80.9662], [15.70035,49.059650000000005], 2.0, 0.0, 0.0","ai_adoption_rate, task_automation_rate, ai_adoption_stage, industry_Finance, industry_Manufacturing",2.0,0.6903615309097401,0.9285714285714286,1,235.9833644032,4980,4888,0.3333333333333333,0.0004387060130192563,13,14
"[52.424749015196056,80.9662], [15.70035,49.059650000000005], 2.0, 0.0, 0.0, 0.0, 1.0","ai_adoption_rate, task_automation_rate, ai_adoption_stage, industry_Agriculture, industry_Finance, industry_Manufacturing, industry_Retail",2.0,1.0,1.0,1,187.0,4888,4888,0.4666666666666667,0.0003476432529135027,2,2
"[2.493649999999999,52.035650000000004], [0.3592137842708477,0.37639999999999996], [-19.701300000000003,19.701300000000003], [15.73305,36.146950000000004], 0.0, 0.0, 0.0, 0.0, 0.0","ai_adoption_rate, ai_maturity_score, ai_training_hours, task_automation_rate, industry_Agriculture, industry_Healthcare, industry_Logistics, industry_Manufacturing, industry_Retail",1,0.003768669780633848,0.5190839694656488,1,175.22444464373672,4895,4895,0.6,0.00032575184987117977,0,0
"[12.2485,24.011499999999998], 0.0, 0.0, 0.0, 1.0","ai_failure_rate, industry_Agriculture, industry_Healthcare, industry_Retail, industry_Technology",2.0,1.0,1.0,1,301.3333333333333,4947,4896,0.3333333333333333,0.0005601951882955551,3,3
"[0.32235,0.7958500000000001], [15.70035,49.059650000000005], 0.0, 0.0, 0.0, 1.0","ai_maturity_score, task_automation_rate, industry_Agriculture, industry_Finance, industry_Healthcare, industry_Technology",2.0,1.0,1.0,1,240.616,4947,4896,0.4,0.00044731833659377205,7,7
"[0.20435,0.42765], [21.86665,32.36065], [19.316899999999997,47.9031], [12.27045,26.709549999999997], 0.0, 0.0, 0.0, 0.0, 0.0, 0.0, 0.0","ai_maturity_score, ai_failure_rate, ai_training_hours, task_automation_rate, industry_Education, industry_Finance, industry_Healthcare, industry_Logistics, industry_Manufacturing, industry_Retail, industry_Technology",1.0,0.03125,0.5,1,194.5,4953,4898,0.7333333333333333,0.0003615861641266111,1,2
"[10.01585,59.27935000000001], [0.20435,0.40425], [21.86665,32.45335], 2.0, 0.0, 0.0, 0.0, 0.0, 0.0","ai_adoption_rate, ai_maturity_score, ai_failure_rate, ai_adoption_stage, industry_Education, industry_Finance, industry_Logistics, industry_Retail, industry_Technology",1.0,0.00012860082304526745,0.16666666666666666,1,119.4,4898,4898,0.6,0.0002219711465126857,1,6
"[-9.96865,18.25495], 0.0, 0.0, 0.0, 0.0, 0.0","ai_adoption_rate, industry_Agriculture, industry_Consulting, industry_Education, industry_Logistics, industry_Manufacturing",0.0,0.13168724279835387,0.6666666666666666,1,254.64000000000001,4914,4900,0.4,0.0004733897215074563,4,6
"[0.4918,0.9289000000000001], 2.0, 0.0, 0.0","ai_maturity_score, ai_adoption_stage, industry_Consulting, industry_Manufacturing",2.0,0.3276800000000001,0.8,1,224.776256,4947,4908,0.26666666666666666,0.00044007605387981437,8,10
"[52.424749015196056,80.9662], [0.35910000000000003,0.7382], [7.225900000000001,23.6941], [18.740900000000003,44.5044], 2.0, 0.0","ai_adoption_rate, ai_maturity_score, ai_failure_rate, task_automation_rate, ai_adoption_stage, industry_Manufacturing",2.0,0.620921323059155,0.9090909090909091,1,225.38410240000002,4980,4908,0.4,0.0004414885786108823,10,11
"[0.047899999999999984,0.2481], 0.0, 0.0, 0.0, 0.0","ai_maturity_score, industry_Agriculture, industry_Consulting, industry_Healthcare, industry_Technology",0.0,0.2373046875,0.75,2,175.84436736,4985,4909,0.3333333333333333,0.0006538086403801857,9,12
"[-9.96865,11.888649999999998], [0.047899999999999984,0.40847774251445673], [26.784899999999997,51.0951], [-7.068049999999999,22.308049999999998], 0.0, 0.0, 0.0, 0.0, 0.0, 0.0","ai_adoption_rate, ai_maturity_score, ai_failure_rate, task_automation_rate, ai_adoption_stage, industry_Agriculture, industry_Consulting, industry_Healthcare, industry_Logistics, industry_Technology",0.0,0.13168724279835387,0.6666666666666666,1,244.0,4985,4909,0.6666666666666666,0.00045360937813312654,2,3
"[30.83395,59.27935000000001], [0.06274999999999997,0.56325], [8.573499999999996,51.066500000000005], 0.0, 0.0, 0.0, 0.0, 0.0","ai_adoption_rate, ai_maturity_score, ai_training_hours, industry_Education, industry_Healthcare, industry_Manufacturing, industry_Retail, industry_Technology",1.0,0.0009765625,0.25,1,187.6742084014965,4993,4913,0.5333333333333333,0.0003214834711089835,5,20
"[-0.026950000000000016,0.18095], 0.0, 1.0, 0.0","ai_maturity_score, industry_Education, industry_Retail, industry_Technology",0.0,0.1,1.0,1,275.87056128,4914,4914,0.26666666666666666,0.0005128584989649893,0,0
"[-9.96865,11.888649999999998], [26.784899999999997,51.0951], [-8.9622,8.9622], 0.0, 0.0, 1.0","ai_adoption_rate, ai_failure_rate, task_automation_rate, ai_adoption_stage, industry_Logistics, industry_Retail",0.0,0.1,1.0,1,250.02091115633047,4914,4914,0.4,0.00046480258208975715,0,0
"[-13.918074961768507,59.27935000000001], [21.86665,32.45335], [12.27045,26.709549999999997], 1.0, 1.0, 0.0, 0.0, 0.0, 0.0, 0.0, 0.0, 0.0","ai_adoption_rate, ai_failure_rate, task_automation_rate, ai_adoption_stage, industry_Agriculture, industry_Education, industry_Finance, industry_Healthcare, industry_Logistics, industry_Manufacturing, industry_Retail, industry_Technology",2,0.011950274109665414,0.6538461538461539,1,162.54172515071565,4922,4922,0.8,0.00030217397896025285,0,0
"[0.3463999999999956,42.5536], [0.08915000000000001,0.5588500000000001], [22.35583127417042,35.572100000000006], 0.0, 0.0, 0.0, 0.0","ai_adoption_rate, ai_maturity_score, ai_training_hours, industry_Education, industry_Logistics, industry_Manufacturing, industry_Technology",1,0.03125,0.5,2,208.176,4992,4923,0.4666666666666667,0.0007740211959200143,4,8
"[0.32235,0.7958500000000001], 2.0, 0.0, 0.0, 0.0","ai_maturity_score, ai_adoption_stage, industry_Agriculture, industry_Healthcare, industry_Manufacturing",2.0,0.17256359665582893,0.7037037037037037,1,193.20610987665663,4988,4924,0.3333333333333333,0.0003375523900897797,19,27
"[52.424749015196056,80.9662], [15.70035,49.059650000000005], 0.0, 1.0","ai_adoption_rate, task_automation_rate, industry_Finance, industry_Technology",2.0,1.0,1.0,1,265.6666666666667,4924,4924,0.26666666666666666,0.0004938888994154397,3,3
"[33.1838,72.37620000000001], [0.24734999999999996,0.7786500000000001], 0.0, 0.0, 0.0, 1.0, 0.0, 0.0","ai_adoption_rate, ai_maturity_score, industry_Agriculture, industry_Consulting, industry_Finance, industry_Manufacturing, industry_Retail, industry_Technology",1,0.06092699470458736,0.5714285714285714,1,150.752,4996,4927,0.5333333333333333,0.00028025623349313563,4,7
"[31.0757,78.2043], [8.506699999999999,37.1517], 0.0, 0.0, 0.0","ai_training_hours, task_automation_rate, industry_Agriculture, industry_Consulting, industry_Finance",1.0,0.00045182066995894555,0.21428571428571427,1,186.94652928,4996,4927,0.3333333333333333,0.00031359124604469547,3,14
"[-0.019600000000000006,0.2576], 0.0, 0.0, 0.0, 0.0","ai_maturity_score, industry_Agriculture, industry_Education, industry_Finance, industry_Technology",0.0,0.048282842081079885,0.5454545454545454,1,171.9641856,4985,4929,0.3333333333333333,0.0003196908495540392,6,11
"[10.01585,54.48415], [21.86665,32.36065], 0.0, 0.0, 0.0, 0.0, 0.0","ai_adoption_rate, ai_failure_rate, industry_Education, industry_Finance, industry_Logistics, industry_Retail, industry_Technology",1.0,0.02094302882090425,0.46153846153846156,1,146.95778611199998,4953,4931,0.4666666666666667,0.000273202581844612,6,13
"[-6.396900000000002,49.3769], [0.047899999999999984,0.2586], [-0.7609000000000012,32.4609], [12.1936,28.1264], 1.0, 0.0, 0.0, 0.0, 0.0, 0.0","ai_adoption_rate, ai_maturity_score, ai_training_hours, task_automation_rate, ai_adoption_stage, industry_Agriculture, industry_Consulting, industry_Healthcare, industry_Manufacturing, industry_Technology",0.0,0.13168724279835387,0.6666666666666666,1,154.33333333333334,4983,4934,0.6666666666666666,0.0002869141285186306,2,3
"[0.010765248771152397,0.2481], [31.3606,41.581649999999996], [-0.8143499999999992,25.574350000000003], 0.0, 0.0, 0.0, 0.0, 0.0","ai_maturity_score, ai_failure_rate, task_automation_rate, industry_Agriculture, industry_Consulting, industry_Healthcare, industry_Logistics, industry_Retail",0.0,0.2373046875,0.75,1,253.25,4985,4934,0.5333333333333333,0.00047080563529596024,3,4
"[30.83395,59.27935000000001], [7.8767499999999995,20.423293544071317], 2.0, 0.0, 0.0, 0.0, 0.0, 0.0","ai_adoption_rate, task_automation_rate, ai_adoption_stage, industry_Education, industry_Healthcare, industry_Logistics, industry_Manufacturing, industry_Retail",1.0,0.0,0.0,1,140.5,4939,4939,0.5333333333333333,0.00026119720339223064,0,4
"[21.195149999999998,43.54485], 2.0, 0.0, 0.0, 0.0, 0.0, 0.0","ai_failure_rate, ai_adoption_stage, industry_Education, industry_Finance, industry_Healthcare, industry_Retail, industry_Technology",1.0,0.03125,0.5,1,138.95999999999998,4939,4939,0.4666666666666667,0.00025833425895647235,3,6
"[52.424749015196056,80.9662], [0.27879999999999994,0.6792], [15.70035,49.059650000000005], 0.0, 0.0, 0.0","ai_adoption_rate, ai_maturity_score, task_automation_rate, industry_Consulting, industry_Finance, industry_Manufacturing",2.0,0.3276800000000001,0.8,1,256.2,4980,4941,0.4,0.00047628984703978284,4,5
"[0.29674999999999996,0.7958500000000001], 2.0, 0.0, 0.0","ai_maturity_score, ai_adoption_stage, industry_Finance, industry_Retail",2.0,0.16291487262254356,0.6956521739130435,1,195.71371698109766,4995,4941,0.26666666666666666,0.0003339645993288722,16,23
"[0.32235,0.7958500000000001], 0.0, 0.0, 0.0, 0.0, 0.0, 1.0","ai_maturity_score, industry_Agriculture, industry_Consulting, industry_Finance, industry_Healthcare, industry_Retail, industry_Technology",2.0,1.0,1.0,1,234.0,4947,4947,0.4666666666666667,0.00043501882984898197,4,4
"[-9.96865,11.888649999999998], [12.95835,51.0951], 1.0, 0.0, 0.0, 0.0, 0.0","ai_adoption_rate, ai_failure_rate, ai_adoption_stage, industry_Consulting, industry_Education, industry_Manufacturing, industry_Technology",0.0,0.1,1.0,1,264.2764110413824,4951,4951,0.4666666666666667,0.0004913043379825246,0,0
"1.0, 0.0, 0.0, 0.0, 0.0","industry_Consulting, industry_Healthcare, industry_Manufacturing, industry_Retail, industry_Technology",1.0,0.0,0.0,1,169.8,4953,4953,0.3333333333333333,0.00031566750986477415,0,5
"[21.195149999999998,43.54485], [2.270999999999999,25.448999999999998], 0.0, 1.0, 0.0, 0.0, 0.0, 0.0, 0.0","ai_failure_rate, ai_training_hours, industry_Agriculture, industry_Consulting, industry_Education, industry_Healthcare, industry_Logistics, industry_Retail, industry_Technology",1.0,0.0,0.0,1,237.0,4953,4953,0.6,0.00044059599433422537,0,1
"[0.08915000000000001,0.5588500000000001], [22.35583127417042,35.572100000000006], 0.0, 0.0, 0.0, 0.0, 0.0","ai_maturity_score, ai_training_hours, industry_Education, industry_Healthcare, industry_Logistics, industry_Manufacturing, industry_Technology",1,0.03125,0.5,1,187.16,4993,4960,0.4666666666666667,0.00034794070168604903,3,6
"[12.95835,51.0951], 2.0, 0.0, 0.0, 0.0","ai_failure_rate, ai_adoption_stage, industry_Agriculture, industry_Logistics, industry_Technology",0.0,3.0517578125e-05,0.125,1,157.552975007744,4970,4963,0.3333333333333333,0.0002838613474916706,2,16
"[0.40175,0.69965], [38.5295,65.5705], [15.70035,39.044225178833045], 2.0, 0.0, 0.0, 0.0, 0.0, 0.0","ai_maturity_score, ai_training_hours, task_automation_rate, ai_adoption_stage, industry_Agriculture, industry_Consulting, industry_Finance, industry_Healthcare, industry_Manufacturing",0,0.0,0.0,1,260.0,4967,4967,0.6,0.0005282635149345587,0,1
"[0.40175,0.69965], [38.5295,65.5705], [15.70035,49.059650000000005], 2.0, 0.0, 0.0, 0.0, 0.0, 0.0, 0.0","ai_maturity_score, ai_training_hours, task_automation_rate, ai_adoption_stage, industry_Agriculture, industry_Consulting, industry_Finance, industry_Healthcare, industry_Manufacturing, industry_Technology",0,0.0,0.0,1,260.0,4967,4967,0.6666666666666666,0.0005282635149345587,0,1
"0.0, 0.0","industry_Agriculture, industry_Retail",2.0,0.03125,0.5,1,189.17099033263156,4995,4968,0.13333333333333333,0.00441801684819991,12,24
"[24.7136,97.54473258016596], 0.0, 0.0, 0.0","ai_training_hours, industry_Consulting, industry_Finance, industry_Retail",2.0,0.3666478320532007,0.8181818181818182,1,181.3572096,4995,4968,0.26666666666666666,0.0003006026813713756,9,11
"[-0.7609000000000012,27.8136], 0.0, 0.0, 0.0, 0.0, 0.0, 1.0, 0.0","ai_training_hours, industry_Agriculture, industry_Consulting, industry_Healthcare, industry_Logistics, industry_Manufacturing, industry_Retail, industry_Technology",0.0,1.0,1.0,1,192.0,4972,4970,0.5333333333333333,0.00035693852705557497,2,2
"[28.5228,62.5172], [8.6556,44.5044], 2.0, 0.0, 1.0, 0.0, 0.0","ai_training_hours, task_automation_rate, ai_adoption_stage, industry_Finance, industry_Healthcare, industry_Manufacturing, industry_Retail",2.0,1.0,1.0,1,184.5,4980,4971,0.4666666666666667,0.00034299561584246656,2,2
"[0.23365,0.62635], [28.5228,65.5705], 2.0, 0.0, 1.0, 0.0, 0.0","ai_maturity_score, ai_training_hours, ai_adoption_stage, industry_Consulting, industry_Healthcare, industry_Logistics, industry_Manufacturing",2.0,1.0,1.0,1,184.5,4980,4971,0.4666666666666667,0.00034299561584246656,2,2
"[-0.7609000000000012,27.8136], [0.3540499999999991,30.725949999999997], 0.0, 0.0, 0.0, 0.0, 1.0, 0.0","ai_training_hours, task_automation_rate, industry_Consulting, industry_Healthcare, industry_Logistics, industry_Manufacturing, industry_Retail, industry_Technology",0.0,1.0,1.0,1,180.0,4972,4972,0.5333333333333333,0.00033462986911460155,1,1
"[-0.7609000000000012,27.8136], 0.0, 0.0, 0.0, 0.0, 1.0, 0.0","ai_training_hours, industry_Agriculture, industry_Consulting, industry_Healthcare, industry_Manufacturing, industry_Retail, industry_Technology",0.0,1.0,1.0,1,180.0,4972,4972,0.4666666666666667,0.00033462986911460155,1,1
"[-12.504700000000005,45.651300000000006], [-8.9622,8.9622], 0.0, 0.0, 0.0, 0.0","ai_training_hours, task_automation_rate, industry_Education, industry_Logistics, industry_Manufacturing, industry_Retail",0.0,0.13168724279835387,0.6666666666666666,1,235.66666666666666,4976,4976,0.4,0.00043811725456300606,2,3
"[13.682300000000001,45.3377], [-0.12080000000000005,0.40280000000000005], [-2.489065571178026,8.9622], 0.0, 0.0, 0.0","ai_adoption_rate, ai_maturity_score, task_automation_rate, industry_Education, industry_Logistics, industry_Retail",0.0,1.0,1.0,1,193.0,4976,4976,0.4,0.0003587975818839894,2,2
"[24.7136,62.5172], 2.0, 0.0, 1.0, 0.0, 0.0","ai_training_hours, ai_adoption_stage, industry_Finance, industry_Healthcare, industry_Logistics, industry_Manufacturing",2.0,0.1,1.0,1,209.5,4980,4980,0.4,0.0003894719865528279,0,0
"[52.424749015196056,80.9662], [0.29674999999999996,0.64325], [25.46255,40.89745], 2.0, 0.0, 0.0, 1.0, 0.0","ai_adoption_rate, ai_maturity_score, task_automation_rate, ai_adoption_stage, industry_Consulting, industry_Finance, industry_Healthcare, industry_Manufacturing",2.0,0.1,1.0,1,209.29936128,4980,4980,0.5333333333333333,0.000389098988171645,0,0
"[-6.396900000000002,18.25495], [12.95835,51.0951], [12.1936,28.1264], 1.0, 0.0, 0.0","ai_adoption_rate, ai_failure_rate, task_automation_rate, ai_adoption_stage, industry_Agriculture, industry_Technology",0.0,1.0,1.0,1,180.0,4983,4983,0.4,0.00033462986911460155,1,1
"[-9.96865,49.3769], [-0.2695,0.2695], [-0.7609000000000012,32.4609], 1.0, 0.0, 0.0, 0.0, 0.0, 0.0","ai_adoption_rate, ai_maturity_score, ai_training_hours, ai_adoption_stage, industry_Agriculture, industry_Consulting, industry_Healthcare, industry_Logistics, industry_Manufacturing",0.0,1.0,1.0,1,180.0,4983,4983,0.6,0.00033462986911460155,1,1
"[26.784899999999997,51.0951], 0.0, 0.0, 0.0, 0.0, 0.0, 0.0, 0.0","ai_failure_rate, ai_adoption_stage, industry_Agriculture, industry_Consulting, industry_Education, industry_Healthcare, industry_Logistics, industry_Technology",0.0,0.0,0.0,1,254.0,4985,4985,0.5333333333333333,0.00047219992641727105,0,1
"[-9.96865,11.888649999999998], [0.047899999999999984,0.2481], 0.0, 0.0, 0.0, 0.0, 0.0","ai_adoption_rate, ai_maturity_score, industry_Consulting, industry_Education, industry_Healthcare, industry_Logistics, industry_Retail",0.0,0.09195369064892465,0.9827586206896552,1,214.19832284345685,4985,4985,0.4666666666666667,0.0003982064263204063,0,0
"[30.83395,56.00635], [21.195149999999998,32.45335], [12.27045,26.709549999999997], 0.0, 0.0, 0.0, 0.0, 0.0, 0.0","ai_adoption_rate, ai_failure_rate, task_automation_rate, industry_Agriculture, industry_Education, industry_Healthcare, industry_Logistics, industry_Manufacturing, industry_Technology",1.0,1.0,1.0,1,175.0,4993,4986,0.6,0.0003253345949725293,1,1
"[32.229549999999996,75.19045], [0.32235,0.69965], [11.67355,30.886450000000004], [38.5295,65.5705], [15.70035,49.059650000000005], 2.0, 0.0, 0.0, 0.0, 0.0","ai_adoption_rate, ai_maturity_score, ai_failure_rate, ai_training_hours, task_automation_rate, ai_adoption_stage, industry_Agriculture, industry_Finance, industry_Manufacturing, industry_Technology",2.0,1.0,1.0,1,260.0,4988,4988,0.6666666666666666,0.000346991570260247,1,1
"[30.83395,52.035650000000004], [0.06274999999999997,0.56325], [0.46860000000000035,27.1314], [7.8767499999999995,25.30325], 2.0, 0.0, 0.0, 0.0, 0.0, 0.0, 0.0, 1.0","ai_adoption_rate, ai_maturity_score, ai_failure_rate, task_automation_rate, ai_adoption_stage, industry_Agriculture, industry_Consulting, industry_Education, industry_Finance, industry_Logistics, industry_Manufacturing, industry_Retail",1.0,0.02373046875,0.75,2,180.02885895009956,4992,4992,0.8,0.0006693670389702542,0,0
"[21.195149999999998,43.54485], [12.27045,26.709549999999997], 0.0, 0.0, 0.0, 0.0, 0.0, 0.0, 0.0","ai_failure_rate, task_automation_rate, industry_Agriculture, industry_Education, industry_Healthcare, industry_Logistics, industry_Manufacturing, industry_Retail, industry_Technology",1.0,0.05814574363112718,0.8478260869565217,1,178.88440195092403,4993,4993,0.6,0.0003325559111748971,0,0
"[30.83395,56.00635], [21.195149999999998,32.45335], [21.789899999999996,42.6501], [12.27045,26.709549999999997], 0.0, 0.0, 0.0, 0.0, 0.0, 0.0","ai_adoption_rate, ai_failure_rate, ai_training_hours, task_automation_rate, industry_Consulting, industry_Education, industry_Healthcare, industry_Logistics, industry_Manufacturing, industry_Technology",1.0,0.05814574363112718,0.8478260869565217,1,175.0,4993,4993,0.6666666666666666,0.0003253345949725293,0,0
"[52.424749015196056,80.9662], [2.0916999999999994,20.1283], [18.52615,49.89385], 0.0, 0.0, 0.0, 0.0","ai_adoption_rate, ai_failure_rate, task_automation_rate, industry_Consulting, industry_Finance, industry_Healthcare, industry_Retail",2.0,0.06634561826800676,0.9210439560439561,1,240.57162042010253,4995,4995,0.4666666666666667,0.0004472358325214806,0,0
"[52.424749015196056,80.9662], [0.29674999999999996,0.7958500000000001], [24.7136,65.5705], 2.0, 0.0, 0.0, 0.0, 0.0","ai_adoption_rate, ai_maturity_score, ai_training_hours, ai_adoption_stage, industry_Consulting, industry_Finance, industry_Healthcare, industry_Retail",2.0,0.06634561826800676,0.9210439560439561,1,242.34279242884628,4995,4995,0.5333333333333333,0.0004505285383962882,0,0
"[0.40175,0.7786500000000001], [12.2485,24.011499999999998], [14.248299999999999,37.1517], 0.0, 0.0, 0.0, 0.0","ai_maturity_score, ai_failure_rate, task_automation_rate, industry_Agriculture, industry_Consulting, industry_Finance, industry_Retail",1,0.0,0.0,1,260.0,4996,4996,0.4666666666666667,0.0003610525961722262,0,1
"[0.24734999999999996,0.59425], [31.0757,78.2043], 2.0, 0.0, 0.0, 1.0, 0.0, 0.0","ai_maturity_score, ai_training_hours, ai_adoption_stage, industry_Consulting, industry_Finance, industry_Manufacturing, industry_Retail, industry_Technology",1.0,0.005086283299437538,0.4943181818181818,1,176.5696,4996,4996,0.5333333333333333,0.0003282525674312086,0,0
