Specified Values,Specified Attribute Names,productivity_class,Fitness,Accuracy,Numerosity,Avg Match Set Size,TimeStamp GA,Iteration Initialized,Specificity,Deletion Probability,Correct Count,Match Count
"[33.6512,69.8288], [0.3344,0.6115999999999999], [21.380899999999993,65.4191], [16.376150000000003,47.74385], 2.0","ai_adoption_rate, ai_maturity_score, ai_training_hours, task_automation_rate, ai_adoption_stage",2.0,0.10302603130950073,0.6347305389221557,4,337.2456618469955,4995,0,0.7142857142857143,,1060,1670
"[0.05634999999999998,0.43365], [20.509349999999998,41.29065], [10.24675,27.673250000000003], 3.0, 6.0","ai_maturity_score, ai_failure_rate, task_automation_rate, ai_adoption_stage, industry",1.0,0.007755888519600925,0.3783783783783784,1,412.3789928732166,4858,1,0.7142857142857143,,70,185
"[-7.064399999999999,28.784399999999998]",task_automation_rate,0.0,0.007778919893964628,0.3786028334147533,4,348.01825850712584,4985,2,0.14285714285714285,,1550,4094
"[53.952850000000005,83.34715], [2.578500000000001,14.3415], 2.0, 5.0","ai_adoption_rate, ai_failure_rate, ai_adoption_stage, industry",2.0,0.13168724279835387,0.6666666666666666,1,218.16105054208,4926,5,0.5714285714285714,,10,15
"[35.3605,88.1195], [24.771300000000004,62.6287], 2.0, 4.0","ai_adoption_rate, ai_training_hours, ai_adoption_stage, industry",2.0,0.16046629687866054,0.6935483870967742,1,380.6389770269238,4971,6,0.5714285714285714,,215,310
"[-16.1099,40.2899], 1.0","ai_training_hours, industry",1.0,0.024852831656881406,0.47761194029850745,3,385.60564534611296,4953,8,0.2857142857142857,,160,335
"[33.3045,55.9155], [0.22089999999999999,0.42110000000000003], 2.0, 2.0","ai_adoption_rate, ai_maturity_score, ai_adoption_stage, industry",1.0,0.0056254200482578065,0.3548387096774194,1,354.1583810622335,4962,10,0.5714285714285714,,55,155
"[13.23995,68.26005], [0.1243,0.6017], [6.208849999999998,30.91115], [3.6540999999999997,24.5659]","ai_adoption_rate, ai_maturity_score, ai_failure_rate, task_automation_rate",2.0,0.0017858192193906744,0.2820768846729905,1,373.1303478692231,4971,12,0.5714285714285714,,565,2003
"[23.4623,55.1177], [0.23899999999999721,54.321000000000005], [15.932,35.848], 2.0","ai_adoption_rate, ai_training_hours, task_automation_rate, ai_adoption_stage",1.0,0.0076263921390743936,0.37710633352701917,1,361.4412575121637,4986,14,0.5714285714285714,,649,1721
4.0,industry,2.0,0.007569620421234069,0.3765432098765432,1,381.52239963409716,4971,19,0.14285714285714285,,244,648
"[0.2317,0.5243], [4.13095,28.04905], [0.0461500000000008,31.41385], 2.0, 0.0","ai_maturity_score, ai_failure_rate, task_automation_rate, ai_adoption_stage, industry",1.0,0.03597678110311178,0.5142857142857142,3,338.3449723765915,4906,23,0.7142857142857143,,90,175
"[55.316950000000006,95.26305], [0.6535,0.8845000000000001], [-2.8901499999999993,13.97015], [33.0475,90.9925], [21.091450000000002,45.48855]","ai_adoption_rate, ai_maturity_score, ai_failure_rate, ai_training_hours, task_automation_rate",2.0,1.0,1.0,2,181.906118081376,4935,25,0.7142857142857143,,44,44
"[-9.759500000000003,42.999500000000005], [-11.345800000000002,39.6458], [-5.9933499999999995,30.35335], 3.0, 2.0","ai_adoption_rate, ai_training_hours, task_automation_rate, ai_adoption_stage, industry",1.0,0.011267781618610667,0.40772532188841204,1,339.537409585167,4899,27,0.7142857142857143,,95,233
"[-7.064399999999999,33.97754313420566]",task_automation_rate,0.0,0.00462218066276952,0.3411688591761915,2,334.8170817391659,4985,28,0.14285714285714285,,1582,4637
"[0.21650000000000003,0.4475], [21.1584,45.881600000000006], [23.645650000000003,50.03435], 2.0","ai_maturity_score, ai_training_hours, task_automation_rate, ai_adoption_stage",1.0,0.007415771484375,0.375,1,364.48078992819876,4986,30,0.5714285714285714,,198,528
"[7.0532499999999985,48.506750000000004], [0.08200000000000002,0.544], [2.3619999999999983,48.718], [6.383049999999999,26.796950000000002]","ai_adoption_rate, ai_maturity_score, ai_training_hours, task_automation_rate",1.0,0.01306125307906736,0.41994940368630285,3,367.02740339589366,4991,36,0.5714285714285714,,1162,2767
"[11.145299999999995,57.874700000000004], 6.0","ai_adoption_rate, industry",2.0,0.006234053910552912,0.36220472440944884,1,381.73389537438294,4968,43,0.2857142857142857,,184,508
"[29.208450000000003,76.69155]",ai_adoption_rate,2.0,0.022137335977655652,0.466686320754717,3,333.85363563152555,4995,47,0.14285714285714285,,1583,3392
"[35.3605,88.1195], [0.1986,0.6914], [24.771300000000004,62.6287], [11.3777,48.222300000000004], 2.0, 4.0","ai_adoption_rate, ai_maturity_score, ai_training_hours, task_automation_rate, ai_adoption_stage, industry",2.0,0.16446348194331412,0.696969696969697,1,380.647954242049,4971,47,0.8571428571428571,,207,297
"[1.91695,41.86305], 3.0, 0.0","ai_adoption_rate, ai_adoption_stage, industry",1.0,0.010240000000000003,0.4,1,348.5845295945258,4922,50,0.42857142857142855,,80,200
"[-7.064399999999999,33.97754313420566]",task_automation_rate,2,0.002559941528049048,0.30314192849404115,2,334.8170817391659,4997,53,0.14285714285714285,,1399,4615
"[44.24765,67.61235], [12.751949999999999,28.828049999999998], [31.5365,66.3035], 2.0, 8.0","ai_adoption_rate, ai_failure_rate, ai_training_hours, ai_adoption_stage, industry",1.0,0.0006063684795499561,0.22727272727272727,1,288.0346543585715,4420,57,0.7142857142857143,,45,198
"[13.4223,45.0777], [0.16209999999999997,0.5779000000000001], [19.9478,37.8722], 3.0, 7.0","ai_adoption_rate, ai_maturity_score, task_automation_rate, ai_adoption_stage, industry",1.0,0.04158799090330928,0.5294117647058824,1,361.0347845033093,4449,70,0.7142857142857143,,45,85
"[7.0532499999999985,48.506750000000004], [0.2223727183015913,0.544], [2.3619999999999983,48.718], [6.383049999999999,26.796950000000002]","ai_adoption_rate, ai_maturity_score, ai_training_hours, task_automation_rate",1.0,0.01990483122878081,0.45686900958466453,1,372.34325311388835,4986,77,0.5714285714285714,,1001,2191
"[7.0532499999999985,48.506750000000004], [0.08200000000000002,0.43365], [20.509349999999998,41.29065], [2.3619999999999983,48.718], [6.383049999999999,27.673250000000003], 6.0","ai_adoption_rate, ai_maturity_score, ai_failure_rate, ai_training_hours, task_automation_rate, industry",1.0,0.005855284516709176,0.3576923076923077,1,413.0727911351977,4858,85,0.8571428571428571,,93,260
"[0.05634999999999998,0.544], 3.0, 6.0","ai_maturity_score, ai_adoption_stage, industry",1.0,0.013363461010158062,0.421875,3,402.21692842905895,4858,85,0.42857142857142855,,108,256
"[23.4623,55.1177], 2.0","ai_adoption_rate, ai_adoption_stage",1.0,0.008565231899014413,0.38596491228070173,1,355.7062014701977,4986,88,0.2857142857142857,,836,2166
"[0.21650000000000003,0.4475], [0.23899999999999721,54.321000000000005], 2.0","ai_maturity_score, ai_training_hours, ai_adoption_stage",1.0,0.014315676148863116,0.4277227722772277,1,357.9745155164316,4986,88,0.42857142857142855,,648,1515
"[33.6512,69.8288], [0.3344,0.6115999999999999], [21.380899999999993,95.53391011874217], [16.376150000000003,47.74385], 2.0","ai_adoption_rate, ai_maturity_score, ai_training_hours, task_automation_rate, ai_adoption_stage",2.0,0.10201179392075584,0.6334758704948076,1,337.2456618469955,4995,90,0.7142857142857143,,1037,1637
"[-9.759500000000003,42.999500000000005], [-11.345800000000002,39.6458], [-5.9933499999999995,30.35335], 2.0","ai_adoption_rate, ai_training_hours, task_automation_rate, industry",1.0,0.010533390744340298,0.40226628895184136,1,330.5320614369367,4962,92,0.5714285714285714,,142,353
"[-7.064399999999999,33.97754313420566]",task_automation_rate,1,0.005728401633141616,0.356128468429102,2,334.8170817391659,4991,93,0.14285714285714285,,1630,4577
"[-7.064399999999999,33.97754313420566], 6.0","task_automation_rate, industry",2,0.0023286994416661664,0.2974559686888454,1,355.4188756129811,4968,93,0.2857142857142857,,152,511
"[-0.05150000000000002,0.48750000000000004], [-7.064399999999999,28.784399999999998]","ai_maturity_score, task_automation_rate",0.0,0.012660196022518088,0.4173381494859683,5,356.587565942491,4985,116,0.2857142857142857,,1502,3599
"[0.21650000000000003,0.4475], 2.0, 1.0","ai_maturity_score, ai_adoption_stage, industry",1.0,0.015121375320419057,0.43243243243243246,1,351.5108043152442,4939,119,0.42857142857142855,,48,111
"[21.20695,61.15305], [-16.1099,54.321000000000005]","ai_adoption_rate, ai_training_hours",1.0,0.008971922997154535,0.38956246705324193,1,341.8823699452013,4991,119,0.2857142857142857,,1478,3794
"[9.43545,41.84455], [-7.064399999999999,28.784399999999998]","ai_adoption_rate, task_automation_rate",0.0,0.01882950986709796,0.45182244677011907,4,364.5497037330052,4972,141,0.2857142857142857,,1252,2771
"[-0.05150000000000002,0.48750000000000004]",ai_maturity_score,0.0,0.00736742894075889,0.37450980392156863,5,356.5033159611839,4985,141,0.14285714285714285,,1528,4080
"[33.6512,76.69155], [0.3344,0.6115999999999999], 2.0","ai_adoption_rate, ai_maturity_score, ai_adoption_stage",2.0,0.06550039669047886,0.5797607178464607,1,334.27274267331734,4995,161,0.42857142857142855,,1163,2006
"[29.208450000000003,69.8288], [21.380899999999993,95.53391011874217], [16.376150000000003,47.74385], 5.0","ai_adoption_rate, ai_training_hours, task_automation_rate, industry",2.0,0.04786299383118741,0.5445026178010471,1,351.30380420988405,4926,161,0.5714285714285714,,104,191
"[23.4623,48.506750000000004], [0.23899999999999721,54.321000000000005], [15.932,26.796950000000002]","ai_adoption_rate, ai_training_hours, task_automation_rate",1.0,0.017183042421164585,0.44362908605737156,1,381.15751047185836,4986,181,0.42857142857142855,,665,1499
"[7.0532499999999985,55.1177], [0.2223727183015913,0.544], [6.383049999999999,35.848], 2.0","ai_adoption_rate, ai_maturity_score, task_automation_rate, ai_adoption_stage",1.0,0.011262645220185045,0.40768814293448835,2,356.67718456745223,4986,181,0.5714285714285714,,753,1847
"[33.6512,57.874700000000004], 2.0","ai_adoption_rate, ai_adoption_stage",1,0.006979923986087481,0.37048458149779734,1,340.2230355786843,4986,186,0.2857142857142857,,841,2270
"[11.145299999999995,76.69155], [0.3344,0.6115999999999999], 6.0","ai_adoption_rate, ai_maturity_score, industry",2.0,0.11199701951694305,0.6454183266932271,3,345.5215695371245,4995,186,0.42857142857142855,,162,251
"[-9.759500000000003,42.999500000000005], [-11.345800000000002,39.6458], 2.0","ai_adoption_rate, ai_training_hours, industry",1,0.010021826190822342,0.3982808022922636,1,330.5320562581038,4962,195,0.42857142857142855,,139,349
"[9.43545,41.84455], [-0.05150000000000002,0.48750000000000004], [-7.064399999999999,28.784399999999998]","ai_adoption_rate, ai_maturity_score, task_automation_rate",0.0,0.020473329028462443,0.45944940476190477,4,364.57081694112856,4972,196,0.42857142857142855,,1235,2688
"[1.91695,61.15305], 0.0","ai_adoption_rate, industry",1.0,0.009448641087050133,0.39361702127659576,1,331.97834551551455,4922,202,0.2857142857142857,,185,470
"[21.20695,41.86305], [-16.1099,54.321000000000005], 3.0","ai_adoption_rate, ai_training_hours, ai_adoption_stage",1.0,0.013811576563951385,0.424667133847232,1,372.4481980654364,4991,202,0.42857142857142855,,606,1427
"[0.05634999999999998,0.43365], [20.509349999999998,44.59814256587759], [-1.5602000000000018,40.1602], [10.24675,27.673250000000003], 3.0, 6.0","ai_maturity_score, ai_failure_rate, ai_training_hours, task_automation_rate, ai_adoption_stage, industry",1.0,0.007008412671360155,0.3707865168539326,1,412.3789928732166,4858,212,0.8571428571428571,,66,178
"[0.05634999999999998,0.43365], [20.509349999999998,41.29065], [10.24675,27.673250000000003], 6.0","ai_maturity_score, ai_failure_rate, task_automation_rate, industry",1.0,0.0042020423995334216,0.33472803347280333,1,403.33143154767487,4858,212,0.5714285714285714,,80,239
"[0.21650000000000003,0.4475], [0.23899999999999721,34.056668086256195], 5.0","ai_maturity_score, ai_training_hours, industry",1.0,0.0071669428904160845,0.37244897959183676,1,393.87650100413236,4226,226,0.42857142857142855,,73,196
"[0.21650000000000003,0.4475], [0.23899999999999721,54.321000000000005]","ai_maturity_score, ai_training_hours",1.0,0.01619864377634956,0.4384254243409173,2,346.82635745678135,4986,226,0.2857142857142857,,1214,2769
"[9.43545,41.84455], [-0.05150000000000002,0.48750000000000004]","ai_adoption_rate, ai_maturity_score",0.0,0.01636544780819856,0.4393246570524094,2,361.58906339301484,4972,229,0.2857142857142857,,1249,2843
"[0.21650000000000003,0.4475], [0.23899999999999721,54.321000000000005], [33.58045,48.019549999999995]","ai_maturity_score, ai_training_hours, task_automation_rate",1.0,0.001742712053119225,0.2807017543859649,1,243.4589642106027,4508,231,0.42857142857142855,,32,114
"[35.3605,88.1195], 2.0, 4.0","ai_adoption_rate, ai_adoption_stage, industry",1,0.0008982705894755817,0.24585635359116023,1,383.20078395604224,4815,239,0.42857142857142855,,89,362
"[35.3605,88.1195], [24.771300000000004,62.6287], [22.4446,48.3354], 2.0, 4.0","ai_adoption_rate, ai_training_hours, task_automation_rate, ai_adoption_stage, industry",2.0,0.4182119423999999,0.84,3,385.00798210758546,4971,239,0.7142857142857143,,147,175
"[21.20695,45.0777], [0.16209999999999997,0.5779000000000001], [19.9478,37.8722], 3.0","ai_adoption_rate, ai_maturity_score, task_automation_rate, ai_adoption_stage",1.0,0.02301259261373062,0.4703196347031963,2,381.2176016322169,4991,247,0.5714285714285714,,206,438
"[13.4223,41.86305], [-16.1099,54.321000000000005], 3.0, 7.0","ai_adoption_rate, ai_training_hours, ai_adoption_stage, industry",1.0,0.002522035086931808,0.30223880597014924,1,379.3405878090066,4894,247,0.5714285714285714,,81,268
"[29.208450000000003,69.8288], [21.380899999999993,95.53391011874217]","ai_adoption_rate, ai_training_hours",2,0.037949416656708056,0.5198056801195815,1,334.1138513754725,4995,252,0.2857142857142857,,1391,2676
"[-7.064399999999999,47.74385], 5.0","task_automation_rate, industry",2.0,0.0032552722286176947,0.31806615776081426,1,349.9448754154346,4926,252,0.2857142857142857,,125,393
"[9.43545,41.84455], [6.625700000000002,53.7543], [-7.064399999999999,28.784399999999998]","ai_adoption_rate, ai_training_hours, task_automation_rate",0.0,0.013632134473214668,0.4235578862444534,2,364.56094849511936,4972,256,0.42857142857142855,,1050,2479
"[29.208450000000003,76.69155], [19.768,35.452]","ai_adoption_rate, ai_failure_rate",2.0,0.007546536913808435,0.3763132760267431,1,354.9573554402253,4968,278,0.2857142857142857,,788,2094
"[-2.8901499999999993,13.97015], [24.771300000000004,90.9925], [21.091450000000002,45.48855]","ai_failure_rate, ai_training_hours, task_automation_rate",2.0,0.5465210983945302,0.8861788617886179,2,275.89359774415516,4995,279,0.42857142857142855,,218,246
"[35.3605,95.26305], [0.6535,0.8845000000000001], 2.0, 4.0","ai_adoption_rate, ai_maturity_score, ai_adoption_stage, industry",2.0,1.0,1.0,1,135.2640149504,4355,279,0.5714285714285714,,14,14
"[-16.1099,40.2899]",ai_training_hours,1.0,0.007938544599299364,0.3801440329218107,2,341.7023855141943,4991,281,0.14285714285714285,,1478,3888
"[20.6638,37.9162], [-16.1099,40.2899], 1.0","ai_failure_rate, ai_training_hours, industry",1.0,0.04132310010397203,0.5287356321839081,2,395.0772920836697,4953,281,0.42857142857142855,,138,261
"[21.20695,41.86305], [-16.1099,54.321000000000005], 3.0","ai_adoption_rate, ai_training_hours, ai_adoption_stage",0,0.016416743262699898,0.4395997140814868,2,372.4481980654364,4972,305,0.42857142857142855,,615,1399
"[9.43545,41.84455], [6.625700000000002,53.7543], [-7.064399999999999,28.784399999999998], 4.0","ai_adoption_rate, ai_training_hours, task_automation_rate, industry",0.0,0.005810451002558458,0.35714285714285715,1,406.4706877612234,4685,311,0.5714285714285714,,120,336
"[33.6512,76.69155], [0.3344,0.6115999999999999], [16.376150000000003,47.74385], 2.0","ai_adoption_rate, ai_maturity_score, task_automation_rate, ai_adoption_stage",2.0,0.09311830104175466,0.6220238095238095,1,337.84729974502795,4995,317,0.5714285714285714,,1045,1680
"[33.6512,69.8288], [0.3344,0.6115999999999999], [21.380899999999993,65.4191], 2.0","ai_adoption_rate, ai_maturity_score, ai_training_hours, ai_adoption_stage",2.0,0.0726744368635101,0.5919381557150746,1,333.7901917485275,4995,317,0.5714285714285714,,1072,1811
"[0.11349999999999999,0.6525000000000001], [-16.1099,54.321000000000005]","ai_maturity_score, ai_training_hours",1.0,0.006058104332249151,0.3601366742596811,1,332.2337638601174,4991,319,0.2857142857142857,,1581,4390
"[21.20695,61.15305], [0.21650000000000003,0.4475]","ai_adoption_rate, ai_maturity_score",1.0,0.019310234184698034,0.45410628019323673,2,359.9924961699741,4986,319,0.2857142857142857,,1128,2484
"[1.91695,61.15305], [0.11349999999999999,0.6525000000000001], [-16.1099,78.84979737619986], 0.0","ai_adoption_rate, ai_maturity_score, ai_training_hours, industry",1.0,0.010126976825092355,0.3991130820399113,1,331.97837303495896,4922,333,0.5714285714285714,,180,451
"[9.43545,41.84455], [3.048799999999998,30.931199999999997]","ai_adoption_rate, task_automation_rate",0.0,0.013566723425692933,0.4231506324262169,1,365.152135540226,4972,336,0.2857142857142857,,1104,2609
"[-0.05150000000000002,0.48750000000000004], [6.625700000000002,53.7543], [-7.064399999999999,28.784399999999998]","ai_maturity_score, ai_training_hours, task_automation_rate",0.0,0.007667171421022563,0.3775087607518318,1,361.6871741096196,4972,336,0.42857142857142855,,1185,3139
"[11.145299999999995,76.69155], [0.3344,0.6115999999999999], 2.0, 6.0","ai_adoption_rate, ai_maturity_score, ai_adoption_stage, industry",2.0,0.16317746907449107,0.6958762886597938,2,343.0245964950459,4995,353,0.5714285714285714,,135,194
"[21.380899999999993,65.4191], [16.376150000000003,47.74385]","ai_training_hours, task_automation_rate",0,2.7628616275446314e-05,0.12253829321663019,1,335.5877186036304,4963,353,0.2857142857142857,,280,2285
"[7.0532499999999985,48.506750000000004], 6.0","ai_adoption_rate, industry",1.0,0.004869440048253018,0.34474327628361856,1,386.7194047625608,4858,356,0.2857142857142857,,141,409
"[0.05634999999999998,0.544], [20.509349999999998,41.29065], [2.3619999999999983,48.718], [6.383049999999999,27.673250000000003], 3.0","ai_maturity_score, ai_failure_rate, ai_training_hours, task_automation_rate, ai_adoption_stage",1.0,0.011074159511325704,0.40631434454358273,2,362.44218412756334,4991,356,0.7142857142857143,,592,1457
"[9.43545,41.86305], [0.08304999999999998,0.29095000000000004], [-16.1099,54.321000000000005], 3.0","ai_adoption_rate, ai_maturity_score, ai_training_hours, ai_adoption_stage",0.0,0.10547277826787801,0.6377171215880894,10,364.5008861816283,4972,358,0.5714285714285714,,771,1209
"[21.20695,41.84455], [-7.064399999999999,28.784399999999998]","ai_adoption_rate, task_automation_rate",0,0.00784495506898296,0.3792434529582929,1,370.07903506716343,4972,358,0.2857142857142857,,782,2062
"[21.20695,61.15305], [-16.1099,54.321000000000005], 8.0","ai_adoption_rate, ai_training_hours, industry",1.0,0.005034421926333292,0.3470483005366726,1,336.03855012799477,4748,366,0.42857142857142855,,194,559
"[9.43545,41.86305], [0.08304999999999998,0.29095000000000004], [-16.1099,54.321000000000005]","ai_adoption_rate, ai_maturity_score, ai_training_hours",0.0,0.09412819511938476,0.6233671988388969,7,362.6147261642221,4972,412,0.42857142857142855,,859,1378
"[16.376150000000003,47.74385]",task_automation_rate,2.0,0.02189724582035288,0.46566961250849764,1,336.2559592674827,4997,413,0.14285714285714285,,1370,2942
"[33.6512,76.69155], [0.3344,0.6115999999999999], [-2.8901499999999993,13.97015], [24.771300000000004,90.9925], 2.0","ai_adoption_rate, ai_maturity_score, ai_failure_rate, ai_training_hours, ai_adoption_stage",2.0,0.2715439396649689,0.7704918032786885,1,281.0225901535488,4995,413,0.7142857142857143,,141,183
"[6.383049999999999,26.796950000000002], 6.0","task_automation_rate, industry",2,0.0007022215225291563,0.23404255319148937,1,358.2272645600666,4968,416,0.2857142857142857,,77,329
"[7.0532499999999985,48.506750000000004], [0.08200000000000002,0.544], [2.3619999999999983,48.718]","ai_adoption_rate, ai_maturity_score, ai_training_hours",1.0,0.010609381933805211,0.4028450363196126,1,355.92682770512255,4991,416,0.42857142857142855,,1331,3304
"[9.43545,53.39154343545346], [0.08304999999999998,0.29095000000000004], [-16.1099,54.321000000000005]","ai_adoption_rate, ai_maturity_score, ai_training_hours",0.0,0.08558918871692106,0.6116229624379872,1,362.61472519995567,4972,433,0.42857142857142855,,863,1411
"[33.6512,88.1195], [0.3344,0.6914], [21.380899999999993,65.4191], [2.8751499999999997,24.28485], 2.0","ai_adoption_rate, ai_maturity_score, ai_training_hours, task_automation_rate, ai_adoption_stage",2.0,0.01787672215513382,0.44715447154471544,1,372.06862856664503,4971,437,0.7142857142857143,,385,861
"[0.1986,0.6115999999999999], [11.3777,48.222300000000004], 2.0, 4.0","ai_maturity_score, task_automation_rate, ai_adoption_stage, industry",2.0,0.07572451097637584,0.5968253968253968,1,383.59707672137154,4971,437,0.5714285714285714,,188,315
"[-0.05150000000000002,0.48750000000000004], [10.804299999999998,24.1357], 2.0, 6.0","ai_maturity_score, ai_failure_rate, ai_adoption_stage, industry",0.0,0.0006916460905349794,0.23333333333333334,1,364.19279481489247,4910,450,0.5714285714285714,,21,90
"[-7.064399999999999,33.97754313420566], 6.0","task_automation_rate, industry",0.0,0.008706982072297741,0.3872340425531915,1,355.4188756129811,4985,450,0.2857142857142857,,182,470
"[-16.1099,40.2899], 2.0, 1.0","ai_training_hours, ai_adoption_stage, industry",1.0,0.012558674125514407,0.4166666666666667,1,385.33344503898286,4939,454,0.42857142857142855,,45,108
"[0.08304999999999998,0.48750000000000004], [-16.1099,54.321000000000005]","ai_maturity_score, ai_training_hours",0.0,0.0060094752137972015,0.3595566369288997,1,360.5804212975402,4972,462,0.2857142857142857,,1330,3699
"[9.43545,41.86305], [-0.05150000000000002,0.29095000000000004]","ai_adoption_rate, ai_maturity_score",1,0.0037360188920198627,0.32695035460992905,1,362.61471222897296,4991,462,0.2857142857142857,,461,1410
"[34.78765,58.15235], [2.8751499999999997,24.28485], 2.0, 6.0","ai_adoption_rate, task_automation_rate, ai_adoption_stage, industry",2.0,0.03333261677576752,0.5064935064935064,2,348.82910810413546,4805,470,0.5714285714285714,,39,77
"[11.145299999999995,88.1195], [21.380899999999993,65.4191]","ai_adoption_rate, ai_training_hours",2.0,0.023980007795473088,0.47420907840440163,2,332.7476308172724,4995,470,0.2857142857142857,,1379,2908
"[23.4623,48.506750000000004], [0.23899999999999721,54.321000000000005], [15.932,31.41385], 0.0","ai_adoption_rate, ai_training_hours, task_automation_rate, industry",2,0.0010368263163919832,0.25301204819277107,1,355.17165768734327,4997,471,0.5714285714285714,,42,166
"[0.2317,0.5243], [4.13095,28.04905], [0.0461500000000008,26.796950000000002], 2.0","ai_maturity_score, ai_failure_rate, task_automation_rate, ai_adoption_stage",0,0.00021963853945027912,0.1854990583804143,1,376.1864118070119,4910,471,0.5714285714285714,,197,1062
"[21.20695,42.999500000000005], [0.21650000000000003,0.4475], [-11.345800000000002,39.6458], [-5.9933499999999995,30.35335]","ai_adoption_rate, ai_maturity_score, ai_training_hours, task_automation_rate",1.0,0.026350285063496775,0.48323353293413174,3,366.84166757922185,4962,477,0.5714285714285714,,807,1670
"[-9.759500000000003,61.15305], 3.0, 2.0","ai_adoption_rate, ai_adoption_stage, industry",1.0,0.008301868617617007,0.3835616438356164,1,338.70935589643705,4899,477,0.42857142857142855,,84,219
"[9.43545,41.84455], [-0.05150000000000002,0.48750000000000004], [-7.064399999999999,28.784399999999998]","ai_adoption_rate, ai_maturity_score, task_automation_rate",2,5.560108401128049e-05,0.14093428345209819,1,364.57081694112856,4997,493,0.42857142857142855,,356,2526
"[35.3605,88.1195], [22.4446,48.3354], 2.0, 4.0","ai_adoption_rate, task_automation_rate, ai_adoption_stage, industry",2.0,0.19400175702130898,0.7203791469194313,1,391.37008374793766,4971,505,0.5714285714285714,,152,211
"[35.3605,88.1195], [24.771300000000004,62.6287], [20.5462,42.4538], 2.0, 4.0","ai_adoption_rate, ai_training_hours, task_automation_rate, ai_adoption_stage, industry",0,2.4158805496362065e-06,0.07526881720430108,1,379.9521303394496,4876,505,0.7142857142857143,,14,186
"[9.43545,41.86305], [0.08304999999999998,0.10405306643477763], [-16.1099,54.321000000000005], 3.0","ai_adoption_rate, ai_maturity_score, ai_training_hours, ai_adoption_stage",0.0,0.21720617794361205,0.7368421052631579,1,227.56736627815218,4555,513,0.5714285714285714,,14,19
"[-9.012400000000001,28.072400000000002]",ai_training_hours,1.0,0.006637528806041485,0.3667763157894737,1,352.90048881760214,4991,530,0.14285714285714285,,892,2432
"[21.20695,61.15305], [0.21650000000000003,0.4475], [-11.345800000000002,39.6458], [-5.9933499999999995,30.35335]","ai_adoption_rate, ai_maturity_score, ai_training_hours, task_automation_rate",1.0,0.024580987548688427,0.4765625,2,368.16824327430186,4986,530,0.5714285714285714,,976,2048
"[0.21650000000000003,0.4475], [-11.345800000000002,40.2899], [-5.9933499999999995,30.35335]","ai_maturity_score, ai_training_hours, task_automation_rate",1.0,0.020290696719953722,0.4586267605633803,1,349.7136467223821,4986,539,0.42857142857142855,,1042,2272
"[21.20695,61.15305], [-16.1099,39.6458], 1.0","ai_adoption_rate, ai_training_hours, industry",1.0,0.032644871750699696,0.5043859649122807,1,389.4640615661463,4953,539,0.42857142857142855,,115,228
"[0.08304999999999998,0.29095000000000004], [-16.1099,54.321000000000005], 3.0","ai_maturity_score, ai_training_hours, ai_adoption_stage",0.0,0.10551505799819827,0.6377682403433477,4,364.5008861816283,4972,543,0.42857142857142855,,743,1165
"[7.0532499999999985,48.506750000000004], [0.06325,0.33275], 3.0, 6.0","ai_adoption_rate, ai_maturity_score, ai_adoption_stage, industry",1.0,0.007968949690016134,0.3804347826086957,1,401.85966137442836,4858,554,0.5714285714285714,,70,184
"[33.6512,69.8288], [0.1986,0.6115999999999999], [21.380899999999993,65.4191], [11.3777,48.222300000000004], 2.0","ai_adoption_rate, ai_maturity_score, ai_training_hours, task_automation_rate, ai_adoption_stage",2.0,0.05331742618180668,0.5563829787234043,1,333.39865906205813,4995,556,0.7142857142857143,,1046,1880
"[0.3344,0.6115999999999999], 2.0, 4.0","ai_maturity_score, ai_adoption_stage, industry",2.0,0.12375665013239404,0.6584362139917695,1,396.3547282184741,4971,556,0.42857142857142855,,160,243
"[21.20695,42.999500000000005], [-11.345800000000002,39.6458]","ai_adoption_rate, ai_training_hours",1,0.016992079543636796,0.44263862332695986,1,365.580363897424,4991,561,0.2857142857142857,,926,2092
"[-9.759500000000003,61.15305], [-0.14243827398930797,0.4475], 2.0","ai_adoption_rate, ai_maturity_score, industry",1.0,0.007785479818741463,0.37866666666666665,1,313.04942515802503,4962,561,0.42857142857142855,,142,375
"[0.1243,0.6017]",ai_maturity_score,2,0.0036522975254967946,0.32547169811320753,1,332.6094511342183,4997,582,0.14285714285714285,,1311,4028
"[13.23995,68.26005], [6.208849999999998,30.91115], [-7.064399999999999,33.97754313420566]","ai_adoption_rate, ai_failure_rate, task_automation_rate",2.0,0.01014905919093874,0.39928698752228164,1,342.60679757661376,4971,582,0.42857142857142855,,1120,2805
"[9.43545,41.86305], [0.08304999999999998,0.29095000000000004], [-16.1099,54.321000000000005], 3.0, 7.0","ai_adoption_rate, ai_maturity_score, ai_training_hours, ai_adoption_stage, industry",0.0,0.17978499811996382,0.7094972067039106,1,367.56314689296335,4972,589,0.7142857142857143,,127,179
"[21.091450000000002,33.97754313420566]",task_automation_rate,2.0,0.03106978133440756,0.49942196531791905,2,348.20721174123196,4971,591,0.14285714285714285,,864,1730
"[13.23995,66.27607640745927], [-2.8901499999999993,30.91115], [24.771300000000004,90.9925], [-7.064399999999999,45.48855]","ai_adoption_rate, ai_failure_rate, ai_training_hours, task_automation_rate",2.0,0.03844830058789558,0.5211652253072372,1,337.70588712956095,4971,591,0.5714285714285714,,1145,2197
"[0.3344,0.6115999999999999], [21.380899999999993,65.4191], 2.0","ai_maturity_score, ai_training_hours, ai_adoption_stage",2.0,0.07228931557954198,0.5913094539048738,1,333.7901917485275,4995,620,0.42857142857142855,,1007,1703
"[33.6512,76.69155], [0.3344,0.6115999999999999], [7.570950000000002,31.48905], [16.376150000000003,47.74385], 2.0","ai_adoption_rate, ai_maturity_score, ai_failure_rate, task_automation_rate, ai_adoption_stage",2.0,0.08460861512221558,0.6102150537634409,1,337.2540094975792,4995,620,0.7142857142857143,,908,1488
"[33.6512,44.55489811559973], [21.380899999999993,65.4191], [16.376150000000003,47.74385], 2.0","ai_adoption_rate, ai_training_hours, task_automation_rate, ai_adoption_stage",2.0,0.010078996920182874,0.3987341772151899,1,372.8329812340767,4971,631,0.5714285714285714,,252,632
"[33.6512,76.69155], [0.3344,0.6115999999999999], [-2.8901499999999993,13.97015], [16.376150000000003,47.74385], 2.0, 1.0","ai_adoption_rate, ai_maturity_score, ai_failure_rate, task_automation_rate, ai_adoption_stage, industry",2.0,1.0,1.0,1,218.99744,4650,650,0.8571428571428571,,9,9
"[33.6512,69.8288], [0.3344,0.6115999999999999], [21.380899999999993,90.9925], 2.0","ai_adoption_rate, ai_maturity_score, ai_training_hours, ai_adoption_stage",2.0,0.07173337741748058,0.5903971547125074,1,333.7901917485275,4995,650,0.5714285714285714,,996,1687
"[6.625700000000002,53.7543]",ai_training_hours,0.0,0.0021716115824981035,0.2933299646286003,1,332.2337504238034,4972,651,0.14285714285714285,,1161,3958
"[-0.05150000000000002,0.48750000000000004], [-7.064399999999999,33.97754313420566]","ai_maturity_score, task_automation_rate",0.0,0.00893253960021861,0.3892198581560284,4,356.58902621147615,4985,651,0.2857142857142857,,1372,3525
"[7.0532499999999985,61.15305], [0.06325,0.4475], [-11.345800000000002,39.6458], 6.0","ai_adoption_rate, ai_maturity_score, ai_training_hours, industry",1.0,0.004609010231020132,0.34097421203438394,1,390.1836161968679,4858,655,0.5714285714285714,,119,349
"[21.20695,48.506750000000004], [0.21650000000000003,0.33275], [-5.9933499999999995,30.35335], 3.0","ai_adoption_rate, ai_maturity_score, task_automation_rate, ai_adoption_stage",1.0,0.02168146324775355,0.46474820143884893,1,388.76789595679026,4953,655,0.5714285714285714,,323,695
"[0.23899999999999721,54.321000000000005], [-7.064399999999999,33.97754313420566], 0.0","ai_training_hours, task_automation_rate, industry",2,0.0010639249839181552,0.254320987654321,1,332.6881806141411,4997,661,0.42857142857142855,,103,405
"[23.4623,48.506750000000004]",ai_adoption_rate,2,0.00228924559945303,0.2964411419632382,1,356.42411330279594,4997,661,0.14285714285714285,,758,2557
"[9.43545,41.86305], [0.08025155702249842,0.08304999999999998], [-16.1099,54.321000000000005]","ai_adoption_rate, ai_maturity_score, ai_training_hours",0.0,1.0,1.0,1,131.25,4173,662,0.42857142857142855,,4,4
"[13.23995,69.8288], [21.811950000000003,37.88805], [21.380899999999993,95.53391011874217], [-7.064399999999999,45.48855]","ai_adoption_rate, ai_failure_rate, ai_training_hours, task_automation_rate",2.0,0.005922978097263136,0.3585155732273029,1,370.08214866077935,4968,684,0.5714285714285714,,541,1509
"[29.208450000000003,66.27607640745927], [-2.8901499999999993,30.91115]","ai_adoption_rate, ai_failure_rate",2,0.029120414531306257,0.4929915899078895,1,340.97241777639437,4971,684,0.2857142857142857,,1231,2497
"[0.08304999999999998,0.29095000000000004], [-16.1099,54.321000000000005], 3.0, 3.0","ai_maturity_score, ai_training_hours, ai_adoption_stage, industry",0.0,0.34588007223356493,0.808695652173913,4,309.4747794801034,4881,687,0.5714285714285714,,93,115
"[33.6512,69.8288], [0.35485,0.65515], [8.8286,35.4914], [16.376150000000003,36.80124117170398], 2.0","ai_adoption_rate, ai_maturity_score, ai_failure_rate, task_automation_rate, ai_adoption_stage",2.0,0.09145102096091365,0.6197802197802198,1,345.05227944360934,4971,711,0.7142857142857143,,846,1365
"[33.6512,69.8288], [0.3344,0.6115999999999999], [21.380899999999993,90.9925], [7.152500000000002,32.0475], 2.0","ai_adoption_rate, ai_maturity_score, ai_training_hours, task_automation_rate, ai_adoption_stage",2.0,0.043171286513606424,0.5333827893175074,1,364.8826377172581,4971,711,0.7142857142857143,,719,1348
"[21.20695,42.999500000000005], [0.21650000000000003,0.4475], [-11.345800000000002,39.6458], [-5.9933499999999995,30.35335], 2.0","ai_adoption_rate, ai_maturity_score, ai_training_hours, task_automation_rate, ai_adoption_stage",1.0,0.022229684061947693,0.4670750382848392,1,373.63790191848994,4962,725,0.7142857142857143,,305,653
"[21.20695,45.0777], [0.16209999999999997,0.5779000000000001], [-0.18792513777327713,37.8722], 3.0","ai_adoption_rate, ai_maturity_score, task_automation_rate, ai_adoption_stage",0,0.011468555983910061,0.4091680814940577,1,373.1604446839405,4972,731,0.5714285714285714,,482,1178
"[0.6535,0.8845000000000001], [-2.8901499999999993,13.97015], [21.091450000000002,45.48855]","ai_maturity_score, ai_failure_rate, task_automation_rate",2.0,1.0,1.0,2,188.40368151615894,4935,737,0.42857142857142855,,45,45
"[55.316950000000006,95.26305], [-2.8901499999999993,13.97015], [24.771300000000004,90.9925], [21.091450000000002,45.48855], 2.0","ai_adoption_rate, ai_failure_rate, ai_training_hours, task_automation_rate, ai_adoption_stage",2.0,0.6628606504626834,0.9210526315789473,1,265.8502473302382,4995,737,0.7142857142857143,,105,114
"[7.0532499999999985,48.506750000000004], [0.08200000000000002,0.49802354664683535], 1.0","ai_adoption_rate, ai_maturity_score, industry",1.0,0.03065135874187577,0.4980694980694981,2,360.0513348529247,4953,745,0.42857142857142855,,129,259
"[-16.1099,48.718], [6.383049999999999,26.796950000000002]","ai_training_hours, task_automation_rate",1.0,0.00983933857084544,0.39681966028189375,2,356.8942610125626,4991,745,0.2857142857142857,,1098,2767
"[-0.05150000000000002,0.48750000000000004], [-7.064399999999999,33.97754313420566]","ai_maturity_score, task_automation_rate",2,0.0006614713046027499,0.23126089482858803,1,356.58902621147615,4997,757,0.2857142857142857,,796,3442
"[20.181449999999998,40.17855]",ai_failure_rate,0.0,0.008941612474211087,0.3892988929889299,1,341.2134466968688,4985,757,0.14285714285714285,,1266,3252
"[-16.1099,48.718], [6.383049999999999,26.796950000000002], 2.0","ai_training_hours, task_automation_rate, industry",1.0,0.012676484501924727,0.4174454828660436,1,341.9450162315067,4962,760,0.42857142857142855,,134,321
"[24.771300000000004,62.6287], [22.4446,47.74385], 2.0, 4.0","ai_training_hours, task_automation_rate, ai_adoption_stage, industry",2.0,0.39180596494284464,0.8291139240506329,1,385.00798210758546,4971,761,0.5714285714285714,,131,158
"[33.6512,88.1195], [0.3344,0.6115999999999999], [16.376150000000003,48.3354], 2.0, 4.0","ai_adoption_rate, ai_maturity_score, task_automation_rate, ai_adoption_stage, industry",2.0,0.1850019643936452,0.7135678391959799,1,399.1154488994033,4971,761,0.7142857142857143,,142,199
"[11.145299999999995,88.1195]",ai_adoption_rate,2.0,0.005578040646227466,0.3542389687654933,1,335.13556176039253,4997,773,0.14285714285714285,,1429,4034
"[21.380899999999993,65.4191], [-7.064399999999999,33.97754313420566]","ai_training_hours, task_automation_rate",2,0.015830638687506927,0.4364150181671377,1,334.1491276514963,4971,773,0.2857142857142857,,1081,2477
"[-0.018888560720683206,0.4475], [-5.9933499999999995,30.35335]","ai_maturity_score, task_automation_rate",1.0,0.009290110441163898,0.39228723404255317,1,346.9672793574727,4991,799,0.2857142857142857,,1180,3008
"[21.20695,61.15305], [-11.345800000000002,39.6458]","ai_adoption_rate, ai_training_hours",1.0,0.013621242638495613,0.42349018154872176,1,368.1164161235876,4991,799,0.2857142857142857,,1143,2699
"[34.78765,58.15235], [0.36335000000000006,0.74065], [2.8751499999999997,24.28485], 2.0, 6.0","ai_adoption_rate, ai_maturity_score, task_automation_rate, ai_adoption_stage, industry",2.0,0.0276204464877974,0.4878048780487805,1,314.9573820230753,4805,805,0.7142857142857143,,20,41
"[0.08304999999999998,0.29095000000000004], [-16.1099,54.321000000000005]","ai_maturity_score, ai_training_hours",0.0,0.09683287765352853,0.6269090909090909,4,345.5848016755669,4972,807,0.2857142857142857,,862,1375
"[0.2317,0.5243], [4.13095,28.04905], [0.0461500000000008,31.41385], 2.0","ai_maturity_score, ai_failure_rate, task_automation_rate, ai_adoption_stage",1.0,0.011223921097265454,0.4074074074074074,1,363.481745353647,4986,814,0.5714285714285714,,528,1296
"[32.89805,68.32195], [21.380899999999993,65.4191]","ai_adoption_rate, ai_training_hours",0,2.9868291719035083e-05,0.12446351931330472,2,340.0874467411824,4963,819,0.2857142857142857,,261,2097
"[-7.064399999999999,47.74385]",task_automation_rate,0.0,0.003326417049260729,0.3194444444444444,1,330.15249266782297,4985,819,0.14285714285714285,,1334,4176
"[0.4380114209075607,0.4475], [4.13095,28.04905], [-11.345800000000002,40.2899], [-5.9933499999999995,31.41385], 2.0","ai_maturity_score, ai_failure_rate, ai_training_hours, task_automation_rate, ai_adoption_stage",1.0,0.0076945289505326074,0.37777777777777777,1,334.7247676701696,4645,822,0.7142857142857143,,17,45
"[0.21650000000000003,0.5243], [0.0461500000000008,30.35335]","ai_maturity_score, task_automation_rate",1.0,0.01564793832735803,0.43540300809872734,2,349.33938790659255,4986,822,0.2857142857142857,,1129,2593
"[9.43545,41.84455], [-7.064399999999999,28.784399999999998], 2.0","ai_adoption_rate, task_automation_rate, industry",0.0,0.01827366033811545,0.44912280701754387,1,355.05872808990864,4708,830,0.42857142857142855,,128,285
"[33.6512,69.8288], [0.3344,0.6115999999999999], [21.380899999999993,65.4191], [9.693,39.567], 2.0","ai_adoption_rate, ai_maturity_score, ai_training_hours, task_automation_rate, ai_adoption_stage",2.0,0.07220461655670112,0.5911708253358925,1,341.0135364500676,4971,839,0.7142857142857143,,924,1563
"[0.08304999999999998,0.29095000000000004]",ai_maturity_score,0.0,0.0952975858609657,0.6249084249084249,2,345.5848016755669,4972,847,0.14285714285714285,,853,1365
"[9.43545,41.86305], [0.08304999999999998,0.29095000000000004], [-16.1099,54.321000000000005], 3.0, 8.0","ai_adoption_rate, ai_maturity_score, ai_training_hours, ai_adoption_stage, industry",0.0,0.12071966324265888,0.6551724137931034,2,337.2271132779704,4847,847,0.7142857142857143,,57,87
"[41.84455,46.57282805734192], [-0.05150000000000002,0.48750000000000004], [-7.064399999999999,28.784399999999998]","ai_adoption_rate, ai_maturity_score, task_automation_rate",0.0,4.76774489711934e-05,0.13666666666666666,1,365.2205727969841,4840,870,0.42857142857142855,,41,300
"[14.905981012368862,21.20695], [0.21650000000000003,0.4475], [-11.345800000000002,39.6458], 2.0","ai_adoption_rate, ai_maturity_score, ai_training_hours, ai_adoption_stage",1.0,0.0039433647698722445,0.5238095238095238,1,98.29852380106325,884,884,0.5714285714285714,,0,0
"[21.20695,42.999500000000005], [-11.345800000000002,39.6458], [-5.9933499999999995,30.35335]","ai_adoption_rate, ai_training_hours, task_automation_rate",1.0,0.017707222774048667,0.44630329195898544,1,370.65805731553786,4991,884,0.42857142857142855,,827,1853
"[4.472300000000001,36.127700000000004], [6.383049999999999,26.796950000000002], 7.0","ai_adoption_rate, task_automation_rate, industry",1.0,0.001742712053119225,0.2807017543859649,1,365.71392738176564,4894,894,0.42857142857142855,,64,228
"[-16.1099,48.718]",ai_training_hours,1.0,0.0058872479980884695,0.3580819798917247,1,330.16625028002227,4991,894,0.14285714285714285,,1389,3879
"[21.20695,42.999500000000005], [0.21650000000000003,0.4475], [-11.345800000000002,30.784167590099305], [-5.9933499999999995,30.35335], 2.0","ai_adoption_rate, ai_maturity_score, ai_training_hours, task_automation_rate, ai_adoption_stage",1.0,0.03302109917976539,0.5055432372505543,1,371.36686350917,4962,906,0.7142857142857143,,228,451
"[33.6512,69.8288], [0.3344,0.6115999999999999], [16.376150000000003,47.74385], 2.0","ai_adoption_rate, ai_maturity_score, task_automation_rate, ai_adoption_stage",2.0,0.09395631617565844,0.6231393775372125,2,337.84729974502795,4995,907,0.5714285714285714,,921,1478
2.0,ai_adoption_stage,2.0,0.04497441885084672,0.5377657168701945,3,333.2727083747346,4995,907,0.14285714285714285,,1189,2211
"[33.6512,69.8288], [16.376150000000003,47.74385], 2.0","ai_adoption_rate, task_automation_rate, ai_adoption_stage",2.0,0.06278187596561934,0.5748663101604278,3,336.5948810308898,4995,949,0.42857142857142855,,1075,1870
"[33.6512,69.8288], [0.3344,0.6115999999999999], 2.0","ai_adoption_rate, ai_maturity_score, ai_adoption_stage",2.0,0.06497191001461775,0.5788221296847115,1,334.27274267331734,4995,949,0.42857142857142855,,973,1681
"[0.08304999999999998,0.29095000000000004], [-16.1099,54.321000000000005], 3.0","ai_maturity_score, ai_training_hours, industry",0.0,0.2072035368091696,0.7299270072992701,2,279.02014656572584,4881,952,0.42857142857142855,,100,137
"[-5.9933499999999995,30.35335]",task_automation_rate,1.0,0.0068307814435620414,0.3688876179582499,1,348.0223425140509,4991,962,0.14285714285714285,,1290,3497
"[21.20695,61.15305], [0.21650000000000003,0.4475], [-11.345800000000002,39.6458]","ai_adoption_rate, ai_maturity_score, ai_training_hours",1.0,0.02057176917526809,0.4598903836571998,3,360.2893962472403,4986,962,0.42857142857142855,,923,2007
"[13.23995,69.8288], [-2.8901499999999993,30.91115], [24.771300000000004,95.53391011874217], [-7.064399999999999,45.48855]","ai_adoption_rate, ai_failure_rate, ai_training_hours, task_automation_rate",2,0.04316431866400601,0.5333655705996132,2,331.14684165989,4995,968,0.5714285714285714,,1103,2068
"[29.208450000000003,66.27607640745927], [23.55455,34.92545], [21.380899999999993,90.9925]","ai_adoption_rate, ai_failure_rate, ai_training_hours",2.0,0.0075914928650981615,0.3767605633802817,1,376.8758355059623,4968,968,0.42857142857142855,,321,852
"[13.23995,88.1195], [-7.064399999999999,48.3354], 4.0","ai_adoption_rate, task_automation_rate, industry",1,0.003514692527239515,0.32298136645962733,1,384.1771255415128,4842,971,0.42857142857142855,,156,483
"[35.3605,69.8288], [-2.8901499999999993,30.91115], [24.771300000000004,95.53391011874217], [22.4446,45.48855], 2.0","ai_adoption_rate, ai_failure_rate, ai_training_hours, task_automation_rate, ai_adoption_stage",2,0.16452994794711084,0.6970260223048327,2,333.4982811566791,4995,971,0.7142857142857143,,750,1076
"[21.20695,61.15305], [0.23874999999999996,0.58525], [-11.345800000000002,39.6458]","ai_adoption_rate, ai_maturity_score, ai_training_hours",1.0,0.018105223406513674,0.44829178208679593,1,367.51726891264474,4986,986,0.42857142857142855,,971,2166
"[21.20695,61.15305], [0.21650000000000003,0.4475], [-5.9933499999999995,30.35335]","ai_adoption_rate, ai_maturity_score, task_automation_rate",1.0,0.022476343395103484,0.46810699588477367,1,367.97715522981485,4986,986,0.42857142857142855,,910,1944
"[21.20695,42.999500000000005], [-5.9933499999999995,20.09142222803304]","ai_adoption_rate, task_automation_rate",1.0,0.012144548498076651,0.4138817480719794,1,369.5342742050478,4953,1001,0.2857142857142857,,483,1167
"[55.316950000000006,95.26305], [0.6535,0.8845000000000001], [-2.8901499999999993,11.023324869286487], [33.0475,90.9925], 5.0","ai_adoption_rate, ai_maturity_score, ai_failure_rate, ai_training_hours, industry",2.0,1.0,1.0,1,106.0,4005,1005,0.7142857142857143,,3,3
3.0,ai_adoption_stage,0.0,0.03615829829797166,0.5148036253776435,5,362.5065564989401,4972,1018,0.14285714285714285,,852,1655
"[33.6512,69.8288], [-2.8901499999999993,30.91115], 2.0","ai_adoption_rate, ai_failure_rate, ai_adoption_stage",2.0,0.04748977717766187,0.5436507936507936,1,332.91135272450003,4995,1021,0.42857142857142855,,1096,2016
"[13.23995,69.8288], [0.3344,0.6115999999999999], [24.771300000000004,95.53391011874217], [-7.064399999999999,45.48855]","ai_adoption_rate, ai_maturity_score, ai_training_hours, task_automation_rate",2,0.06473257478306092,0.578395061728395,1,330.9391290084433,4995,1021,0.5714285714285714,,937,1620
"[7.0532499999999985,48.506750000000004], [-9.414299999999999,37.7143], [-5.9933499999999995,26.796950000000002]","ai_adoption_rate, ai_training_hours, task_automation_rate",1.0,0.010050141240799131,0.398505603985056,1,360.1295167464511,4991,1027,0.42857142857142855,,960,2409
"[0.21650000000000003,0.544], [-11.345800000000002,48.718], [6.383049999999999,30.35335]","ai_maturity_score, ai_training_hours, task_automation_rate",1.0,0.0155532593655708,0.43487484089944844,1,359.7784304442388,4986,1027,0.42857142857142855,,1025,2357
"[0.21650000000000003,0.58525], 2.0","ai_maturity_score, ai_adoption_stage",1.0,0.006009946140743144,0.35956227201667534,1,333.2767840664536,4986,1030,0.2857142857142857,,690,1919
"[21.20695,61.15305], [0.23874999999999996,0.4475], [-11.345800000000002,39.6458]","ai_adoption_rate, ai_maturity_score, ai_training_hours",1.0,0.021533526524217878,0.46411225040474907,1,361.7438302970505,4986,1030,0.42857142857142855,,860,1853
"[0.21650000000000003,0.4475], [-11.345800000000002,39.6458], [-5.9933499999999995,30.35335]","ai_maturity_score, ai_training_hours, task_automation_rate",1.0,0.02074388620390999,0.46065737051792827,2,349.7136467223821,4986,1044,0.42857142857142855,,925,2008
"[-15.605307505254146,61.15305], [0.21650000000000003,0.4475], [-5.9933499999999995,30.35335]","ai_adoption_rate, ai_maturity_score, task_automation_rate",1.0,0.019330229525893326,0.4542002847650688,1,349.62444537797427,4986,1044,0.42857142857142855,,957,2107
"[35.3605,69.8288], [0.34104999999999996,0.54895], [-2.8901499999999993,30.91115], [24.771300000000004,95.53391011874217], [22.4446,45.48855], 2.0","ai_adoption_rate, ai_maturity_score, ai_failure_rate, ai_training_hours, task_automation_rate, ai_adoption_stage",1,0.003029956928672183,0.31353591160220995,1,356.39928711087634,4986,1047,0.8571428571428571,,227,724
"[0.21650000000000003,0.5243], [-16.1099,54.321000000000005], [0.0461500000000008,30.35335], 8.0","ai_maturity_score, ai_training_hours, task_automation_rate, industry",1.0,0.010919414285296131,0.4051724137931034,1,356.0830069494267,4748,1057,0.5714285714285714,,141,348
"[21.20695,61.15305]",ai_adoption_rate,1.0,0.008354710810845527,0.3840486867392697,2,341.8737572133037,4991,1057,0.14285714285714285,,1199,3122
"[0.29095000000000004,0.31353532532371364], [25.148500000000002,36.911500000000004], [-16.1099,54.321000000000005], 3.0","ai_maturity_score, ai_failure_rate, ai_training_hours, ai_adoption_stage",0.0,0.009538902573811412,0.39436619718309857,1,368.22406079413406,4708,1066,0.5714285714285714,,56,142
"[13.4223,61.15305], [0.23874999999999996,0.5779000000000001], [-11.345800000000002,39.6458], [19.9478,37.8722], 3.0","ai_adoption_rate, ai_maturity_score, ai_training_hours, task_automation_rate, ai_adoption_stage",1.0,0.02297093936551023,0.4701492537313433,1,376.9731282480657,4594,1070,0.7142857142857143,,126,268
"[0.16209999999999997,0.58525]",ai_maturity_score,1.0,0.008459026083228743,0.38500296384113813,1,332.60987578343145,4991,1070,0.14285714285714285,,1299,3374
"[7.0532499999999985,48.506750000000004], [0.08200000000000002,0.49802354664683535]","ai_adoption_rate, ai_maturity_score",1.0,0.010492560091717678,0.4019539427773901,2,355.9134697266613,4991,1080,0.2857142857142857,,1152,2866
"[0.2223727183015913,0.49802354664683535], [-23.720844341329045,48.718], 3.0","ai_maturity_score, ai_training_hours, ai_adoption_stage",1.0,0.01860332403903695,0.4507317073170732,2,370.23253188595834,4953,1085,0.42857142857142855,,462,1025
"[7.0532499999999985,48.506750000000004], [0.08200000000000002,0.544], [6.383049999999999,26.796950000000002]","ai_adoption_rate, ai_maturity_score, task_automation_rate",1.0,0.012201135745966176,0.4142667257421356,1,367.0264734948295,4991,1085,0.42857142857142855,,935,2257
"[33.6512,69.8288], [0.3344,0.6115999999999999], [7.706499999999998,35.1535], [16.376150000000003,47.74385], 2.0","ai_adoption_rate, ai_maturity_score, ai_failure_rate, task_automation_rate, ai_adoption_stage",2.0,0.08196387151403842,0.6063515509601182,1,337.8526625576725,4995,1090,0.7142857142857143,,821,1354
"[7.0532499999999985,48.506750000000004], [0.08200000000000002,0.49802354664683535], [-2.399899999999999,53.9999]","ai_adoption_rate, ai_maturity_score, ai_training_hours",1.0,0.01036601817305463,0.40097970608817357,1,355.9134697266613,4991,1091,0.42857142857142855,,1146,2858
"[11.145299999999995,69.8288], [0.3344,0.6115999999999999], [-7.064399999999999,45.48855]","ai_adoption_rate, ai_maturity_score, task_automation_rate",2,0.045557711407757114,0.5391534391534392,1,333.9085010702656,4995,1093,0.42857142857142855,,1019,1890
"[13.23995,76.69155], [24.771300000000004,95.53391011874217], 6.0","ai_adoption_rate, ai_training_hours, industry",2.0,0.06527720864189301,0.5793650793650794,2,362.9049397174537,4995,1093,0.42857142857142855,,146,252
"[9.43545,41.84455], 3.0","ai_adoption_rate, ai_adoption_stage",0.0,0.03648516485819818,0.5157310302282542,2,362.5065564989401,4972,1094,0.2857142857142857,,836,1621
"[7.0532499999999985,48.506750000000004], [0.08200000000000002,0.49802354664683535], 2.0","ai_adoption_rate, ai_maturity_score, ai_adoption_stage",1.0,0.01520713253930168,0.43292181069958846,1,356.21390187823647,4986,1100,0.42857142857142855,,526,1215
"[33.6512,76.69155], [0.3344,0.6115999999999999], [27.407999999999998,58.312], 2.0","ai_adoption_rate, ai_maturity_score, ai_training_hours, ai_adoption_stage",2.0,0.0867926285695473,0.6133333333333333,1,331.3231189553886,4995,1114,0.5714285714285714,,782,1275
"[33.6512,69.8288], [0.3344,0.6115999999999999], [28.566899999999997,57.1531], [16.376150000000003,47.74385], 2.0","ai_adoption_rate, ai_maturity_score, ai_training_hours, task_automation_rate, ai_adoption_stage",2.0,0.12555763989270183,0.6603415559772297,1,330.24396462655824,4995,1114,0.7142857142857143,,696,1054
"[0.2347466991204594,0.29095000000000004], [-16.1099,54.321000000000005]","ai_maturity_score, ai_training_hours",0.0,0.023222116782670003,0.4711729622266402,1,348.1419739204373,4972,1116,0.2857142857142857,,237,503
"[7.0532499999999985,48.506750000000004], [0.08200000000000002,0.544], [-9.414299999999999,37.7143], [6.383049999999999,26.796950000000002]","ai_adoption_rate, ai_maturity_score, ai_training_hours, task_automation_rate",1.0,0.012656711698800605,0.4173151750972763,1,356.7126693834417,4991,1117,0.5714285714285714,,858,2056
"[7.0532499999999985,48.506750000000004], [2.797899999999995,54.5621], [-5.9933499999999995,26.796950000000002]","ai_adoption_rate, ai_training_hours, task_automation_rate",1.0,0.010104827242148916,0.39893834218048185,1,369.09663820578623,4991,1117,0.42857142857142855,,977,2449
"[7.0532499999999985,48.506750000000004], [20.6638,37.9162], [-16.1099,40.2899], 1.0","ai_adoption_rate, ai_failure_rate, ai_training_hours, industry",1.0,0.05896935074249047,0.5677083333333334,3,396.4382656938043,4953,1119,0.5714285714285714,,109,192
"[0.08200000000000002,0.49802354664683535], [18.36775,36.01225], 1.0","ai_maturity_score, ai_failure_rate, industry",1.0,0.03787725425421111,0.5196078431372549,1,395.7670329766129,4953,1119,0.42857142857142855,,106,204
"[0.2626,0.7554000000000001], [-7.064399999999999,28.784399999999998]","ai_maturity_score, task_automation_rate",0.0,0.0003566352509647462,0.20438303954263934,1,360.80085095121024,4963,1142,0.2857142857142857,,429,2099
"[0.30495,0.71305], [-7.064399999999999,47.74385]","ai_maturity_score, task_automation_rate",0.0,3.111856229272211e-05,0.12548849326964828,1,333.4214223287746,4963,1142,0.2857142857142857,,289,2303
"[55.316950000000006,95.26305], [0.6535,0.8845000000000001], [-2.8901499999999993,13.97015], [33.0475,90.9925]","ai_adoption_rate, ai_maturity_score, ai_failure_rate, ai_training_hours",2.0,1.0,1.0,2,181.92276823021794,4935,1147,0.5714285714285714,,33,33
"[33.6512,69.8288], [8.8286,35.4914]","ai_adoption_rate, ai_failure_rate",2.0,0.03555152842482654,0.5130641330166271,1,332.97972258425534,4995,1154,0.2857142857142857,,1080,2105
"[33.6512,69.8288], [0.3344,0.65515], [16.376150000000003,47.74385], 2.0","ai_adoption_rate, ai_maturity_score, task_automation_rate, ai_adoption_stage",2.0,0.10014631099355041,0.6311418685121107,2,337.8472997184265,4995,1154,0.5714285714285714,,912,1445
"[0.08200000000000002,0.49802354664683535], [18.36775,36.01225], [-23.720844341329045,48.718], 3.0","ai_maturity_score, ai_failure_rate, ai_training_hours, ai_adoption_stage",1.0,0.009288038790462756,0.39226973684210525,1,367.21841143902236,4991,1159,0.5714285714285714,,477,1216
"[0.2223727183015913,0.49802354664683535], [5.096499999999999,39.8635], 1.0","ai_maturity_score, ai_training_hours, industry",1.0,0.0389327186416654,0.5224719101123596,1,384.28832396672686,4953,1159,0.42857142857142855,,93,178
"[9.43545,41.86305], [-0.05150000000000002,0.08304999999999998], [-16.1099,54.321000000000005]","ai_adoption_rate, ai_maturity_score, ai_training_hours",0.0,0.19075113096875485,0.717948717948718,1,187.42804673216216,4784,1173,0.42857142857142855,,28,39
"[0.08025155702249842,0.48750000000000004], [-7.064399999999999,28.784399999999998]","ai_maturity_score, task_automation_rate",2,0.00031941563200410793,0.19992690058479531,1,361.6861152420197,4997,1173,0.2857142857142857,,547,2736
"[7.0532499999999985,48.506750000000004], [0.08200000000000002,0.4475], [-11.345800000000002,39.6458]","ai_adoption_rate, ai_maturity_score, ai_training_hours",1.0,0.011173016274393387,0.4070371851259496,1,359.21688092332937,4991,1181,0.42857142857142855,,1018,2501
"[0.21650000000000003,0.49802354664683535], [15.556099999999997,56.5039], [-5.9933499999999995,30.35335]","ai_maturity_score, ai_training_hours, task_automation_rate",1.0,0.01574156744608107,0.4359228104898565,4,345.660027619797,4986,1181,0.42857142857142855,,881,2021
"[33.6512,69.8288], 2.0","ai_adoption_rate, ai_adoption_stage",2.0,0.04410873714203947,0.5356793743890518,5,333.2727083747346,4995,1188,0.2857142857142857,,1096,2046
"[-0.05150000000000002,0.48750000000000004], [-31.5071936600244,33.97754313420566]","ai_maturity_score, task_automation_rate",0.0,0.008771705682962648,0.38780804150453957,1,356.58902621147615,4985,1189,0.2857142857142857,,1196,3084
"[-16.1099,45.86439186334164], [6.383049999999999,26.796950000000002], 2.0","ai_training_hours, task_automation_rate, industry",1,0.015620785613615153,0.4352517985611511,1,343.7472993898542,4962,1195,0.42857142857142855,,121,278
"[-9.759500000000003,42.999500000000005], [-11.345800000000002,48.718], 2.0","ai_adoption_rate, ai_training_hours, industry",1.0,0.008270922322741753,0.3832752613240418,2,331.5046793736214,4962,1195,0.42857142857142855,,110,287
"[1.0895559900344445,61.15305]",ai_adoption_rate,1.0,0.006126685419554075,0.3609483960948396,1,334.767351163777,4991,1199,0.14285714285714285,,1294,3585
"[1.91695,61.15305], [-16.1099,54.321000000000005], 0.0","ai_adoption_rate, ai_training_hours, industry",1.0,0.01200429567461607,0.41292134831460675,2,332.007197708117,4922,1199,0.42857142857142855,,147,356
"[0.2223727183015913,0.49802354664683535], [-23.720844341329045,48.718]","ai_maturity_score, ai_training_hours",1.0,0.01426442778613399,0.42741609381318235,1,347.8789862839297,4986,1212,0.2857142857142857,,1057,2473
"[11.145299999999995,76.69155], [0.3344,0.6115999999999999]","ai_adoption_rate, ai_maturity_score",2.0,0.04758525089599041,0.5438692098092643,2,333.9085010702655,4995,1214,0.2857142857142857,,998,1835
"[0.08304999999999998,0.29095000000000004], [17.3796,36.2004], [-16.1099,54.321000000000005], 3.0","ai_maturity_score, ai_failure_rate, ai_training_hours, ai_adoption_stage",0.0,0.08168083569663151,0.6059322033898306,3,372.29718029675047,4972,1220,0.5714285714285714,,429,708
"[55.316950000000006,95.26305], [-4.038800000000001,17.9188], [21.091450000000002,45.48855]","ai_adoption_rate, ai_failure_rate, task_automation_rate",2.0,0.720019995142082,0.9364161849710982,3,291.3709533064772,4995,1223,0.42857142857142855,,162,173
"[0.6535,0.8845000000000001], [-2.8901499999999993,13.97015], [33.0475,90.9925], [21.091450000000002,45.48855]","ai_maturity_score, ai_failure_rate, ai_training_hours, task_automation_rate",2.0,1.0,1.0,2,188.40775314660576,4935,1223,0.5714285714285714,,39,39
"[0.21650000000000003,0.49802354664683535]",ai_maturity_score,1.0,0.013371269506503306,0.4219242902208202,1,347.7187230316341,4986,1231,0.14285714285714285,,1070,2536
"[21.20695,61.15305], [-23.720844341329045,48.718]","ai_adoption_rate, ai_training_hours",1.0,0.009972884299668505,0.3978910369068541,1,341.941082000302,4991,1231,0.2857142857142857,,1132,2845
"[0.16209999999999997,0.5779000000000001], [-1.5072999999999972,53.347300000000004], 3.0","ai_maturity_score, ai_training_hours, ai_adoption_stage",1.0,0.013196863791610903,0.420817843866171,1,366.70846640250045,4991,1247,0.42857142857142855,,566,1345
"[0.16209999999999997,0.5779000000000001], [19.1001,33.999900000000004], [19.9478,37.8722], 3.0, 7.0","ai_maturity_score, ai_failure_rate, task_automation_rate, ai_adoption_stage, industry",1.0,0.06438788667039236,0.5777777777777777,2,379.2685988278602,4449,1247,0.7142857142857143,,26,45
"[33.6512,69.8288], [0.3344,0.6115999999999999], [9.693,39.567], 2.0","ai_adoption_rate, ai_maturity_score, task_automation_rate, ai_adoption_stage",2.0,0.06486360782604808,0.5786290322580645,1,341.61535672280326,4971,1248,0.5714285714285714,,861,1488
"[33.6512,69.8288], [0.3344,0.6115999999999999], [21.380899999999993,65.4191], 2.0","ai_adoption_rate, ai_maturity_score, ai_training_hours, ai_adoption_stage",0,5.852940456420947e-06,0.08984105044920525,1,333.7901917485275,4963,1248,0.5714285714285714,,130,1447
"[9.43545,41.84455], [8.608699999999995,48.011300000000006], 3.0","ai_adoption_rate, ai_training_hours, ai_adoption_stage",0.0,0.025160295379683544,0.47878787878787876,1,362.6412226981738,4972,1271,0.42857142857142855,,632,1320
"[0.3344,0.6115999999999999], [21.380899999999993,65.4191], [16.376150000000003,47.74385], 2.0","ai_maturity_score, ai_training_hours, task_automation_rate, ai_adoption_stage",2.0,0.10605371485488031,0.6384180790960452,1,337.2456618469955,4995,1292,0.5714285714285714,,791,1239
"[-16.1099,40.2899], [-5.9933499999999995,30.35335], 3.0","ai_training_hours, task_automation_rate, ai_adoption_stage",1.0,0.00832081536220977,0.38373655913978494,1,364.0739245915124,4991,1305,0.42857142857142855,,571,1488
"[7.0532499999999985,48.506750000000004], [0.21650000000000003,0.4475], [20.6638,37.9162], 1.0","ai_adoption_rate, ai_maturity_score, ai_failure_rate, industry",1.0,0.09193731005101786,0.6204379562043796,3,393.86652344069915,4953,1305,0.5714285714285714,,85,137
"[33.6512,69.8288], [-2.8901499999999993,13.97015], [24.771300000000004,90.9925], [16.376150000000003,47.74385], 2.0","ai_adoption_rate, ai_failure_rate, ai_training_hours, task_automation_rate, ai_adoption_stage",2.0,0.48309695119720436,0.8645833333333334,1,270.4416444981258,4995,1321,0.7142857142857143,,166,192
"[0.44321293275442436,0.65515]",ai_maturity_score,2.0,0.24834694520357115,0.7568533969010727,1,319.37220007795736,4995,1321,0.14285714285714285,,635,839
3.0,ai_adoption_stage,1.0,0.007603317256908171,0.3768778576094056,1,362.5065564989401,4991,1329,0.14285714285714285,,577,1531
"[7.0532499999999985,48.506750000000004], [0.08200000000000002,0.49802354664683535], [-16.1099,40.2899], [-5.9933499999999995,30.35335]","ai_adoption_rate, ai_maturity_score, ai_training_hours, task_automation_rate",1.0,0.012066721080123497,0.41334991708126034,1,369.2251137887245,4991,1329,0.5714285714285714,,997,2412
"[-16.1099,54.321000000000005], 3.0","ai_training_hours, ai_adoption_stage",1,0.00758708570672872,0.37671680837148463,1,362.5065564989401,4991,1335,0.2857142857142857,,576,1529
"[24.771300000000004,90.9925], [7.741950000000001,37.11805], 2.0","ai_training_hours, task_automation_rate, ai_adoption_stage",2.0,0.07057637649442519,0.5884802220680083,1,337.1433737596599,4971,1341,0.42857142857142855,,848,1441
"[33.6512,69.8288], [-2.8901499999999993,13.97015], [16.376150000000003,47.74385]","ai_adoption_rate, ai_failure_rate, task_automation_rate",2.0,0.45104022774940694,0.8527918781725888,1,272.2331829817894,4995,1341,0.42857142857142855,,168,197
"[21.20695,42.999500000000005], [0.21650000000000003,0.4475], [-11.345800000000002,39.6458], [-0.3231911528974516,30.35335]","ai_adoption_rate, ai_maturity_score, ai_training_hours, task_automation_rate",1.0,0.026774904332524534,0.48478099480326653,1,366.84166757922185,4962,1344,0.5714285714285714,,653,1347
"[21.20695,48.506750000000004], [-16.1099,54.321000000000005]","ai_adoption_rate, ai_training_hours",1.0,0.013327076324187797,0.42164502164502166,1,357.1684268770866,4991,1356,0.2857142857142857,,974,2310
"[0.23899999999999721,54.321000000000005], [15.932,26.796950000000002], 3.0","ai_training_hours, task_automation_rate, ai_adoption_stage",1.0,0.017378489684845382,0.444633730834753,1,367.41053658343014,4991,1356,0.42857142857142855,,261,587
"[1.91695,61.15305], [-16.1099,54.321000000000005]","ai_adoption_rate, ai_training_hours",1.0,0.006573278542410147,0.36606348264609906,1,337.3713736974211,4991,1367,0.2857142857142857,,1234,3371
"[1.91695,61.15305], [-44.80651255682374,54.321000000000005], 0.0","ai_adoption_rate, ai_training_hours, industry",1.0,0.01116472333327141,0.4069767441860465,1,332.007197708117,4922,1367,0.42857142857142855,,140,344
"[-9.759500000000003,42.999500000000005], [25.8844,54.1156], [-11.345800000000002,48.718], 2.0","ai_adoption_rate, ai_failure_rate, ai_training_hours, industry",1.0,0.005753149172479067,0.3564356435643564,1,323.76597963722077,4962,1374,0.5714285714285714,,72,202
"[33.6512,69.8288], [0.3344,0.6115999999999999], [27.2054,59.6546], [16.376150000000003,47.74385], 2.0","ai_adoption_rate, ai_maturity_score, ai_training_hours, task_automation_rate, ai_adoption_stage",2.0,0.11994831383504485,0.6543330087633885,1,335.68279185891873,4995,1402,0.7142857142857143,,672,1027
"[21.380899999999993,65.4191], [16.376150000000003,47.74385], 2.0","ai_training_hours, task_automation_rate, ai_adoption_stage",2.0,0.08251681941363849,0.6071674707098552,1,336.7430663437119,4995,1402,0.42857142857142855,,881,1451
"[0.08304999999999998,0.29095000000000004], [17.3796,36.2004], [-16.1099,54.321000000000005], 3.0, 2.0","ai_maturity_score, ai_failure_rate, ai_training_hours, ai_adoption_stage, industry",0.0,0.04478560963461885,0.5373134328358209,1,371.5849871316026,4116,1417,0.7142857142857143,,36,67
"[35.3605,69.8288], [24.771300000000004,95.53391011874217]","ai_adoption_rate, ai_training_hours",2,0.08382366997485614,0.6090785907859079,1,330.67727461605756,4995,1425,0.2857142857142857,,899,1476
"[0.44321293275442436,0.65515], [-2.8901499999999993,30.91115], [22.4446,45.48855], 2.0","ai_maturity_score, ai_failure_rate, task_automation_rate, ai_adoption_stage",2.0,0.3262402834233988,0.7992957746478874,1,316.69111125746167,4995,1425,0.5714285714285714,,454,568
"[21.20695,42.999500000000005], [0.21650000000000003,0.4475], [20.246499999999997,47.6935], [-5.9933499999999995,30.35335]","ai_adoption_rate, ai_maturity_score, ai_failure_rate, task_automation_rate",1.0,0.02687189086364627,0.4851316907391674,5,377.5883945097009,4962,1430,0.5714285714285714,,571,1177
"[0.3344,0.6115999999999999], [27.407999999999998,58.312], 2.0","ai_maturity_score, ai_training_hours, ai_adoption_stage",2.0,0.08646919822868977,0.6128755364806867,1,331.3231189553886,4995,1437,0.42857142857142855,,714,1165
"[33.6512,76.69155], 2.0, 4.0","ai_adoption_rate, ai_adoption_stage, industry",2.0,0.08724445530810936,0.6139705882352942,1,383.5870801435053,4971,1437,0.42857142857142855,,167,272
"[0.21650000000000003,0.4475]",ai_maturity_score,1.0,0.0166298947934358,0.44073536526366713,2,346.8263445296873,4986,1441,0.14285714285714285,,911,2067
"[21.20695,48.506750000000004], [20.246499999999997,47.6935], [-16.1099,54.321000000000005], [-5.9933499999999995,30.35335]","ai_adoption_rate, ai_failure_rate, ai_training_hours, task_automation_rate",1.0,0.016174188331281127,0.43829296424452135,2,360.02131393347923,4991,1441,0.5714285714285714,,760,1734
"[0.3344,0.6115999999999999], [-2.8901499999999993,13.97015], [21.380899999999993,65.4191], [16.376150000000003,47.74385]","ai_maturity_score, ai_failure_rate, ai_training_hours, task_automation_rate",2.0,0.46840454846630486,0.8592592592592593,1,277.9824134415711,4995,1453,0.5714285714285714,,116,135
"[55.316950000000006,69.8288], [0.6535,0.8845000000000001], [-2.8901499999999993,13.97015], 2.0","ai_adoption_rate, ai_maturity_score, ai_failure_rate, ai_adoption_stage",2.0,1.0,1.0,1,185.65174088064344,4935,1463,0.5714285714285714,,24,24
"[33.6512,95.26305], [-2.8901499999999993,13.97015], [24.771300000000004,90.9925], [16.376150000000003,47.74385]","ai_adoption_rate, ai_failure_rate, ai_training_hours, task_automation_rate",2.0,0.48700986555073694,0.865979381443299,1,270.4395277730324,4995,1463,0.5714285714285714,,168,194
"[11.145299999999995,76.69155], [0.3344,0.6115999999999999], [6.953799999999999,24.206200000000003]","ai_adoption_rate, ai_maturity_score, ai_failure_rate",2.0,0.08160045394016903,0.6058128973660308,3,329.70858798772827,4995,1470,0.42857142857142855,,667,1101
"[27.2054,59.6546], [16.376150000000003,47.74385], 2.0, 6.0","ai_training_hours, task_automation_rate, ai_adoption_stage, industry",2.0,0.16894810676035354,0.7007299270072993,1,332.487597937461,4995,1470,0.5714285714285714,,96,137
"[-0.05150000000000002,0.48750000000000004], [17.9136,39.546400000000006], [-7.064399999999999,28.784399999999998]","ai_maturity_score, ai_training_hours, task_automation_rate",0.0,0.003318697461873691,0.3192960402262728,1,357.4494480339164,4963,1472,0.42857142857142855,,508,1591
"[0.08304999999999998,0.29095000000000004], [17.3796,36.2004], [-16.1099,54.321000000000005], [6.774649999999999,23.205350000000003], 3.0","ai_maturity_score, ai_failure_rate, ai_training_hours, task_automation_rate, ai_adoption_stage",0.0,0.06991219991997798,0.5873684210526315,1,386.6492846874372,4972,1500,0.7142857142857143,,279,475
"[0.28569999999999995,0.5783], [21.380899999999993,65.4191], [16.376150000000003,47.74385], 2.0","ai_maturity_score, ai_training_hours, task_automation_rate, ai_adoption_stage",2.0,0.06861881293390544,0.5851788756388415,1,336.45766760909095,4995,1503,0.5714285714285714,,687,1174
"[-0.05150000000000002,0.48750000000000004], [6.3065,33.7535], [-7.064399999999999,33.97754313420566]","ai_maturity_score, ai_failure_rate, task_automation_rate",0.0,0.0032036799850066223,0.31705150976909413,1,357.97236292258435,4972,1519,0.42857142857142855,,714,2252
"[33.6512,76.69155], [0.3344,0.6115999999999999], [6.953799999999999,24.206200000000003], 2.0","ai_adoption_rate, ai_maturity_score, ai_failure_rate, ai_adoption_stage",2.0,0.08721586880292503,0.6139303482587065,1,329.70916744043836,4995,1524,0.5714285714285714,,617,1005
"[11.145299999999995,69.8288], [0.3344,0.6115999999999999], [13.419850000000002,30.28015], [16.376150000000003,47.74385]","ai_adoption_rate, ai_maturity_score, ai_failure_rate, task_automation_rate",2.0,0.06481780882027836,0.5785472972972973,1,344.4401514452017,4971,1524,0.5714285714285714,,685,1184
"[-16.1099,54.321000000000005], 3.0","ai_training_hours, ai_adoption_stage",0.0,0.03711581236257621,0.5175017158544956,2,362.5065564989401,4972,1525,0.2857142857142857,,754,1457
"[9.43545,16.99127291597019], [-0.05150000000000002,0.08304999999999998], [-12.975700000000002,17.155700000000003]","ai_adoption_rate, ai_maturity_score, ai_training_hours",0.0,0.20346349914002398,0.7272727272727273,1,156.05279907916704,4525,1525,0.42857142857142855,,16,22
"[21.20695,42.999500000000005], [0.21650000000000003,0.4475], [20.246499999999997,47.6935], [-6.308300000000003,25.3683], [-5.9933499999999995,30.35335]","ai_adoption_rate, ai_maturity_score, ai_failure_rate, ai_training_hours, task_automation_rate",1.0,0.0208097360463608,0.4609494640122512,1,382.63264310025176,4962,1530,0.7142857142857143,,301,653
"[7.0532499999999985,41.23580407578222], [0.21650000000000003,0.4475], [20.6638,37.9162], 2.0, 1.0","ai_adoption_rate, ai_maturity_score, ai_failure_rate, ai_adoption_stage, industry",1.0,0.07379350066184998,0.59375,1,358.1491888111656,4875,1539,0.7142857142857143,,19,32
"[9.43545,41.86305], [0.08304999999999998,0.29095000000000004], [17.3796,36.2004], [-16.1099,54.321000000000005], 3.0","ai_adoption_rate, ai_maturity_score, ai_failure_rate, ai_training_hours, ai_adoption_stage",0.0,0.07855835059158613,0.6012269938650306,1,372.29718029675047,4972,1543,0.7142857142857143,,392,652
"[11.145299999999995,69.8288], [0.6115999999999999,0.6906189286184161], [13.419850000000002,30.28015], [16.376150000000003,47.74385]","ai_adoption_rate, ai_maturity_score, ai_failure_rate, task_automation_rate",2.0,0.5051612089379387,0.8723404255319149,1,177.375099091758,4431,1546,0.5714285714285714,,41,47
"[7.0532499999999985,73.10912450170134], [0.08200000000000002,0.49802354664683535], [-16.1099,40.2899], [-5.9933499999999995,30.35335], 3.0","ai_adoption_rate, ai_maturity_score, ai_training_hours, task_automation_rate, ai_adoption_stage",1.0,0.008208818689919161,0.38269794721407624,1,364.07392481011783,4991,1554,0.7142857142857143,,522,1364
"[21.20695,42.999500000000005], [20.246499999999997,47.6935], [-5.9933499999999995,30.35335], 2.0","ai_adoption_rate, ai_failure_rate, task_automation_rate, industry",1.0,0.013377771847366014,0.42196531791907516,1,386.28800824308615,4962,1561,0.5714285714285714,,73,173
"[0.21650000000000003,0.49802354664683535], [-23.720844341329045,48.718]","ai_maturity_score, ai_training_hours",1.0,0.01342318612300283,0.422251423565484,2,347.73085915836816,4986,1577,0.2857142857142857,,964,2283
"[0.2223727183015913,0.4475], 3.0","ai_maturity_score, ai_adoption_stage",1.0,0.018441283815804323,0.4499437570303712,1,373.8870546613064,4953,1577,0.2857142857142857,,400,889
"[11.145299999999995,68.26005], [0.1243,0.6017], [-1.3450000000000024,37.285], [3.6540999999999997,24.5659]","ai_adoption_rate, ai_maturity_score, ai_training_hours, task_automation_rate",2.0,0.00012243668815467126,0.16503737780333524,1,365.57305782672205,4997,1582,0.5714285714285714,,287,1739
"[13.23995,88.1195], [6.208849999999998,30.91115]","ai_adoption_rate, ai_failure_rate",2.0,0.016230270761244232,0.43859649122807015,2,331.5560951503943,4995,1582,0.2857142857142857,,1050,2394
"[55.316950000000006,95.26305], [0.6535,0.8845000000000001], [-2.8901499999999993,13.97015], [56.786100000000005,97.7339]","ai_adoption_rate, ai_maturity_score, ai_failure_rate, ai_training_hours",2.0,1.0,1.0,1,137.505492992,4591,1591,0.5714285714285714,,13,13
"[-2.8901499999999993,13.97015], [33.0475,90.9925], [21.091450000000002,45.48855]","ai_failure_rate, ai_training_hours, task_automation_rate",2.0,0.6092939122134442,0.9056603773584906,1,275.7437193021327,4995,1591,0.42857142857142855,,144,159
"[21.20695,42.999500000000005], [0.21650000000000003,0.4475], [-1.9854142570888893,39.6458], [-0.3231911528974516,30.35335]","ai_adoption_rate, ai_maturity_score, ai_training_hours, task_automation_rate",1.0,0.025804527297785238,0.4812150279776179,1,366.84166757922185,4962,1594,0.5714285714285714,,602,1251
"[-0.06275000000000001,0.20675], [26.5827,36.7773], [-7.064399999999999,28.784399999999998]","ai_maturity_score, ai_failure_rate, task_automation_rate",0.0,0.33734541364483095,0.8046647230320699,3,332.9278515912085,4940,1610,0.42857142857142855,,276,343
"[9.43545,41.86305], [-0.06275000000000001,0.29095000000000004], [-16.1099,54.321000000000005], [-7.064399999999999,28.784399999999998]","ai_adoption_rate, ai_maturity_score, ai_training_hours, task_automation_rate",0.0,0.10997246937135693,0.6430678466076696,3,361.5322773841457,4972,1612,0.5714285714285714,,654,1017
"[0.08304999999999998,0.20675], [26.5827,36.7773]","ai_maturity_score, ai_failure_rate",0.0,0.33175557176339515,0.801980198019802,2,333.9503450070767,4940,1612,0.2857142857142857,,243,303
"[0.21650000000000003,0.49802354664683535], [18.04835,46.67165]","ai_maturity_score, ai_failure_rate",1.0,0.014543010687297674,0.42907268170426066,1,342.79516990746504,4986,1616,0.2857142857142857,,856,1995
"[33.6512,69.8288], [0.44321293275442436,0.6115999999999999], [28.566899999999997,57.1531]","ai_adoption_rate, ai_maturity_score, ai_training_hours",2.0,0.22911387038196343,0.7447495961227787,1,321.38522802745786,4995,1620,0.42857142857142855,,461,619
"[0.3344,0.65515], [11.491950000000001,27.56805], [16.376150000000003,47.74385], 2.0","ai_maturity_score, ai_failure_rate, task_automation_rate, ai_adoption_stage",2.0,0.10876633259414539,0.6416510318949343,1,344.27729231733963,4971,1620,0.5714285714285714,,684,1066
"[0.3344,0.6115999999999999], [13.419850000000002,30.28015], [16.376150000000003,47.74385], 3.0","ai_maturity_score, ai_failure_rate, task_automation_rate, ai_adoption_stage",2.0,0.012182693290238179,0.41414141414141414,1,374.61262128609644,4733,1634,0.5714285714285714,,41,99
"[-16.1099,37.7143], 1.0","ai_training_hours, industry",1.0,0.025480396799999996,0.48,1,385.60591649575156,4953,1644,0.2857142857142857,,108,225
"[7.0532499999999985,48.506750000000004], [20.6638,37.9162], [-9.414299999999999,40.2899], [-5.9933499999999995,26.796950000000002], 1.0","ai_adoption_rate, ai_failure_rate, ai_training_hours, task_automation_rate, industry",0,0.005889396189675367,0.3581081081081081,1,393.4438541480108,4666,1644,0.7142857142857143,,53,148
"[-2.8901499999999993,13.97015], [16.376150000000003,45.48855], 2.0","ai_failure_rate, task_automation_rate, ai_adoption_stage",2.0,0.49858277720337585,0.8700564971751412,2,272.2307296026682,4995,1650,0.42857142857142855,,154,177
"[33.6512,95.26305], [0.3344,0.4397047268895278], [24.771300000000004,90.9925], [21.091450000000002,47.74385]","ai_adoption_rate, ai_maturity_score, ai_training_hours, task_automation_rate",2.0,0.04132310010397203,0.5287356321839081,1,361.8316874694391,4971,1650,0.5714285714285714,,184,348
"[7.0532499999999985,48.506750000000004], [6.383049999999999,30.35335]","ai_adoption_rate, task_automation_rate",2,0.000733216350900218,0.23607305936073059,1,356.2065029874998,4997,1654,0.2857142857142857,,517,2190
"[21.20695,48.506750000000004], [0.2223727183015913,0.544], [20.246499999999997,47.6935], [-16.1099,54.321000000000005], [-5.9933499999999995,26.796950000000002]","ai_adoption_rate, ai_maturity_score, ai_failure_rate, ai_training_hours, task_automation_rate",1.0,0.024012558638293047,0.47433774834437087,1,375.4210276473825,4986,1654,0.7142857142857143,,573,1208
"[0.23899999999999721,54.321000000000005], [15.932,31.41385]","ai_training_hours, task_automation_rate",2.0,0.008826211317277805,0.38828880045480385,2,363.55071842548614,4997,1661,0.2857142857142857,,683,1759
"[11.145299999999995,88.1195], 0.0","ai_adoption_rate, industry",2,0.0033242590001253875,0.3194029850746269,1,332.06805967342245,4997,1661,0.2857142857142857,,107,335
"[9.43545,41.86305], [0.08304999999999998,0.29095000000000004], [-36.769573362735514,54.321000000000005], 3.0","ai_adoption_rate, ai_maturity_score, ai_training_hours, ai_adoption_stage",0.0,0.11049531693543937,0.6436781609195402,2,364.5008861816283,4972,1662,0.5714285714285714,,560,870
"[11.145299999999995,76.69155], [6.953799999999999,30.28015], [26.907077230987746,47.74385]","ai_adoption_rate, ai_failure_rate, task_automation_rate",2.0,0.17831521367830508,0.7083333333333334,5,311.37235486912397,4995,1706,0.42857142857142855,,493,696
"[11.145299999999995,69.8288], [0.3344,0.6115999999999999]","ai_adoption_rate, ai_maturity_score",2.0,0.0469892715680664,0.5425,1,333.9085010702655,4995,1706,0.2857142857142857,,868,1600
"[0.44321293275442436,0.6115999999999999]",ai_maturity_score,2.0,0.23159502525101583,0.7463556851311953,1,319.37268323190267,4995,1711,0.14285714285714285,,512,686
"[11.145299999999995,69.8288], [0.3344,0.65515], [4.414050000000001,34.78595]","ai_adoption_rate, ai_maturity_score, task_automation_rate",2.0,0.04220037898704919,0.530961791831357,1,347.9017475386589,4971,1711,0.42857142857142855,,806,1518
"[0.08200000000000002,0.49802354664683535], [-5.9933499999999995,30.35335]","ai_maturity_score, task_automation_rate",1.0,0.00970741323791689,0.3957497995188452,1,352.12892646968595,4991,1717,0.2857142857142857,,987,2494
"[7.0532499999999985,48.506750000000004], [0.08200000000000002,0.49802354664683535], [28.19875,38.00125], [-16.1099,40.2899]","ai_adoption_rate, ai_maturity_score, ai_failure_rate, ai_training_hours",1.0,0.005740933681801043,0.35628415300546445,1,370.9801558806049,4962,1717,0.5714285714285714,,326,915
"[9.43545,41.86305], [-0.06275000000000001,0.29095000000000004], [-16.1099,54.321000000000005], [-7.064399999999999,43.898149808268606]","ai_adoption_rate, ai_maturity_score, ai_training_hours, task_automation_rate",0.0,0.0992982017617468,0.6300692383778437,2,362.61471222897296,4972,1723,0.5714285714285714,,637,1011
"[0.08304999999999998,0.29095000000000004], [-36.769573362735514,54.321000000000005], 3.0","ai_maturity_score, ai_training_hours, ai_adoption_stage",0.0,0.10729497453800249,0.6399055489964581,1,364.5008861816283,4972,1723,0.42857142857142855,,542,847
"[0.21650000000000003,0.4475], [-5.9933499999999995,30.35335]","ai_maturity_score, task_automation_rate",1.0,0.01883209708691231,0.4518348623853211,2,349.6220866532823,4986,1728,0.2857142857142857,,788,1744
"[0.08200000000000002,0.49802354664683535], [-5.9933499999999995,30.35335], 2.0","ai_maturity_score, task_automation_rate, industry",1.0,0.008416533573215765,0.38461538461538464,1,323.2547298458312,4962,1731,0.42857142857142855,,110,286
"[0.08200000000000002,0.49802354664683535], [24.08405,39.37595], [-5.9933499999999995,30.35335]","ai_maturity_score, ai_failure_rate, task_automation_rate",1.0,0.008464222195829228,0.3850502512562814,1,343.5561797580384,4962,1731,0.42857142857142855,,613,1592
"[-0.05150000000000002,0.48750000000000004], [20.181449999999998,40.17855], [-7.064399999999999,33.97754313420566]","ai_maturity_score, ai_failure_rate, task_automation_rate",0.0,0.014761995814111155,0.4303571428571429,3,348.23539036872296,4985,1757,0.42857142857142855,,964,2240
"[0.08304999999999998,0.29095000000000004], [4.318299999999999,27.2217], 3.0","ai_maturity_score, task_automation_rate, ai_adoption_stage",0.0,0.09510059512179854,0.6246498599439776,4,367.2028261778073,4972,1777,0.42857142857142855,,446,714
"[9.43545,41.86305]",ai_adoption_rate,0.0,0.01505873108565039,0.432073544433095,2,361.5780625956778,4972,1777,0.14285714285714285,,846,1958
"[0.21650000000000003,0.4475], [20.246499999999997,47.6935]","ai_maturity_score, ai_failure_rate",1.0,0.01785910941821273,0.44706632653061223,1,350.6071946666287,4986,1791,0.2857142857142857,,701,1568
"[42.999500000000005,55.76940947420293], [0.21650000000000003,0.4475], [-11.345800000000002,39.6458], [-5.9933499999999995,30.35335]","ai_adoption_rate, ai_maturity_score, ai_training_hours, task_automation_rate",1.0,0.02375344501969311,0.47330960854092524,1,375.9911466926921,4986,1791,0.5714285714285714,,133,281
"[35.3605,88.1195], [0.3318,0.5782], [24.771300000000004,62.6287], [22.4446,48.3354], 2.0, 4.0","ai_adoption_rate, ai_maturity_score, ai_training_hours, task_automation_rate, ai_adoption_stage, industry",2.0,0.24664625576131027,0.7558139534883721,1,388.47033819726187,4971,1792,0.8571428571428571,,65,86
"[27.2054,59.6546], 6.0","ai_training_hours, industry",2.0,0.09091180653955425,0.6190476190476191,1,341.70866381364823,4995,1805,0.2857142857142857,,104,168
"[33.6512,69.8288], [0.44321293275442436,0.6115999999999999], [16.376150000000003,47.74385], 2.0","ai_adoption_rate, ai_maturity_score, task_automation_rate, ai_adoption_stage",2.0,0.28735824559881123,0.7792642140468228,1,316.6155873919713,4995,1805,0.5714285714285714,,466,598
"[42.999500000000005,55.76940947420293], [0.21650000000000003,0.4475], [8.680950000000001,32.59905], [-11.345800000000002,39.6458], [-21.531193387125825,30.35335]","ai_adoption_rate, ai_maturity_score, ai_failure_rate, ai_training_hours, task_automation_rate",1.0,0.024088572704372747,0.4746376811594203,2,375.9922082841141,4986,1812,0.7142857142857143,,131,276
"[42.999500000000005,55.76940947420293], [0.21650000000000003,0.4475], [6.5244,34.7556], [-11.345800000000002,39.6458], [-5.9933499999999995,30.35335]","ai_adoption_rate, ai_maturity_score, ai_failure_rate, ai_training_hours, task_automation_rate",1.0,0.022821041561592672,0.46953405017921146,1,375.9911466926921,4986,1812,0.7142857142857143,,131,279
"[11.145299999999995,88.1195], [21.380899999999993,65.4191], 3.0","ai_adoption_rate, ai_training_hours, ai_adoption_stage",2.0,0.0003169407490535978,0.19961612284069097,1,366.9153172299234,4968,1823,0.42857142857142855,,104,521
"[0.21650000000000003,0.4475], [20.246499999999997,47.6935], [-11.345800000000002,39.6458], [-5.9933499999999995,30.35335], 3.0","ai_maturity_score, ai_failure_rate, ai_training_hours, task_automation_rate, ai_adoption_stage",1.0,0.02063085127346996,0.4601542416452442,1,373.89686402629604,4953,1842,0.7142857142857143,,358,778
"[21.20695,42.999500000000005], [0.21650000000000003,0.4475], [-5.9933499999999995,30.35335], 4.0","ai_adoption_rate, ai_maturity_score, task_automation_rate, industry",1.0,0.03856173861927046,0.5214723926380368,1,423.5990490151629,4842,1842,0.5714285714285714,,85,163
"[0.08304999999999998,0.29095000000000004], [-26.524700000000006,26.784700000000004], [4.318299999999999,27.2217], 3.0","ai_maturity_score, ai_training_hours, task_automation_rate, ai_adoption_stage",0.0,0.11133551064102706,0.6446540880503144,1,363.89650170380236,4972,1847,0.5714285714285714,,410,636
"[0.44321293275442436,0.65515], [-2.8901499999999993,30.91115]","ai_maturity_score, ai_failure_rate",2.0,0.24473059740275574,0.7546362339514978,1,319.3746360425527,4995,1856,0.2857142857142857,,529,701
"[27.2054,59.6546], [22.4446,45.48855], 2.0, 6.0","ai_training_hours, task_automation_rate, ai_adoption_stage, industry",2.0,0.19784951092280897,0.7232142857142857,1,331.2896928776635,4995,1856,0.5714285714285714,,81,112
"[0.08304999999999998,0.29095000000000004], [5.007199999999997,48.272800000000004], [4.318299999999999,27.2217], 3.0, 7.0","ai_maturity_score, ai_training_hours, task_automation_rate, ai_adoption_stage, industry",0.0,0.22247792707850617,0.7403846153846154,1,382.14453120565355,4972,1874,0.7142857142857143,,77,104
"[9.43545,41.86305], [0.08304999999999998,0.29095000000000004], [11.499100000000002,34.240899999999996], [-16.1099,54.321000000000005], 3.0","ai_adoption_rate, ai_maturity_score, ai_failure_rate, ai_training_hours, ai_adoption_stage",0.0,0.05987655447650599,0.5694444444444444,1,375.7917519105582,4972,1874,0.7142857142857143,,287,504
"[0.26365,0.50235], [24.771300000000004,95.53391011874217]","ai_maturity_score, ai_training_hours",2,0.020164243650339107,0.45805369127516776,1,351.35233496569583,4971,1883,0.2857142857142857,,546,1192
"[0.08304999999999998,0.29095000000000004], [-6.0768,21.736800000000002], [4.318299999999999,27.2217], 3.0","ai_maturity_score, ai_training_hours, task_automation_rate, ai_adoption_stage",0.0,0.14572709557099645,0.6803118908382066,4,362.62950667646385,4972,1900,0.5714285714285714,,349,513
"[21.20695,48.506750000000004], [20.246499999999997,47.6935], [-16.1099,54.321000000000005], [-5.9933499999999995,30.35335], 3.0","ai_adoption_rate, ai_failure_rate, ai_training_hours, task_automation_rate, ai_adoption_stage",1.0,0.014288764351510583,0.4275618374558304,3,372.51395427755034,4991,1922,0.7142857142857143,,363,849
"[21.20695,48.506750000000004], [-16.1099,54.321000000000005], [-5.9933499999999995,30.35335]","ai_adoption_rate, ai_training_hours, task_automation_rate",1.0,0.013764416861645897,0.42437673130193904,1,360.29402734111414,4991,1922,0.42857142857142855,,766,1805
"[-2.8901499999999993,13.97015], [16.376150000000003,45.48855]","ai_failure_rate, task_automation_rate",2.0,0.4691990699079052,0.8595505617977528,1,272.23173936096526,4995,1926,0.2857142857142857,,153,178
"[21.20695,48.506750000000004], [-16.1099,54.321000000000005], [-5.9933499999999995,30.35335]","ai_adoption_rate, ai_training_hours, task_automation_rate",2,0.0011108139207000789,0.25652415324819544,1,360.29402734111414,4997,1931,0.42857142857142855,,462,1801
"[55.316950000000006,69.8288], 2.0","ai_adoption_rate, ai_adoption_stage",2.0,0.5670342814595827,0.8927335640138409,2,299.48049900413355,4995,1935,0.2857142857142857,,258,289
"[0.6535,0.8845000000000001], [-2.8901499999999993,13.97015], [16.376150000000003,45.48855]","ai_maturity_score, ai_failure_rate, task_automation_rate",2.0,1.0,1.0,1,188.40549066263117,4935,1935,0.42857142857142855,,33,33
"[33.6512,69.8288], [0.44321293275442436,0.7720803492717169], [22.4446,47.74385], 2.0","ai_adoption_rate, ai_maturity_score, task_automation_rate, ai_adoption_stage",2.0,0.3616506098936115,0.8159392789373814,2,315.5753996870229,4995,1954,0.5714285714285714,,430,527
"[0.44321293275442436,0.65515], [-2.8901499999999993,30.91115], [16.376150000000003,45.48855], 2.0","ai_maturity_score, ai_failure_rate, task_automation_rate, ai_adoption_stage",2.0,0.29103830456733704,0.78125,2,316.61909548020134,4995,1954,0.5714285714285714,,475,608
"[-0.18322147432670208,0.48750000000000004], [-7.064399999999999,28.784399999999998]","ai_maturity_score, task_automation_rate",0.0,0.01262055047943338,0.41707644166294144,2,356.587565942491,4985,1963,0.2857142857142857,,933,2237
"[-11.345800000000002,39.6458], [-5.9933499999999995,30.35335]","ai_training_hours, task_automation_rate",1.0,0.009981993990366707,0.3979637007525454,2,356.73582549341853,4991,1986,0.2857142857142857,,899,2259
"[21.20695,61.15305], [0.21650000000000003,0.4475], [-23.193588417026625,30.35335]","ai_adoption_rate, ai_maturity_score, task_automation_rate",1.0,0.022481591847099164,0.46812885538039756,2,367.97715522981485,4986,1986,0.42857142857142855,,683,1459
"[16.88665,27.47335], [-11.345800000000002,39.6458], [-5.9933499999999995,30.35335]","ai_failure_rate, ai_training_hours, task_automation_rate",1.0,0.021418987302069183,0.46361746361746364,1,378.2093965033342,4991,1991,0.42857142857142855,,446,962
"[0.44321293275442436,0.65515], [-2.8901499999999993,17.9188], [16.376150000000003,45.48855]","ai_maturity_score, ai_failure_rate, task_automation_rate",2.0,0.41862019299599124,0.8401639344262295,1,289.5594172279369,4995,1995,0.42857142857142855,,205,244
"[55.316950000000006,95.26305], [-4.038800000000001,30.91115], [21.091450000000002,45.48855]","ai_adoption_rate, ai_failure_rate, task_automation_rate",2.0,0.6289821372971585,0.9114391143911439,3,302.91827154211853,4995,1995,0.42857142857142855,,247,271
"[0.08304999999999998,0.20675], [26.5827,36.7773]","ai_maturity_score, ai_failure_rate",2,0.0,0.0,1,333.9503450070767,2003,2003,0.2857142857142857,,0,266
"[55.316950000000006,95.26305], [-4.038800000000001,13.97015], [33.0475,90.9925], [21.091450000000002,45.48855]","ai_adoption_rate, ai_failure_rate, ai_training_hours, task_automation_rate",2.0,0.702515484468041,0.9318181818181818,1,265.67314222205675,4995,2005,0.5714285714285714,,82,88
"[46.79270000000001,90.5073], [0.6535,0.8845000000000001], [-2.8901499999999993,30.91115], [21.091450000000002,45.48855]","ai_adoption_rate, ai_maturity_score, ai_failure_rate, task_automation_rate",2.0,1.0,1.0,2,180.97480558068736,4935,2005,0.5714285714285714,,41,41
"[21.20695,61.15305], [0.21650000000000003,0.4475], [1.7841999999999985,52.775800000000004], [-23.193588417026625,30.35335]","ai_adoption_rate, ai_maturity_score, ai_training_hours, task_automation_rate",1.0,0.022143640352164234,0.4667128987517337,1,367.977379248896,4986,2014,0.5714285714285714,,673,1442
"[0.08304999999999998,0.29095000000000004], [22.220950000000002,46.13905], [-11.943200000000003,37.5032], [4.318299999999999,27.2217], 3.0","ai_maturity_score, ai_failure_rate, ai_training_hours, task_automation_rate, ai_adoption_stage",0.0,0.09983172241678176,0.6307448494453248,1,372.3099679534541,4972,2016,0.7142857142857143,,398,631
"[11.145299999999995,69.8288], [15.344100000000001,36.2559]","ai_adoption_rate, task_automation_rate",2.0,0.013993364255055884,0.4257791864764923,3,342.86822998882394,4997,2019,0.2857142857142857,,806,1893
"[11.145299999999995,76.69155], [0.3344,0.6115999999999999], [6.953799999999999,14.088414703217236], [16.376150000000003,47.74385]","ai_adoption_rate, ai_maturity_score, ai_failure_rate, task_automation_rate",2.0,0.44370531249999995,0.85,1,291.3248262019829,4995,2019,0.5714285714285714,,85,100
"[55.316950000000006,90.5073], [21.091450000000002,45.48855]","ai_adoption_rate, task_automation_rate",2.0,0.6255689169996302,0.9104477611940298,1,302.4357797704514,4995,2025,0.2857142857142857,,244,268
"[46.79270000000001,95.26305], [0.6535,0.8845000000000001], [-4.038800000000001,30.91115], [33.0475,90.9925]","ai_adoption_rate, ai_maturity_score, ai_failure_rate, ai_training_hours",2.0,1.0,1.0,1,180.61194659487128,4935,2025,0.5714285714285714,,43,43
"[21.20695,61.15305], [0.23874999999999996,0.49901231718503947]","ai_adoption_rate, ai_maturity_score",1.0,0.015496679251092596,0.43455797933409873,1,356.0774496476185,4986,2030,0.2857142857142857,,757,1742
"[0.21650000000000003,0.4475], [-11.345800000000002,39.6458]","ai_maturity_score, ai_training_hours",1.0,0.017690713077737636,0.446220036877689,1,346.9652627171102,4986,2030,0.2857142857142857,,726,1627
"[23.749769825799923,41.84455], [-0.05150000000000002,0.48750000000000004], [-7.064399999999999,28.784399999999998]","ai_adoption_rate, ai_maturity_score, task_automation_rate",1,0.01901613254933378,0.45271453590192645,1,374.39937407661864,4962,2032,0.42857142857142855,,517,1142
"[21.20695,42.999500000000005], [-5.9933499999999995,30.35335]","ai_adoption_rate, task_automation_rate",1.0,0.016020405231988954,0.43745632424877706,1,369.10411205437674,4991,2044,0.2857142857142857,,626,1431
"[0.21650000000000003,0.4475], [16.88665,27.47335], [-11.345800000000002,39.6458]","ai_maturity_score, ai_failure_rate, ai_training_hours",1.0,0.025352739758384864,0.4795180722891566,1,374.47778728269606,4986,2044,0.42857142857142855,,398,830
"[5.007199999999997,48.272800000000004], [-7.064399999999999,27.2217]","ai_training_hours, task_automation_rate",0.0,0.007819108226623201,0.37899322362052273,1,361.7924230999947,4972,2048,0.2857142857142857,,783,2066
"[26.5827,36.7773], [4.318299999999999,28.784399999999998], 3.0, 7.0","ai_failure_rate, task_automation_rate, ai_adoption_stage, industry",0.0,0.19571834231559318,0.7216494845360825,3,389.66150008531497,4972,2048,0.5714285714285714,,70,97
"[9.43545,41.86305]",ai_adoption_rate,1,0.010182984551600927,0.39955357142857145,1,361.5780625956778,4991,2056,0.14285714285714285,,716,1792
"[0.21650000000000003,0.49802354664683535], [15.556099999999997,56.5039], [-5.9933499999999995,30.35335], 8.0","ai_maturity_score, ai_training_hours, task_automation_rate, industry",1.0,0.015143366845671575,0.4325581395348837,1,369.2346349371265,4748,2057,0.5714285714285714,,93,215
"[33.6512,69.8288], [0.3344,0.65515], [21.272199999999998,35.3878], [27.2054,59.6546], [16.376150000000003,36.80124117170398], 2.0","ai_adoption_rate, ai_maturity_score, ai_failure_rate, ai_training_hours, task_automation_rate, ai_adoption_stage",2.0,0.08859059706702978,0.6158536585365854,1,363.0107726114221,4856,2059,0.8571428571428571,,202,328
"[33.6512,69.8288], [0.35485,0.6115999999999999], [8.8286,35.4914], [16.376150000000003,47.74385], 2.0, 8.0","ai_adoption_rate, ai_maturity_score, ai_failure_rate, task_automation_rate, ai_adoption_stage, industry",2.0,0.15160585946331886,0.6857142857142857,1,304.7461453856661,4947,2059,0.8571428571428571,,96,140
"[16.376150000000003,47.74385], 2.0","task_automation_rate, ai_adoption_stage",2.0,0.06253024900191766,0.5744047619047619,1,336.5948810308898,4995,2082,0.2857142857142857,,772,1344
"[33.6512,69.8288], [0.23919999999999997,0.7628], [-2.8901499999999993,30.91115], [22.4446,45.48855], 2.0","ai_adoption_rate, ai_maturity_score, ai_failure_rate, task_automation_rate, ai_adoption_stage",2.0,0.10008768855635923,0.6310679611650486,1,334.5629284806615,4995,2082,0.7142857142857143,,585,927
"[0.3344,0.6115999999999999], 6.0","ai_maturity_score, industry",2.0,0.10386552693549161,0.6357615894039735,2,345.5215695371245,4995,2093,0.2857142857142857,,96,151
"[-0.06275000000000001,0.20675], [26.5827,36.7773]","ai_maturity_score, ai_failure_rate",1,0.000366304281320592,0.2054794520547945,2,332.9278513143172,4922,2095,0.2857142857142857,,60,292
"[21.20695,42.999500000000005], [2.571300000000001,40.4287], [-5.9933499999999995,30.35335], 4.0","ai_adoption_rate, ai_training_hours, task_automation_rate, industry",1.0,0.01917921284799948,0.45348837209302323,1,415.7981444724019,4842,2115,0.5714285714285714,,78,172
"[21.20695,42.999500000000005], [0.21650000000000003,0.4475], [-11.345800000000002,39.6458], 4.0","ai_adoption_rate, ai_maturity_score, ai_training_hours, industry",1.0,0.037022548078608386,0.5172413793103449,2,423.54055486871994,4842,2115,0.5714285714285714,,75,145
"[3.4023000000000003,35.0577], [-0.06275000000000001,0.20675], [26.5827,36.7773]","ai_adoption_rate, ai_maturity_score, ai_failure_rate",1,0.00026301667416299266,0.19230769230769232,1,337.4752107815534,4922,2117,0.42857142857142855,,50,260
"[7.0532499999999985,48.506750000000004], [20.6638,37.9162], 1.0","ai_adoption_rate, ai_failure_rate, industry",1.0,0.05521281540251464,0.5602836879432624,2,396.4382656938046,4953,2135,0.42857142857142855,,79,141
"[0.21650000000000003,0.4475], [-16.1099,40.2899], 1.0","ai_maturity_score, ai_training_hours, industry",2,6.931375920313668e-05,0.14728682170542637,1,384.4739312075197,4733,2135,0.42857142857142855,,19,129
"[0.08304999999999998,0.29095000000000004], [-36.769573362735514,21.736800000000002], 3.0","ai_maturity_score, ai_training_hours, ai_adoption_stage",0.0,0.14850160045539668,0.6828828828828829,1,359.2485340354923,4972,2141,0.42857142857142855,,379,555
"[9.43545,41.86305], [0.08304999999999998,0.29095000000000004], [-6.0768,54.321000000000005], [4.318299999999999,27.2217], 3.0","ai_adoption_rate, ai_maturity_score, ai_training_hours, task_automation_rate, ai_adoption_stage",0.0,0.09212394683496279,0.6206896551724138,1,367.2028261778073,4972,2141,0.7142857142857143,,396,638
"[0.6535,0.8845000000000001], [-4.038800000000001,30.91115], [33.0475,90.9925]","ai_maturity_score, ai_failure_rate, ai_training_hours",2.0,1.0,1.0,1,183.2760392636112,4935,2147,0.42857142857142855,,44,44
"[46.79270000000001,95.26305], [21.091450000000002,45.48855]","ai_adoption_rate, task_automation_rate",2.0,0.2546190778949394,0.7606382978723404,3,326.1876189649301,4995,2147,0.2857142857142857,,429,564
"[42.999500000000005,56.292519212894476], [2.571300000000001,39.6458], 4.0","ai_adoption_rate, ai_training_hours, industry",1.0,0.0016538171687920206,0.2777777777777778,1,316.0431738249813,4632,2157,0.42857142857142855,,10,36
"[21.20695,42.999500000000005], [0.21650000000000003,0.4475], [-11.345800000000002,40.4287], [-5.9933499999999995,30.35335], 4.0","ai_adoption_rate, ai_maturity_score, ai_training_hours, task_automation_rate, industry",1.0,0.02908072806345571,0.4928571428571429,1,423.5999220030234,4842,2157,0.7142857142857143,,69,140
"[46.79270000000001,95.26305]",ai_adoption_rate,2.0,0.186476356610889,0.7147016011644832,2,325.41720936893415,4995,2161,0.14285714285714285,,491,687
"[55.316950000000006,95.26305], [0.4357,0.7283], [-4.038800000000001,30.91115], [3.0612999999999992,40.9187], [21.091450000000002,45.48855]","ai_adoption_rate, ai_maturity_score, ai_failure_rate, ai_training_hours, task_automation_rate",2.0,0.5849507333642888,0.8983050847457628,1,273.74195948647485,4790,2161,0.7142857142857143,,53,59
"[21.20695,42.999500000000005]",ai_adoption_rate,1.0,0.01514450476877281,0.43256464011180995,1,364.16021608814873,4991,2181,0.14285714285714285,,619,1431
"[21.20695,42.999500000000005], [0.21650000000000003,0.4475], [-11.345800000000002,39.6458], [-5.9933499999999995,9.695111692559795]","ai_adoption_rate, ai_maturity_score, ai_training_hours, task_automation_rate",0,0.014253473510501042,0.42735042735042733,1,359.88472263494543,4715,2181,0.5714285714285714,,50,117
"[-5.9933499999999995,30.35335], 3.0","task_automation_rate, ai_adoption_stage",1.0,0.007544962999743695,0.3762975778546713,1,362.50655650392713,4991,2185,0.2857142857142857,,435,1156
"[0.05634999999999998,0.544], [-11.345800000000002,39.6458], 6.0","ai_maturity_score, ai_training_hours, industry",1.0,0.003544613119490203,0.3235294117647059,1,353.11777959745785,4858,2185,0.42857142857142855,,88,272
"[0.08304999999999998,0.29095000000000004], [-6.0768,48.272800000000004], [4.318299999999999,27.2217], 3.0, 7.0","ai_maturity_score, ai_training_hours, task_automation_rate, ai_adoption_stage, industry",0.0,0.20098226665734673,0.7254901960784313,1,370.71224340500567,4972,2187,0.7142857142857143,,74,102
"[18.766764532231676,27.2217], 3.0","task_automation_rate, ai_adoption_stage",0.0,0.008643381306995884,0.38666666666666666,1,362.3504730462896,4795,2187,0.2857142857142857,,116,300
"[26.5827,36.7773], [6.383049999999999,26.796950000000002], 2.0","ai_failure_rate, task_automation_rate, industry",1,0.006441456177597673,0.3645833333333333,1,371.9165942192915,4962,2195,0.42857142857142855,,35,96
"[-0.06275000000000001,0.20675], [-16.1099,45.86439186334164]","ai_maturity_score, ai_training_hours",1,0.0005153632,0.22,1,293.4731169581849,4922,2195,0.2857142857142857,,99,450
"[11.145299999999995,76.69155], [0.3344,0.6115999999999999], [6.953799999999999,30.28015], [20.881300000000003,58.7387], [7.584078473392573,47.74385]","ai_adoption_rate, ai_maturity_score, ai_failure_rate, ai_training_hours, task_automation_rate",2.0,0.055856906537013314,0.5615848406546081,2,333.63470378494515,4995,2201,0.7142857142857143,,652,1161
"[11.145299999999995,76.69155]",ai_adoption_rate,2.0,0.005514301798070951,0.35342568326469487,1,335.13556176039253,4997,2201,0.14285714285714285,,944,2671
"[0.44321293275442436,0.65515], [-2.8901499999999993,17.9188]","ai_maturity_score, ai_failure_rate",1,4.9924068125096254e-05,0.13793103448275862,1,289.5283508912729,4918,2218,0.2857142857142857,,32,232
"[33.6512,69.8288], [0.44321293275442436,0.6115999999999999], [7.1396000000000015,25.9604], 2.0","ai_adoption_rate, ai_maturity_score, ai_failure_rate, ai_adoption_stage",2.0,0.2631879152074389,0.7656903765690377,3,315.1015528420902,4995,2218,0.5714285714285714,,366,478
"[-0.06275000000000001,0.20675], [-7.064399999999999,28.784399999999998]","ai_maturity_score, task_automation_rate",0.0,0.2982194927774716,0.7850678733031674,5,293.47311695819036,4985,2232,0.2857142857142857,,347,442
"[21.20695,61.15305], [0.23874999999999996,0.65515]","ai_adoption_rate, ai_maturity_score",1,0.010212881371168138,0.3997879109225875,1,340.9746029824285,4986,2238,0.2857142857142857,,754,1886
"[0.44321293275442436,0.58525], [-2.8901499999999993,17.9188], [-11.345800000000002,39.6458]","ai_maturity_score, ai_failure_rate, ai_training_hours",1.0,6.711768496534767e-05,0.14634146341463414,1,291.2613385047751,4238,2238,0.42857142857142855,,6,41
"[24.345799999999997,50.6142], [22.4446,48.3354], 2.0, 4.0","ai_training_hours, task_automation_rate, ai_adoption_stage, industry",2.0,0.3427548048785138,0.8072289156626506,2,389.0213430530121,4971,2239,0.5714285714285714,,67,83
"[-0.05150000000000002,0.336547097655873]",ai_maturity_score,0.0,0.05292214940134466,0.5555555555555556,1,334.6061833351755,4985,2242,0.14285714285714285,,745,1341
"[-0.18322147432670208,0.48750000000000004], [20.181449999999998,40.17855], [-7.064399999999999,33.97754313420566]","ai_maturity_score, ai_failure_rate, task_automation_rate",0.0,0.014572285017409762,0.42924528301886794,2,348.23539036872296,4985,2242,0.42857142857142855,,819,1908
"[-28.195181035301655,54.321000000000005], 3.0","ai_training_hours, ai_adoption_stage",0.0,0.03662616470883121,0.5161290322580645,2,362.5065564989401,4972,2256,0.2857142857142857,,592,1147
"[55.316950000000006,95.26305], [-4.038800000000001,17.9188], [21.091450000000002,45.48855], 6.0","ai_adoption_rate, ai_failure_rate, task_automation_rate, industry",1,4.2139917695473246e-05,0.13333333333333333,1,209.3456775168,4138,2260,0.5714285714285714,,2,15
"[20.6638,37.9162], 2.0","ai_failure_rate, ai_adoption_stage",1.0,0.00987777276932524,0.39712918660287083,1,363.01211517859304,4986,2281,0.2857142857142857,,332,836
"[7.0532499999999985,41.23580407578222], [0.21650000000000003,0.4475], [20.6638,30.405751723071], 2.0, 1.0","ai_adoption_rate, ai_maturity_score, ai_failure_rate, ai_adoption_stage, industry",1.0,0.048282842081079885,0.5454545454545454,1,359.1618218998031,4875,2281,0.7142857142857143,,12,22
"[-2.8901499999999993,13.97015], [24.771300000000004,101.86982437111105], [21.091450000000002,45.48855]","ai_failure_rate, ai_training_hours, task_automation_rate",2.0,0.5475887306111878,0.8865248226950354,1,275.8935977441552,4995,2282,0.42857142857142855,,125,141
"[0.17009999999999997,0.4319], [-28.195181035301655,54.321000000000005], 3.0","ai_maturity_score, ai_training_hours, ai_adoption_stage",0.0,0.017436292148633785,0.44492911668484186,1,368.86369592773997,4972,2295,0.42857142857142855,,408,917
"[33.0475,101.86982437111105]",ai_training_hours,2.0,0.11055094060881934,0.6437429537767756,1,329.14040489606714,4995,2304,0.14285714285714285,,571,887
"[55.316950000000006,95.26305], [-4.038800000000001,7.3666907958357255], [24.771300000000004,90.9925], [21.091450000000002,45.48855], 8.0","ai_adoption_rate, ai_failure_rate, ai_training_hours, task_automation_rate, industry",2.0,1.0,1.0,1,150.0,4463,2304,0.7142857142857143,,3,3
"[0.21650000000000003,0.4475], [20.6638,37.9162], 1.0","ai_maturity_score, ai_failure_rate, industry",1.0,0.06941965940605807,0.5865384615384616,2,393.84874042869205,4953,2305,0.42857142857142855,,61,104
"[19.35805,54.78195], [-0.05150000000000002,0.336547097655873]","ai_adoption_rate, ai_maturity_score",0.0,0.023987231399907615,0.47423764458464773,1,366.126958304433,4972,2311,0.2857142857142857,,451,951
"[21.380899999999993,65.4191], [-1.9829359943766391,47.74385], 2.0","ai_training_hours, task_automation_rate, ai_adoption_stage",2.0,0.058292975425541904,0.5664,1,333.39029706979437,4995,2323,0.42857142857142855,,708,1250
"[55.316950000000006,95.26305], [-4.038800000000001,30.91115], [24.179799999999997,65.9002], [21.091450000000002,45.48855]","ai_adoption_rate, ai_failure_rate, ai_training_hours, task_automation_rate",2.0,0.6345375005651499,0.9130434782608695,2,302.9205559258592,4995,2334,0.5714285714285714,,210,230
"[7.858049999999999,43.28195], [0.23899999999999721,54.321000000000005], [-2.7716158652954253,26.796950000000002], 3.0","ai_adoption_rate, ai_training_hours, task_automation_rate, ai_adoption_stage",1.0,0.008078399115451442,0.38147410358565736,1,362.56152909866154,4991,2356,0.5714285714285714,,383,1004
"[21.20695,61.15305], [12.01775,29.66225], [-11.345800000000002,39.6458]","ai_adoption_rate, ai_failure_rate, ai_training_hours",1.0,0.019503759146983872,0.455012853470437,4,367.6027726443964,4991,2366,0.42857142857142855,,531,1167
"[0.23874999999999996,0.58525], [16.88665,27.47335], [-11.345800000000002,39.6458], [-5.9933499999999995,30.35335]","ai_maturity_score, ai_failure_rate, ai_training_hours, task_automation_rate",1.0,0.024780428750561447,0.47733333333333333,2,389.4562978931913,4986,2366,0.5714285714285714,,358,750
"[21.20695,42.999500000000005], [20.246499999999997,29.66225], [2.257899999999996,54.02210000000001]","ai_adoption_rate, ai_failure_rate, ai_training_hours",1.0,0.027609889827437763,0.4877675840978593,1,370.01943685038134,4991,2371,0.42857142857142855,,319,654
"[21.20695,61.15305], [0.21650000000000003,0.4475], [12.01775,47.6935], [-11.345800000000002,39.6458], [-5.9933499999999995,30.35335]","ai_adoption_rate, ai_maturity_score, ai_failure_rate, ai_training_hours, task_automation_rate",1.0,0.025560591019387794,0.48030176026823135,1,368.16824327430186,4986,2371,0.7142857142857143,,573,1193
"[9.43545,41.86305], [-0.06275000000000001,0.29095000000000004], [-7.064399999999999,28.784399999999998], 3.0","ai_adoption_rate, ai_maturity_score, task_automation_rate, industry",0.0,0.30126851118353903,0.7866666666666666,2,308.44999745279466,4881,2379,0.5714285714285714,,59,75
"[0.21650000000000003,0.5779000000000001], 3.0","ai_maturity_score, ai_adoption_stage",1.0,0.016954191789741016,0.44244105409153955,1,370.1380105368048,4953,2392,0.2857142857142857,,319,721
"[21.20695,45.0777], [0.16209999999999997,0.4475], [23.349850000000004,40.21015], [19.9478,37.8722]","ai_adoption_rate, ai_maturity_score, ai_failure_rate, task_automation_rate",1.0,0.025618576501813033,0.4805194805194805,2,390.78674438780223,4962,2392,0.5714285714285714,,185,385
"[46.79270000000001,76.69155], [21.091450000000002,67.36173274025167]","ai_adoption_rate, task_automation_rate",0,1.3686002496110325e-07,0.04238921001926782,1,326.18760837594925,4963,2402,0.2857142857142857,,22,519
"[11.145299999999995,95.26305], [6.953799999999999,30.28015]","ai_adoption_rate, ai_failure_rate",2.0,0.017051058602790752,0.44294547498594716,2,331.7095200550169,4995,2402,0.2857142857142857,,788,1779
"[7.0532499999999985,48.506750000000004], [0.21650000000000003,0.4475], [20.6638,37.9162], [-5.423300000000001,21.4633], 3.0, 1.0","ai_adoption_rate, ai_maturity_score, ai_failure_rate, task_automation_rate, ai_adoption_stage, industry",1.0,0.095367431640625,0.625,3,389.3058447373511,4953,2411,0.8571428571428571,,30,48
"[0.08304999999999998,0.29095000000000004], [-6.0768,21.736800000000002], [4.318299999999999,23.90047960339792], 3.0","ai_maturity_score, ai_training_hours, task_automation_rate, ai_adoption_stage",0.0,0.14136609068189063,0.6761904761904762,1,361.1262566711929,4972,2417,0.5714285714285714,,284,420
"[9.43545,41.86305], [0.08304999999999998,0.29095000000000004], [-36.769573362735514,54.321000000000005], 3.0","ai_adoption_rate, ai_maturity_score, ai_training_hours, ai_adoption_stage",1,0.003537415450715886,0.323397913561848,2,364.5008861816283,4991,2445,0.5714285714285714,,217,671
"[0.23874999999999996,0.58525], [16.88665,27.47335], [-11.345800000000002,39.6458], [-5.9933499999999995,30.35335], 3.0","ai_maturity_score, ai_failure_rate, ai_training_hours, task_automation_rate, ai_adoption_stage",1.0,0.06132057863195834,0.5721649484536082,3,386.88137750453177,4791,2449,0.7142857142857143,,111,194
"[33.6512,76.69155], [6.953799999999999,24.206200000000003], [10.535400000000003,42.9846], 2.0","ai_adoption_rate, ai_failure_rate, ai_training_hours, ai_adoption_stage",2,0.03202991169663511,0.5024711696869851,1,347.04291830582093,4971,2451,0.5714285714285714,,305,607
"[0.3344,0.6115999999999999], [24.771300000000004,95.53391011874217]","ai_maturity_score, ai_training_hours",2.0,0.0664802706355275,0.5814850530376084,2,330.93912900844015,4995,2451,0.2857142857142857,,603,1037
"[-2.8901499999999993,13.97015]",ai_failure_rate,2.0,0.3355314008232937,0.8037974683544303,2,278.00137073386765,4995,2463,0.14285714285714285,,127,158
"[0.08304999999999998,0.29095000000000004], [4.318299999999999,27.2217]","ai_maturity_score, task_automation_rate",0.0,0.0898571566319274,0.6176046176046176,1,362.8213727755002,4972,2464,0.2857142857142857,,428,693
"[-26.524700000000006,26.784700000000004], [4.318299999999999,23.90047960339792], 3.0","ai_training_hours, task_automation_rate, ai_adoption_stage",0.0,0.06783295283707572,0.5838323353293413,1,368.27013744862876,4972,2464,0.42857142857142855,,390,668
"[0.21650000000000003,0.5243], [-11.345800000000002,39.6458], [-0.3231911528974516,31.41385], 2.0","ai_maturity_score, ai_training_hours, task_automation_rate, ai_adoption_stage",1.0,0.01872417272917485,0.4513157894736842,2,375.83771794812907,4986,2471,0.5714285714285714,,343,760
"[21.20695,42.999500000000005], [4.13095,28.04905], [0.0461500000000008,30.35335], 0.0","ai_adoption_rate, ai_failure_rate, task_automation_rate, industry",1.0,0.058687278378269564,0.5671641791044776,1,361.7560019024469,4906,2471,0.5714285714285714,,38,67
"[35.3605,95.26305], 2.0, 4.0","ai_adoption_rate, ai_adoption_stage, industry",2.0,0.09335553290956458,0.6223404255319149,2,383.20078395604224,4971,2487,0.42857142857142855,,117,188
"[-0.05150000000000002,0.48750000000000004], [-7.064399999999999,8.590515907951577]","ai_maturity_score, task_automation_rate",0.0,0.19454106531064266,0.7207792207792207,2,306.4621224878382,4985,2493,0.2857142857142857,,222,308
"[9.43545,41.86305], [0.08304999999999998,0.29095000000000004], [4.318299999999999,27.2217], 3.0","ai_adoption_rate, ai_maturity_score, task_automation_rate, ai_adoption_stage",0.0,0.09023068314741878,0.6181172291296625,1,367.2028261778073,4972,2500,0.5714285714285714,,348,563
"[-36.769573362735514,54.321000000000005], 3.0, 6.0","ai_training_hours, ai_adoption_stage, industry",0.0,0.019102496095001698,0.453125,1,402.2169284290575,4929,2500,0.42857142857142855,,58,128
"[36.2568,90.5232], [24.345799999999997,50.6142], [22.4446,48.3354], 2.0, 4.0","ai_adoption_rate, ai_training_hours, task_automation_rate, ai_adoption_stage, industry",2.0,0.29024181269556376,0.7808219178082192,1,376.56231523840245,4761,2505,0.7142857142857143,,57,73
"[21.20695,61.15305], [12.01775,29.66225], [-11.345800000000002,39.6458], 3.0","ai_adoption_rate, ai_failure_rate, ai_training_hours, industry",1.0,0.05386547945621936,0.5575221238938053,3,355.43155995642763,4986,2508,0.5714285714285714,,63,113
"[-0.05150000000000002,0.336547097655873], [-7.064399999999999,28.784399999999998]","ai_maturity_score, task_automation_rate",2,2.4219308359847493e-06,0.07530647985989491,1,334.4304984172456,4997,2519,0.2857142857142857,,86,1142
"[-0.05150000000000002,0.48750000000000004], [-4.807299999999998,50.0473]","ai_maturity_score, ai_training_hours",0.0,0.007463430527173915,0.37548076923076923,1,356.5102024617978,4985,2519,0.2857142857142857,,781,2080
"[-0.06275000000000001,0.20675], [26.5827,36.7773], [-7.064399999999999,28.784399999999998], 1.0","ai_maturity_score, ai_failure_rate, task_automation_rate, industry",0.0,0.07379350066184998,0.59375,1,304.8939706513752,4525,2525,0.5714285714285714,,19,32
"[9.43545,41.86305], [0.08304999999999998,0.29095000000000004], [-36.769573362735514,54.321000000000005], [-0.09860000000000113,33.7586], 3.0","ai_adoption_rate, ai_maturity_score, ai_training_hours, task_automation_rate, ai_adoption_stage",1,0.0031971964246112904,0.3169230769230769,1,364.5008861816283,4991,2526,0.7142857142857143,,206,650
"[21.511899999999997,41.1081], [0.3344,0.6115999999999999], 6.0","ai_adoption_rate, ai_maturity_score, industry",2.0,0.018452812500000002,0.45,1,395.0784396509092,4541,2541,0.42857142857142855,,18,40
"[9.43545,41.86305], [-36.769573362735514,54.321000000000005]","ai_adoption_rate, ai_training_hours",0.0,0.015096173033823533,0.4322881921280854,1,361.5780625956778,4972,2543,0.2857142857142857,,648,1499
"[-7.064399999999999,8.590515907951577], 3.0","task_automation_rate, ai_adoption_stage",0.0,0.14995078952820548,0.6842105263157895,1,352.2001771242465,4889,2543,0.2857142857142857,,143,209
"[-7.064399999999999,13.01134983449194]",task_automation_rate,0.0,0.0907896132688665,0.6188811188811189,1,319.57907670964676,4985,2552,0.14285714285714285,,354,572
"[-4.038800000000001,30.91115], [24.179799999999997,111.55416094812836], [21.091450000000002,45.48855]","ai_failure_rate, ai_training_hours, task_automation_rate",0,8.894975513183849e-07,0.061635220125786164,1,332.2506045387842,4963,2557,0.42857142857142855,,49,795
"[55.316950000000006,95.26305], [0.6535,0.8845000000000001], [-4.038800000000001,30.91115], [33.0475,65.9002]","ai_adoption_rate, ai_maturity_score, ai_failure_rate, ai_training_hours",2.0,1.0,1.0,2,175.9069860784618,4935,2557,0.5714285714285714,,29,29
"[21.20695,42.999500000000005], [20.246499999999997,47.6935]","ai_adoption_rate, ai_failure_rate",1.0,0.015771818222282335,0.43609022556390975,2,361.97295573698693,4991,2561,0.2857142857142857,,464,1064
"[21.20695,42.999500000000005], [0.21650000000000003,0.4475], [20.246499999999997,29.66225], [2.257899999999996,54.02210000000001], [-5.9933499999999995,30.35335]","ai_adoption_rate, ai_maturity_score, ai_failure_rate, ai_training_hours, task_automation_rate",1.0,0.03640488596647244,0.5155038759689923,1,415.71639576538485,4875,2561,0.7142857142857143,,266,516
"[0.21650000000000003,0.9186103739749615], 3.0","ai_maturity_score, ai_adoption_stage",1.0,0.015559769973715332,0.4349112426035503,1,370.1380105368047,4953,2577,0.2857142857142857,,294,676
"[0.08304999999999998,0.29095000000000004], [-6.0768,21.736800000000002], [4.318299999999999,27.2217], 3.0, 6.0","ai_maturity_score, ai_training_hours, task_automation_rate, ai_adoption_stage, industry",0.0,0.095367431640625,0.625,1,391.9907602358379,4929,2581,0.7142857142857143,,35,56
"[12.01775,47.6935], [-11.345800000000002,39.6458]","ai_failure_rate, ai_training_hours",1.0,0.008269757250951614,0.38326446280991733,2,356.6280603557437,4991,2594,0.2857142857142857,,742,1936
"[0.21650000000000003,0.4475], [12.01775,47.6935], [-11.345800000000002,39.6458]","ai_maturity_score, ai_failure_rate, ai_training_hours",1.0,0.01781754360609983,0.44685802948021724,1,346.9652627171102,4986,2609,0.42857142857142855,,576,1289
"[21.20695,61.15305], [12.01775,47.6935], [-11.345800000000002,39.6458], [-5.9933499999999995,30.35335]","ai_adoption_rate, ai_failure_rate, ai_training_hours, task_automation_rate",1.0,0.01591375231601666,0.4368723098995696,1,372.00360076818873,4991,2609,0.5714285714285714,,609,1394
"[33.6512,69.8288], [0.44321293275442436,0.6115999999999999], [25.3136,46.946400000000004], [16.376150000000003,47.74385], 2.0, 8.0","ai_adoption_rate, ai_maturity_score, ai_training_hours, task_automation_rate, ai_adoption_stage, industry",2.0,0.3943519879110702,0.8301886792452831,1,272.52102106020567,4947,2620,0.8571428571428571,,44,53
"[21.20695,42.999500000000005], [0.21650000000000003,0.4475], [20.246499999999997,47.6935]","ai_adoption_rate, ai_maturity_score, ai_failure_rate",1.0,0.022402911924367386,0.46780072904009723,1,365.2884008162559,4962,2624,0.42857142857142855,,385,823
"[18.31935,39.10065], [-28.195181035301655,54.321000000000005], [4.318299999999999,28.784399999999998], 3.0","ai_failure_rate, ai_training_hours, task_automation_rate, ai_adoption_stage",0.0,0.03226849370404779,0.5032175032175032,1,363.49578718620984,4972,2626,0.5714285714285714,,391,777
"[26.5827,36.7773], 3.0, 7.0","ai_failure_rate, ai_adoption_stage, industry",0.0,0.15197347776651168,0.686046511627907,1,390.7930514012645,4972,2626,0.42857142857142855,,59,86
"[0.11349999999999999,0.6525000000000001], [-16.1099,54.321000000000005], [-5.9933499999999995,30.35335]","ai_maturity_score, ai_training_hours, task_automation_rate",1.0,0.007706171449461809,0.37789203084832906,1,352.0961561139298,4991,2638,0.42857142857142855,,735,1945
"[0.21650000000000003,0.5243], [-11.345800000000002,39.6458], [-0.3231911528974516,31.41385]","ai_maturity_score, ai_training_hours, task_automation_rate",1.0,0.01828486645811051,0.4491778774289985,1,358.60290839345873,4986,2645,0.42857142857142855,,601,1338
"[0.21650000000000003,0.5243], [-11.345800000000002,39.6458], [-0.3231911528974516,31.41385], 2.0, 5.0","ai_maturity_score, ai_training_hours, task_automation_rate, ai_adoption_stage, industry",1.0,0.00958381258180711,0.39473684210526316,1,355.9946280833595,4645,2645,0.7142857142857143,,15,38
"[-0.05150000000000002,0.336547097655873], [20.181449999999998,40.17855]","ai_maturity_score, ai_failure_rate",0.0,0.058999082188262136,0.5677655677655677,3,334.61135353870947,4985,2651,0.2857142857142857,,620,1092
"[9.43545,41.86305], [0.08304999999999998,0.29095000000000004], [18.484650000000002,44.75535], [-16.1099,54.321000000000005], 3.0","ai_adoption_rate, ai_maturity_score, ai_failure_rate, ai_training_hours, ai_adoption_stage",0.0,0.1172082099460518,0.6513157894736842,1,364.5008861816283,4972,2662,0.7142857142857143,,396,608
"[0.44321293275442436,0.6115999999999999], 2.0","ai_maturity_score, ai_adoption_stage",2.0,0.24151509849409084,0.7526427061310782,1,316.49980892519136,4995,2669,0.2857142857142857,,356,473
"[9.43545,41.86305], [0.08304999999999998,0.29095000000000004], [26.5827,44.75535]","ai_adoption_rate, ai_maturity_score, ai_failure_rate",0.0,0.12377026832091605,0.6584507042253521,1,370.1164587816153,4972,2672,0.42857142857142855,,374,568
"[0.08304999999999998,0.20675], [18.484650000000002,36.7773], [-16.1099,54.321000000000005]","ai_maturity_score, ai_failure_rate, ai_training_hours",0.0,0.32593330888511657,0.7991452991452992,1,333.79692545355334,4940,2672,0.42857142857142855,,187,234
"[37.7971,63.4229], [21.091450000000002,45.48855], 2.0","ai_adoption_rate, task_automation_rate, ai_adoption_stage",2.0,0.09697651956788887,0.6270949720670391,1,336.3143635964736,4965,2677,0.42857142857142855,,449,716
"[0.44321293275442436,0.6115999999999999], [-2.8901499999999993,13.97015], [33.0475,90.9925]","ai_maturity_score, ai_failure_rate, ai_training_hours",2.0,0.6472278485082303,0.9166666666666666,1,254.41122608047021,4995,2677,0.42857142857142855,,55,60
"[13.23995,69.8288], [-2.8901499999999993,30.91115], [33.0475,95.53391011874217], [-7.064399999999999,45.48855]","ai_adoption_rate, ai_failure_rate, ai_training_hours, task_automation_rate",1,0.0018399109395950569,0.2837653478854025,1,329.07420766555634,4986,2684,0.5714285714285714,,208,733
"[21.091450000000002,48.3354], 2.0, 4.0","task_automation_rate, ai_adoption_stage, industry",2.0,0.16806999999999994,0.7,1,385.78105549992245,4971,2701,0.42857142857142855,,84,120
"[37.7971,63.4229], [24.345799999999997,50.6142], [22.4446,45.48855], 2.0","ai_adoption_rate, ai_training_hours, task_automation_rate, ai_adoption_stage",2.0,0.12084704495891448,0.655310621242485,1,335.4650195644483,4935,2701,0.5714285714285714,,327,499
"[-0.05150000000000002,0.336547097655873], 2.0","ai_maturity_score, industry",0.0,0.051250179244032024,0.552,1,298.72453559193184,4708,2708,0.2857142857142857,,69,125
"[9.43545,41.86305], [18.484650000000002,36.7773]","ai_adoption_rate, ai_failure_rate",0.0,0.012535647593162275,0.41651376146788993,1,361.2905962203243,4972,2720,0.2857142857142857,,454,1090
"[26.5827,44.75535], [-16.1099,54.321000000000005], 3.0","ai_failure_rate, ai_training_hours, ai_adoption_stage",0.0,0.05936324362648106,0.5684647302904564,1,372.1469832903332,4972,2720,0.42857142857142855,,411,723
"[0.23874999999999996,0.58525], [16.88665,27.47335], [-11.345800000000002,60.08974046316532], [8.499331112326887,30.35335]","ai_maturity_score, ai_failure_rate, ai_training_hours, task_automation_rate",1.0,0.015579327795015674,0.43502051983584133,1,372.53205835175214,4986,2728,0.5714285714285714,,318,731
"[20.246499999999997,47.6935]",ai_failure_rate,1.0,0.007073993883400933,0.37147786083956297,1,341.2134466968688,4991,2731,0.14285714285714285,,646,1739
"[24.771300000000004,95.53391011874217]",ai_training_hours,2.0,0.03807823769371369,0.5201581027667984,1,321.58714231856203,4995,2733,0.14285714285714285,,658,1265
"[13.23995,69.8288], [0.3344,0.6115999999999999], [9.423899999999996,45.7361], [-7.064399999999999,45.48855]","ai_adoption_rate, ai_maturity_score, ai_training_hours, task_automation_rate",2,0.03158103517945149,0.5010548523206751,1,343.6385477718374,4995,2733,0.5714285714285714,,475,948
"[55.316950000000006,95.26305], [0.6535,0.8845000000000001], [-2.8901499999999993,13.97015]","ai_adoption_rate, ai_maturity_score, ai_failure_rate",2.0,1.0,1.0,1,182.19969954958543,4935,2737,0.42857142857142855,,19,19
"[0.6535,0.8845000000000001], [-2.8901499999999993,13.97015], [33.0475,90.9925], [16.376150000000003,45.48855], 2.0","ai_maturity_score, ai_failure_rate, ai_training_hours, task_automation_rate, ai_adoption_stage",2.0,1.0,1.0,1,191.7638089201418,4935,2737,0.7142857142857143,,19,19
"[9.43545,41.86305], [-0.06275000000000001,0.29095000000000004], [1.1574999999999953,59.102500000000006], [-7.064399999999999,28.784399999999998], 3.0","ai_adoption_rate, ai_maturity_score, ai_training_hours, task_automation_rate, industry",0.0,0.25126003423796484,0.7586206896551724,1,315.6707087771556,4881,2740,0.7142857142857143,,44,58
"[37.7971,63.4229], [21.091450000000002,45.48855], 2.0","ai_adoption_rate, task_automation_rate, ai_adoption_stage",1,0.0022775391368688295,0.296137339055794,1,336.3143635964736,4986,2750,0.42857142857142855,,207,699
"[46.79270000000001,95.26305], 7.0","ai_adoption_rate, industry",2.0,0.17133974630262308,0.7027027027027027,1,274.05885259246605,4888,2750,0.2857142857142857,,26,37
"[21.20695,61.15305], [0.21650000000000003,0.4475], [19.9478,30.35335], 3.0","ai_adoption_rate, ai_maturity_score, task_automation_rate, ai_adoption_stage",1.0,0.029433645387394375,0.49404761904761907,1,403.0361134901001,4842,2759,0.5714285714285714,,83,168
"[21.20695,45.0777], [0.16209999999999997,0.4475], [12.01775,47.6935], [-11.345800000000002,39.6458], [-5.9933499999999995,37.8722]","ai_adoption_rate, ai_maturity_score, ai_failure_rate, ai_training_hours, task_automation_rate",1.0,0.01866256949869733,0.4510184287099903,1,357.36611162665884,4991,2759,0.7142857142857143,,465,1031
"[-0.05150000000000002,0.20675]",ai_maturity_score,0.0,0.3013392414530267,0.7867036011080333,3,293.4731169581849,4985,2784,0.14285714285714285,,284,361
"[9.43545,41.86305], [-0.06275000000000001,0.08304999999999998], [-16.1099,54.321000000000005], [-7.064399999999999,28.784399999999998]","ai_adoption_rate, ai_maturity_score, ai_training_hours, task_automation_rate",0.0,0.20346349914002398,0.7272727272727273,1,187.53121999247585,4784,2784,0.5714285714285714,,16,22
"[33.6512,95.26305], [0.23919999999999997,0.7628], [-2.8901499999999993,30.91115], [22.4446,45.48855]","ai_adoption_rate, ai_maturity_score, ai_failure_rate, task_automation_rate",2.0,0.10590533747739529,0.6382393397524071,1,334.5631055626549,4995,2786,0.5714285714285714,,464,727
"[46.79270000000001,69.8288], 2.0","ai_adoption_rate, ai_adoption_stage",2.0,0.17014605222268395,0.7017208413001912,1,325.4172093742656,4995,2786,0.2857142857142857,,367,523
"[33.6512,69.8288], [0.44321293275442436,0.65515], [-2.8901499999999993,30.91115], [16.376150000000003,45.48855], 2.0","ai_adoption_rate, ai_maturity_score, ai_failure_rate, task_automation_rate, ai_adoption_stage",2.0,0.28602325351679847,0.7785388127853882,2,316.6190954802015,4995,2805,0.7142857142857143,,341,438
"[11.92675,37.413250000000005], 2.0","ai_failure_rate, ai_adoption_stage",2.0,0.03606772337494085,0.5145454545454545,1,340.2837576256828,4971,2805,0.2857142857142857,,566,1100
"[55.316950000000006,95.26305], [0.32159999999999994,0.8144], [-4.038800000000001,13.97015], [21.091450000000002,45.48855]","ai_adoption_rate, ai_maturity_score, ai_failure_rate, task_automation_rate",2.0,0.6658251387998462,0.921875,1,265.6731559754875,4995,2811,0.5714285714285714,,59,64
"[33.0475,90.9925], [21.091450000000002,48.3354], 2.0, 4.0","ai_training_hours, task_automation_rate, ai_adoption_stage, industry",1,3.224387516331106e-08,0.031746031746031744,1,340.1713171493733,4105,2811,0.5714285714285714,,2,63
"[0.23874999999999996,0.58525], [16.88665,27.47335], [-11.345800000000002,39.6458], [-5.9933499999999995,30.35335], 2.0","ai_maturity_score, ai_failure_rate, ai_training_hours, task_automation_rate, industry",2,0.0057312907282696035,0.3561643835616438,1,338.6180785700736,4711,2812,0.7142857142857143,,26,73
"[-0.18322147432670208,0.48750000000000004], [20.181449999999998,42.96606734369522], [-7.064399999999999,33.97754313420566]","ai_maturity_score, ai_failure_rate, task_automation_rate",0.0,0.015016937590259254,0.4318334452652787,1,348.23539036872296,4985,2840,0.42857142857142855,,643,1489
"[-0.06275000000000001,0.5099684555084083], [-7.064399999999999,8.590515907951577]","ai_maturity_score, task_automation_rate",0.0,0.1991161489782947,0.7241379310344828,2,306.4621224878382,4985,2847,0.2857142857142857,,189,261
"[-0.05150000000000002,0.5144932519395973], [20.181449999999998,40.17855], [-7.064399999999999,33.97754313420566]","ai_maturity_score, ai_failure_rate, task_automation_rate",0.0,0.013371684678222938,0.4219269102990033,1,341.3145267708123,4985,2864,0.42857142857142855,,635,1505
"[24.771300000000004,90.9925], 2.0, 7.0","ai_training_hours, ai_adoption_stage, industry",2.0,0.01988765264067154,0.4567901234567901,1,316.7194571989868,4888,2888,0.42857142857142855,,37,81
"[46.79270000000001,95.26305], [-2.8901499999999993,13.97015], [21.091450000000002,45.48855]","ai_adoption_rate, ai_failure_rate, task_automation_rate",2.0,0.5549289573066435,0.8888888888888888,1,278.2063076791443,4995,2888,0.42857142857142855,,88,99
"[18.484650000000002,36.7773], [-16.1099,54.321000000000005]","ai_failure_rate, ai_training_hours",0.0,0.003918925821481589,0.33009079118028534,1,345.6761096300921,4972,2892,0.2857142857142857,,509,1542
"[-0.05150000000000002,0.20675], 6.0","ai_maturity_score, industry",0.0,0.3276800000000001,0.8,1,277.87559208157074,4985,2892,0.2857142857142857,,40,50
"[7.0532499999999985,48.506750000000004], [0.08200000000000002,0.544]","ai_adoption_rate, ai_maturity_score",1.0,0.009330796876903238,0.3926302414231258,1,355.9124549150836,4991,2894,0.2857142857142857,,618,1574
"[7.0532499999999985,48.506750000000004], [0.08200000000000002,0.49802354664683535], [-16.1099,40.2899], [-5.9933499999999995,30.35335], 3.0","ai_adoption_rate, ai_maturity_score, ai_training_hours, task_automation_rate, ai_adoption_stage",1.0,0.00825299163783637,0.38310893512851896,1,364.07392481011783,4991,2894,0.7142857142857143,,313,817
"[0.21650000000000003,0.58525], [12.01775,47.6935], [-11.345800000000002,39.6458]","ai_maturity_score, ai_failure_rate, ai_training_hours",1.0,0.014346528887731977,0.42790697674418604,1,356.50923596521017,4986,2898,0.42857142857142855,,552,1290
"[0.23874999999999996,0.4475], [-11.345800000000002,39.6458], [-5.9933499999999995,30.35335]","ai_maturity_score, ai_training_hours, task_automation_rate",1.0,0.02216549321118661,0.46680497925311204,1,347.25700218278007,4986,2898,0.42857142857142855,,450,964
"[46.79270000000001,95.26305], [21.091450000000002,45.48855], 4.0","ai_adoption_rate, task_automation_rate, industry",2.0,0.3811667518821842,0.8245614035087719,1,320.9614099071529,4907,2907,0.42857142857142855,,47,57
"[0.23874999999999996,0.58525], [12.01775,29.66225], [-11.345800000000002,39.6458], 3.0","ai_maturity_score, ai_failure_rate, ai_training_hours, industry",1.0,0.04626461682046346,0.5408163265306123,1,355.43155996292614,4986,2916,0.5714285714285714,,53,98
"[21.20695,61.15305], [-11.345800000000002,39.6458], [-5.9933499999999995,30.35335]","ai_adoption_rate, ai_training_hours, task_automation_rate",1.0,0.01586989304939813,0.4366312346688471,1,372.0036007571694,4991,2916,0.42857142857142855,,534,1223
"[35.3605,69.8288], [21.091450000000002,45.48855], 2.0","ai_adoption_rate, task_automation_rate, ai_adoption_stage",0,3.812729146355034e-06,0.0824607329842932,1,335.20559411301065,4963,2920,0.42857142857142855,,63,764
"[-2.8901499999999993,30.91115], [24.771300000000004,95.53391011874217], 2.0","ai_failure_rate, ai_training_hours, ai_adoption_stage",2.0,0.08291594948868097,0.6077537058152793,1,330.67744767916855,4995,2920,0.42857142857142855,,533,877
"[43.835049999999995,64.18495], [-2.8901499999999993,13.97015], [24.771300000000004,90.9925], [21.091450000000002,45.48855]","ai_adoption_rate, ai_failure_rate, ai_training_hours, task_automation_rate",2.0,0.45761349343324415,0.8552631578947368,1,276.17222045658275,4935,2926,0.5714285714285714,,65,76
"[-2.8901499999999993,13.97015], [33.0475,90.9925], [21.091450000000002,41.68181694036454], 2.0","ai_failure_rate, ai_training_hours, task_automation_rate, ai_adoption_stage",2.0,0.5830718781722166,0.8977272727272727,1,278.3091996654129,4995,2926,0.5714285714285714,,79,88
"[0.21650000000000003,0.5243], [6.383049999999999,30.35335], 2.0, 6.0","ai_maturity_score, task_automation_rate, ai_adoption_stage, industry",1.0,0.006585291384055309,0.36619718309859156,1,372.87910295247366,4727,2927,0.5714285714285714,,26,71
"[0.21650000000000003,0.544], [-11.345800000000002,48.718], [0.0461500000000008,30.35335]","ai_maturity_score, ai_training_hours, task_automation_rate",1.0,0.014384325201848326,0.42813220599538815,2,349.3394206757696,4986,2927,0.42857142857142855,,557,1301
"[9.43545,41.86305], [0.08304999999999998,0.29095000000000004], [-16.1099,54.321000000000005], [4.318299999999999,27.2217], 3.0","ai_adoption_rate, ai_maturity_score, ai_training_hours, task_automation_rate, ai_adoption_stage",0.0,0.09106493402131818,0.6192560175054704,1,367.2028261778073,4972,2929,0.7142857142857143,,283,457
"[0.21650000000000003,0.544], [-11.345800000000002,52.05351730660273], [0.0461500000000008,30.35335]","ai_maturity_score, ai_training_hours, task_automation_rate",1.0,0.013844029543500763,0.4248665141113654,1,349.2753227178274,4986,2931,0.42857142857142855,,557,1311
"[46.79270000000001,95.26305], [0.6535,0.8845000000000001], [16.376150000000003,45.48855], 2.0","ai_adoption_rate, ai_maturity_score, task_automation_rate, ai_adoption_stage",2.0,1.0,1.0,2,191.81746403932843,4935,2935,0.5714285714285714,,22,22
"[0.6535,0.8845000000000001], [-2.8901499999999993,30.91115], [33.0475,90.9925]","ai_maturity_score, ai_failure_rate, ai_training_hours",2.0,1.0,1.0,2,183.2809672975403,4935,2935,0.42857142857142855,,32,32
"[0.18574999999999997,0.68625], [20.246499999999997,40.21015]","ai_maturity_score, ai_failure_rate",1.0,0.01194590375209755,0.41251885369532426,1,347.2657059191899,4991,2944,0.2857142857142857,,547,1326
"[21.20695,45.0777], [0.16209999999999997,0.4475], [23.349850000000004,47.6935], [19.9478,37.8722]","ai_adoption_rate, ai_maturity_score, ai_failure_rate, task_automation_rate",1.0,0.022606252774314314,0.46864686468646866,1,390.78674438780223,4962,2944,0.5714285714285714,,142,303
"[16.376150000000003,47.74385]",task_automation_rate,1,0.005329432639168052,0.3510235026535254,1,336.2559592674827,4991,2946,0.14285714285714285,,463,1319
"[33.6512,69.8288], [0.44321293275442436,0.6588363472588269], [-2.8901499999999993,17.9188], [25.3136,46.946400000000004]","ai_adoption_rate, ai_maturity_score, ai_failure_rate, ai_training_hours",2.0,0.3498127216399667,0.8105263157894737,1,299.43835013125454,4995,2947,0.5714285714285714,,77,95
"[16.376150000000003,47.74385], 2.0, 8.0","task_automation_rate, ai_adoption_stage, industry",0,2.448519270213934e-07,0.047619047619047616,1,309.04596322492546,4389,2947,0.42857142857142855,,7,147
"[7.0532499999999985,48.506750000000004], [0.21650000000000003,0.4475], [20.6638,37.9162], 1.0","ai_adoption_rate, ai_maturity_score, ai_failure_rate, industry",0,0.0017850089198353535,0.28205128205128205,1,393.8665240857875,4963,2953,0.5714285714285714,,22,78
"[13.23995,69.8288], [24.771300000000004,95.53391011874217], [-7.064399999999999,45.48855], 3.0","ai_adoption_rate, ai_training_hours, task_automation_rate, ai_adoption_stage",2,0.0005257953148838168,0.22088353413654618,1,375.4890499042954,4968,2968,0.5714285714285714,,55,249
"[24.345799999999997,62.6287], [22.4446,48.3354], 2.0, 4.0","ai_training_hours, task_automation_rate, ai_adoption_stage, industry",2.0,0.4182119423999999,0.84,3,385.0079798028852,4971,2971,0.5714285714285714,,63,75
"[35.3605,88.1195], [24.771300000000004,50.6142], [22.4446,48.3354], 2.0","ai_adoption_rate, ai_training_hours, task_automation_rate, ai_adoption_stage",2.0,0.13034896892421183,0.6653061224489796,1,334.4949948330074,4995,2971,0.5714285714285714,,326,490
"[-0.05150000000000002,0.20675], [18.484650000000002,36.7773]","ai_maturity_score, ai_failure_rate",0.0,0.3084717964283285,0.7903930131004366,1,333.2774201488285,4940,2983,0.2857142857142857,,181,229
"[-16.1099,54.321000000000005]",ai_training_hours,0.0,0.0035921581290909587,0.3243927125506073,1,330.1542227573808,4985,2983,0.14285714285714285,,641,1976
"[0.6535,0.8845000000000001], [-2.8901499999999993,11.023324869286487], [33.0475,90.9925], [21.091450000000002,45.48855], 5.0","ai_maturity_score, ai_failure_rate, ai_training_hours, task_automation_rate, industry",2.0,1.0,1.0,1,163.0,4005,3005,0.7142857142857143,,1,1
"[7.0532499999999985,48.506750000000004], [20.6638,37.9162], [-16.1099,40.2899], 1.0, 1.0","ai_adoption_rate, ai_failure_rate, ai_training_hours, ai_adoption_stage, industry",1.0,0.004115226337448558,0.3333333333333333,1,145.33333333333334,4008,3008,0.7142857142857143,,1,3
"[21.20695,45.0777], [0.16209999999999997,0.4475], [14.18935,37.590650000000004], 2.0","ai_adoption_rate, ai_maturity_score, task_automation_rate, ai_adoption_stage",1.0,0.014458261438686257,0.42857142857142855,1,361.5435934297176,4962,3014,0.5714285714285714,,156,364
"[21.20695,42.999500000000005], [23.349850000000004,40.21015], [-11.345800000000002,30.784167590099305], [-5.9933499999999995,37.8722]","ai_adoption_rate, ai_failure_rate, ai_training_hours, task_automation_rate",1.0,0.012697289494165837,0.4175824175824176,1,379.74362930536273,4962,3014,0.5714285714285714,,266,637
"[-5.303512856963357,24.206200000000003], [17.335700000000003,34.2643]","ai_failure_rate, task_automation_rate",2.0,0.06549991367129025,0.5797598627787307,1,344.0231430253424,4971,3019,0.2857142857142857,,338,583
"[11.145299999999995,76.69155], [0.30850060273534685,0.6115999999999999], [24.771300000000004,95.53391011874217], [9.120349999999998,42.47965000000001]","ai_adoption_rate, ai_maturity_score, ai_training_hours, task_automation_rate",2.0,0.057923652352038134,0.565680473372781,1,330.50200215229245,4995,3019,0.5714285714285714,,478,845
"[11.145299999999995,69.8288], [27.2054,59.6546], [16.376150000000003,47.74385]","ai_adoption_rate, ai_training_hours, task_automation_rate",2.0,0.08246699728360181,0.607094133697135,1,333.68591034440806,4995,3034,0.42857142857142855,,445,733
"[33.6512,76.69155], [0.3344,0.6115999999999999], [6.953799999999999,30.28015], [26.907077230987746,47.74385], 2.0","ai_adoption_rate, ai_maturity_score, ai_failure_rate, task_automation_rate, ai_adoption_stage",2.0,0.19454106531064266,0.7207792207792207,1,306.2772605983911,4995,3034,0.7142857142857143,,222,308
"[-0.06275000000000001,0.20675], [-16.997200000000003,16.997200000000003], [-7.064399999999999,31.767378806182773]","ai_maturity_score, ai_training_hours, task_automation_rate",0.0,0.33287566798886076,0.8025210084033614,5,286.188543410884,4985,3038,0.42857142857142855,,191,238
"[11.145299999999995,69.8288], [4.602549999999997,31.65745], [27.2054,59.6546], [16.376150000000003,47.74385]","ai_adoption_rate, ai_failure_rate, ai_training_hours, task_automation_rate",2.0,0.08616728571015823,0.6124469589816125,2,333.6859208095418,4995,3043,0.5714285714285714,,433,707
"[33.6512,95.26305], 2.0, 4.0","ai_adoption_rate, ai_adoption_stage, industry",2.0,0.07949178058852951,0.6026490066225165,1,383.58708014350543,4971,3047,0.42857142857142855,,91,151
"[27.70105,78.19895000000001], [0.3344,0.6115999999999999], [6.953799999999999,30.28015], [21.091450000000002,47.74385]","ai_adoption_rate, ai_maturity_score, ai_failure_rate, task_automation_rate",2.0,0.1027650210279288,0.6344086021505376,1,334.09739391019355,4995,3047,0.5714285714285714,,354,558
"[7.0532499999999985,55.1177], [0.2223727183015913,0.544], [6.383049999999999,35.848]","ai_adoption_rate, ai_maturity_score, task_automation_rate",1.0,0.013811859571823126,0.4246688741721854,1,355.92760000111605,4986,3052,0.42857142857142855,,513,1208
"[0.3730139303117108,0.49802354664683535], [15.556099999999997,56.5039], [-5.9933499999999995,30.35335]","ai_maturity_score, ai_training_hours, task_automation_rate",1.0,0.01285346583801313,0.4186046511627907,1,364.6419099561962,4986,3057,0.42857142857142855,,180,430
"[21.20695,42.999500000000005], [0.21650000000000003,0.29446841117954214], [-11.345800000000002,39.6458], 4.0","ai_adoption_rate, ai_maturity_score, ai_training_hours, industry",1.0,0.098123534241685,0.6285714285714286,2,413.0123756999986,4842,3060,0.5714285714285714,,22,35
"[33.6512,69.8288], [28.566899999999997,95.53391011874217], [16.376150000000003,47.74385], 2.0","ai_adoption_rate, ai_training_hours, task_automation_rate, ai_adoption_stage",2.0,0.13717346484092638,0.6721311475409836,1,329.1578777211214,4995,3065,0.5714285714285714,,410,610
"[-2.8901499999999993,30.91115], [24.771300000000004,57.1531], 2.0, 1.0","ai_failure_rate, ai_training_hours, ai_adoption_stage, industry",2.0,0.03902795518772003,0.5227272727272727,1,323.03798417610795,4965,3065,0.5714285714285714,,23,44
"[13.4223,45.0777], [0.16209999999999997,0.4475], 3.0, 7.0","ai_adoption_rate, ai_maturity_score, ai_adoption_stage, industry",1.0,0.004369177563725887,0.3373493975903614,1,395.5170119408478,4526,3070,0.5714285714285714,,28,83
"[23.349850000000004,47.6935], [19.9478,37.8722], 3.0","ai_failure_rate, task_automation_rate, ai_adoption_stage",1.0,0.015536772978071552,0.43478260869565216,2,357.4916617496763,4894,3070,0.42857142857142855,,80,184
"[0.23496700173760943,0.29095000000000004], [-16.1099,54.321000000000005], 3.0, 3.0","ai_maturity_score, ai_training_hours, ai_adoption_stage, industry",0.0,0.14995078952820548,0.6842105263157895,1,359.47869813437234,4881,3071,0.5714285714285714,,13,19
"[21.20695,55.76940947420293], [0.21650000000000003,0.4475], [12.01775,47.6935], [-11.345800000000002,39.6458], [-5.9933499999999995,30.35335]","ai_adoption_rate, ai_maturity_score, ai_failure_rate, ai_training_hours, task_automation_rate",1.0,0.026003744273896262,0.4819557625145518,2,368.16276615021116,4986,3091,0.7142857142857143,,414,859
"[42.999500000000005,61.15305], [-5.9933499999999995,30.35335]","ai_adoption_rate, task_automation_rate",1.0,0.003671573977436048,0.3258145363408521,1,352.20387046706816,4986,3091,0.2857142857142857,,130,399
"[21.20695,61.15305], [0.21650000000000003,0.4475], 5.0","ai_adoption_rate, ai_maturity_score, industry",1.0,0.004557335779038062,0.3402061855670103,1,373.9017175687078,4645,3100,0.42857142857142855,,33,97
"[21.20695,61.15305], [0.21650000000000003,0.4475], [-11.345800000000002,39.6458], [27.431450000000005,51.82855], 2.0","ai_adoption_rate, ai_maturity_score, ai_training_hours, task_automation_rate, ai_adoption_stage",1.0,0.010864210079525458,0.40476190476190477,1,305.75973700940136,4778,3100,0.7142857142857143,,51,126
"[9.43545,41.86305], [0.08304999999999998,0.29095000000000004], 3.0","ai_adoption_rate, ai_maturity_score, ai_adoption_stage",0.0,0.10527232801358401,0.6374745417515275,1,364.5008861816283,4972,3116,0.42857142857142855,,313,491
"[26.5827,44.75535], [-6.0768,21.736800000000002], [4.318299999999999,23.90047960339792], 3.0","ai_failure_rate, ai_training_hours, task_automation_rate, ai_adoption_stage",0.0,0.11200659518550087,0.6454293628808865,1,368.1072912893508,4972,3116,0.5714285714285714,,233,361
"[7.0532499999999985,48.506750000000004], [0.21650000000000003,0.4475], [20.6638,37.9162]","ai_adoption_rate, ai_maturity_score, ai_failure_rate",1.0,0.02302267145760183,0.47036082474226804,2,365.7374218064555,4986,3119,0.42857142857142855,,365,776
"[16.376150000000003,47.74385], 4.0","task_automation_rate, industry",2.0,0.049881473747554805,0.5490196078431373,1,391.6806005625324,4971,3121,0.2857142857142857,,84,153
"[46.79270000000001,90.5073], [0.6535,0.8845000000000001], [-4.128547854450743,30.91115], [21.091450000000002,45.48855]","ai_adoption_rate, ai_maturity_score, ai_failure_rate, task_automation_rate",2.0,1.0,1.0,2,181.06729374616535,4935,3133,0.5714285714285714,,25,25
"[9.43545,41.86305], [-0.06275000000000001,0.29095000000000004], 3.0, 7.0","ai_adoption_rate, ai_maturity_score, ai_adoption_stage, industry",0.0,0.19075113096875485,0.717948717948718,1,365.8571729721528,4972,3148,0.5714285714285714,,56,78
"[0.08304999999999998,0.20675], [30.785649999999997,49.21435], [-16.997200000000003,54.321000000000005], [-7.064399999999999,31.767378806182773]","ai_maturity_score, ai_failure_rate, ai_training_hours, task_automation_rate",0.0,0.27077242084450526,0.7700534759358288,1,329.9206437971768,4940,3148,0.5714285714285714,,144,187
"[7.0532499999999985,48.506750000000004], [0.21650000000000003,0.4475], [2.9076999999999984,39.7523], 3.0, 1.0","ai_adoption_rate, ai_maturity_score, task_automation_rate, ai_adoption_stage, industry",1.0,0.08700724920793725,0.6136363636363636,2,372.7758792640305,4953,3159,0.7142857142857143,,27,44
"[7.0532499999999985,48.506750000000004], [0.21650000000000003,0.4475], [20.6638,37.9162], [-5.423300000000001,21.4633], 1.0","ai_adoption_rate, ai_maturity_score, ai_failure_rate, task_automation_rate, industry",1.0,0.13168724279835387,0.6666666666666666,2,395.3579370004444,4953,3159,0.7142857142857143,,28,42
"[21.091450000000002,45.48855]",task_automation_rate,2.0,0.04929959307089153,0.5477326968973747,2,333.9035591638912,4995,3161,0.14285714285714285,,459,838
"[55.316950000000006,90.5073], [31.162,51.077999999999996], 2.0","ai_adoption_rate, task_automation_rate, ai_adoption_stage",2.0,0.6177598157679649,0.9081632653061225,1,268.6869494723288,4995,3161,0.42857142857142855,,89,98
"[55.316950000000006,120.56456675131615], [31.162,51.077999999999996], 2.0","ai_adoption_rate, task_automation_rate, ai_adoption_stage",2.0,0.614546414845758,0.9072164948453608,1,268.68694946858915,4995,3167,0.42857142857142855,,88,97
"[55.316950000000006,90.5073], [13.309399999999997,61.2106], [31.162,51.077999999999996], 2.0","ai_adoption_rate, ai_training_hours, task_automation_rate, ai_adoption_stage",2.0,0.6011483889270763,0.9032258064516129,1,268.93085658989173,4995,3167,0.5714285714285714,,84,93
"[-0.05150000000000002,0.20675], [-16.997200000000003,16.997200000000003]","ai_maturity_score, ai_training_hours",0.0,0.30622385808866087,0.7892376681614349,1,286.18854340796787,4985,3171,0.2857142857142857,,176,223
"[-0.06275000000000001,0.20675], [-7.064399999999999,31.767378806182773], 1.0","ai_maturity_score, task_automation_rate, industry",0.0,0.10979242280002384,0.6428571428571429,1,302.49966286193535,4525,3171,0.42857142857142855,,18,28
"[9.43545,41.86305], [-0.06275000000000001,0.20675], [-16.997200000000003,54.321000000000005], [-7.064399999999999,31.767378806182773]","ai_adoption_rate, ai_maturity_score, ai_training_hours, task_automation_rate",0.0,0.2457669188683126,0.7552742616033755,1,330.96268189779215,4940,3173,0.5714285714285714,,179,237
"[0.05634999999999998,0.544], [2.3619999999999983,48.718], [6.383049999999999,27.673250000000003], 3.0","ai_maturity_score, ai_training_hours, task_automation_rate, ai_adoption_stage",1.0,0.010681315101978374,0.4033898305084746,1,362.3407990304112,4991,3185,0.5714285714285714,,238,590
"[0.44321293275442436,0.6115999999999999], [22.4446,47.74385], 2.0","ai_maturity_score, task_automation_rate, ai_adoption_stage",2.0,0.34998483968506927,0.8106060606060606,1,316.65298453395457,4995,3186,0.42857142857142855,,214,264
"[-0.18322147432670208,0.48750000000000004]",ai_maturity_score,0.0,0.007334707861680351,0.37417654808959155,1,356.5033159611839,4985,3189,0.14285714285714285,,568,1518
"[-0.05150000000000002,0.48750000000000004], [23.122500000000002,42.4375], [-7.064399999999999,28.784399999999998]","ai_maturity_score, ai_training_hours, task_automation_rate",0.0,0.0008312006979629908,0.24207011686143573,1,357.8396744890214,4963,3189,0.42857142857142855,,145,599
"[-9.759500000000003,42.999500000000005], [-16.1099,45.86439186334164], [-5.9933499999999995,30.35335], 2.0","ai_adoption_rate, ai_training_hours, task_automation_rate, industry",1.0,0.010240000000000003,0.4,1,330.5320573227044,4962,3195,0.5714285714285714,,52,130
"[-8.480850000000004,22.42085], 2.0","ai_adoption_rate, industry",1,0.00047254297876309553,0.21621621621621623,1,275.01668526990096,4899,3195,0.2857142857142857,,8,37
"[11.145299999999995,76.69155], [6.953799999999999,30.28015], [26.907077230987746,47.74385]","ai_adoption_rate, ai_failure_rate, task_automation_rate",0,1.0240000000000002e-07,0.04,1,311.37235486912397,4963,3201,0.42857142857142855,,15,375
"[21.20695,42.999500000000005], [0.23874999999999996,0.58525], [-15.256819689561537,39.6458], 2.0","ai_adoption_rate, ai_maturity_score, ai_training_hours, industry",1.0,0.02932159417985371,0.4936708860759494,2,406.74859121999987,4962,3206,0.5714285714285714,,39,79
"[-9.759500000000003,61.15305], [-11.345800000000002,45.86439186334164], [-5.9933499999999995,30.35335]","ai_adoption_rate, ai_training_hours, task_automation_rate",1.0,0.008943230045840089,0.3893129770992366,1,356.73511073975146,4991,3206,0.42857142857142855,,561,1441
"[9.43545,41.86305], [0.08304999999999998,0.29095000000000004], [-26.524700000000006,54.321000000000005], 3.0","ai_adoption_rate, ai_maturity_score, ai_training_hours, ai_adoption_stage",0.0,0.10773161944183941,0.6404255319148936,1,364.5008861816283,4972,3208,0.5714285714285714,,301,470
"[12.801350000000001,34.65865], [0.08304999999999998,0.29095000000000004], [18.484650000000002,44.75535], [-16.1099,26.784700000000004], [4.318299999999999,27.2217], 3.0","ai_adoption_rate, ai_maturity_score, ai_failure_rate, ai_training_hours, task_automation_rate, ai_adoption_stage",0.0,0.10590198098668559,0.638235294117647,1,374.1247798684991,4972,3208,0.8571428571428571,,217,340
"[-2.8901499999999993,17.9188], [16.376150000000003,45.48855]","ai_failure_rate, task_automation_rate",1,0.0002771541721083811,0.19433198380566802,1,298.97615244137785,4918,3218,0.2857142857142857,,48,247
"[-2.8901499999999993,17.9188], [16.376150000000003,45.48855]","ai_failure_rate, task_automation_rate",2.0,0.24214748057772312,0.7530364372469636,1,298.97615244137785,4995,3218,0.2857142857142857,,186,247
"[0.21650000000000003,0.4475], [20.6638,37.9162]","ai_maturity_score, ai_failure_rate",1.0,0.0186697819032341,0.4510532837670384,1,347.5507401206688,4986,3226,0.2857142857142857,,364,807
"[21.20695,61.15305], [0.23899999999999721,54.321000000000005]","ai_adoption_rate, ai_training_hours",1.0,0.009196751112732915,0.3914956011730205,1,341.8820758666498,4991,3231,0.2857142857142857,,534,1364
"[0.21650000000000003,0.4475], [31.588849999999997,50.01115]","ai_maturity_score, task_automation_rate",1.0,0.0005008876323699951,0.21875,1,253.89431008757322,4508,3231,0.2857142857142857,,14,64
"[4.13095,28.04905], 2.0, 0.0","ai_failure_rate, ai_adoption_stage, industry",1.0,0.009448641087050133,0.39361702127659576,1,320.57598045066715,4906,3238,0.42857142857142855,,37,94
"[21.20695,42.999500000000005], [0.2317,0.5243], [4.13095,28.04905], [0.0461500000000008,31.41385], 0.0","ai_adoption_rate, ai_maturity_score, ai_failure_rate, task_automation_rate, industry",1.0,0.06872850940451601,0.5853658536585366,3,358.0887837474253,4906,3238,0.7142857142857143,,24,41
"[-0.05150000000000002,0.336547097655873], [-7.064399999999999,13.01134983449194]","ai_maturity_score, task_automation_rate",0.0,0.1611259272447859,0.6941176470588235,1,317.6663066624174,4985,3242,0.2857142857142857,,236,340
"[9.43545,41.86305], [0.08304999999999998,0.29095000000000004], [26.5827,44.75535], [-26.524700000000006,54.321000000000005], 3.0","ai_adoption_rate, ai_maturity_score, ai_failure_rate, ai_training_hours, ai_adoption_stage",0.0,0.1342794317829973,0.6692708333333334,1,374.63639799366007,4972,3250,0.7142857142857143,,257,384
"[55.316950000000006,95.26305], [-4.038800000000001,30.91115], [24.179799999999997,65.9002], [21.091450000000002,45.48855], 2.0","ai_adoption_rate, ai_failure_rate, ai_training_hours, task_automation_rate, ai_adoption_stage",2.0,0.6062776116457453,0.9047619047619048,1,302.94525600037406,4995,3254,0.7142857142857143,,133,147
"[0.23899999999999721,54.321000000000005], [15.932,31.41385]","ai_training_hours, task_automation_rate",1,0.008798364374413399,0.38804347826086955,2,363.55071842548614,4991,3262,0.2857142857142857,,357,920
"[21.20695,42.999500000000005], [0.23874999999999996,0.58525], [-15.256819689561537,13.440335941961774], 2.0","ai_adoption_rate, ai_maturity_score, ai_training_hours, industry",1.0,0.0,0.0,1,288.75,3263,3263,0.5714285714285714,,0,4
5.0,industry,0.0,0.0063582343481257495,0.36363636363636365,1,349.9448754154343,4736,3271,0.14285714285714285,,52,143
"[0.21650000000000003,0.4475], [20.6638,37.9162], 2.0, 1.0","ai_maturity_score, ai_failure_rate, ai_adoption_stage, industry",1.0,0.03125,0.5,1,381.7206163196465,4939,3281,0.5714285714285714,,14,28
"[7.0532499999999985,41.23580407578222], [0.21650000000000003,0.4475], [20.6638,54.68476396230267], 2.0, 1.0","ai_adoption_rate, ai_maturity_score, ai_failure_rate, ai_adoption_stage, industry",2,0.00045182066995894555,0.21428571428571427,1,358.902083584,4465,3281,0.7142857142857143,,3,14
"[7.0532499999999985,48.506750000000004], [0.3911931225708942,0.4475], [20.6638,37.9162], [-5.423300000000001,21.4633], 1.0","ai_adoption_rate, ai_maturity_score, ai_failure_rate, task_automation_rate, industry",1.0,1.0,1.0,2,367.03200000000004,4939,3305,0.7142857142857143,,7,7
"[-2.8901499999999993,13.97015], [21.091450000000002,45.48855]","ai_failure_rate, task_automation_rate",2.0,0.5170386157899947,0.8764044943820225,1,278.15509491566746,4995,3307,0.2857142857142857,,78,89
"[-2.8901499999999993,13.97015], [21.091450000000002,41.68181694036454], 2.0","ai_failure_rate, task_automation_rate, ai_adoption_stage",2.0,0.5262884496213611,0.8795180722891566,1,281.3113440316968,4995,3307,0.42857142857142855,,73,83
"[-6.0768,48.272800000000004], [4.318299999999999,27.2217], 3.0, 7.0","ai_training_hours, task_automation_rate, ai_adoption_stage, industry",0.0,0.0822278179868282,0.6067415730337079,1,370.66897723615773,4972,3325,0.5714285714285714,,54,89
"[0.08304999999999998,0.29095000000000004], 3.0, 7.0","ai_maturity_score, ai_adoption_stage, industry",0.0,0.18872619039444316,0.7164179104477612,1,367.56314503427586,4972,3325,0.42857142857142855,,48,67
"[7.0532499999999985,48.506750000000004], [0.21650000000000003,0.4475], [20.6638,37.9162], [-6.471000000000004,47.611000000000004]","ai_adoption_rate, ai_maturity_score, ai_failure_rate, ai_training_hours",1.0,0.022785511377671187,0.46938775510204084,1,365.7374218064555,4986,3333,0.5714285714285714,,322,686
"[55.316950000000006,95.26305], [34.609899999999996,55.4701], [21.091450000000002,45.48855]","ai_adoption_rate, ai_training_hours, task_automation_rate",2.0,0.6076542632394246,0.9051724137931034,1,299.1606582305047,4995,3334,0.42857142857142855,,105,116
"[-4.038800000000001,30.91115], [24.179799999999997,65.9002], [21.091450000000002,45.48855]","ai_failure_rate, ai_training_hours, task_automation_rate",2.0,0.13107417476327496,0.6660447761194029,2,332.2506045392427,4995,3334,0.42857142857142855,,357,536
"[-11.345800000000002,40.4287], 4.0","ai_training_hours, industry",1.0,0.00591191160486723,0.3583815028901734,1,385.8336480005636,4842,3344,0.2857142857142857,,62,173
"[21.20695,42.999500000000005], [0.21650000000000003,0.4475], [-11.345800000000002,39.6458], [-5.9933499999999995,30.35335], 4.0","ai_adoption_rate, ai_maturity_score, ai_training_hours, task_automation_rate, industry",1.0,0.03125,0.5,1,423.60013249370377,4842,3344,0.7142857142857143,,41,82
"[-0.06275000000000001,0.20675], [26.5827,27.32084139450727], 0.0","ai_maturity_score, ai_failure_rate, industry",2,0.030209300032124603,0.7870967741935484,1,174.00649600086783,3347,3347,0.42857142857142855,,0,0
"[0.08304999999999998,0.20675], [-16.997200000000003,16.997200000000003], [-7.064399999999999,31.767378806182773]","ai_maturity_score, ai_training_hours, task_automation_rate",0.0,0.3011128651281822,0.7865853658536586,1,327.06003139820814,4940,3347,0.42857142857142855,,129,164
"[33.6512,69.8288], [0.44321293275442436,0.7720803492717169], [22.4446,47.74385]","ai_adoption_rate, ai_maturity_score, task_automation_rate",2.0,0.3731255485988242,0.8210526315789474,2,315.57539965039973,4995,3354,0.42857142857142855,,234,285
"[-6.0768,21.736800000000002], 3.0","ai_training_hours, ai_adoption_stage",0.0,0.09582026763317315,0.6255924170616114,1,362.3768474885884,4972,3357,0.2857142857142857,,264,422
"[-0.05150000000000002,0.336547097655873], [26.5827,44.75535], [-0.03830000000000133,31.6383], [4.318299999999999,23.90047960339792], 2.0","ai_maturity_score, ai_failure_rate, ai_training_hours, task_automation_rate, industry",0.0,0.05180568853631072,0.5531914893617021,1,358.85919595353477,4708,3357,0.7142857142857143,,26,47
"[-11.345800000000002,39.6458], [-5.9933499999999995,31.41385], 2.0","ai_training_hours, task_automation_rate, ai_adoption_stage",1.0,0.017134493968045283,0.44337811900191937,2,375.71118628757677,4986,3366,0.42857142857142855,,231,521
"[0.21650000000000003,0.5243], [16.88665,27.47335], [-11.345800000000002,39.6458], [-0.3231911528974516,30.35335], 2.0","ai_maturity_score, ai_failure_rate, ai_training_hours, task_automation_rate, ai_adoption_stage",1.0,0.018726588315095355,0.45132743362831856,1,389.07032005446274,4986,3366,0.7142857142857143,,153,339
"[33.6512,69.8288], [0.44321293275442436,0.7720803492717169]","ai_adoption_rate, ai_maturity_score",2.0,0.2750776199559605,0.7724867724867724,1,319.17308926260387,4995,3380,0.2857142857142857,,292,378
"[47.71188367756462,61.15305], [0.21650000000000003,0.4475], [12.01775,47.6935], [-11.345800000000002,39.6458], [-5.9933499999999995,30.35335]","ai_adoption_rate, ai_maturity_score, ai_failure_rate, ai_training_hours, task_automation_rate",1.0,0.011137716274489088,0.4067796610169492,1,352.50092670822585,4986,3401,0.7142857142857143,,24,59
"[7.0532499999999985,48.506750000000004], [0.21650000000000003,0.4475], [20.6638,37.9162], [-5.423300000000001,11.538604101672396], 3.0, 1.0","ai_adoption_rate, ai_maturity_score, ai_failure_rate, task_automation_rate, ai_adoption_stage, industry",1.0,0.008416533573215765,0.38461538461538464,1,374.732042752,4682,3411,0.8571428571428571,,5,13
"[0.08304999999999998,0.29095000000000004], [-6.0768,19.195587400123166], [4.318299999999999,23.90047960339792], 3.0","ai_maturity_score, ai_training_hours, task_automation_rate, ai_adoption_stage",0.0,0.16635384692736893,0.6985645933014354,1,360.1492193428282,4972,3412,0.5714285714285714,,146,209
"[0.08304999999999998,0.29095000000000004], [-6.0768,21.736800000000002], [4.318299999999999,23.90047960339792], 3.0","ai_maturity_score, ai_training_hours, task_automation_rate, ai_adoption_stage",2,4.783062883135287e-08,0.03435114503816794,1,361.1262566711929,4946,3412,0.5714285714285714,,9,262
"[0.44321293275442436,0.6115999999999999], [-2.8901499999999993,30.91115], [16.376150000000003,47.74385], 2.0","ai_maturity_score, ai_failure_rate, task_automation_rate, ai_adoption_stage",2.0,0.2693290743429045,0.7692307692307693,1,316.62059536557405,4995,3428,0.5714285714285714,,220,286
"[33.6512,69.8288], [0.44321293275442436,0.65515], [22.4446,45.48855], 2.0","ai_adoption_rate, ai_maturity_score, task_automation_rate, ai_adoption_stage",2.0,0.3341813845589102,0.8031496062992126,1,316.6364763670267,4995,3428,0.5714285714285714,,204,254
"[0.21650000000000003,0.4475], [-11.345800000000002,39.6458], [-5.9933499999999995,30.35335], 2.0, 2.0","ai_maturity_score, ai_training_hours, task_automation_rate, ai_adoption_stage, industry",1.0,0.007415771484375,0.375,1,360.0676647818322,4962,3430,0.7142857142857143,,18,48
"[21.20695,42.999500000000005], [0.21650000000000003,0.4475], [-11.345800000000002,30.784167590099305], [-0.3231911528974516,30.35335], 2.0","ai_adoption_rate, ai_maturity_score, ai_training_hours, task_automation_rate, ai_adoption_stage",1.0,0.03819174318002223,0.52046783625731,2,371.36686350917,4962,3430,0.7142857142857143,,89,171
"[46.79270000000001,95.26305], [0.6535,0.8845000000000001], [-4.038800000000001,30.91115], [18.978489524158825,90.9925]","ai_adoption_rate, ai_maturity_score, ai_failure_rate, ai_training_hours",2.0,1.0,1.0,1,180.63348886296382,4935,3431,0.5714285714285714,,22,22
"[21.20695,42.999500000000005], [30.393549999999998,49.60645], [-11.345800000000002,39.6458], [-5.9933499999999995,30.35335]","ai_adoption_rate, ai_failure_rate, ai_training_hours, task_automation_rate",1.0,0.007318961174806566,0.37401574803149606,2,363.5204945601747,4962,3443,0.5714285714285714,,95,254
"[-4.807299999999998,50.0473]",ai_training_hours,0.0,0.003951620159465058,0.3306397306397306,1,330.1559956218224,4985,3450,0.14285714285714285,,491,1485
"[-0.18322147432670208,0.48750000000000004], 6.0","ai_maturity_score, industry",0.0,0.01129121059918747,0.40789473684210525,1,349.3299247400581,4985,3450,0.2857142857142857,,62,152
"[-7.064399999999999,8.590515907951577]",task_automation_rate,0.0,0.20212844142338418,0.7263157894736842,2,306.4621224878382,4985,3456,0.14285714285714285,,138,190
"[-0.05150000000000002,0.48750000000000004], 3.0","ai_maturity_score, ai_adoption_stage",0.0,0.03662616470883121,0.5161290322580645,2,362.5065564989401,4972,3456,0.2857142857142857,,336,651
"[46.79270000000001,95.26305], [0.6535,0.8845000000000001], [-4.038800000000001,30.91115], [16.376150000000003,45.48855]","ai_adoption_rate, ai_maturity_score, ai_failure_rate, task_automation_rate",2.0,1.0,1.0,1,180.4004275822474,4935,3463,0.5714285714285714,,21,21
"[0.6535,0.8845000000000001], [33.32200372394979,90.9925]","ai_maturity_score, ai_training_hours",2.0,1.0,1.0,1,183.24923300768813,4935,3463,0.2857142857142857,,23,23
"[-0.05150000000000002,0.48750000000000004], 3.0, 7.0","ai_maturity_score, ai_adoption_stage, industry",0.0,0.06600153808263474,0.5806451612903226,1,367.8689827942101,4972,3469,0.42857142857142855,,54,93
"[21.20695,42.999500000000005], [0.2317,0.5243], [4.13095,28.04905], [11.436329546777882,31.41385], 2.0, 0.0","ai_adoption_rate, ai_maturity_score, ai_failure_rate, task_automation_rate, ai_adoption_stage, industry",1.0,0.06754356352880661,0.5833333333333334,1,362.50305378601394,4906,3471,0.8571428571428571,,14,24
"[14.85048327255052,69.8288], [0.44321293275442436,0.65515], [25.3136,46.946400000000004], [16.376150000000003,45.48855], 2.0, 8.0","ai_adoption_rate, ai_maturity_score, ai_training_hours, task_automation_rate, ai_adoption_stage, industry",2.0,0.43375716751999094,0.8461538461538461,2,252.98532491429802,4947,3473,0.8571428571428571,,33,39
"[32.20805,67.63195], [-2.8901499999999993,30.91115], [23.461699999999993,55.1383], [16.376150000000003,47.74385], 2.0","ai_adoption_rate, ai_failure_rate, ai_training_hours, task_automation_rate, ai_adoption_stage",2.0,0.08464405120719289,0.6102661596958175,1,342.72351805158604,4971,3473,0.7142857142857143,,321,526
"[35.3605,95.26305], [0.6535,0.8845000000000001], 2.0","ai_adoption_rate, ai_maturity_score, ai_adoption_stage",2.0,1.0,1.0,1,195.97237444607998,4935,3487,0.42857142857142855,,16,16
"[-2.8901499999999993,13.97015], [15.296399999999998,70.9236], [21.091450000000002,41.68181694036454], 2.0","ai_failure_rate, ai_training_hours, task_automation_rate, ai_adoption_stage",2.0,0.47347381451739246,0.8611111111111112,1,281.53982596317206,4995,3487,0.5714285714285714,,62,72
"[21.20695,42.999500000000005], [-5.9933499999999995,30.35335], 2.0","ai_adoption_rate, task_automation_rate, industry",1.0,0.010240000000000003,0.4,1,386.24251817178424,4962,3488,0.42857142857142855,,32,80
"[21.20695,42.999500000000005], [0.23874999999999996,0.58525], [22.465521702905786,49.60645], [-15.256819689561537,39.6458]","ai_adoption_rate, ai_maturity_score, ai_failure_rate, ai_training_hours",1.0,0.03379823018672453,0.5079006772009029,6,384.7247290837029,4962,3488,0.5714285714285714,,225,443
"[55.316950000000006,95.26305], [-4.038800000000001,30.91115], [34.609899999999996,65.9002], [21.091450000000002,45.48855]","ai_adoption_rate, ai_failure_rate, ai_training_hours, task_automation_rate",2.0,0.6130682877289503,0.9067796610169492,1,298.9255495239485,4995,3505,0.5714285714285714,,107,118
"[21.091450000000002,45.48855], 2.0","task_automation_rate, ai_adoption_stage",2.0,0.08715409189577644,0.6138433515482696,2,335.20606467975205,4995,3505,0.2857142857142857,,337,549
"[26.5827,36.7773]",ai_failure_rate,0.0,0.021767457260941127,0.46511627906976744,1,351.3782370940826,4972,3513,0.14285714285714285,,260,559
"[-0.05150000000000002,0.20675], [26.5827,36.7773]","ai_maturity_score, ai_failure_rate",0.0,0.3304015797269255,0.8013245033112583,1,332.9278513143174,4940,3525,0.2857142857142857,,121,151
"[21.20695,42.999500000000005], [-11.345800000000002,39.6458]","ai_adoption_rate, ai_training_hours",0,0.00796566947696683,0.3804034582132565,1,365.580363897424,4972,3526,0.2857142857142857,,264,694
"[21.20695,42.999500000000005], [0.23874999999999996,0.58525], [22.465521702905786,49.60645], [-15.256819689561537,39.6458]","ai_adoption_rate, ai_maturity_score, ai_failure_rate, ai_training_hours",2,0.000261173967686657,0.1920374707259953,2,384.7247290837029,4997,3539,0.5714285714285714,,82,427
"[11.145299999999995,76.69155], [0.3344,0.6115999999999999], [26.922700000000003,37.1173], 6.0","ai_adoption_rate, ai_maturity_score, ai_failure_rate, industry",2.0,0.18593443208187066,0.7142857142857143,2,317.072,4541,3541,0.5714285714285714,,5,7
"[-2.8901499999999993,13.97015], [15.296399999999998,70.9236], 8.0","ai_failure_rate, ai_training_hours, industry",2.0,0.5549289573066435,0.8888888888888888,1,222.52720301883392,4935,3542,0.42857142857142855,,16,18
"[-7.064399999999999,47.74385], 2.0","task_automation_rate, ai_adoption_stage",0.0,3.299072642827082e-05,0.12696335078534032,1,333.2727083747346,4963,3552,0.2857142857142857,,97,764
"[0.16209999999999997,0.5779000000000001], [-11.345800000000002,53.347300000000004]","ai_maturity_score, ai_training_hours",1.0,0.008826744005758147,0.3882934872217642,1,332.6127106252588,4991,3554,0.2857142857142857,,471,1213
"[16.88665,27.47335], [-5.9933499999999995,30.35335], 3.0","ai_failure_rate, task_automation_rate, ai_adoption_stage",1.0,0.025936789431309223,0.4817073170731707,1,362.5963121602257,4991,3554,0.42857142857142855,,79,164
"[21.20695,42.999500000000005], [0.21650000000000003,0.58525]","ai_adoption_rate, ai_maturity_score",1.0,0.02061060654595317,0.46006389776357826,2,362.2804397187939,4962,3561,0.2857142857142857,,288,626
"[22.465521702905786,49.60645], [-5.9933499999999995,30.35335], 2.0, 2.0","ai_failure_rate, task_automation_rate, ai_adoption_stage, industry",1.0,0.004115226337448558,0.3333333333333333,1,383.26097935840903,4962,3561,0.5714285714285714,,13,39
"[20.181449999999998,40.17855], [4.774299999999998,34.9057], [4.318299999999999,23.90047960339792]","ai_failure_rate, ai_training_hours, task_automation_rate",0.0,0.016704043890727646,0.44112769485903813,1,367.20388963722155,4972,3567,0.42857142857142855,,266,603
"[-0.05150000000000002,0.336547097655873], [5.975716441666389,26.784700000000004], 3.0","ai_maturity_score, ai_training_hours, ai_adoption_stage",0.0,0.07108942963139743,0.5893333333333334,1,363.99446502746963,4972,3567,0.42857142857142855,,221,375
"[33.6512,69.8288], [0.44321293275442436,0.6115999999999999], [16.376150000000003,47.74385]","ai_adoption_rate, ai_maturity_score, task_automation_rate",1,0.00040766834556460566,0.2099236641221374,1,319.46532111357703,4939,3572,0.42857142857142855,,55,262
"[0.44321293275442436,0.7720803492717169], [15.06455,26.43545], 2.0","ai_maturity_score, ai_failure_rate, ai_adoption_stage",2.0,0.23553640412115903,0.7488789237668162,1,321.7761707548033,4947,3572,0.42857142857142855,,167,223
"[9.43545,41.86305], [0.10715,0.42285000000000006], [26.5827,44.75535]","ai_adoption_rate, ai_maturity_score, ai_failure_rate",0.0,0.04690604581573715,0.5423076923076923,1,369.23869277121844,4972,3581,0.42857142857142855,,282,520
"[-0.6367500000000028,40.81675]",ai_adoption_rate,2.0,8.839632833238615e-05,0.154627539503386,1,335.34624230884236,4997,3582,0.14285714285714285,,137,886
"[11.145299999999995,95.26305], [6.208849999999998,30.91115]","ai_adoption_rate, ai_failure_rate",2.0,0.015397444507424,0.434,1,331.5560951503943,4995,3582,0.2857142857142857,,434,1000
"[0.6535,0.8845000000000001], [-2.8901499999999993,13.97015]","ai_maturity_score, ai_failure_rate",2.0,1.0,1.0,1,189.89482598400002,4935,3591,0.2857142857142857,,13,13
"[0.6449700762890462,0.8845000000000001], [-2.8901499999999993,13.97015]","ai_maturity_score, ai_failure_rate",2.0,1.0,1.0,1,189.89482598400002,4935,3591,0.2857142857142857,,13,13
"[21.20695,42.999500000000005], [0.23874999999999996,0.58525], [22.465521702905786,49.60645]","ai_adoption_rate, ai_maturity_score, ai_failure_rate",1.0,0.029762181234695106,0.49514563106796117,1,379.1753017842767,4962,3594,0.42857142857142855,,204,412
"[21.20695,42.999500000000005], [0.21650000000000003,0.58525], [25.23875,35.04125], [-15.256819689561537,39.6458]","ai_adoption_rate, ai_maturity_score, ai_failure_rate, ai_training_hours",1.0,0.026188556589352114,0.4826388888888889,1,387.39579424389774,4962,3594,0.5714285714285714,,139,288
"[0.08304999999999998,0.20675], [-7.064399999999999,28.784399999999998]","ai_maturity_score, task_automation_rate",0.0,0.3072066039364893,0.7897435897435897,1,330.75669476256843,4940,3601,0.2857142857142857,,154,195
"[0.16859999999999786,33.3314], [-0.06275000000000001,0.20675], [26.5827,36.7773]","ai_adoption_rate, ai_maturity_score, ai_failure_rate",0.0,0.36354854441773193,0.816793893129771,1,335.3241501746713,4889,3601,0.42857142857142855,,107,131
"[21.20695,42.999500000000005], [18.41825,32.14175]","ai_adoption_rate, ai_failure_rate",2,0.0007036195342753097,0.23413566739606126,1,366.27153105825516,4971,3624,0.2857142857142857,,107,457
"[21.20695,42.999500000000005], [22.465521702905786,49.60645]","ai_adoption_rate, ai_failure_rate",1.0,0.015465109018326696,0.4343807763401109,1,374.23682718839956,4962,3624,0.2857142857142857,,235,541
"[0.3344,0.65515], [11.491950000000001,27.56805], [21.380899999999993,65.4191], [16.376150000000003,47.74385], 2.0","ai_maturity_score, ai_failure_rate, ai_training_hours, task_automation_rate, ai_adoption_stage",2.0,0.1151733946842677,0.6490384615384616,1,344.277604448239,4971,3633,0.7142857142857143,,270,416
"[0.11274999999999996,0.45925], [21.091450000000002,45.48855]","ai_maturity_score, task_automation_rate",2.0,0.007383889453010811,0.37467700258397935,1,372.7434640623984,4971,3636,0.2857142857142857,,145,387
"[21.20695,55.76940947420293], [-11.345800000000002,39.6458], [-5.9933499999999995,30.35335], 5.0","ai_adoption_rate, ai_training_hours, task_automation_rate, industry",1.0,0.006862611684033905,0.36923076923076925,1,378.6076667722212,4991,3645,0.5714285714285714,,24,65
"[0.21650000000000003,0.4475], [12.01775,47.6935], [-5.9933499999999995,31.41385], 2.0","ai_maturity_score, ai_failure_rate, task_automation_rate, ai_adoption_stage",1.0,0.01752445582678322,0.44537815126050423,1,371.39898564681926,4986,3645,0.5714285714285714,,159,357
"[55.316950000000006,95.26305], [-4.038800000000001,13.97015], [33.0475,90.9925], [21.091450000000002,45.48855], 2.0","ai_adoption_rate, ai_failure_rate, ai_training_hours, task_automation_rate, ai_adoption_stage",2.0,0.6552182189430005,0.918918918918919,1,265.8503303217462,4995,3648,0.7142857142857143,,34,37
"[55.316950000000006,95.26305], [24.771300000000004,90.9925], [21.091450000000002,45.48855]","ai_adoption_rate, ai_training_hours, task_automation_rate",2.0,0.6748832023780954,0.9243697478991597,3,302.43264818199714,4995,3648,0.42857142857142855,,110,119
"[26.5827,36.7773], [6.47095,25.889049999999997], 3.0, 7.0","ai_failure_rate, task_automation_rate, ai_adoption_stage, industry",0.0,0.2588642078729486,0.7631578947368421,1,400.75862564919345,4972,3658,0.5714285714285714,,29,38
"[-0.05150000000000002,0.48750000000000004], [-7.064399999999999,8.590515907951577]","ai_maturity_score, task_automation_rate",1,0.0006026575452958837,0.22699386503067484,1,306.4621224878382,4717,3666,0.2857142857142857,,37,163
"[55.316950000000006,69.8288]",ai_adoption_rate,2.0,0.6259859073307663,0.9105691056910569,1,299.48049900411195,4995,3676,0.14285714285714285,,112,123
"[0.44321293275442436,0.6115999999999999], [21.091450000000002,41.68181694036454], 2.0","ai_maturity_score, task_automation_rate, ai_adoption_stage",2.0,0.3047211266817917,0.7884615384615384,1,316.39507212608964,4995,3677,0.42857142857142855,,164,208
"[-2.8901499999999993,13.97015], [33.0475,90.9925]","ai_failure_rate, ai_training_hours",2.0,0.4514351841417832,0.8529411764705882,1,269.9707941643126,4995,3677,0.2857142857142857,,58,68
"[55.316950000000006,95.26305], [0.6535,0.8845000000000001], [33.0475,65.9002]","ai_adoption_rate, ai_maturity_score, ai_training_hours",2.0,1.0,1.0,1,177.47571007488,4935,3699,0.42857142857142855,,15,15
"[46.79270000000001,95.26305], [21.091450000000002,55.43842642189606], 4.0","ai_adoption_rate, task_automation_rate, industry",2.0,0.3504270747052985,0.8108108108108109,1,320.9629220693557,4907,3701,0.42857142857142855,,30,37
"[0.23874999999999996,0.58525], [16.88665,27.47335], [-11.345800000000002,56.0845688496391], [-5.9933499999999995,30.35335], 3.0","ai_maturity_score, ai_failure_rate, ai_training_hours, task_automation_rate, ai_adoption_stage",1.0,0.03617510907377384,0.5148514851485149,2,378.6955856150639,4791,3707,0.7142857142857143,,52,101
"[-6.0768,21.736800000000002], [4.318299999999999,23.90047960339792], 3.0","ai_training_hours, task_automation_rate, ai_adoption_stage",0.0,0.10687615829436493,0.6394052044609665,1,363.4413417889016,4972,3708,0.42857142857142855,,172,269
"[26.5827,44.75535], 3.0","ai_failure_rate, ai_adoption_stage",0.0,0.06166999804870904,0.5728155339805825,1,372.1469832903332,4972,3708,0.2857142857142857,,236,412
"[0.16209999999999997,0.68625]",ai_maturity_score,1.0,0.006804529696540585,0.3686036426712923,2,332.60987468594783,4991,3717,0.14285714285714285,,425,1153
"[20.246499999999997,40.21015], [-1.5072999999999972,53.347300000000004], 3.0","ai_failure_rate, ai_training_hours, ai_adoption_stage",1.0,0.0069691719376256305,0.37037037037037035,1,362.5089915873033,4991,3717,0.42857142857142855,,190,513
"[-0.07075000000000004,0.35275], [26.5827,36.7773], [-8.764599999999998,23.6846]","ai_maturity_score, ai_failure_rate, ai_training_hours",0.0,0.09140535481733217,0.6197183098591549,1,368.47461637231453,4972,3720,0.42857142857142855,,176,284
"[55.316950000000006,69.8288]",ai_adoption_rate,1,1.2633482508026899e-06,0.06611570247933884,1,299.4804990041469,4638,3724,0.14285714285714285,,8,121
"[21.20695,42.999500000000005], [0.21650000000000003,0.4475], [-11.345800000000002,39.6458], [-5.9933499999999995,9.271929541717068]","ai_adoption_rate, ai_maturity_score, ai_training_hours, task_automation_rate",0,0.01734152991583261,0.4444444444444444,1,358.092708646144,4715,3725,0.5714285714285714,,20,45
"[34.5524,74.7276]",ai_training_hours,1.0,0.0013035321834893273,0.2648648648648649,1,327.8744071004597,4986,3727,0.14285714285714285,,98,370
"[0.16209999999999997,0.68625], [11.535149999999998,32.94485]","ai_maturity_score, task_automation_rate",1.0,0.008733654450351349,0.3874709976798144,1,356.8592533122272,4991,3731,0.2857142857142857,,334,862
"[0.16209999999999997,0.68625], 3.0","ai_maturity_score, ai_adoption_stage",1.0,0.012142861075576016,0.41387024608501116,1,366.70846640250045,4991,3731,0.2857142857142857,,185,447
"[-0.06275000000000001,0.29095000000000004], [-16.1099,59.102500000000006], [-7.064399999999999,28.784399999999998], 3.0, 3.0","ai_maturity_score, ai_training_hours, task_automation_rate, ai_adoption_stage, industry",0.0,0.29103830456733704,0.78125,1,307.0868371838225,4881,3740,0.7142857142857143,,25,32
"[9.43545,41.86305], [0.08304999999999998,0.29095000000000004], [1.1574999999999953,54.321000000000005], 3.0","ai_adoption_rate, ai_maturity_score, ai_training_hours, industry",0.0,0.26150027784488145,0.7647058823529411,1,318.2099158678764,4881,3740,0.5714285714285714,,26,34
"[0.08200000000000002,0.49802354664683535], [18.36775,37.9162], 1.0","ai_maturity_score, ai_failure_rate, industry",1.0,0.048914807848632336,0.546875,4,395.7670603233123,4953,3745,0.42857142857142855,,35,64
"[7.0532499999999985,48.506750000000004], 1.0","ai_adoption_rate, industry",2,9.425975349094667e-05,0.1566265060240964,1,359.97679313677827,4883,3745,0.2857142857142857,,13,83
"[-2.8901499999999993,30.91115], [24.771300000000004,95.53391011874217], [-7.064399999999999,45.48855]","ai_failure_rate, ai_training_hours, task_automation_rate",2.0,0.04648975167017153,0.5413416536661466,1,331.14684165989,4995,3773,0.42857142857142855,,347,641
"[13.23995,66.27607640745927], [0.26365,0.50235], 8.0","ai_adoption_rate, ai_maturity_score, industry",2,0.014225818350986645,0.42718446601941745,1,346.1819734065849,4947,3773,0.42857142857142855,,44,103
"[21.20695,55.76940947420293], [0.21650000000000003,0.4475], [12.01775,47.6935], [-11.345800000000002,39.6458], [-5.9933499999999995,30.35335], 8.0","ai_adoption_rate, ai_maturity_score, ai_failure_rate, ai_training_hours, task_automation_rate, industry",1.0,0.015121375320419057,0.43243243243243246,1,360.8148230357755,4748,3780,0.8571428571428571,,32,74
"[12.87875,31.72125], [-6.0768,21.736800000000002], [-7.064399999999999,23.90047960339792], 3.0","ai_adoption_rate, ai_training_hours, task_automation_rate, ai_adoption_stage",0.0,0.1345009710863807,0.6694915254237288,2,369.575933954988,4972,3784,0.5714285714285714,,158,236
"[-0.06275000000000001,0.20675], [4.318299999999999,28.784399999999998]","ai_maturity_score, task_automation_rate",0.0,0.29209816617096457,0.7818181818181819,2,299.89828651660207,4985,3784,0.2857142857142857,,129,165
"[55.316950000000006,69.8288], [24.771300000000004,125.4814972389903]","ai_adoption_rate, ai_training_hours",2.0,0.5904900000000001,0.9,1,299.48050489434655,4995,3790,0.2857142857142857,,99,110
"[55.316950000000006,95.26305], [21.091450000000002,45.48855]","ai_adoption_rate, task_automation_rate",2.0,0.6472278485082303,0.9166666666666666,3,302.43577977098863,4995,3790,0.2857142857142857,,99,108
"[16.88665,28.04905], [0.0461500000000008,30.35335], 3.0","ai_failure_rate, task_automation_rate, ai_adoption_stage",1.0,0.020096714428879725,0.45774647887323944,1,363.1389862278261,4991,3791,0.42857142857142855,,65,142
"[21.20695,42.999500000000005], [0.23874999999999996,0.58525], [4.13095,27.47335], [-11.345800000000002,56.0845688496391], [-5.9933499999999995,30.35335], 0.0","ai_adoption_rate, ai_maturity_score, ai_failure_rate, ai_training_hours, task_automation_rate, industry",1.0,0.049594799370753236,0.5483870967741935,1,358.08364846804227,4906,3791,0.8571428571428571,,17,31
"[0.44321293275442436,0.65515], [-2.8901499999999993,30.91115], [16.376150000000003,45.48855], 2.0, 6.0","ai_maturity_score, ai_failure_rate, task_automation_rate, ai_adoption_stage, industry",2.0,0.278129938257687,0.7741935483870968,1,324.48004047619327,4995,3805,0.7142857142857143,,24,31
"[0.08304999999999998,0.29095000000000004], [-16.1099,54.321000000000005], 3.0, 7.0","ai_maturity_score, ai_training_hours, ai_adoption_stage, industry",0.0,0.20098226665734673,0.7254901960784313,1,367.562855361963,4972,3813,0.5714285714285714,,37,51
"[9.43545,41.86305], [4.318299999999999,27.2217], 3.0, 7.0","ai_adoption_rate, task_automation_rate, ai_adoption_stage, industry",0.0,0.12646223009721802,0.6612903225806451,1,370.66896460251206,4972,3813,0.5714285714285714,,41,62
"[18.484650000000002,36.7773], [-16.1099,54.321000000000005], [-7.064399999999999,33.97754313420566]","ai_failure_rate, ai_training_hours, task_automation_rate",1,0.007949292694934253,0.3802469135802469,1,347.70833316521333,4991,3819,0.42857142857142855,,308,810
"[16.062450000000002,50.417550000000006]",task_automation_rate,0.0,0.0002613371351245943,0.19206145966709348,1,336.2559589559974,4963,3819,0.14285714285714285,,150,781
"[11.145299999999995,69.8288], [4.602549999999997,31.65745], [27.2054,59.6546], [38.08221768060892,47.74385]","ai_adoption_rate, ai_failure_rate, ai_training_hours, task_automation_rate",2.0,0.620921323059155,0.9090909090909091,1,231.5771039444658,4995,3823,0.5714285714285714,,20,22
"[0.16209999999999997,0.49802354664683535]",ai_maturity_score,1.0,0.009848780207095838,0.3968957871396896,1,351.8511417315083,4991,3833,0.14285714285714285,,358,902
"[0.21650000000000003,0.68625], [8.612449999999999,20.76755]","ai_maturity_score, ai_failure_rate",1.0,0.0012573984562029704,0.26296296296296295,1,321.7293118807223,4918,3833,0.2857142857142857,,71,270
"[55.316950000000006,95.26305], [24.771300000000004,125.4814972389903], [21.091450000000002,45.48855], 8.0","ai_adoption_rate, ai_training_hours, task_automation_rate, industry",2.0,1.0,1.0,1,250.8078662329071,4935,3835,0.5714285714285714,,24,24
"[21.20695,42.999500000000005], [0.21650000000000003,0.29446841117954214], [11.64465,37.915350000000004], 4.0","ai_adoption_rate, ai_maturity_score, ai_failure_rate, industry",1.0,0.0852316508323596,0.6111111111111112,1,413.5906679098573,4842,3842,0.5714285714285714,,11,18
"[0.08200000000000002,0.49802354664683535], [33.734005605055074,37.9162], 1.0","ai_maturity_score, ai_failure_rate, industry",1.0,0.007415771484375,0.375,1,316.5968,3845,3845,0.42857142857142855,,3,8
"[0.08200000000000002,0.8052789076568997], [18.36775,37.9162], 1.0","ai_maturity_score, ai_failure_rate, industry",1.0,0.03125,0.5,1,395.22871015441365,4953,3845,0.42857142857142855,,32,64
"[21.20695,42.999500000000005], [0.23874999999999996,0.58525], [22.465521702905786,49.60645], [-15.256819689561537,39.6458], 6.0","ai_adoption_rate, ai_maturity_score, ai_failure_rate, ai_training_hours, industry",1.0,0.020475569341968765,0.4594594594594595,1,425.71273242621515,4858,3858,0.7142857142857143,,17,37
"[-0.18322147432670208,0.5144932519395973], [20.181449999999998,42.96606734369522], [-7.064399999999999,33.97754313420566]","ai_maturity_score, ai_failure_rate, task_automation_rate",0.0,0.013718034615619979,0.424090338770389,2,341.3145267708123,4985,3864,0.42857142857142855,,338,797
"[0.44321293275442436,0.6115999999999999], [-2.8901499999999993,13.97015], [15.296399999999998,90.9925], 8.0","ai_maturity_score, ai_failure_rate, ai_training_hours, industry",2.0,0.5549289573066435,0.8888888888888888,1,222.86751999999998,4871,3871,0.5714285714285714,,8,9
"[9.43545,41.86305], [0.08304999999999998,0.29095000000000004], [7.324999999999999,45.955], [4.318299999999999,27.2217], 7.0","ai_adoption_rate, ai_maturity_score, ai_training_hours, task_automation_rate, industry",0.0,0.16806999999999994,0.7,2,382.1164568320263,4972,3874,0.7142857142857143,,28,40
"[-16.1099,54.321000000000005], 3.0, 7.0","ai_training_hours, ai_adoption_stage, industry",0.0,0.07584482317163513,0.5970149253731343,1,367.86897497484483,4972,3874,0.42857142857142855,,40,67
"[9.43545,41.86305], 3.0, 7.0","ai_adoption_rate, ai_adoption_stage, industry",0.0,0.07204491900081343,0.5909090909090909,1,367.86897762299714,4972,3889,0.42857142857142855,,39,66
"[-16.1099,54.321000000000005], [4.318299999999999,27.2217], 3.0, 7.0","ai_training_hours, task_automation_rate, ai_adoption_stage, industry",0.0,0.10049355861780968,0.631578947368421,2,370.66893687957986,4972,3889,0.5714285714285714,,36,57
"[0.08200000000000002,0.544], [19.9478,26.796950000000002]","ai_maturity_score, task_automation_rate",1.0,0.015342842794830863,0.4336917562724014,1,380.9195937217085,4991,3894,0.2857142857142857,,121,279
"[7.0532499999999985,48.506750000000004], [23.349850000000004,47.6935], [6.383049999999999,37.8722], 3.0","ai_adoption_rate, ai_failure_rate, task_automation_rate, ai_adoption_stage",1.0,0.009234076359390853,0.391812865497076,1,366.7752091324904,4953,3894,0.5714285714285714,,134,342
"[0.2317,0.5243], [0.0461500000000008,31.41385], 2.0, 0.0","ai_maturity_score, task_automation_rate, ai_adoption_stage, industry",1.0,0.03125,0.5,1,338.5793920677108,4906,3898,0.5714285714285714,,22,44
"[0.057499999999999996,0.2885], [-16.1099,45.86439186334164], [6.383049999999999,26.796950000000002], 2.0","ai_maturity_score, ai_training_hours, task_automation_rate, industry",1,0.014458261438686257,0.42857142857142855,2,349.7909311993067,4899,3899,0.5714285714285714,,12,28
"[-0.019500000000000017,0.3655], [-16.1099,45.86439186334164], [6.383049999999999,26.796950000000002], 2.0","ai_maturity_score, ai_training_hours, task_automation_rate, industry",1,0.018244543613093692,0.4489795918367347,1,352.8277335236638,4962,3899,0.5714285714285714,,22,49
"[21.091450000000002,48.3354], 4.0","task_automation_rate, industry",2.0,0.12646223009721802,0.6612903225806451,1,398.80857560107654,4971,3907,0.2857142857142857,,41,62
"[35.3605,69.88732409907328], 2.0, 4.0","ai_adoption_rate, ai_adoption_stage, industry",2.0,0.10904145145623527,0.6419753086419753,1,383.20078467484973,4971,3907,0.42857142857142855,,52,81
"[9.43545,41.86305], [-16.1099,54.321000000000005]","ai_adoption_rate, ai_training_hours",0.0,0.014384720078375365,0.42813455657492355,1,361.5780625956778,4972,3910,0.2857142857142857,,280,654
"[21.20695,61.15305], [12.01775,29.66225], [-11.345800000000002,39.6458], 3.0","ai_adoption_rate, ai_failure_rate, ai_training_hours, industry",2,0.001997282869425224,0.28846153846153844,1,355.4317937414691,4920,3916,0.5714285714285714,,15,52
"[55.316950000000006,95.26305], [24.771300000000004,65.85485907333076], [21.091450000000002,45.48855]","ai_adoption_rate, ai_training_hours, task_automation_rate",2.0,0.6240321451000002,0.91,1,302.43760728970807,4995,3919,0.42857142857142855,,91,100
"[12.87875,31.72125], [-36.769573362735514,21.736800000000002], 3.0","ai_adoption_rate, ai_training_hours, ai_adoption_stage",0.0,0.11561259106175442,0.6495327102803738,1,370.0933792455254,4972,3929,0.42857142857142855,,139,214
"[0.08304999999999998,0.29095000000000004], [-7.064399999999999,23.90047960339792], 3.0","ai_maturity_score, task_automation_rate, ai_adoption_stage",0.0,0.11908323738820926,0.6533864541832669,1,368.6761793789622,4972,3929,0.42857142857142855,,164,251
"[21.20695,48.506750000000004], [0.21650000000000003,0.4475], [23.349850000000004,29.66225], [6.383049999999999,30.35335], 3.0","ai_adoption_rate, ai_maturity_score, ai_failure_rate, task_automation_rate, ai_adoption_stage",1.0,0.05128887614595548,0.5520833333333334,1,423.8678233951845,4842,3931,0.7142857142857143,,53,96
"[7.0532499999999985,42.999500000000005], [20.246499999999997,47.6935], [-5.9933499999999995,37.8722]","ai_adoption_rate, ai_failure_rate, task_automation_rate",1.0,0.008140605777241813,0.38205980066445183,1,357.40302000117237,4991,3931,0.42857142857142855,,230,602
"[55.316950000000006,95.26305], [0.6535,0.8845000000000001], [0.30719346897209876,13.97015]","ai_adoption_rate, ai_maturity_score, ai_failure_rate",2.0,1.0,1.0,1,182.68544,4935,3935,0.42857142857142855,,9,9
"[15.344100000000001,47.74385], 3.0","task_automation_rate, ai_adoption_stage",2.0,0.0001486583761797988,0.1715686274509804,1,369.24274972438667,4997,3946,0.2857142857142857,,35,204
"[11.145299999999995,69.8288], [16.376150000000003,36.2559]","ai_adoption_rate, task_automation_rate",2.0,0.018323410398676285,0.44936708860759494,1,342.4241904837412,4997,3946,0.2857142857142857,,284,632
"[25.3136,46.946400000000004], [16.376150000000003,45.48855], 2.0, 8.0","ai_training_hours, task_automation_rate, ai_adoption_stage, industry",2.0,0.15514789954105912,0.6888888888888889,1,316.10240082491885,4947,3947,0.5714285714285714,,31,45
"[14.85048327255052,69.8288], [0.44321293275442436,0.65515], [-2.8901499999999993,17.9188], [16.376150000000003,45.48855]","ai_adoption_rate, ai_maturity_score, ai_failure_rate, task_automation_rate",2.0,0.4406786845654163,0.8488372093023255,1,289.55945707197117,4995,3947,0.5714285714285714,,73,86
"[-0.06275000000000001,0.20675], [26.5827,36.7773]","ai_maturity_score, ai_failure_rate",0.0,0.32376042791084875,0.7980769230769231,1,332.9278513113685,4940,3951,0.2857142857142857,,83,104
"[0.16859999999999786,33.3314], [-0.06275000000000001,0.20675], [4.318299999999999,28.784399999999998]","ai_adoption_rate, ai_maturity_score, task_automation_rate",0.0,0.2567458542283846,0.7619047619047619,3,301.19315760948473,4985,3951,0.42857142857142855,,96,126
"[-0.18322147432670208,0.5144932519395973], [20.181449999999998,57.839264251285634], [-7.064399999999999,33.97754313420566]","ai_maturity_score, ai_failure_rate, task_automation_rate",0.0,0.01309886629920559,0.4201909959072306,2,341.3145267708123,4985,3963,0.42857142857142855,,308,733
"[35.3605,69.88732409907328], 4.0","ai_adoption_rate, industry",2.0,0.1015580995205542,0.6329113924050633,2,383.20078285020054,4971,3971,0.2857142857142857,,50,79
"[21.091450000000002,48.3354], 2.0, 4.0","task_automation_rate, ai_adoption_stage, industry",0,2.4486155808474958e-06,0.07547169811320754,1,385.78071344791215,4876,3971,0.42857142857142855,,4,53
"[9.43545,41.86305], [0.08304999999999998,0.29095000000000004], [7.324999999999999,45.955], [4.318299999999999,27.2217], 7.0","ai_adoption_rate, ai_maturity_score, ai_training_hours, task_automation_rate, industry",2,0.0,0.0,1,382.1052495330697,3972,3972,0.7142857142857143,,0,36
"[11.145299999999995,69.8288], [4.602549999999997,31.65745], [27.2054,59.6546]","ai_adoption_rate, ai_failure_rate, ai_training_hours",2.0,0.05143695083619936,0.5524017467248908,2,329.875448574088,4995,3995,0.42857142857142855,,253,458
"[38.08221768060892,47.74385]",task_automation_rate,2.0,0.4182119423999999,0.84,1,231.67471273123337,4995,3995,0.14285714285714285,,21,25
"[23.290950000000002,47.20905], [15.344100000000001,47.74385]","ai_failure_rate, task_automation_rate",2.0,0.0025907205685558933,0.30386740331491713,1,373.8776557493797,4997,3997,0.2857142857142857,,110,362
3.0,ai_adoption_stage,2.0,1.3397473258820598e-05,0.10602409638554217,1,362.5065564989401,4997,3997,0.14285714285714285,,44,415
"[21.20695,42.999500000000005], [22.465521702905786,49.60645], [-15.256819689561537,39.6458]","ai_adoption_rate, ai_failure_rate, ai_training_hours",1.0,0.018373479803715863,0.4496124031007752,1,376.93448198739827,4962,4001,0.42857142857142855,,174,387
"[0.08304999999999998,0.20675], [26.5827,36.7773], [-7.064399999999999,28.784399999999998]","ai_maturity_score, ai_failure_rate, task_automation_rate",0.0,0.3372049467023907,0.8045977011494253,2,333.95034818906487,4940,4003,0.42857142857142855,,70,87
"[35.3605,95.26305], [0.6535,0.8845000000000001], [-2.8901499999999993,30.91115], 2.0","ai_adoption_rate, ai_maturity_score, ai_failure_rate, ai_adoption_stage",2.0,1.0,1.0,1,197.27252479999999,4935,4005,0.5714285714285714,,11,11
"[0.6535,0.8845000000000001], [33.0475,90.9925]","ai_maturity_score, ai_training_hours",2.0,1.0,1.0,1,182.71032074240003,4935,4005,0.2857142857142857,,15,15
"[-13.652100000000003,36.0921], [0.013379841492278138,0.20675], [26.5827,36.7773], [-7.064399999999999,28.784399999999998]","ai_adoption_rate, ai_maturity_score, ai_failure_rate, task_automation_rate",0.0,0.3411077401491926,0.8064516129032258,1,335.3002974650969,4889,4009,0.5714285714285714,,75,93
"[0.21650000000000003,0.4475], [-11.345800000000002,30.784167590099305], [-0.3231911528974516,30.35335], 2.0","ai_maturity_score, ai_training_hours, task_automation_rate, ai_adoption_stage",1.0,0.02834062806542883,0.49032258064516127,1,362.43981992303486,4962,4014,0.5714285714285714,,76,155
"[24.179799999999997,65.9002], [21.091450000000002,48.3354]","ai_training_hours, task_automation_rate",0,1.357513588655475e-06,0.06707317073170732,1,332.2504896315489,4963,4019,0.2857142857142857,,22,328
"[-4.038800000000001,30.91115], [7.377700000000001,44.222300000000004], 4.0","ai_failure_rate, task_automation_rate, industry",2.0,0.02632644661874552,0.48314606741573035,1,397.85481891267693,4971,4019,0.42857142857142855,,43,89
"[12.87875,31.72125], [0.21839999999999998,0.4956], [-6.0768,21.736800000000002], [4.318299999999999,23.90047960339792], 3.0","ai_adoption_rate, ai_maturity_score, ai_training_hours, task_automation_rate, ai_adoption_stage",0.0,0.042472810066943444,0.5316455696202531,1,390.3626034058733,4972,4028,0.7142857142857143,,42,79
"[-6.0768,21.736800000000002], [-7.064399999999999,23.90047960339792], 3.0","ai_training_hours, task_automation_rate, ai_adoption_stage",0.0,0.11661486943277954,0.6506550218340611,1,361.9618452988873,4972,4028,0.42857142857142855,,149,229
"[0.08200000000000002,0.49802354664683535], 1.0","ai_maturity_score, industry",1.0,0.022132674897119342,0.4666666666666667,1,359.96925289832075,4953,4031,0.2857142857142857,,28,60
"[35.3605,69.88732409907328], [-4.038800000000001,30.91115], [7.377700000000001,44.222300000000004], 4.0","ai_adoption_rate, ai_failure_rate, task_automation_rate, industry",2.0,0.06893330219551379,0.5857142857142857,1,385.5010437346677,4971,4047,0.5714285714285714,,41,70
"2.0, 4.0","ai_adoption_stage, industry",2.0,0.07431984303981963,0.5945945945945946,1,383.5870827324258,4971,4047,0.2857142857142857,,44,74
"[0.08304999999999998,0.31390928694038805], [-7.064399999999999,28.784399999999998], 7.0","ai_maturity_score, task_automation_rate, industry",0.0,0.1473475405306393,0.6818181818181818,1,361.4383885053954,4972,4048,0.42857142857142855,,30,44
"[22.465521702905786,47.6935], [-5.9933499999999995,37.8722]","ai_failure_rate, task_automation_rate",1.0,0.0077162097734974205,0.37799043062200954,1,340.79296359374587,4962,4050,0.2857142857142857,,237,627
"[21.20695,45.0777], [0.16209999999999997,0.4475], [-15.256819689561537,39.6458]","ai_adoption_rate, ai_maturity_score, ai_training_hours",1.0,0.018890718853102517,0.4521158129175947,2,357.36611162665884,4991,4050,0.42857142857142855,,203,449
"[0.21650000000000003,0.4475], [-21.531193387125825,30.35335], 2.0, 8.0","ai_maturity_score, task_automation_rate, ai_adoption_stage, industry",1.0,0.013233719653374115,0.42105263157894735,1,363.0954329217808,4051,4051,0.5714285714285714,,16,38
"[42.999500000000005,55.76940947420293], [8.680950000000001,32.59905], [-11.345800000000002,39.6458]","ai_adoption_rate, ai_failure_rate, ai_training_hours",1.0,0.009717662638597526,0.3958333333333333,2,367.0743556039967,4986,4051,0.42857142857142855,,57,144
"[9.43545,41.84455]",ai_adoption_rate,0.0,0.014374928741836964,0.42807625649913345,1,361.5780625956778,4972,4055,0.14285714285714285,,247,577
"[0.16209999999999997,0.4475], [20.246499999999997,33.999900000000004], [19.9478,30.35335]","ai_maturity_score, ai_failure_rate, task_automation_rate",1.0,0.04253129643933173,0.5317919075144508,2,379.40768481208363,4991,4070,0.42857142857142855,,92,173
"[21.20695,42.999500000000005], [0.21650000000000003,0.5779000000000001], [19.1001,29.66225], [2.257899999999996,54.02210000000001], [-5.9933499999999995,37.8722], 3.0, 7.0","ai_adoption_rate, ai_maturity_score, ai_failure_rate, ai_training_hours, task_automation_rate, ai_adoption_stage, industry",1.0,0.01734152991583261,0.4444444444444444,1,420.1876162422374,4449,4070,1.0,,8,18
"[0.08304999999999998,0.29095000000000004], [21.2243,34.5557], [-16.1099,54.321000000000005], 3.0, 3.0","ai_maturity_score, ai_failure_rate, ai_training_hours, ai_adoption_stage, industry",0.0,0.07775999999999998,0.6,1,345.82815999999997,4568,4071,0.7142857142857143,,6,10
"[46.3685315427602,55.76940947420293], [0.21650000000000003,0.4475], [12.01775,47.6935], [-11.345800000000002,39.6458], [-5.9933499999999995,30.35335]","ai_adoption_rate, ai_maturity_score, ai_failure_rate, ai_training_hours, task_automation_rate",1.0,0.02744384574697083,0.48717948717948717,1,367.62805901211226,4986,4091,0.7142857142857143,,19,39
"[0.08200000000000002,0.544], [6.383049999999999,26.796950000000002]","ai_maturity_score, task_automation_rate",0,0.006385830809873894,0.36395147313691506,1,366.8403665877433,4972,4092,0.2857142857142857,,210,577
"[7.0532499999999985,48.506750000000004], [-16.1099,48.718], [6.383049999999999,26.796950000000002], 2.0","ai_adoption_rate, ai_training_hours, task_automation_rate, industry",1.0,0.012366649088455752,0.4153846153846154,1,342.19137429408886,4962,4092,0.5714285714285714,,27,65
"[11.145299999999995,76.69155], [0.3344,0.6115999999999999], [26.922700000000003,37.1173]","ai_adoption_rate, ai_maturity_score, ai_failure_rate",2.0,0.004369177563725887,0.3373493975903614,1,370.8057113653157,4835,4093,0.42857142857142855,,28,83
"[-0.18322147432670208,0.5144932519395973], [-7.064399999999999,33.97754313420566]","ai_maturity_score, task_automation_rate",0.0,0.006955409754052655,0.3702239789196311,1,348.05201887619427,4985,4103,0.2857142857142857,,281,759
"[20.181449999999998,42.96606734369522], [-7.064399999999999,33.97754313420566], 2.0","ai_failure_rate, task_automation_rate, ai_adoption_stage",0.0,0.00023174285888671875,0.1875,1,364.51722682349043,4963,4103,0.42857142857142855,,48,256
"[0.21650000000000003,0.49802354664683535], [15.556099999999997,56.5039], [-5.9933499999999995,30.35335], 4.0","ai_maturity_score, ai_training_hours, task_automation_rate, industry",1.0,0.011971925141011254,0.4126984126984127,1,393.2361956128907,4842,4105,0.5714285714285714,,26,63
"[0.08200000000000002,0.8052789076568997], [18.36775,37.9162]","ai_maturity_score, ai_failure_rate",1.0,0.007453879171211953,0.37538461538461537,1,344.5840937578722,4991,4119,0.2857142857142857,,244,650
"[18.36775,37.9162], 1.0","ai_failure_rate, industry",1.0,0.01692865529632258,0.4423076923076923,1,394.94945197404496,4953,4119,0.2857142857142857,,23,52
"[33.6512,69.8288], [0.44321293275442436,0.6115999999999999], [16.376150000000003,47.74385], 2.0","ai_adoption_rate, ai_maturity_score, task_automation_rate, ai_adoption_stage",1,0.0003200000000000001,0.2,1,316.6155873919713,4939,4121,0.5714285714285714,,32,160
"[33.6512,69.8288], [0.44321293275442436,0.6115999999999999], [16.376150000000003,47.74385], 2.0","ai_adoption_rate, ai_maturity_score, task_automation_rate, ai_adoption_stage",0,3.051757812500001e-10,0.0125,1,316.6155873919713,4876,4121,0.5714285714285714,,2,160
"[-0.06275000000000001,0.20675], [-7.064399999999999,31.767378806182773]","ai_maturity_score, task_automation_rate",0.0,0.2935778904262872,0.782608695652174,1,293.47311695818996,4985,4131,0.2857142857142857,,108,138
"[0.08304999999999998,0.20675], [-16.997200000000003,16.997200000000003], [-7.064399999999999,31.767378806182773], 1.0, 4.0","ai_maturity_score, ai_training_hours, task_automation_rate, ai_adoption_stage, industry",0.0,0.0,0.0,1,185.0,4131,4131,0.7142857142857143,,0,1
"[35.3605,90.5073], [0.6535,0.8845000000000001], [11.83973198922845,30.91115], 2.0","ai_adoption_rate, ai_maturity_score, ai_failure_rate, ai_adoption_stage",2.0,1.0,1.0,1,170.66666666666666,4699,4133,0.5714285714285714,,3,3
"[21.20695,42.999500000000005], [0.2317,0.5243], [4.13095,28.04905], [14.533899999999996,50.8461], [0.0461500000000008,31.41385], 0.0","ai_adoption_rate, ai_maturity_score, ai_failure_rate, ai_training_hours, task_automation_rate, industry",1.0,0.06504222973314074,0.5789473684210527,1,357.0242963088015,4906,4139,0.8571428571428571,,11,19
"[55.316950000000006,95.26305], [0.6535,0.8845000000000001], [-4.038800000000001,13.97015], 0.0","ai_adoption_rate, ai_maturity_score, ai_failure_rate, ai_adoption_stage",2.0,0.1,1.0,1,119.022047232,4147,4147,0.5714285714285714,,0,0
"[46.79270000000001,95.26305], [-2.8901499999999993,30.91115], [33.0475,90.9925]","ai_adoption_rate, ai_failure_rate, ai_training_hours",2.0,0.26150027784488145,0.7647058823529411,1,315.6411323917303,4995,4147,0.42857142857142855,,117,153
"[0.3344,0.6115999999999999], 3.0, 6.0","ai_maturity_score, ai_adoption_stage, industry",2.0,0.00012860082304526745,0.16666666666666666,1,357.96,4541,4149,0.42857142857142855,,1,6
"[55.316950000000006,95.26305], [14.688749999999999,24.49125], [21.091450000000002,45.48855], 0.0","ai_adoption_rate, ai_failure_rate, task_automation_rate, industry",2.0,0.2373046875,0.75,1,240.25,4179,4179,0.5714285714285714,,3,4
"[55.316950000000006,69.8288], [6.2585999999999995,32.9214]","ai_adoption_rate, ai_failure_rate",2.0,0.5904900000000001,0.9,1,299.4816571221433,4995,4179,0.2857142857142857,,72,80
"[20.246499999999997,33.999900000000004], [19.9478,30.35335]","ai_failure_rate, task_automation_rate",1.0,0.026476520982412207,0.483695652173913,1,362.4730202013096,4991,4181,0.2857142857142857,,89,184
"[0.05634999999999998,0.544], [-23.402500000000003,34.542500000000004], [6.383049999999999,27.673250000000003], 3.0","ai_maturity_score, ai_training_hours, task_automation_rate, ai_adoption_stage",1.0,0.00958381258180711,0.39473684210526316,1,365.62842200531696,4991,4185,0.5714285714285714,,105,266
"[20.509349999999998,41.29065], [0.23899999999999721,54.321000000000005], 3.0","ai_failure_rate, ai_training_hours, ai_adoption_stage",1.0,0.007182589864829971,0.37261146496815284,1,362.5580325943162,4991,4185,0.42857142857142855,,117,314
"[5.007199999999997,48.272800000000004], [4.318299999999999,25.889049999999997], 3.0, 7.0","ai_training_hours, task_automation_rate, ai_adoption_stage, industry",0.0,0.0713372140882071,0.5897435897435898,1,382.9135129902402,4972,4187,0.5714285714285714,,23,39
"[0.08304999999999998,0.29095000000000004], [26.5827,36.7773], [6.47095,27.2217], 3.0, 7.0","ai_maturity_score, ai_failure_rate, task_automation_rate, ai_adoption_stage, industry",0.0,0.3276800000000001,0.8,1,397.7794804055409,4972,4187,0.7142857142857143,,16,20
"[-0.18322147432670208,0.48750000000000004], [3.4643999999999977,31.6956]","ai_maturity_score, ai_failure_rate",0.0,0.0017597973346710205,0.28125,1,362.3358924376947,4972,4189,0.2857142857142857,,135,480
"[0.057499999999999996,0.2885], [-16.1099,57.62701484598223], [6.383049999999999,26.796950000000002], 2.0","ai_maturity_score, ai_training_hours, task_automation_rate, industry",1,0.010240000000000003,0.4,1,350.9376605606707,4899,4195,0.5714285714285714,,8,20
2.0,industry,1,0.004115226337448558,0.3333333333333333,2,316.4586371061704,4962,4195,0.14285714285714285,,28,84
"[1.91695,61.15305], [-16.1099,54.321000000000005], [22.67355,48.066449999999996], 0.0","ai_adoption_rate, ai_training_hours, task_automation_rate, industry",1.0,0.020225870265882198,0.4583333333333333,1,332.0361825171035,4906,4199,0.5714285714285714,,11,24
"[55.316950000000006,95.26305], [24.771300000000004,90.9925], [21.091450000000002,45.48855], 6.0","ai_adoption_rate, ai_training_hours, task_automation_rate, industry",2.0,1.0,1.0,1,229.7952,4995,4211,0.5714285714285714,,8,8
"[0.6535,0.8845000000000001], [-4.128547854450743,30.91115], [33.32200372394979,90.9925]","ai_maturity_score, ai_failure_rate, ai_training_hours",2.0,1.0,1.0,1,186.9440512,4935,4223,0.42857142857142855,,11,11
"[46.79270000000001,90.5073], [0.6535,0.8845000000000001], [40.8528,74.8472], [21.091450000000002,45.48855]","ai_adoption_rate, ai_maturity_score, ai_training_hours, task_automation_rate",2.0,1.0,1.0,1,185.1328,4935,4223,0.5714285714285714,,8,8
"[16.866999999999997,40.393], 2.0, 4.0","ai_failure_rate, ai_adoption_stage, industry",2.0,0.042580499692325975,0.5319148936170213,2,390.2214773990638,4971,4224,0.42857142857142855,,25,47
"[9.43545,41.86305], [-0.18322147432670208,0.5144932519395973], [20.181449999999998,42.96606734369522], [-7.064399999999999,33.97754313420566]","ai_adoption_rate, ai_maturity_score, ai_failure_rate, task_automation_rate",0.0,0.021372174977496463,0.4634146341463415,1,362.55457309740325,4972,4235,0.5714285714285714,,190,410
"[21.20695,42.999500000000005], [0.0461500000000008,31.41385], 0.0","ai_adoption_rate, task_automation_rate, industry",1.0,0.018785887153971136,0.45161290322580644,1,352.4159076586454,4922,4238,0.42857142857142855,,14,31
"[21.20695,42.999500000000005], [0.48274140565399937,0.5243], [4.13095,28.04905], 0.0","ai_adoption_rate, ai_maturity_score, ai_failure_rate, industry",1.0,1.0,1.0,1,307.0,4238,4238,0.5714285714285714,,1,1
"[22.4446,48.3354], 2.0, 4.0","task_automation_rate, ai_adoption_stage, industry",2.0,0.19649623617673456,0.7222222222222222,1,391.3536703791866,4971,4239,0.42857142857142855,,26,36
"[19.1001,33.999900000000004], [19.9478,37.8722], 3.0, 7.0","ai_failure_rate, task_automation_rate, ai_adoption_stage, industry",1.0,0.03125,0.5,1,392.05036800000005,4449,4247,0.5714285714285714,,5,10
"[20.381930590151,95.26305], [21.091450000000002,45.48855]","ai_adoption_rate, task_automation_rate",2.0,0.05183517048895953,0.5532544378698225,1,333.9038998451584,4995,4254,0.2857142857142857,,187,338
"[21.20695,42.999500000000005], [0.21650000000000003,0.4475], [-11.345800000000002,39.6458], [2.1253937626155803,30.35335]","ai_adoption_rate, ai_maturity_score, ai_training_hours, task_automation_rate",1.0,0.026916905876128723,0.4852941176470588,1,370.8020844854321,4962,4257,0.5714285714285714,,132,272
"[13.23995,66.27607640745927], [0.26365,0.50235], [0.23899999999999721,54.321000000000005]","ai_adoption_rate, ai_maturity_score, ai_training_hours",2.0,0.007475097353711973,0.37559808612440193,1,355.3295540147441,4997,4262,0.42857142857142855,,157,418
"[15.932,31.41385], 8.0","task_automation_rate, industry",2,0.05292214940134466,0.5555555555555556,1,331.7607060981363,4947,4262,0.2857142857142857,,30,54
"[21.20695,42.999500000000005], [0.21650000000000003,0.29446841117954214], 4.0","ai_adoption_rate, ai_maturity_score, industry",1.0,0.06754356352880661,0.5833333333333334,1,414.29145087999996,4842,4273,0.42857142857142855,,7,12
"[0.21650000000000003,0.29446841117954214], [11.64465,37.915350000000004], [-11.345800000000002,39.6458], 4.0","ai_maturity_score, ai_failure_rate, ai_training_hours, industry",1.0,0.043151275720164604,0.5333333333333333,1,401.49647486976,4842,4273,0.5714285714285714,,8,15
"[-0.06275000000000001,0.20675], [27.990599999999997,38.9694], [-16.997200000000003,16.997200000000003], [-7.064399999999999,31.767378806182773]","ai_maturity_score, ai_failure_rate, ai_training_hours, task_automation_rate",0.0,0.34009072316288685,0.8059701492537313,2,282.2208685669126,4985,4275,0.5714285714285714,,54,67
"[-15.256819689561537,39.6458], 2.0","ai_training_hours, industry",1,0.006716692712056569,0.36764705882352944,2,312.37174900289807,4962,4276,0.2857142857142857,,25,68
"[21.20695,42.999500000000005], [0.23874999999999996,0.58525], [9.33625,21.78375], 2.0","ai_adoption_rate, ai_maturity_score, task_automation_rate, industry",1.0,0.05292214940134466,0.5555555555555556,1,383.298535305216,4561,4276,0.5714285714285714,,10,18
"[-2.8901499999999993,30.91115], [16.376150000000003,47.74385], 2.0","ai_failure_rate, task_automation_rate, ai_adoption_stage",2.0,0.07109447164946926,0.5893416927899686,1,336.1438342383766,4995,4278,0.42857142857142855,,188,319
"[0.6535,0.8845000000000001], [-4.038800000000001,30.91115], [18.978489524158825,90.9925]","ai_maturity_score, ai_failure_rate, ai_training_hours",2.0,1.0,1.0,1,186.21004799999997,4935,4279,0.42857142857142855,,10,10
"[46.79270000000001,95.26305], [0.5344,0.8116000000000001], [-2.8901499999999993,30.91115], [21.091450000000002,45.48855]","ai_adoption_rate, ai_maturity_score, ai_failure_rate, task_automation_rate",2.0,0.6318913929089809,0.9122807017543859,1,265.57891222772696,4995,4279,0.5714285714285714,,52,57
"[7.0532499999999985,48.506750000000004], [0.21650000000000003,0.4475], [20.6638,37.9162], [19.203049999999998,39.61695], 1.0","ai_adoption_rate, ai_maturity_score, ai_failure_rate, task_automation_rate, industry",1.0,0.13168724279835387,0.6666666666666666,1,375.83488,4939,4281,0.7142857142857143,,6,9
"[0.08304999999999998,0.29095000000000004], [26.5827,36.7773], 3.0, 7.0","ai_maturity_score, ai_failure_rate, ai_adoption_stage, industry",1,0.0002507283732699068,0.19047619047619047,1,391.4660859408364,4526,4286,0.5714285714285714,,4,21
"[-1.9829359943766391,47.74385], 2.0","task_automation_rate, ai_adoption_stage",2.0,0.047837431455232074,0.5444444444444444,1,333.2727083747346,4995,4314,0.2857142857142857,,196,360
"[33.6512,69.8288], [-2.8901499999999993,30.91115], [21.380899999999993,65.4191], 2.0","ai_adoption_rate, ai_failure_rate, ai_training_hours, ai_adoption_stage",2.0,0.06418842001252498,0.5774193548387097,1,333.39029722161695,4995,4314,0.5714285714285714,,179,310
"[0.16209999999999997,0.4475], [12.01775,33.999900000000004], 3.0","ai_maturity_score, ai_failure_rate, industry",1.0,0.02724920932908401,0.4864864864864865,1,336.350665934886,4986,4324,0.42857142857142855,,18,37
"[-11.345800000000002,39.6458], [19.9478,30.35335]","ai_training_hours, task_automation_rate",2,0.004767219694404216,0.34328358208955223,1,383.9824692992063,4971,4324,0.2857142857142857,,69,201
"[0.08304999999999998,0.29095000000000004], [-6.0768,19.195587400123166], [4.318299999999999,23.90047960339792], 3.0","ai_maturity_score, ai_training_hours, task_automation_rate, ai_adoption_stage",2,1.5536772978071552e-07,0.043478260869565216,1,360.14921932201077,4946,4328,0.5714285714285714,,4,92
"[14.85048327255052,69.8288], [0.44321293275442436,0.65515], [-2.278813492445746,46.946400000000004], [16.376150000000003,45.48855], 2.0, 8.0","ai_adoption_rate, ai_maturity_score, ai_training_hours, task_automation_rate, ai_adoption_stage, industry",2.0,0.512908935546875,0.875,1,254.360624861184,4947,4340,0.8571428571428571,,14,16
"[11.145299999999995,69.8288], [4.602549999999997,31.65745], [27.2054,59.6546], [16.376150000000003,47.74385], 7.0","ai_adoption_rate, ai_failure_rate, ai_training_hours, task_automation_rate, industry",2.0,0.010240000000000003,0.4,1,325.8009304493659,4888,4343,0.7142857142857143,,10,25
"[21.20695,42.999500000000005], [5.649849999999999,34.03015], 4.0","ai_adoption_rate, task_automation_rate, industry",1.0,0.015536772978071552,0.43478260869565216,1,411.45885766088537,4842,4344,0.42857142857142855,,20,46
"[0.21650000000000003,0.4475], [-11.345800000000002,39.6458], [-5.9933499999999995,30.35335], 4.0","ai_maturity_score, ai_training_hours, task_automation_rate, industry",1.0,0.018946175363929542,0.4523809523809524,1,403.96586232107046,4842,4344,0.5714285714285714,,19,42
"[33.6512,69.8288], [0.44321293275442436,0.7720803492717169], [10.343549999999999,29.556449999999998], [22.4446,47.74385], 2.0","ai_adoption_rate, ai_maturity_score, ai_failure_rate, task_automation_rate, ai_adoption_stage",2.0,0.3411077401491926,0.8064516129032258,1,317.47491666119447,4995,4354,0.7142857142857143,,75,93
"[33.6512,69.8288], [0.6756715616002358,0.7720803492717169]","ai_adoption_rate, ai_maturity_score",1,0.0,0.0,1,196.0,4354,4354,0.2857142857142857,,0,6
"[55.316950000000006,95.26305], [-4.038800000000001,30.91115]","ai_adoption_rate, ai_failure_rate",2.0,0.6613589278120725,0.9206349206349206,3,299.77670486325644,4995,4355,0.2857142857142857,,58,63
"[0.6535,0.8845000000000001], [-4.038800000000001,30.91115]","ai_maturity_score, ai_failure_rate",2.0,1.0,1.0,1,188.79872,4935,4355,0.2857142857142857,,9,9
"[-0.05150000000000002,0.48750000000000004], [0.23899999999999721,54.321000000000005]","ai_maturity_score, ai_training_hours",1,0.00873958770647607,0.387523629489603,1,360.5803265416047,4991,4356,0.2857142857142857,,205,529
"[23.749769825799923,41.84455], [-7.064399999999999,28.784399999999998], 3.0","ai_adoption_rate, task_automation_rate, ai_adoption_stage",1.0,0.01625122385780843,0.43870967741935485,1,384.22017529409385,4922,4356,0.42857142857142855,,68,155
"[-6.0768,21.736800000000002], [4.318299999999999,23.90047960339792], 3.0","ai_training_hours, task_automation_rate, ai_adoption_stage",1,0.003969311269016736,0.33093525179856115,1,363.44134178890147,4953,4357,0.42857142857142855,,46,139
"[12.87875,66.99304883786975], [-6.0768,21.736800000000002], [-7.064399999999999,23.90047960339792], 3.0","ai_adoption_rate, ai_training_hours, task_automation_rate, ai_adoption_stage",0.0,0.09935159822529098,0.6301369863013698,1,369.76343972512217,4972,4357,0.5714285714285714,,92,146
"[-0.06275000000000001,0.29095000000000004], [27.990599999999997,36.7773], [-16.997200000000003,16.997200000000003], [6.47095,31.767378806182773], 3.0","ai_maturity_score, ai_failure_rate, ai_training_hours, task_automation_rate, ai_adoption_stage",0.0,0.07472287811932173,0.5952380952380952,1,380.41032408747276,4972,4365,0.7142857142857143,,25,42
"[26.5827,30.912359458151354], [-7.064399999999999,27.2217], 7.0","ai_failure_rate, task_automation_rate, industry",0.0,0.10979242280002384,0.6428571428571429,1,389.8021050368,4972,4365,0.42857142857142855,,9,14
"[55.316950000000006,95.26305], [-4.038800000000001,30.91115], 2.0","ai_adoption_rate, ai_failure_rate, ai_adoption_stage",2.0,0.6472278485082303,0.9166666666666666,2,299.7818879432033,4995,4380,0.42857142857142855,,55,60
"[-0.18322147432670208,0.5144932519395973], [20.181449999999998,57.839264251285634], [-7.064399999999999,33.97754313420566], 2.0","ai_maturity_score, ai_failure_rate, task_automation_rate, ai_adoption_stage",0.0,7.835569858711986e-05,0.1509433962264151,1,365.1769997183975,4963,4389,0.5714285714285714,,24,159
"[-0.06275000000000001,0.20675], [27.990599999999997,36.7773]","ai_maturity_score, ai_failure_rate",0.0,0.3882095537407485,0.8275862068965517,1,332.87260589440564,4940,4397,0.2857142857142857,,48,58
"[-4.157299999999999,39.5573], [-0.06275000000000001,0.29095000000000004], [-16.997200000000003,16.997200000000003], [-7.064399999999999,31.767378806182773], 3.0","ai_adoption_rate, ai_maturity_score, ai_training_hours, task_automation_rate, ai_adoption_stage",0.0,0.12385100560996302,0.6585365853658537,1,358.9858628098559,4972,4397,0.7142857142857143,,54,82
"[21.20695,42.999500000000005], [0.21650000000000003,0.4475], [20.246499999999997,47.6935], 8.0","ai_adoption_rate, ai_maturity_score, ai_failure_rate, industry",1.0,0.026524537874001226,0.4838709677419355,1,363.322638156431,4748,4400,0.5714285714285714,,15,31
"[25.1131,80.8869], [16.376150000000003,45.48855]","ai_adoption_rate, task_automation_rate",2.0,0.03351357518182842,0.5070422535211268,1,337.0142391894398,4995,4402,0.2857142857142857,,180,355
"[46.79270000000001,95.26305], [-2.8901499999999993,17.9188], 7.0","ai_adoption_rate, ai_failure_rate, industry",2.0,1.0,1.0,1,263.0,4888,4402,0.42857142857142855,,3,3
"[13.23995,88.1195], [6.208849999999998,30.91115], [1.3946000000000005,27.2854], 3.0","ai_adoption_rate, ai_failure_rate, task_automation_rate, ai_adoption_stage",2.0,0.00011732730625702417,0.16363636363636364,1,371.295832497157,4968,4406,0.5714285714285714,,18,110
"[7.0532499999999985,41.84455], [0.21650000000000003,0.4475], [-7.064399999999999,39.7523], 3.0","ai_adoption_rate, ai_maturity_score, task_automation_rate, ai_adoption_stage",1.0,0.01582132169312826,0.43636363636363634,1,373.76884102197425,4953,4411,0.5714285714285714,,72,165
"[23.749769825799923,48.506750000000004], 3.0, 1.0","ai_adoption_rate, ai_adoption_stage, industry",1.0,0.048282842081079885,0.5454545454545454,1,383.60979199999997,4769,4411,0.42857142857142855,,6,11
"[33.6512,69.8288], [0.44321293275442436,0.7720803492717169], [22.4446,47.74385], 2.0","ai_adoption_rate, ai_maturity_score, task_automation_rate, ai_adoption_stage",1,0.00010485760000000002,0.16,1,315.5753996935404,4918,4425,0.5714285714285714,,16,100
"[33.6512,69.8288], [0.44321293275442436,0.7720803492717169], [10.343549999999999,29.556449999999998], [22.4446,47.74385], 2.0","ai_adoption_rate, ai_maturity_score, ai_failure_rate, task_automation_rate, ai_adoption_stage",1,0.0002662008582885293,0.1927710843373494,1,317.4749169358353,4918,4425,0.7142857142857143,,16,83
"[0.19206961782419704,0.2885], [-16.1099,57.62701484598223], [6.383049999999999,26.796950000000002], 2.0","ai_maturity_score, ai_training_hours, task_automation_rate, industry",1,0.014458261438686257,0.42857142857142855,2,388.936,4731,4430,0.5714285714285714,,3,7
"[46.79270000000001,95.26305], [0.6535,0.8845000000000001], [16.376150000000003,45.48855]","ai_adoption_rate, ai_maturity_score, task_automation_rate",2.0,1.0,1.0,1,181.216,4935,4431,0.42857142857142855,,7,7
"[-4.038800000000001,30.91115], 2.0","ai_failure_rate, ai_adoption_stage",2.0,0.04943926489358103,0.5480427046263345,1,332.91135272450003,4995,4431,0.2857142857142857,,154,281
"[33.6512,76.69155], [0.3344,0.6115999999999999], [6.953799999999999,30.28015], [26.907077230987746,47.74385], 2.0","ai_adoption_rate, ai_maturity_score, ai_failure_rate, task_automation_rate, ai_adoption_stage",0,6.169014793788203e-08,0.03614457831325301,1,306.2772604922058,4963,4442,0.7142857142857143,,3,83
"[21.20695,45.0777], [0.16209999999999997,0.4475], [-15.256819689561537,39.6458], 6.0","ai_adoption_rate, ai_maturity_score, ai_training_hours, industry",1.0,0.009357789444130422,0.39285714285714285,1,400.7790436942661,4858,4443,0.5714285714285714,,11,28
"[9.43545,41.86305], [26.5827,44.75535], [-7.064399999999999,8.590515907951577]","ai_adoption_rate, ai_failure_rate, task_automation_rate",0.0,0.27550608968587587,0.7727272727272727,1,352.16554930889026,4889,4445,0.42857142857142855,,34,44
"[-0.05150000000000002,0.48750000000000004], [-26.524700000000006,54.321000000000005], 3.0","ai_maturity_score, ai_training_hours, ai_adoption_stage",0.0,0.03532088656036724,0.512396694214876,1,362.5065564989401,4972,4445,0.42857142857142855,,124,242
"[19.1001,29.66225], [6.383049999999999,37.8722], 3.0","ai_failure_rate, task_automation_rate, ai_adoption_stage",1.0,0.024627879918774465,0.47674418604651164,2,379.3007056819809,4991,4449,0.42857142857142855,,41,86
"[21.20695,48.506750000000004], [0.16209999999999997,0.5779000000000001], [23.349850000000004,33.999900000000004], 3.0, 7.0","ai_adoption_rate, ai_maturity_score, ai_failure_rate, ai_adoption_stage, industry",1.0,0.002757929721271342,0.3076923076923077,1,419.47528704,4526,4449,0.7142857142857143,,4,13
"[33.6512,76.69155], [0.3344,0.5144932519395973], [26.907077230987746,33.97754313420566], 2.0","ai_adoption_rate, ai_maturity_score, task_automation_rate, ai_adoption_stage",0.0,3.92458566422325e-09,0.020833333333333332,1,339.9209507472136,4963,4450,0.5714285714285714,,1,48
"[-0.18322147432670208,0.6115999999999999], [6.953799999999999,30.28015], [-7.064399999999999,47.74385]","ai_maturity_score, ai_failure_rate, task_automation_rate",0,0.0003244817228766885,0.20055710306406685,1,331.7104598773027,4972,4450,0.42857142857142855,,72,359
"[33.31009999999999,74.0099], [-2.8901499999999993,13.97015], [33.0475,90.9925]","ai_adoption_rate, ai_failure_rate, ai_training_hours",2.0,0.37398055637160105,0.8214285714285714,2,269.9307018599963,4995,4453,0.42857142857142855,,23,28
"[0.28864999999999996,0.52735], [-2.8901499999999993,13.97015], [16.376150000000003,45.48855], 2.0, 0.0","ai_maturity_score, ai_failure_rate, task_automation_rate, ai_adoption_stage, industry",2.0,1.0,1.0,1,312.0,4453,4453,0.7142857142857143,,2,2
"[3.538227975897162,88.1195], [21.380899999999993,65.4191]","ai_adoption_rate, ai_training_hours",0,0.00011432676693269928,0.16279069767441862,1,326.6811727626179,4963,4459,0.2857142857142857,,56,344
"[6.953799999999999,30.28015], [21.091450000000002,47.74385]","ai_failure_rate, task_automation_rate",2.0,0.05949684735467221,0.5687203791469194,1,333.79847034262883,4995,4465,0.2857142857142857,,120,211
"[11.145299999999995,76.69155], 2.0","ai_adoption_rate, ai_adoption_stage",0,2.44356721180801e-05,0.11956521739130435,1,333.2727083747346,4963,4465,0.2857142857142857,,33,276
"[-4.038800000000001,30.91115], [21.091450000000002,47.74385]","ai_failure_rate, task_automation_rate",2.0,0.058831084431252685,0.5674418604651162,1,333.7883533221633,4995,4474,0.2857142857142857,,122,215
"[55.316950000000006,95.26305]",ai_adoption_rate,0,6.358234348125747e-08,0.03636363636363636,1,299.4764904789555,4552,4474,0.14285714285714285,,2,55
"[21.20695,42.999500000000005], [0.21650000000000003,0.29446841117954214], [-11.345800000000002,39.6458]","ai_adoption_rate, ai_maturity_score, ai_training_hours",1.0,0.012558674125514407,0.4166666666666667,1,388.75331158178204,4858,4478,0.42857142857142855,,30,72
"[0.37185,0.67215], [-4.038800000000001,30.91115]","ai_maturity_score, ai_failure_rate",2.0,0.09108943799481192,0.6192893401015228,1,336.0519226055215,4995,4490,0.2857142857142857,,122,197
"[9.43545,9.595062973492496], [-7.064399999999999,33.97754313420566]","ai_adoption_rate, task_automation_rate",0.0,0.0018938122071788925,0.45234248788368336,1,342.4054059959038,4493,4493,0.2857142857142857,,0,0
"[9.43545,41.86305], [-0.18322147432670208,0.5144932519395973], [20.181449999999998,42.96606734369522], [-7.064399999999999,28.784399999999998]","ai_adoption_rate, ai_maturity_score, ai_failure_rate, task_automation_rate",0.0,0.024347944210083416,0.4756554307116105,1,362.34103749006124,4972,4493,0.5714285714285714,,127,267
"[11.145299999999995,95.26305], [21.091450000000002,47.74385], 3.0","ai_adoption_rate, task_automation_rate, ai_adoption_stage",2.0,0.0003580545234894538,0.20454545454545456,1,365.8237949504943,4823,4495,0.42857142857142855,,9,44
"[17.744500000000002,40.3555], [27.2054,59.6546], [16.376150000000003,45.48855]","ai_adoption_rate, ai_training_hours, task_automation_rate",2.0,0.003658456541846377,0.32558139534883723,1,413.1366227350726,4971,4495,0.42857142857142855,,14,43
"[7.0532499999999985,48.506750000000004], 1.0","ai_adoption_rate, industry",1.0,0.014458261438686257,0.42857142857142855,1,359.9626178715904,4953,4502,0.2857142857142857,,15,35
"[7.0532499999999985,48.506750000000004], [0.21650000000000003,0.4475], [20.6638,37.9162], 3.0, 1.0","ai_adoption_rate, ai_maturity_score, ai_failure_rate, ai_adoption_stage, industry",1.0,0.07775999999999998,0.6,1,389.12902399999996,4953,4502,0.7142857142857143,,6,10
"[55.316950000000006,95.26305], [0.40835,0.63165], [-4.038800000000001,30.91115], 2.0","ai_adoption_rate, ai_maturity_score, ai_failure_rate, ai_adoption_stage",2.0,0.5219071182905436,0.8780487804878049,1,298.9920568346064,4995,4512,0.5714285714285714,,36,41
"[55.316950000000006,95.26305]",ai_adoption_rate,2.0,0.5969504417518705,0.9019607843137255,1,299.4764965447583,4995,4512,0.14285714285714285,,46,51
"[-0.06275000000000001,0.20675], [8.467996356404292,38.9694], [-16.997200000000003,16.997200000000003], [-7.064399999999999,31.767378806182773]","ai_maturity_score, ai_failure_rate, ai_training_hours, task_automation_rate",0.0,0.2805030468350874,0.7755102040816326,1,285.34691571367375,4985,4525,0.5714285714285714,,38,49
"[33.31009999999999,74.0099], [-2.8901499999999993,13.97015], [33.0475,90.9925], [14.90985,43.290150000000004]","ai_adoption_rate, ai_failure_rate, ai_training_hours, task_automation_rate",2.0,0.34765472254481466,0.8095238095238095,1,269.96394524377087,4995,4542,0.5714285714285714,,17,21
"[-0.06275000000000001,0.5099684555084083], [-7.064399999999999,8.590515907951577], 3.0","ai_maturity_score, task_automation_rate, ai_adoption_stage",0.0,0.21208362139917689,0.7333333333333333,1,352.2009929607026,4889,4543,0.42857142857142855,,33,45
"[16.88665,27.47335]",ai_failure_rate,1.0,0.010767725699208705,0.40404040404040403,1,356.4902524575667,4991,4554,0.14285714285714285,,80,198
"[0.05634999999999998,0.544], [-11.345800000000002,39.6458], [-5.9933499999999995,30.35335], 3.0, 6.0","ai_maturity_score, ai_training_hours, task_automation_rate, ai_adoption_stage, industry",1.0,0.003261195211454756,0.3181818181818182,1,402.43492449616974,4858,4554,0.7142857142857143,,7,22
"[27.990599999999997,38.9694], [-7.064399999999999,31.767378806182773], 3.0","ai_failure_rate, task_automation_rate, ai_adoption_stage",0.0,0.047956607857156934,0.5447154471544715,1,374.7354180772685,4972,4555,0.42857142857142855,,67,123
"[0.23874999999999996,0.4475], [-11.345800000000002,30.784167590099305], 2.0","ai_maturity_score, ai_training_hours, industry",1.0,0.0031404237068065523,0.3157894736842105,1,368.89063346982095,4962,4561,0.42857142857142855,,6,19
"[21.20695,42.999500000000005], [0.21650000000000003,0.58525], [-0.3231911528974516,30.35335], 2.0","ai_adoption_rate, ai_maturity_score, task_automation_rate, ai_adoption_stage",1.0,0.04065972495267322,0.527027027027027,1,375.0438768407415,4962,4561,0.5714285714285714,,39,74
"[19.1001,29.66225], [10.4325,29.747500000000002], [6.383049999999999,37.8722], 3.0","ai_failure_rate, ai_training_hours, task_automation_rate, ai_adoption_stage",1.0,0.022785511377671187,0.46938775510204084,1,384.00221690760145,4991,4577,0.5714285714285714,,23,49
"[13.23995,88.1195], [6.208849999999998,35.96377074971768]","ai_adoption_rate, ai_failure_rate",2.0,0.009174309075821474,0.391304347826087,1,335.5973180235408,4997,4582,0.2857142857142857,,135,345
"[55.316950000000006,95.26305], [21.091450000000002,45.48855], 2.0","ai_adoption_rate, task_automation_rate, ai_adoption_stage",2.0,0.731541165307833,0.9393939393939394,2,302.47182130876854,4995,4598,0.42857142857142855,,31,33
"[0.16209999999999997,0.4475], [19.9478,30.35335]","ai_maturity_score, task_automation_rate",1.0,0.019783501769284763,0.4563106796116505,2,381.51884421548624,4991,4609,0.2857142857142857,,47,103
"[-0.06275000000000001,0.20675], [27.990599999999997,36.7773], 1.0","ai_maturity_score, ai_failure_rate, ai_adoption_stage",0.0,0.5549289573066435,0.8888888888888888,1,147.83295999999999,4808,4610,0.42857142857142855,,8,9
"[-15.128400000000001,33.1084], [-0.06275000000000001,0.20675], [27.990599999999997,36.7773]","ai_adoption_rate, ai_maturity_score, ai_failure_rate",0.0,0.3504270747052985,0.8108108108108109,1,335.2317822702495,4889,4610,0.42857142857142855,,30,37
"[55.316950000000006,95.26305], [-4.038800000000001,30.91115], [7.592499999999999,32.4875]","ai_adoption_rate, ai_failure_rate, task_automation_rate",2.0,0.48045708347045346,0.8636363636363636,1,312.2538363714383,4965,4620,0.42857142857142855,,19,22
"[7.520099999999999,48.2199], [0.21650000000000003,0.29446841117954214], [5.083600000000001,21.0164], 3.0, 6.0","ai_adoption_rate, ai_maturity_score, task_automation_rate, ai_adoption_stage, industry",1.0,0.004115226337448558,0.3333333333333333,1,445.44,4858,4621,0.7142857142857143,,2,6
"[21.20695,42.999500000000005], [19.1001,29.66225], [-11.345800000000002,39.6458], [6.383049999999999,37.8722]","ai_adoption_rate, ai_failure_rate, ai_training_hours, task_automation_rate",1.0,0.020414191780215054,0.45918367346938777,1,380.02960110822926,4991,4621,0.5714285714285714,,45,98
"[9.43545,41.86305], [-0.06275000000000001,0.29095000000000004], 3.0, 3.0","ai_adoption_rate, ai_maturity_score, ai_adoption_stage, industry",0.0,0.401877572016461,0.8333333333333334,1,309.4779648,4881,4623,0.5714285714285714,,10,12
"[0.08304999999999998,0.29095000000000004], [30.3022,44.4178], [-16.1099,54.321000000000005], [-7.064399999999999,28.784399999999998], 3.0","ai_maturity_score, ai_failure_rate, ai_training_hours, task_automation_rate, industry",0.0,0.16806999999999994,0.7,1,273.831552,4881,4623,0.7142857142857143,,7,10
"[0.21650000000000003,0.4475], 2.0","ai_maturity_score, ai_adoption_stage",1.0,0.012323499622220943,0.41509433962264153,1,357.9745155167228,4986,4632,0.2857142857142857,,44,106
"[0.16209999999999997,0.4475], [-11.345800000000002,30.784167590099305], [-0.3231911528974516,30.35335]","ai_maturity_score, ai_training_hours, task_automation_rate",1.0,0.007562323698795019,0.3764705882352941,1,353.1647722817258,4991,4632,0.42857142857142855,,64,170
"[11.145299999999995,69.8288], [0.3344,0.5611869701444028], [13.419850000000002,30.28015], [16.376150000000003,47.74385]","ai_adoption_rate, ai_maturity_score, ai_failure_rate, task_automation_rate",2.0,0.045547993051333655,0.5391304347826087,1,360.0865585054621,4971,4634,0.5714285714285714,,62,115
"[34.74876531822743,95.26305], [21.091450000000002,45.48855], 2.0","ai_adoption_rate, task_automation_rate, ai_adoption_stage",2.0,0.08908632773796363,0.6165413533834586,1,335.20606467974693,4995,4637,0.42857142857142855,,82,133
"[16.88665,27.47335], [11.535149999999998,32.94485]","ai_failure_rate, task_automation_rate",1.0,0.009292533147675823,0.3923076923076923,1,364.1725396463025,4991,4638,0.2857142857142857,,51,130
"[26.038999999999998,71.261], [0.16209999999999997,0.4475], [19.9478,30.35335]","ai_adoption_rate, ai_maturity_score, task_automation_rate",1.0,0.013627552859196384,0.4235294117647059,1,390.9927527649071,4986,4645,0.42857142857142855,,36,85
"[0.3344,0.6115999999999999], [-4.038800000000001,13.97015], [33.0475,104.2221559549398], [16.376150000000003,45.48855]","ai_maturity_score, ai_failure_rate, ai_training_hours, task_automation_rate",2.0,0.401877572016461,0.8333333333333334,1,276.75651584,4995,4650,0.5714285714285714,,10,12
"[33.6512,95.26305], [21.091450000000002,47.74385], 2.0, 1.0","ai_adoption_rate, task_automation_rate, ai_adoption_stage, industry",2.0,0.07775999999999998,0.6,1,303.842368,4965,4650,0.5714285714285714,,6,10
"[6.47095,27.2217], 3.0, 7.0","task_automation_rate, ai_adoption_stage, industry",0.0,0.14995078952820548,0.6842105263157895,1,369.2998836012319,4972,4658,0.42857142857142855,,13,19
"[9.43545,41.86305], [26.5827,36.7773], [4.318299999999999,25.889049999999997], 3.0, 7.0","ai_adoption_rate, ai_failure_rate, task_automation_rate, ai_adoption_stage, industry",0.0,0.5549289573066435,0.8888888888888888,1,397.12448,4972,4658,0.7142857142857143,,8,9
"[18.36775,37.9162], 1.0, 1.0","ai_failure_rate, ai_adoption_stage, industry",1.0,0.005030653365667649,0.5485537190082646,1,314.1558584049769,4663,4663,0.42857142857142855,,0,0
"[0.08200000000000002,0.49802354664683535], [-16.1099,40.2899], 1.0","ai_maturity_score, ai_training_hours, industry",1.0,0.020225870265882198,0.4583333333333333,1,386.21822107526424,4953,4663,0.42857142857142855,,11,24
"[-0.06275000000000001,0.5099684555084083], [-7.064399999999999,8.590515907951577]","ai_maturity_score, task_automation_rate",2,7.651622719418543e-09,0.023809523809523808,1,306.4639922048925,4773,4666,0.2857142857142857,,1,42
"[0.28109240798017876,0.6115999999999999], [-2.8901499999999993,13.97015], [-5.051653530571748,45.48855]","ai_maturity_score, ai_failure_rate, task_automation_rate",2.0,0.21208362139917689,0.7333333333333333,1,282.21811650560005,4995,4677,0.42857142857142855,,11,15
"[-4.038800000000001,13.97015], [33.0475,104.2221559549398]","ai_failure_rate, ai_training_hours",2.0,0.3276800000000001,0.8,1,269.4290929664,4995,4677,0.2857142857142857,,12,15
"[7.0532499999999985,48.506750000000004], [0.08003691952554506,0.4475], [20.6638,37.9162], [-6.9206,40.9806], [-5.423300000000001,21.4633], 1.0","ai_adoption_rate, ai_maturity_score, ai_failure_rate, ai_training_hours, task_automation_rate, industry",1.0,0.048282842081079885,0.5454545454545454,1,388.5209728,4953,4682,0.8571428571428571,,6,11
"[46.79270000000001,95.26305], [0.6535,0.8845000000000001], [40.8528,74.8472], [21.091450000000002,45.48855]","ai_adoption_rate, ai_maturity_score, ai_training_hours, task_automation_rate",2.0,1.0,1.0,1,216.0,4935,4699,0.5714285714285714,,2,2
"[46.79270000000001,70.62894990219357], [16.376150000000003,45.48855]","ai_adoption_rate, task_automation_rate",2.0,0.19428346330057358,0.7205882352941176,1,325.45864268204434,4995,4699,0.2857142857142857,,49,68
"[-0.07075000000000004,0.35275], [-6.0768,23.6846], 3.0","ai_maturity_score, ai_training_hours, ai_adoption_stage",0.0,0.12746685032411323,0.6623376623376623,1,359.80559924417605,4972,4708,0.42857142857142855,,51,77
"[0.04774999999999996,0.54825], [26.5827,36.7773], [-8.764599999999998,21.736800000000002]","ai_maturity_score, ai_failure_rate, ai_training_hours",0.0,0.14899202803497943,0.6833333333333333,2,370.9503674362991,4972,4708,0.42857142857142855,,41,60
"[9.43545,41.86305], [0.08304999999999998,0.29095000000000004], [-16.1099,54.321000000000005], 3.0, 3.0","ai_adoption_rate, ai_maturity_score, ai_training_hours, ai_adoption_stage, industry",0.0,0.28462802079628785,0.7777777777777778,1,315.74976000000004,4881,4715,0.7142857142857143,,7,9
"[-0.06275000000000001,0.29095000000000004], [30.9817,49.018299999999996], 3.0","ai_maturity_score, ai_failure_rate, industry",0.0,0.18593443208187066,0.7142857142857143,1,279.184,4881,4715,0.42857142857142855,,5,7
"[7.0532499999999985,48.506750000000004], [-5.9933499999999995,30.35335]","ai_adoption_rate, task_automation_rate",1.0,0.0070032342966260385,0.37073170731707317,1,357.9712046526833,4991,4717,0.2857142857142857,,76,205
"[0.16209999999999997,0.49802354664683535], [-16.1099,53.347300000000004], 3.0","ai_maturity_score, ai_training_hours, ai_adoption_stage",1.0,0.009448641087050133,0.39361702127659576,1,366.7084664004609,4991,4717,0.42857142857142855,,37,94
"[0.16209999999999997,0.49802354664683535], [-16.1099,53.347300000000004], 3.0, 2.0","ai_maturity_score, ai_training_hours, ai_adoption_stage, industry",1.0,0.01734152991583261,0.4444444444444444,2,352.40832,4899,4731,0.5714285714285714,,4,9
"[28.5647,52.515299999999996], [-7.064399999999999,13.01134983449194]","ai_training_hours, task_automation_rate",0.0,0.0024299999999999994,0.3,1,273.60448,4736,4736,0.2857142857142857,,3,10
"[13.1127,67.9673], [-7.064399999999999,13.01134983449194]","ai_training_hours, task_automation_rate",0.0,0.07379350066184998,0.59375,1,330.55118907379756,4889,4736,0.2857142857142857,,19,32
"[-0.06275000000000001,0.20675], [-16.997200000000003,16.997200000000003]","ai_maturity_score, ai_training_hours",0.0,0.427630752325058,0.84375,1,286.0731855220148,4985,4743,0.2857142857142857,,27,32
"[0.08200000000000002,0.49802354664683535], [18.36775,37.9162], [12.144199999999998,63.1358], 1.0","ai_maturity_score, ai_failure_rate, ai_training_hours, industry",1.0,0.07775999999999998,0.6,1,400.370496,4953,4745,0.5714285714285714,,6,10
"[7.0532499999999985,48.506750000000004], [20.6638,36.01225], 1.0","ai_adoption_rate, ai_failure_rate, industry",1.0,0.28462802079628785,0.7777777777777778,1,405.46592,4953,4745,0.42857142857142855,,7,9
"[8.6486,35.3114], 2.0, 4.0","ai_failure_rate, ai_adoption_stage, industry",2.0,0.08356049390158359,0.6086956521739131,1,383.8069117422832,4971,4761,0.42857142857142855,,14,23
"[11.145299999999995,69.8288], [4.602549999999997,31.65745], [27.2054,59.6546]","ai_adoption_rate, ai_failure_rate, ai_training_hours",0,3.3629150957417884e-05,0.12745098039215685,1,329.87544857026336,4963,4773,0.42857142857142855,,13,102
"[20.6638,37.9162], 0.0","ai_failure_rate, industry",1.0,0.023078380428451596,0.47058823529411764,2,334.2215674847232,4922,4778,0.2857142857142857,,8,17
"[1.91695,61.15305], [0.21650000000000003,0.4475], [-16.1099,54.321000000000005], [22.67355,48.066449999999996]","ai_adoption_rate, ai_maturity_score, ai_training_hours, task_automation_rate",1.0,0.012255338840257672,0.4146341463414634,1,352.9253323129283,4986,4778,0.5714285714285714,,17,41
"[-0.06275000000000001,0.20675], [31.17775,48.82225], [-16.997200000000003,16.997200000000003], [-7.064399999999999,31.767378806182773]","ai_maturity_score, ai_failure_rate, ai_training_hours, task_automation_rate",0.0,0.512908935546875,0.875,2,282.68219309299445,4985,4784,0.5714285714285714,,21,24
"[11.145299999999995,76.69155], [6.953799999999999,30.28015], [26.907077230987746,47.74385], 6.0","ai_adoption_rate, ai_failure_rate, task_automation_rate, industry",2.0,0.05292214940134466,0.5555555555555556,1,321.22943999999995,4995,4786,0.5714285714285714,,5,9
"[20.6638,37.9162]",ai_failure_rate,1.0,0.003969311269016736,0.33093525179856115,1,344.0552841678315,4991,4791,0.14285714285714285,,46,139
"[9.43545,41.86305], 3.0","ai_adoption_rate, ai_adoption_stage",0.0,0.0713372140882071,0.5897435897435898,1,362.50655589596806,4972,4795,0.2857142857142857,,46,78
"[9.43545,41.86305], [0.08304999999999998,0.29095000000000004], [26.5827,44.75535], [-26.524700000000006,54.321000000000005], [4.219299999999997,37.0807]","ai_adoption_rate, ai_maturity_score, ai_failure_rate, ai_training_hours, task_automation_rate",0.0,0.18183912073024103,0.7111111111111111,1,372.9192887726268,4972,4795,0.7142857142857143,,32,45
"[34.05765,57.42235], [-2.8901499999999993,30.91115], [21.091450000000002,45.48855], 2.0","ai_adoption_rate, ai_failure_rate, task_automation_rate, ai_adoption_stage",2.0,0.045781691857753354,0.5396825396825397,1,341.67400661391787,4971,4805,0.5714285714285714,,34,63
"[0.44321293275442436,0.65515], [16.376150000000003,41.68181694036454], 2.0","ai_maturity_score, task_automation_rate, ai_adoption_stage",2.0,0.3090667656414808,0.7906976744186046,1,316.61494521949925,4995,4805,0.42857142857142855,,34,43
"[-0.06275000000000001,0.20675], [27.990599999999997,36.7773], 1.0","ai_maturity_score, ai_failure_rate, ai_adoption_stage",2,0.0,0.0,1,146.0,4808,4808,0.42857142857142855,,0,2
"[0.3344,0.6115999999999999], [-4.038800000000001,35.3114], [33.0475,104.2221559549398], [16.376150000000003,45.48855], 2.0, 4.0","ai_maturity_score, ai_failure_rate, ai_training_hours, task_automation_rate, ai_adoption_stage, industry",2.0,0.13168724279835387,0.6666666666666666,1,345.2,4971,4811,0.8571428571428571,,4,6
"[1.91695,61.15305], [0.21650000000000003,0.4475], [-16.1099,54.321000000000005], [22.67355,30.35335]","ai_adoption_rate, ai_maturity_score, ai_training_hours, task_automation_rate",1.0,0.012558674125514407,0.4166666666666667,1,388.0342340565839,4986,4812,0.5714285714285714,,10,24
"[26.146399999999996,68.3536], [0.16209999999999997,0.4475], [20.246499999999997,33.999900000000004], [19.9478,48.066449999999996]","ai_adoption_rate, ai_maturity_score, ai_failure_rate, task_automation_rate",1.0,0.016309597446579487,0.43902439024390244,1,369.0140980389442,4986,4812,0.5714285714285714,,18,41
"[30.260099999999998,70.9599], [20.181449999999998,40.17855], [-7.064399999999999,33.97754313420566]","ai_adoption_rate, ai_failure_rate, task_automation_rate",0.0,0.0006238924257749747,0.22857142857142856,1,365.4173606303508,4963,4819,0.42857142857142855,,16,70
"[0.04774999999999996,0.54825], [26.5827,36.7773]","ai_maturity_score, ai_failure_rate",0.0,0.028411057026862793,0.49056603773584906,1,351.37843165320794,4972,4840,0.2857142857142857,,26,53
"[26.5827,36.7773], [-8.764599999999998,21.736800000000002]","ai_failure_rate, ai_training_hours",0.0,0.1148279438394322,0.6486486486486487,1,370.9443197725851,4972,4840,0.2857142857142857,,24,37
"[28.94796533861482,42.999500000000005], [0.23874999999999996,0.58525], [22.465521702905786,49.60645], [-15.256819689561537,39.6458]","ai_adoption_rate, ai_maturity_score, ai_failure_rate, ai_training_hours",1.0,0.05032843750000002,0.55,1,397.2936513351516,4962,4858,0.5714285714285714,,11,20
"[0.04774999999999996,0.54825], [26.5827,36.7773], [-8.764599999999998,21.736800000000002]","ai_maturity_score, ai_failure_rate, ai_training_hours",1,0.00018157659382995182,0.17857142857142858,1,370.9339326891965,4962,4870,0.42857142857142855,,5,28
"[46.79270000000001,95.26305], [-2.8901499999999993,30.91115], [21.091450000000002,45.48855]","ai_adoption_rate, ai_failure_rate, task_automation_rate",2.0,0.2373046875,0.75,1,326.25121311090646,4995,4871,0.42857142857142855,,21,28
"[33.0475,90.9925]",ai_training_hours,2.0,0.09958658297887482,0.6304347826086957,1,329.1415246758792,4995,4871,0.14285714285714285,,29,46
"[23.30365,76.81635], [-7.064399999999999,28.784399999999998]","ai_adoption_rate, task_automation_rate",0.0,0.0009765625,0.25,1,361.70712585929823,4972,4876,0.2857142857142857,,18,72
"[33.0475,101.86982437111105], 2.0","ai_training_hours, ai_adoption_stage",2.0,0.11602906250000002,0.65,2,328.7084833205242,4995,4883,0.2857142857142857,,26,40
"[33.0475,101.86982437111105], 1.0","ai_training_hours, industry",2.0,0.03125,0.5,1,297.8,4965,4883,0.2857142857142857,,3,6
"[33.0475,101.86982437111105], 2.0","ai_training_hours, ai_adoption_stage",1,0.004685962172756421,0.34210526315789475,1,328.71859917231404,4986,4888,0.2857142857142857,,13,38
"[23.349850000000004,47.6935], [19.9478,37.8722], 3.0, 7.0","ai_failure_rate, task_automation_rate, ai_adoption_stage, industry",1.0,0.0,0.0,1,339.5,4894,4894,0.5714285714285714,,0,2
"[0.16209999999999997,0.49802354664683535], [-16.1099,53.347300000000004], 3.0, 2.0","ai_maturity_score, ai_training_hours, ai_adoption_stage, industry",0,0.0,0.0,1,340.0,4899,4899,0.5714285714285714,,0,1
"[21.20695,42.999500000000005], [0.2317,0.5243], [33.0475,101.86982437111105], 2.0","ai_adoption_rate, ai_maturity_score, ai_training_hours, ai_adoption_stage",1,0.007415771484375,0.375,1,334.408,4906,4906,0.5714285714285714,,3,8
"[4.13095,28.04905], [11.436329546777882,31.41385], 2.0, 0.0","ai_failure_rate, task_automation_rate, ai_adoption_stage, industry",1.0,0.0009765625,0.25,1,347.0,4906,4906,0.5714285714285714,,1,4
"[9.43545,41.86305], [-0.06275000000000001,0.29095000000000004], [-16.1099,54.321000000000005], [-7.064399999999999,28.784399999999998], 2.0","ai_adoption_rate, ai_maturity_score, ai_training_hours, task_automation_rate, ai_adoption_stage",0.0,0.13168724279835387,0.6666666666666666,1,340.0,4940,4910,0.7142857142857143,,2,3
"[-23.720844341329045,54.321000000000005]",ai_training_hours,1.0,0.0009765625,0.25,1,330.154223517495,4991,4918,0.14285714285714285,,20,80
"[21.20695,61.15305], [15.932,31.41385]","ai_adoption_rate, task_automation_rate",1,0.0015088388150337464,0.2727272727272727,1,363.35396896918985,4991,4918,0.2857142857142857,,12,44
"[33.6512,88.1195], [0.23919999999999997,0.7628], [24.771300000000004,50.6142], [22.4446,48.3354]","ai_adoption_rate, ai_maturity_score, ai_training_hours, task_automation_rate",2.0,0.17831521367830508,0.7083333333333334,1,333.38945614604336,4995,4920,0.5714285714285714,,17,24
"[35.3605,95.26305], [-2.8901499999999993,30.91115], 2.0","ai_adoption_rate, ai_failure_rate, ai_adoption_stage",2.0,0.13168724279835387,0.6666666666666666,1,332.9146215722324,4995,4920,0.42857142857142855,,30,45
"[20.6638,37.9162], [-7.064399999999999,28.784399999999998]","ai_failure_rate, task_automation_rate",1.0,0.0012081394667748438,0.2608695652173913,1,344.1853497392864,4991,4922,0.2857142857142857,,12,46
"[23.749769825799923,41.84455], [-0.05150000000000002,0.48750000000000004], 0.0","ai_adoption_rate, ai_maturity_score, industry",1,0.004115226337448558,0.3333333333333333,1,350.6666666666667,4922,4922,0.42857142857142855,,1,3
"[35.3605,95.26305], [-2.8901499999999993,30.91115], [21.091450000000002,45.48855]","ai_adoption_rate, ai_failure_rate, task_automation_rate",2.0,0.09212394683496279,0.6206896551724138,1,334.97886134186905,4995,4926,0.42857142857142855,,18,29
"[9.43545,41.86305], [0.08304999999999998,0.29095000000000004], [26.5827,44.75535], [4.219299999999997,23.90047960339792], 6.0","ai_adoption_rate, ai_maturity_score, ai_failure_rate, task_automation_rate, industry",0.0,0.03125,0.5,1,417.0,4929,4929,0.7142857142857143,,1,2
"[0.08304999999999998,0.29095000000000004], [-26.524700000000006,54.321000000000005], [4.318299999999999,37.0807], 3.0","ai_maturity_score, ai_training_hours, task_automation_rate, ai_adoption_stage",0.0,0.07775999999999998,0.6,1,365.79987959808,4972,4929,0.5714285714285714,,9,15
"[-0.06275000000000001,0.20675], [26.5827,48.82225], [-16.997200000000003,16.997200000000003], [-7.064399999999999,31.767378806182773]","ai_maturity_score, ai_failure_rate, ai_training_hours, task_automation_rate",0.0,1.0,1.0,1,292.8,4985,4940,0.5714285714285714,,5,5
"[-0.028100000000000014,0.3261], [-7.064399999999999,28.784399999999998]","ai_maturity_score, task_automation_rate",0.0,0.05507317760000002,0.56,1,334.583341705596,4985,4940,0.2857142857142857,,14,25
"[0.026549999999999963,0.46545000000000003], [16.376150000000003,31.41385]","ai_maturity_score, task_automation_rate",2,0.03125,0.5,1,376.91574759286937,4997,4946,0.2857142857142857,,12,24
"[15.932,47.74385], 8.0","task_automation_rate, industry",2.0,0.401877572016461,0.8333333333333334,1,309.84000000000003,4947,4946,0.2857142857142857,,5,6
"[7.0532499999999985,48.506750000000004], [12.144199999999998,63.1358], 1.0","ai_adoption_rate, ai_training_hours, industry",1.0,0.0,0.0,1,351.75,4953,4953,0.42857142857142855,,0,4
"[0.16209999999999997,0.58525], [20.246499999999997,49.60645], [-15.256819689561537,39.6458], [19.9478,30.35335]","ai_maturity_score, ai_failure_rate, ai_training_hours, task_automation_rate",1.0,0.007415771484375,0.375,1,381.5904,4991,4962,0.5714285714285714,,3,8
"[28.94796533861482,42.999500000000005], [22.465521702905786,33.999900000000004], 2.0","ai_adoption_rate, ai_failure_rate, ai_adoption_stage",1.0,0.0,0.0,1,388.75,4962,4962,0.42857142857142855,,0,4
"[55.316950000000006,95.26305], [-4.038800000000001,17.9188], [21.091450000000002,45.48855], 2.0","ai_adoption_rate, ai_failure_rate, task_automation_rate, ai_adoption_stage",2.0,0.2373046875,0.75,1,324.0,4995,4965,0.5714285714285714,,3,4
"[-2.8901499999999993,30.91115], [24.771300000000004,95.53391011874217], [-7.064399999999999,45.48855], 6.0","ai_failure_rate, ai_training_hours, task_automation_rate, industry",2.0,0.13168724279835387,0.6666666666666666,1,350.6666666666667,4995,4968,0.5714285714285714,,2,3
"[0.2863650517468538,0.4475], [20.246499999999997,33.999900000000004]","ai_maturity_score, ai_failure_rate",1.0,1.0,1.0,1,382.0,4991,4991,0.2857142857142857,,1,1
"[21.20695,42.999500000000005], [20.246499999999997,29.66225], [2.257899999999996,54.02210000000001], [19.9478,30.35335]","ai_adoption_rate, ai_failure_rate, ai_training_hours, task_automation_rate",1.0,0.0034531863016620604,0.5084186757698599,1,378.75960601510457,4991,4991,0.5714285714285714,,0,0
